cell_id,lat_c,lon_c,lat_min,lat_max,lon_min,lon_max,is_land,wc_mode,natural_frac,excluded_frac,water_frac,total_records,log_effort,sp_resolved_records,obs_richness,facet_truncated,below_min_records,rarefied_50,rarefied_100,rarefied_250,S_cov90,S_cov95,cov_at_250,gpp,npp,ndvi,evi,temp_c,precip_mm_yr,elev_mean,elev_sd,ndvi_cv,eco_id,eco_name,biome,realm,case_study,in_model
r00c00,5.5,68.5,5.0,6.0,68.0,69.0,False,,,,,0,0.0,0,0,0,1,,,,,,,,,,,,,,,,,,,,,0
r00c01,5.5,69.5,5.0,6.0,69.0,70.0,False,,,,,0,0.0,0,0,0,1,,,,,,,,,,,,,,,,,,,,,0
r00c02,5.5,70.5,5.0,6.0,70.0,71.0,False,,,,,0,0.0,0,0,0,1,,,,,,,,,,,,,,,,,,,,,0
r00c03,5.5,71.5,5.0,6.0,71.0,72.0,False,,,,,0,0.0,0,0,0,1,,,,,,,,,,,,,0.0,,,,,,,,0
r00c04,5.5,72.5,5.0,6.0,72.0,73.0,True,80.0,0.0005363410181446,0.0001535557181439,0.9993101032637112,443,2.646403726223069,439,34,0,0,15.8073,20.2852,27.8236,,,,0.9158005517792882,0.3772528108756497,,,,,0.0062879468084273,0.1438922743964428,,,,,,,0
r00c05,5.5,73.5,5.0,6.0,73.0,74.0,True,80.0,0.0020269871287263,0.0003619619872725,0.997611050884001,1557,3.19228861256812,1465,73,0,0,18.9699,25.7344,36.7968,,,,1.001809411764706,0.4166817647058826,0.2031740681776,0.110780411147759,,,0.0278048001117837,0.3470182397977236,1.0309898152414143,,,,,,0
r00c06,5.5,74.5,5.0,6.0,74.0,75.0,False,,,,,0,0.0,0,0,0,1,,,,,,,,,,,,,0.0,0.0,,,,,,,0
r00c07,5.5,75.5,5.0,6.0,75.0,76.0,False,,,,,3,0.4771212547196624,2,2,0,1,,,,,,,,,,,,,,,,,,,,,0
r00c08,5.5,76.5,5.0,6.0,76.0,77.0,False,,,,,1,0.0,1,1,0,1,,,,,,,,,,,,,,,,,,,,,0
r00c09,5.5,77.5,5.0,6.0,77.0,78.0,False,,,,,0,0.0,0,0,0,1,,,,,,,,,,,,,,,,,,,,,0
r00c10,5.5,78.5,5.0,6.0,78.0,79.0,False,,,,,0,0.0,0,0,0,1,,,,,,,,,,,,,0.0,,,,,,,,0
r00c11,5.5,79.5,5.0,6.0,79.0,80.0,True,80.0,0.0,0.0,1.0,5,0.6989700043360189,4,4,0,1,,,,,,,,,,,,,0.0,,,,,,,,0
r00c12,5.5,80.5,5.0,6.0,80.0,81.0,True,80.0,0.0561074917948142,0.0062116566941679,0.937680851511018,126363,5.101619927995849,122426,290,0,0,36.6576,57.2038,86.7318,,,,2.320227825561912,0.8192858167872199,0.6271853508829306,0.3981799627995961,26.61331231482056,2182.468745634976,0.4680327201886283,4.075383179316352,0.2389859604966321,,,,,,0
r00c13,5.5,81.5,5.0,6.0,81.0,82.0,True,80.0,0.0,0.0,1.0,0,0.0,0,0,0,1,,,,,,,,,,,,,0.0,0.0,,,,,,,0
r00c14,5.5,82.5,5.0,6.0,82.0,83.0,False,,,,,1,0.0,1,1,0,1,,,,,,,,,,,,,0.0,,,,,,,,0
r00c15,5.5,83.5,5.0,6.0,83.0,84.0,False,,,,,0,0.0,0,0,0,1,,,,,,,,,,,,,,,,,,,,,0
r00c16,5.5,84.5,5.0,6.0,84.0,85.0,False,,,,,0,0.0,0,0,0,1,,,,,,,,,,,,,,,,,,,,,0
r00c17,5.5,85.5,5.0,6.0,85.0,86.0,False,,,,,0,0.0,0,0,0,1,,,,,,,,,,,,,,,,,,,,,0
r00c18,5.5,86.5,5.0,6.0,86.0,87.0,False,,,,,0,0.0,0,0,0,1,,,,,,,,,,,,,,,,,,,,,0
r00c19,5.5,87.5,5.0,6.0,87.0,88.0,False,,,,,0,0.0,0,0,0,1,,,,,,,,,,,,,,,,,,,,,0
r00c20,5.5,88.5,5.0,6.0,88.0,89.0,False,,,,,0,0.0,0,0,0,1,,,,,,,,,,,,,,,,,,,,,0
r00c21,5.5,89.5,5.0,6.0,89.0,90.0,False,,,,,0,0.0,0,0,0,1,,,,,,,,,,,,,,,,,,,,,0
r00c22,5.5,90.5,5.0,6.0,90.0,91.0,False,,,,,0,0.0,0,0,0,1,,,,,,,,,,,,,,,,,,,,,0
r00c23,5.5,91.5,5.0,6.0,91.0,92.0,False,,,,,0,0.0,0,0,0,1,,,,,,,,,,,,,,,,,,,,,0
r00c24,5.5,92.5,5.0,6.0,92.0,93.0,False,,,,,1,0.0,1,1,0,1,,,,,,,,,,,,,0.0,,,,,,,,0
r00c25,5.5,93.5,5.0,6.0,93.0,94.0,False,,,,,1,0.0,1,1,0,1,,,,,,,,,,,,,0.0,,,,,,,,0
r00c26,5.5,94.5,5.0,6.0,94.0,95.0,True,80.0,0.0002116207255264,0.0,0.9997883792744736,0,0.0,0,0,0,1,,,,,,,,,,,,,6.067859129217014e-05,0.0100495863915434,,,,,,,0
r00c27,5.5,95.5,5.0,6.0,95.0,96.0,True,80.0,0.406646664151481,0.0389474874651002,0.5544058483834117,2166,3.3356584522893016,2000,235,0,0,37.029,60.4776,103.3673,,,,2.409664803021429,0.9331680863322844,0.6919808885179105,0.4533824612217514,24.58454674747337,2642.854708484831,177.2706128585927,350.6864548886076,0.2388182708063172,278.0,Sumatran lowland rain forests,Tropical & Subtropical Moist Broadleaf Forests,Indomalayan,,0
r00c28,5.5,96.5,5.0,6.0,96.0,97.0,True,80.0,0.3690973523069636,0.0461780735687928,0.5847245741242358,62,1.792391689498254,57,19,0,0,17.8517,,,,,,2.408924555772621,0.9946724812460312,0.6888204857904837,0.4621043950932301,24.93328600423403,3230.028392134217,87.90997594783475,277.23419966345654,0.250556496648813,,,,,,0
r00c29,5.5,97.5,5.0,6.0,97.0,98.0,True,80.0,0.1634967556681423,0.0747396426647826,0.7617636016670654,136,2.133538908370217,130,57,0,0,33.4066,50.383,,,,,1.6619455641143612,0.5813398804167329,0.5401474768444516,0.355999823356025,26.629987607888136,2099.459715836176,4.051641182925862,24.68395438970753,0.3384441598505616,,,,,,0
r00c30,5.5,98.5,5.0,6.0,98.0,99.0,True,80.0,0.0,0.0,1.0,4,0.6020599913279624,4,4,0,1,,,,,,,,,,,,,0.0,0.0,,,,,,,0
r00c31,5.5,99.5,5.0,6.0,99.0,100.0,True,80.0,0.0,0.0,1.0,48,1.6812412373755872,47,32,0,0,,,,,,,,,,,,,0.0,,,,,,,,0
r00c32,5.5,100.5,5.0,6.0,100.0,101.0,True,10.0,0.5462121366308076,0.0969604611199686,0.3568274022492325,173040,5.238146506431035,166455,543,0,0,40.4139,68.3094,121.2815,217.6320243715649,277.04498283908765,0.7306553608020412,2.464689508131907,0.845242367391344,0.7038010895517336,0.4695411887296298,25.635336507190868,2770.715957259836,131.9917160227806,256.0397565626935,0.1954490043725181,265.0,Peninsular Malaysian rain forests,Tropical & Subtropical Moist Broadleaf Forests,Indomalayan,,1
r00c33,5.5,101.5,5.0,6.0,101.0,102.0,True,10.0,0.9836001282311756,0.0016320834907741,0.0147677882780502,76626,4.884376155280442,75317,431,0,0,41.9932,72.2101,127.8284,190.4546652261676,226.6982629020233,0.7336140898449381,2.839105474944101,1.1853568979112237,0.7511414922668588,0.4998959989115405,23.75935715655429,2884.3362367965624,542.4858072673262,378.1480266947223,0.2051871467111415,263.0,Peninsular Malaysian montane rain forests,Tropical & Subtropical Moist Broadleaf Forests,Indomalayan,,1
r01c00,6.5,68.5,6.0,7.0,68.0,69.0,False,,,,,0,0.0,0,0,0,1,,,,,,,,,,,,,,,,,,,,,0
r01c01,6.5,69.5,6.0,7.0,69.0,70.0,False,,,,,0,0.0,0,0,0,1,,,,,,,,,,,,,,,,,,,,,0
r01c02,6.5,70.5,6.0,7.0,70.0,71.0,False,,,,,0,0.0,0,0,0,1,,,,,,,,,,,,,,,,,,,,,0
r01c03,6.5,71.5,6.0,7.0,71.0,72.0,False,,,,,0,0.0,0,0,0,1,,,,,,,,,,,,,0.0,,,,,,,,0
r01c04,6.5,72.5,6.0,7.0,72.0,73.0,True,80.0,0.0016241963764835,0.0,0.9983758036235164,73,1.863322860120456,68,13,0,0,11.7735,,,,,,1.4057929411764702,0.4107270588235294,0.2235369935872884,0.1122775901807417,,,0.0091478870960352,0.2256342958850244,0.7656207333211682,,,,,,0
r01c05,6.5,73.5,6.0,7.0,73.0,74.0,True,80.0,0.0054918007428557,7.734289837507101e-05,0.9944308563587692,117,2.0681858617461617,114,26,0,0,18.3739,24.6172,,,,,1.4601067368421057,0.446697052631579,0.2147783110166862,0.110640471229179,,,0.0342028905134354,0.4551626408151193,0.7746161545329394,,,,,,0
r01c06,6.5,74.5,6.0,7.0,74.0,75.0,False,,,,,0,0.0,0,0,0,1,,,,,,,,,,,,,0.0,0.0,,,,,,,0
r01c07,6.5,75.5,6.0,7.0,75.0,76.0,False,,,,,0,0.0,0,0,0,1,,,,,,,,,,,,,,,,,,,,,0
r01c08,6.5,76.5,6.0,7.0,76.0,77.0,False,,,,,0,0.0,0,0,0,1,,,,,,,,,,,,,,,,,,,,,0
r01c09,6.5,77.5,6.0,7.0,77.0,78.0,False,,,,,1,0.0,1,1,0,1,,,,,,,,,,,,,,,,,,,,,0
r01c10,6.5,78.5,6.0,7.0,78.0,79.0,False,,,,,1,0.0,0,0,0,1,,,,,,,,,,,,,0.0,0.0,,,,,,,0
r01c11,6.5,79.5,6.0,7.0,79.0,80.0,True,80.0,0.092993785573599,0.0503682635855168,0.8566379508408833,384402,5.584785638587309,372542,312,0,0,32.0862,47.0187,67.2528,,,,1.757306510359627,0.7336217868032318,0.5380478032830748,0.3254564150360561,26.718312945527707,2946.104995715907,0.7916129944533274,3.733213852059981,0.2440200809379308,,,,,,0
r01c12,6.5,80.5,6.0,7.0,80.0,81.0,True,10.0,0.9044214818734134,0.0372918495704716,0.058286668556118,730438,5.863583358667846,712910,416,0,0,40.4114,67.6515,114.2433,149.42130213617403,175.73317831916765,0.7871965173421083,2.6612554926952607,1.002322350023282,0.7125682575128909,0.4694411991217028,24.424720238993253,2922.0048497035427,341.0506652573613,482.9009308491691,0.2145019710587342,274.0,Sri Lanka lowland rain forests,Tropical & Subtropical Moist Broadleaf Forests,Indomalayan,,1
r01c13,6.5,81.5,6.0,7.0,81.0,82.0,True,10.0,0.5587257676489595,0.054513327504391,0.3867609048466511,403235,5.605558220975091,386365,384,0,0,41.1956,69.5061,117.5936,153.9799310448629,181.81806150399413,0.7830587339161973,2.300301550905615,0.941737725514618,0.6879570262230262,0.4346550962633947,26.385498674177192,1614.5625176235726,95.61054474787468,212.9436925506691,0.1899535981807376,301.0,Sri Lanka dry-zone dry evergreen forests,Tropical & Subtropical Dry Broadleaf Forests,Indomalayan,,1
r01c14,6.5,82.5,6.0,7.0,82.0,83.0,True,80.0,0.0,0.0,1.0,0,0.0,0,0,0,1,,,,,,,,,,,,,0.0,0.0,,,,,,,0
r01c15,6.5,83.5,6.0,7.0,83.0,84.0,False,,,,,0,0.0,0,0,0,1,,,,,,,,,,,,,,,,,,,,,0
r01c16,6.5,84.5,6.0,7.0,84.0,85.0,False,,,,,0,0.0,0,0,0,1,,,,,,,,,,,,,,,,,,,,,0
r01c17,6.5,85.5,6.0,7.0,85.0,86.0,False,,,,,0,0.0,0,0,0,1,,,,,,,,,,,,,,,,,,,,,0
r01c18,6.5,86.5,6.0,7.0,86.0,87.0,False,,,,,0,0.0,0,0,0,1,,,,,,,,,,,,,,,,,,,,,0
r01c19,6.5,87.5,6.0,7.0,87.0,88.0,False,,,,,0,0.0,0,0,0,1,,,,,,,,,,,,,,,,,,,,,0
r01c20,6.5,88.5,6.0,7.0,88.0,89.0,False,,,,,2,0.3010299956639812,2,2,0,1,,,,,,,,,,,,,,,,,,,,,0
r01c21,6.5,89.5,6.0,7.0,89.0,90.0,False,,,,,0,0.0,0,0,0,1,,,,,,,,,,,,,,,,,,,,,0
r01c22,6.5,90.5,6.0,7.0,90.0,91.0,False,,,,,2,0.3010299956639812,2,2,0,1,,,,,,,,,,,,,,,,,,,,,0
r01c23,6.5,91.5,6.0,7.0,91.0,92.0,False,,,,,0,0.0,0,0,0,1,,,,,,,,,,,,,,,,,,,,,0
r01c24,6.5,92.5,6.0,7.0,92.0,93.0,False,,,,,0,0.0,0,0,0,1,,,,,,,,,,,,,0.0,,,,,,,,0
r01c25,6.5,93.5,6.0,7.0,93.0,94.0,True,80.0,0.1004357886349845,0.0,0.8995642113650154,10054,4.002338880892056,9084,129,0,0,29.7267,41.9863,57.7785,,,,2.5782120516992326,0.9182433959178709,0.5421507997612246,0.3706496899525425,26.98877757285858,2664.979020159466,2.285613730718548,15.416488586296897,0.462080910618084,,,,,,0
r01c26,6.5,94.5,6.0,7.0,94.0,95.0,True,80.0,0.0,0.0,1.0,3,0.4771212547196624,3,3,0,1,,,,,,,,,,,,,0.0,0.0,,,,,,,0
r01c27,6.5,95.5,6.0,7.0,95.0,96.0,True,80.0,0.0001934640998912,0.0,0.9998065359001088,1,0.0,1,1,0,1,,,,,,,1.42598,0.30179,,,,,0.0029949048526505,0.4355055012080029,,,,,,,0
r01c28,6.5,96.5,6.0,7.0,96.0,97.0,False,,,,,0,0.0,0,0,0,1,,,,,,,,,,,,,0.0,0.0,,,,,,,0
r01c29,6.5,97.5,6.0,7.0,97.0,98.0,False,,,,,0,0.0,0,0,0,1,,,,,,,,,,,,,,,,,,,,,0
r01c30,6.5,98.5,6.0,7.0,98.0,99.0,True,80.0,0.0,0.0,1.0,0,0.0,0,0,0,1,,,,,,,,,,,,,0.0,0.0,,,,,,,0
r01c31,6.5,99.5,6.0,7.0,99.0,100.0,True,80.0,0.146803065587666,0.0052491082998984,0.8479478261124413,38199,4.5820519937974025,36681,385,0,0,37.4069,60.448,100.268,,,,2.161033896894752,0.5164031377990734,0.5896248084673895,0.3859111986016343,26.871585936571503,2259.0045489344966,9.905666300399098,45.59091272065681,0.3749767149979831,,,,,,0
r01c32,6.5,100.5,6.0,7.0,100.0,101.0,True,10.0,0.7448019552690949,0.1165368673494728,0.1386611773814295,133088,5.12413889868484,128930,505,0,0,44.0516,78.5341,148.3046,260.49649330786264,302.8869606998579,0.6472068283585447,2.169057808663017,0.6155275172393783,0.6976379693496927,0.4808390917318049,26.149875156223565,2198.8523583401934,97.76413377149925,123.4894736489972,0.2221168182618813,284.0,Tenasserim-South Thailand semi-evergreen rain forests,Tropical & Subtropical Moist Broadleaf Forests,Indomalayan,,1
r01c33,6.5,101.5,6.0,7.0,101.0,102.0,True,10.0,0.7128400968646037,0.0245041551787875,0.2626557479566113,49036,4.690515036372128,46781,434,0,0,41.089,70.0846,125.2091,214.4110855126263,263.0158623452654,0.7227768733391534,2.4060047155718136,0.7777653494034138,0.7031576136062493,0.4838170483454698,25.901733942866468,2314.062014539646,111.7654186294722,188.7853396276447,0.2494143261094532,265.0,Peninsular Malaysian rain forests,Tropical & Subtropical Moist Broadleaf Forests,Indomalayan,,1
r02c00,7.5,68.5,7.0,8.0,68.0,69.0,False,,,,,0,0.0,0,0,0,1,,,,,,,,,,,,,,,,,,,,,0
r02c01,7.5,69.5,7.0,8.0,69.0,70.0,False,,,,,1,0.0,1,1,0,1,,,,,,,,,,,,,,,,,,,,,0
r02c02,7.5,70.5,7.0,8.0,70.0,71.0,False,,,,,0,0.0,0,0,0,1,,,,,,,,,,,,,,,,,,,,,0
r02c03,7.5,71.5,7.0,8.0,71.0,72.0,False,,,,,0,0.0,0,0,0,1,,,,,,,,,,,,,0.0,,,,,,,,0
r02c04,7.5,72.5,7.0,8.0,72.0,73.0,True,80.0,0.0013795264237205,0.0,0.9986204735762794,28,1.4471580313422192,26,10,0,0,,,,,,,1.3092506484893147,0.4840974355195284,0.2474810304474424,0.1545660368100462,,,0.0025996969169732,0.1173331538868939,0.63109356126628,,,,,,0
r02c05,7.5,73.5,7.0,8.0,73.0,74.0,True,80.0,0.0001030326337896,0.0,0.9998969673662104,0,0.0,0,0,0,1,,,,,,,2.3309400000000005,0.05516,0.233707224099652,0.1174116871176829,,,0.0004170889378586,0.0389217025172929,0.7862299595461946,,,,,,0
r02c06,7.5,74.5,7.0,8.0,74.0,75.0,False,,,,,0,0.0,0,0,0,1,,,,,,,,,,,,,0.0,0.0,,,,,,,0
r02c07,7.5,75.5,7.0,8.0,75.0,76.0,False,,,,,2,0.3010299956639812,2,2,0,1,,,,,,,,,,,,,,,,,,,,,0
r02c08,7.5,76.5,7.0,8.0,76.0,77.0,True,80.0,0.0,0.0,1.0,0,0.0,0,0,0,1,,,,,,,,,,,,,0.0,0.0,,,,,,,0
r02c09,7.5,77.5,7.0,8.0,77.0,78.0,True,80.0,0.0,0.0,1.0,18,1.255272505103306,18,6,0,1,,,,,,,,,,,,,0.0,0.0,,,,,,,0
r02c10,7.5,78.5,7.0,8.0,78.0,79.0,True,80.0,0.0,0.0,1.0,0,0.0,0,0,0,1,,,,,,,,,,,,,0.0,0.0,,,,,,,0
r02c11,7.5,79.5,7.0,8.0,79.0,80.0,True,80.0,0.3254245131671183,0.0394926475187727,0.6350828393141035,259215,5.41366012925388,250443,343,0,0,35.5671,55.0772,85.1593,,,,1.9198617340842816,0.674786015766747,0.6263102541008533,0.4059167751965865,26.904817041194693,2086.504360510878,4.804275867209217,11.825838729003117,0.2432776924526109,,,,,,0
r02c12,7.5,80.5,7.0,8.0,80.0,81.0,True,10.0,0.9045390222046736,0.0814340886334496,0.0140268891618772,216144,5.33474318433852,210150,318,0,0,38.9128,63.568,103.4781,124.9543337782026,146.98763030950442,0.8230633662052051,2.503575677287822,0.9918819202595796,0.6996949262885463,0.4575468489685747,25.394738758688337,1877.184014008404,308.55175649865004,349.9600660321986,0.2046283286628911,301.0,Sri Lanka dry-zone dry evergreen forests,Tropical & Subtropical Dry Broadleaf Forests,Indomalayan,,1
r02c13,7.5,81.5,7.0,8.0,81.0,82.0,True,10.0,0.5894289759320436,0.1484284657733205,0.2621425582946364,37082,4.569163149570084,35633,275,0,0,40.787,68.4314,114.6022,142.39817329112086,162.80747205280517,0.7960187146888966,1.8635077567531784,0.7266502931488128,0.6322876668437735,0.4028550823939748,26.95275245862303,1700.33639755275,94.7366949700444,161.05672283125796,0.2417293943766112,301.0,Sri Lanka dry-zone dry evergreen forests,Tropical & Subtropical Dry Broadleaf Forests,Indomalayan,,1
r02c14,7.5,82.5,7.0,8.0,82.0,83.0,True,80.0,0.0,0.0,1.0,1,0.0,1,1,0,1,,,,,,,,,,,,,0.0,0.0,,,,,,,0
r02c15,7.5,83.5,7.0,8.0,83.0,84.0,False,,,,,0,0.0,0,0,0,1,,,,,,,,,,,,,,,,,,,,,0
r02c16,7.5,84.5,7.0,8.0,84.0,85.0,False,,,,,0,0.0,0,0,0,1,,,,,,,,,,,,,,,,,,,,,0
r02c17,7.5,85.5,7.0,8.0,85.0,86.0,False,,,,,0,0.0,0,0,0,1,,,,,,,,,,,,,,,,,,,,,0
r02c18,7.5,86.5,7.0,8.0,86.0,87.0,False,,,,,0,0.0,0,0,0,1,,,,,,,,,,,,,,,,,,,,,0
r02c19,7.5,87.5,7.0,8.0,87.0,88.0,False,,,,,0,0.0,0,0,0,1,,,,,,,,,,,,,,,,,,,,,0
r02c20,7.5,88.5,7.0,8.0,88.0,89.0,False,,,,,0,0.0,0,0,0,1,,,,,,,,,,,,,,,,,,,,,0
r02c21,7.5,89.5,7.0,8.0,89.0,90.0,False,,,,,0,0.0,0,0,0,1,,,,,,,,,,,,,,,,,,,,,0
r02c22,7.5,90.5,7.0,8.0,90.0,91.0,False,,,,,0,0.0,0,0,0,1,,,,,,,,,,,,,,,,,,,,,0
r02c23,7.5,91.5,7.0,8.0,91.0,92.0,False,,,,,0,0.0,0,0,0,1,,,,,,,,,,,,,,,,,,,,,0
r02c24,7.5,92.5,7.0,8.0,92.0,93.0,True,80.0,0.0,0.0,1.0,0,0.0,0,0,0,1,,,,,,,,,,,,,0.0,0.0,,,,,,,0
r02c25,7.5,93.5,7.0,8.0,93.0,94.0,True,80.0,0.0969620909973007,2.8104091382602275e-05,0.903009804911316,13882,4.142452040066341,12540,125,0,0,29.8279,42.5446,59.2655,,,,2.598123569626807,0.9335335662801184,0.5564949759815655,0.3755585347391728,26.985583294173058,2533.804364528281,8.33860159249135,38.4779236676068,0.4443349920958684,,,,,,0
r02c26,7.5,94.5,7.0,8.0,94.0,95.0,True,80.0,0.0,0.0,1.0,0,0.0,0,0,0,1,,,,,,,,,,,,,0.0,0.0,,,,,,,0
r02c27,7.5,95.5,7.0,8.0,95.0,96.0,False,,,,,6,0.7781512503836436,6,5,0,1,,,,,,,,,,,,,,,,,,,,,0
r02c28,7.5,96.5,7.0,8.0,96.0,97.0,False,,,,,20,1.3010299956639813,20,8,0,0,,,,,,,,,,,,,0.0,,,,,,,,0
r02c29,7.5,97.5,7.0,8.0,97.0,98.0,True,80.0,0.0,0.0,1.0,1,0.0,1,1,0,1,,,,,,,,,,,,,0.0,0.0,,,,,,,0
r02c30,7.5,98.5,7.0,8.0,98.0,99.0,True,80.0,0.0362998046323323,0.007293836452964,0.9564063589147028,38066,4.580537243265738,36465,344,0,0,34.1194,52.8282,83.2613,,,,2.023500783600902,0.6052671654568248,0.4780679607544314,0.3016982925711164,27.287715960933703,2319.477743035656,2.650544567185077,21.460571879719208,0.4492887413373887,,,,,,0
r02c31,7.5,99.5,7.0,8.0,99.0,100.0,True,10.0,0.6768551990574038,0.0080283882060115,0.3151164127365938,58233,4.765169164311781,55592,440,0,0,41.7916,71.7033,127.1167,196.7511449734582,238.10507086374568,0.731182725449135,2.190421150853529,0.5396493972422164,0.6974020433195164,0.4924388638831879,26.268122096287986,2223.8866046254493,73.65520693715104,138.93623585719772,0.2407378949812296,284.0,Tenasserim-South Thailand semi-evergreen rain forests,Tropical & Subtropical Moist Broadleaf Forests,Indomalayan,,1
r02c32,7.5,100.5,7.0,8.0,100.0,101.0,True,80.0,0.3961986264417951,0.0776858300006951,0.5261155435575267,56735,4.753851059198791,53725,425,0,0,38.7679,63.1313,103.7349,,,,1.7318232301635237,0.5295056577575504,0.5107091967475066,0.3466747742673184,26.847338112593068,2147.727570645468,18.69212879286825,68.12260269004778,0.5048277838552377,,,,,,0
r02c33,7.5,101.5,7.0,8.0,101.0,102.0,True,80.0,0.0,0.0,1.0,0,0.0,0,0,0,1,,,,,,,,,,,,,0.0,0.0,,,,,,,0
r03c00,8.5,68.5,8.0,9.0,68.0,69.0,False,,,,,0,0.0,0,0,0,1,,,,,,,,,,,,,,,,,,,,,0
r03c01,8.5,69.5,8.0,9.0,69.0,70.0,False,,,,,0,0.0,0,0,0,1,,,,,,,,,,,,,,,,,,,,,0
r03c02,8.5,70.5,8.0,9.0,70.0,71.0,False,,,,,0,0.0,0,0,0,1,,,,,,,,,,,,,,,,,,,,,0
r03c03,8.5,71.5,8.0,9.0,71.0,72.0,False,,,,,0,0.0,0,0,0,1,,,,,,,,,,,,,0.0,,,,,,,,0
r03c04,8.5,72.5,8.0,9.0,72.0,73.0,True,80.0,0.0,0.0,1.0,0,0.0,0,0,0,1,,,,,,,,,,,,,0.0,,,,,,,,0
r03c05,8.5,73.5,8.0,9.0,73.0,74.0,True,80.0,0.0,0.0,1.0,38,1.57978359661681,35,15,0,0,,,,,,,1.85863,0.2545,0.216106499289449,0.114331749032276,,,0.0045386590535004,0.1974279618342539,0.6708063770242174,,,,,,0
r03c06,8.5,74.5,8.0,9.0,74.0,75.0,False,,,,,1,0.0,1,1,0,1,,,,,,,,,,,,,0.0,0.0,,,,,,Western Ghats,0
r03c07,8.5,75.5,8.0,9.0,75.0,76.0,False,,,,,0,0.0,0,0,0,1,,,,,,,,,,,,,,,,,,,,Western Ghats,0
r03c08,8.5,76.5,8.0,9.0,76.0,77.0,True,80.0,0.3008119113453552,0.0183213501376108,0.6808667385170343,380200,5.580012112529424,368408,359,0,0,30.8143,45.8127,70.7211,,,,2.180521101198176,0.7621661833783724,0.655526772272494,0.414631225120169,26.2314563403643,2372.992460227339,9.483353312393923,27.198161620621445,0.2247083398881916,,,,,Western Ghats,0
r03c09,8.5,77.5,8.0,9.0,77.0,78.0,True,10.0,0.6103009173095509,0.1819611321635724,0.2077379505268836,465847,5.668243303028469,451536,451,0,0,40.5704,68.4879,119.2559,179.62159993034635,220.37053195707304,0.7541362187809916,1.6645585391115634,0.7228642966922898,0.5533151549970757,0.3487266709698355,26.571006223965902,1497.1285498393493,159.21632732050332,285.9423250894376,0.2591872848985762,270.0,South Western Ghats moist deciduous forests,Tropical & Subtropical Moist Broadleaf Forests,Indomalayan,,1
r03c10,8.5,78.5,8.0,9.0,78.0,79.0,True,80.0,0.1267182796329496,0.0679419460594586,0.8053397743075924,23178,4.365075958528464,22363,251,0,0,38.9337,63.5672,103.2034,,,,0.9581008128684256,0.4797058879066941,0.3688160739591164,0.2298754764592669,28.21975667442651,1100.079709104436,1.5050780488148616,6.01289712860195,0.4301887359103609,,,,,,0
r03c11,8.5,79.5,8.0,9.0,79.0,80.0,True,80.0,0.2062522639734806,0.0263505653783751,0.7673971706481398,59403,4.773808378492064,56786,299,0,0,40.4994,67.5167,112.1468,,,,2.110308925546607,0.8304070529777459,0.5811792517349107,0.3543440939619452,27.15929545806274,1365.8806738702187,3.626654799061657,11.747768902654188,0.3046820395626289,,,,,,0
r03c12,8.5,80.5,8.0,9.0,80.0,81.0,True,10.0,0.845023160991491,0.1322926949488579,0.0226841440596507,113651,5.0555732613770585,109050,290,0,0,39.4843,64.6267,104.0347,122.83124162499598,144.56748243518797,0.8300382994425178,2.096648383401367,0.7864862813600688,0.6587462563877262,0.422752347051296,26.98632375737966,1370.2277955039242,86.04028838723036,38.02285461751793,0.212256212473771,301.0,Sri Lanka dry-zone dry evergreen forests,Tropical & Subtropical Dry Broadleaf Forests,Indomalayan,,1
r03c13,8.5,81.5,8.0,9.0,81.0,82.0,True,80.0,0.3194431138342359,0.0845620802129501,0.5959948059528155,18189,4.2598088229546285,17659,225,0,0,31.7575,48.416,76.3126,,,,1.886719755372342,0.7431844567278054,0.5914484880821511,0.3633174863511982,27.6649980867606,1463.1982421388457,7.4921024496351025,16.076730121410964,0.2859800642905892,,,,,,0
r03c14,8.5,82.5,8.0,9.0,82.0,83.0,False,,,,,0,0.0,0,0,0,1,,,,,,,,,,,,,0.0,0.0,,,,,,,0
r03c15,8.5,83.5,8.0,9.0,83.0,84.0,False,,,,,0,0.0,0,0,0,1,,,,,,,,,,,,,,,,,,,,,0
r03c16,8.5,84.5,8.0,9.0,84.0,85.0,False,,,,,3,0.4771212547196624,3,3,0,1,,,,,,,,,,,,,,,,,,,,,0
r03c17,8.5,85.5,8.0,9.0,85.0,86.0,False,,,,,0,0.0,0,0,0,1,,,,,,,,,,,,,,,,,,,,,0
r03c18,8.5,86.5,8.0,9.0,86.0,87.0,False,,,,,0,0.0,0,0,0,1,,,,,,,,,,,,,,,,,,,,,0
r03c19,8.5,87.5,8.0,9.0,87.0,88.0,False,,,,,0,0.0,0,0,0,1,,,,,,,,,,,,,,,,,,,,,0
r03c20,8.5,88.5,8.0,9.0,88.0,89.0,False,,,,,1,0.0,1,1,0,1,,,,,,,,,,,,,,,,,,,,,0
r03c21,8.5,89.5,8.0,9.0,89.0,90.0,False,,,,,0,0.0,0,0,0,1,,,,,,,,,,,,,,,,,,,,,0
r03c22,8.5,90.5,8.0,9.0,90.0,91.0,False,,,,,0,0.0,0,0,0,1,,,,,,,,,,,,,,,,,,,,,0
r03c23,8.5,91.5,8.0,9.0,91.0,92.0,False,,,,,0,0.0,0,0,0,1,,,,,,,,,,,,,,,,,,,,,0
r03c24,8.5,92.5,8.0,9.0,92.0,93.0,True,80.0,0.0004060893226642,0.0,0.9995939106773356,0,0.0,0,0,0,1,,,,,,,1.998185,0.699055,0.3297854288137989,0.1698036100754595,,,0.0043040822415302,0.3444717863231083,0.6366579986415262,,,,,,0
r03c25,8.5,93.5,8.0,9.0,93.0,94.0,True,80.0,0.0299006332657483,0.0,0.9700993667342516,3372,3.527887565952705,3102,104,0,0,27.2069,37.7263,52.1898,,,,2.1675570239965003,0.6398138252162652,0.419085829184385,0.2552605358052677,27.501972562054164,2366.94673153363,1.0817200402315217,8.687433536067768,0.5956428581932928,,,,,,0
r03c26,8.5,94.5,8.0,9.0,94.0,95.0,False,,,,,0,0.0,0,0,0,1,,,,,,,,,,,,,0.0,0.0,,,,,,,0
r03c27,8.5,95.5,8.0,9.0,95.0,96.0,False,,,,,0,0.0,0,0,0,1,,,,,,,,,,,,,,,,,,,,,0
r03c28,8.5,96.5,8.0,9.0,96.0,97.0,False,,,,,0,0.0,0,0,0,1,,,,,,,,,,,,,0.0,,,,,,,,0
r03c29,8.5,97.5,8.0,9.0,97.0,98.0,True,80.0,0.0009113772475635,0.0,0.9990886227524364,2697,3.4308809464528918,2603,121,0,0,23.4043,33.7848,52.3337,,,,1.519716153846154,0.4049515384615384,0.3063901897244572,0.1584952992303716,,,0.0464819614261723,2.028326043707154,0.5969097863231281,,,,,,0
r03c30,8.5,98.5,8.0,9.0,98.0,99.0,True,10.0,0.6216018585441716,0.0054097068942579,0.3729884345615673,183283,5.263122184828126,176705,514,0,0,39.9484,67.0464,116.9846,188.3418032429905,238.36900907200197,0.7529500207876317,2.5816617618282534,0.7646707171213756,0.7196200671379263,0.499984008876065,26.107666166890265,2344.340979725731,90.62404145308923,141.76696207823142,0.2275984292137956,284.0,Tenasserim-South Thailand semi-evergreen rain forests,Tropical & Subtropical Moist Broadleaf Forests,Indomalayan,,1
r03c31,8.5,99.5,8.0,9.0,99.0,100.0,True,10.0,0.952502628335102,0.016310432225742,0.0311869394391562,67373,4.8284858861449855,65424,429,0,0,42.3633,73.1598,129.7401,193.50098606990545,233.07605272598397,0.7307594006514966,2.2082783516169013,0.5762479236630811,0.7234979901228891,0.5191171514636622,25.992379711844155,2139.458686911079,138.20214555010034,217.06655782993192,0.206168495798009,284.0,Tenasserim-South Thailand semi-evergreen rain forests,Tropical & Subtropical Moist Broadleaf Forests,Indomalayan,,1
r03c32,8.5,100.5,8.0,9.0,100.0,101.0,True,80.0,0.1356253705538975,0.0231340725436437,0.8412405569024566,3430,3.5352941200427703,3265,171,0,0,36.9637,58.083,89.253,,,,1.6639570333758786,0.5588595094836304,0.5785921287923951,0.3674922341883047,27.05246167628497,2107.0226105847087,0.6640271469048262,2.619173022019262,0.3149741920631068,,,,,,0
r03c33,8.5,101.5,8.0,9.0,101.0,102.0,True,80.0,0.0,0.0,1.0,3,0.4771212547196624,3,3,0,1,,,,,,,,,,,,,0.0,0.0,,,,,,,0
r04c00,9.5,68.5,9.0,10.0,68.0,69.0,False,,,,,0,0.0,0,0,0,1,,,,,,,,,,,,,,,,,,,,,0
r04c01,9.5,69.5,9.0,10.0,69.0,70.0,False,,,,,1,0.0,1,1,0,1,,,,,,,,,,,,,,,,,,,,,0
r04c02,9.5,70.5,9.0,10.0,70.0,71.0,False,,,,,0,0.0,0,0,0,1,,,,,,,,,,,,,,,,,,,,,0
r04c03,9.5,71.5,9.0,10.0,71.0,72.0,False,,,,,0,0.0,0,0,0,1,,,,,,,,,,,,,0.0,,,,,,,,0
r04c04,9.5,72.5,9.0,10.0,72.0,73.0,False,,,,,1,0.0,1,1,0,1,,,,,,,,,,,,,0.0,0.0,,,,,,,0
r04c05,9.5,73.5,9.0,10.0,73.0,74.0,True,80.0,0.0,0.0,1.0,0,0.0,0,0,0,1,,,,,,,,,,,,,0.0,0.0,,,,,,,0
r04c06,9.5,74.5,9.0,10.0,74.0,75.0,False,,,,,1,0.0,1,1,0,1,,,,,,,,,,,,,0.0,0.0,,,,,,Western Ghats,0
r04c07,9.5,75.5,9.0,10.0,75.0,76.0,True,80.0,0.0,0.0,1.0,1705,3.2317243833285163,1683,27,0,0,11.6376,14.3735,17.3807,,,,,,,,,,0.0,0.0,,,,,,Western Ghats,0
r04c08,9.5,76.5,9.0,10.0,76.0,77.0,True,10.0,0.6060762948551494,0.0440167127700165,0.3499069923748332,1774361,6.249041983228589,1729208,450,0,0,35.2579,55.3061,89.0954,118.43593433256444,161.33194615452334,0.8351958386200129,2.4424659268691404,0.9720170805410826,0.6608929001472411,0.4181748197590793,25.43380115234022,3055.949271808432,86.85137484762667,196.28387875097624,0.257921478235875,242.0,Malabar Coast moist forests,Tropical & Subtropical Moist Broadleaf Forests,Indomalayan,Western Ghats,1
r04c09,9.5,77.5,9.0,10.0,77.0,78.0,True,10.0,0.6334482511464501,0.3616986349573899,0.0048531138961632,518223,5.714516684125332,509364,385,0,0,39.6868,66.1992,113.1778,161.2097261289841,196.3437361500151,0.7758242687292595,1.6214065556428523,0.761827587062317,0.5605566935343633,0.346281871721696,25.53853550252869,1486.383361489573,438.54793761386526,399.7242221790047,0.271783744764769,270.0,South Western Ghats moist deciduous forests,Tropical & Subtropical Moist Broadleaf Forests,Indomalayan,,1
r04c10,9.5,78.5,9.0,10.0,78.0,79.0,True,40.0,0.3997209432229821,0.4515339617319547,0.1487450950450609,141908,5.152006879304696,136212,293,0,0,34.7961,53.7175,83.0717,,,,0.891675990270456,0.4313851048697877,0.4181199660891876,0.2653099831873227,28.14911562012325,1192.4296629072658,46.09708002353968,40.20628099726476,0.3147940156898504,315.0,Deccan thorn scrub forests,Deserts & Xeric Shrublands,Indomalayan,,0
r04c11,9.5,79.5,9.0,10.0,79.0,80.0,True,80.0,0.0492542824743519,0.0281783741917561,0.9225673433338918,95737,4.981079814373641,91892,316,0,0,39.3293,64.5042,104.8585,,,,1.078548519951534,0.5162872572771782,0.336839395561665,0.1978447843769242,27.84482908130503,1380.3445831199715,0.7106704435459548,2.7250895015044665,0.5755390042839617,,,,,,0
r04c12,9.5,80.5,9.0,10.0,80.0,81.0,True,80.0,0.3974548500191814,0.0753790203304163,0.5271661296504028,26582,4.42458765366793,25575,255,0,0,39.4405,64.5909,104.4023,,,,1.960934847772048,0.7985337089495476,0.5455874884439689,0.3324279812056535,27.5514020384352,1324.2081219642166,12.851573842196713,21.39728467336798,0.3259186573003317,315.0,Deccan thorn scrub forests,Deserts & Xeric Shrublands,Indomalayan,,0
r04c13,9.5,81.5,9.0,10.0,81.0,82.0,True,80.0,0.0,0.0,1.0,2,0.3010299956639812,2,2,0,1,,,,,,,,,,,,,0.0,0.0,,,,,,,0
r04c14,9.5,82.5,9.0,10.0,82.0,83.0,False,,,,,1,0.0,1,1,0,1,,,,,,,,,,,,,,,,,,,,,0
r04c15,9.5,83.5,9.0,10.0,83.0,84.0,False,,,,,0,0.0,0,0,0,1,,,,,,,,,,,,,,,,,,,,,0
r04c16,9.5,84.5,9.0,10.0,84.0,85.0,False,,,,,0,0.0,0,0,0,1,,,,,,,,,,,,,,,,,,,,,0
r04c17,9.5,85.5,9.0,10.0,85.0,86.0,False,,,,,0,0.0,0,0,0,1,,,,,,,,,,,,,,,,,,,,,0
r04c18,9.5,86.5,9.0,10.0,86.0,87.0,False,,,,,0,0.0,0,0,0,1,,,,,,,,,,,,,,,,,,,,,0
r04c19,9.5,87.5,9.0,10.0,87.0,88.0,False,,,,,0,0.0,0,0,0,1,,,,,,,,,,,,,,,,,,,,,0
r04c20,9.5,88.5,9.0,10.0,88.0,89.0,False,,,,,0,0.0,0,0,0,1,,,,,,,,,,,,,,,,,,,,,0
r04c21,9.5,89.5,9.0,10.0,89.0,90.0,False,,,,,0,0.0,0,0,0,1,,,,,,,,,,,,,,,,,,,,,0
r04c22,9.5,90.5,9.0,10.0,90.0,91.0,False,,,,,0,0.0,0,0,0,1,,,,,,,,,,,,,,,,,,,,,0
r04c23,9.5,91.5,9.0,10.0,91.0,92.0,False,,,,,0,0.0,0,0,0,1,,,,,,,,,,,,,,,,,,,,,0
r04c24,9.5,92.5,9.0,10.0,92.0,93.0,True,80.0,0.0348727923569171,0.0,0.9651272076430828,499,2.6981005456233897,440,64,0,0,27.6048,39.417,55.5685,,,,2.69292357563851,0.7033835756385071,0.567410685109734,0.3959259165418237,27.43530771065452,2263.177932824714,0.319802388734795,3.443665542054999,0.3942720817096936,,,,,,0
r04c25,9.5,93.5,9.0,10.0,93.0,94.0,True,80.0,0.0,0.0,1.0,0,0.0,0,0,0,1,,,,,,,,,,,,,0.0,0.0,,,,,,,0
r04c26,9.5,94.5,9.0,10.0,94.0,95.0,False,,,,,0,0.0,0,0,0,1,,,,,,,,,,,,,,,,,,,,,0
r04c27,9.5,95.5,9.0,10.0,95.0,96.0,False,,,,,0,0.0,0,0,0,1,,,,,,,,,,,,,,,,,,,,,0
r04c28,9.5,96.5,9.0,10.0,96.0,97.0,False,,,,,0,0.0,0,0,0,1,,,,,,,,,,,,,0.0,,,,,,,,0
r04c29,9.5,97.5,9.0,10.0,97.0,98.0,True,80.0,0.0040884141048974,0.0,0.9959115858951024,2713,3.433449793761596,2634,133,0,0,29.4347,42.7907,62.8929,,,,2.0844804958677687,0.5537347107438019,0.3380876222377936,0.1816590461543716,,,0.2882828764228561,6.122079225379981,0.6806084283373,,,,,,0
r04c30,9.5,98.5,9.0,10.0,98.0,99.0,True,10.0,0.5602780276040157,0.0023309527230286,0.4373910196729387,39942,4.601429807335315,38388,419,0,0,41.3322,70.431,123.8278,190.37464640612268,232.60354707412216,0.741128538966791,2.577047748163391,0.8725741898744845,0.6810156259427436,0.4595179044053172,25.4823591835306,2503.37495592127,142.55886908545156,200.2443211365843,0.2887249601262927,284.0,Tenasserim-South Thailand semi-evergreen rain forests,Tropical & Subtropical Moist Broadleaf Forests,Indomalayan,,1
r04c31,9.5,99.5,9.0,10.0,99.0,100.0,True,80.0,0.3757826345651562,0.0114545029209933,0.6127628625138394,21486,4.332155571395546,20311,306,0,0,34.6636,53.4865,82.8203,,,,2.070087784317526,0.4827803169268226,0.6612685299183542,0.4606975912111733,26.769824264850413,1931.3811600482893,18.919383730339103,50.35356670993253,0.275148047746206,,,,,,0
r04c32,9.5,100.5,9.0,10.0,100.0,101.0,True,80.0,0.0450714369351156,0.0039590223512439,0.9509695407136391,10922,4.038302172199525,10180,246,0,0,30.2067,44.1221,65.8206,,,,2.336005573365104,0.7290455919867046,0.4926385988720088,0.3238920830273397,27.454657140016536,1611.202251937015,2.639934517882359,27.720579104826022,0.5397562344229497,,,,,,0
r04c33,9.5,101.5,9.0,10.0,101.0,102.0,False,,,,,3,0.4771212547196624,3,2,0,1,,,,,,,,,,,,,0.0,0.0,,,,,,,0
r05c00,10.5,68.5,10.0,11.0,68.0,69.0,False,,,,,0,0.0,0,0,0,1,,,,,,,,,,,,,,,,,,,,,0
r05c01,10.5,69.5,10.0,11.0,69.0,70.0,False,,,,,1,0.0,1,1,0,1,,,,,,,,,,,,,,,,,,,,,0
r05c02,10.5,70.5,10.0,11.0,70.0,71.0,False,,,,,0,0.0,0,0,0,1,,,,,,,,,,,,,,,,,,,,,0
r05c03,10.5,71.5,10.0,11.0,71.0,72.0,True,80.0,0.0,0.0,1.0,0,0.0,0,0,0,1,,,,,,,,,,,,,0.0,,,,,,,,0
r05c04,10.5,72.5,10.0,11.0,72.0,73.0,True,80.0,0.0,0.0,1.0,2869,3.4577305482459986,2659,95,0,0,21.2907,29.5372,43.7236,,,,1.3810428571428572,0.3274371428571428,0.2254582366533174,0.117596339734136,,,0.00746367303369,0.2547482710395521,0.996822173042397,,,,,,0
r05c05,10.5,73.5,10.0,11.0,73.0,74.0,True,80.0,0.0009812605173894,0.0,0.9990187394826106,113,2.0530784434834195,102,31,0,0,22.4341,30.7439,,,,,1.939216842105264,0.1785894736842105,0.2643205613099449,0.1300612522518942,,,0.0105024287460503,0.3707408183750989,0.7811586342823341,,,,,,0
r05c06,10.5,74.5,10.0,11.0,74.0,75.0,False,,,,,0,0.0,0,0,0,1,,,,,,,,,,,,,0.0,0.0,,,,,,Western Ghats,0
r05c07,10.5,75.5,10.0,11.0,75.0,76.0,True,80.0,0.1034702064789601,0.0073880735100969,0.8891417200109433,113750,5.05595140532915,109622,286,0,0,35.6165,56.3391,91.4554,,,,2.056946777061817,0.8070869404105919,0.6246629110663207,0.3617041062651292,26.985137688334632,2939.0357670152453,0.5388462740741299,4.373137581712869,0.2476153661982968,,,,,Western Ghats,0
r05c08,10.5,76.5,10.0,11.0,76.0,77.0,True,10.0,0.8278991301402868,0.0801539366038199,0.0919469332558927,3849369,6.585389544501341,3758648,509,0,0,39.8434,66.5506,114.6969,170.0789716959649,209.01778637917195,0.7659219839707971,2.0616225195457805,0.8973874516155654,0.6372675928854429,0.4002272642413324,25.24942683487212,2616.4234881666325,235.7368496331076,329.6442849003529,0.2543408780614772,270.0,South Western Ghats moist deciduous forests,Tropical & Subtropical Moist Broadleaf Forests,Indomalayan,Western Ghats,1
r05c09,10.5,77.5,10.0,11.0,77.0,78.0,True,10.0,0.6994499099667808,0.2964066708376485,0.0041434191955713,622812,5.794356971724561,607804,419,0,0,40.897,69.1641,119.9414,175.12523461717532,210.4000517151984,0.7572802590297869,1.4170769433099355,0.7012028705782178,0.5342968814848503,0.3292595122062015,25.330613384146982,1455.5493357512644,574.6482064362579,539.6365849648606,0.2494361957945498,298.0,South Deccan Plateau dry deciduous forests,Tropical & Subtropical Dry Broadleaf Forests,Indomalayan,,1
r05c10,10.5,78.5,10.0,11.0,78.0,79.0,True,40.0,0.5150220871504582,0.4801585169550835,0.0048193958944573,207906,5.317867022901892,199470,317,0,0,35.843,56.0146,87.6036,,,,1.0493765005328957,0.4687182498941528,0.4975281481015593,0.3188219689264668,27.700977622781256,1113.2072856474035,165.7300742430039,121.31584273729484,0.2514201685427406,315.0,Deccan thorn scrub forests,Deserts & Xeric Shrublands,Indomalayan,,0
r05c11,10.5,79.5,10.0,11.0,79.0,80.0,True,40.0,0.25694643529594,0.4051394287981434,0.3379141359059177,230600,5.362859302958681,222040,297,0,0,37.0555,59.045,94.5882,,,,1.1658383213475525,0.496367038157088,0.4951582916284794,0.3150388980871063,27.99146571708525,1292.7266164475675,16.27272622946776,20.22767965312245,0.3186354224628777,293.0,East Deccan dry-evergreen forests,Tropical & Subtropical Dry Broadleaf Forests,Indomalayan,,0
r05c12,10.5,80.5,10.0,11.0,80.0,81.0,True,80.0,0.0,0.0,1.0,8,0.9030899869919436,7,6,0,1,,,,,,,,,,,,,0.0,0.0,,,,,,,0
r05c13,10.5,81.5,10.0,11.0,81.0,82.0,False,,,,,0,0.0,0,0,0,1,,,,,,,,,,,,,,,,,,,,,0
r05c14,10.5,82.5,10.0,11.0,82.0,83.0,False,,,,,0,0.0,0,0,0,1,,,,,,,,,,,,,,,,,,,,,0
r05c15,10.5,83.5,10.0,11.0,83.0,84.0,False,,,,,0,0.0,0,0,0,1,,,,,,,,,,,,,,,,,,,,,0
r05c16,10.5,84.5,10.0,11.0,84.0,85.0,False,,,,,0,0.0,0,0,0,1,,,,,,,,,,,,,,,,,,,,,0
r05c17,10.5,85.5,10.0,11.0,85.0,86.0,False,,,,,2,0.3010299956639812,2,1,0,1,,,,,,,,,,,,,,,,,,,,,0
r05c18,10.5,86.5,10.0,11.0,86.0,87.0,False,,,,,0,0.0,0,0,0,1,,,,,,,,,,,,,,,,,,,,,0
r05c19,10.5,87.5,10.0,11.0,87.0,88.0,False,,,,,0,0.0,0,0,0,1,,,,,,,,,,,,,,,,,,,,,0
r05c20,10.5,88.5,10.0,11.0,88.0,89.0,False,,,,,0,0.0,0,0,0,1,,,,,,,,,,,,,,,,,,,,,0
r05c21,10.5,89.5,10.0,11.0,89.0,90.0,False,,,,,0,0.0,0,0,0,1,,,,,,,,,,,,,,,,,,,,,0
r05c22,10.5,90.5,10.0,11.0,90.0,91.0,False,,,,,0,0.0,0,0,0,1,,,,,,,,,,,,,,,,,,,,,0
r05c23,10.5,91.5,10.0,11.0,91.0,92.0,True,80.0,0.0,0.0,1.0,0,0.0,0,0,0,1,,,,,,,,,,,,,,,,,,,,,0
r05c24,10.5,92.5,10.0,11.0,92.0,93.0,True,80.0,0.0949239848639858,0.0001005195745118,0.9049754955615024,30248,4.480696664354479,28069,185,0,0,36.9242,58.1688,89.3567,,,,2.8409053225806464,0.9170297837646214,0.6610738006309205,0.4730253587989897,27.28536087014616,2175.99365316433,3.200105343313956,16.25070775819697,0.3072783584527582,,,,,,0
r05c25,10.5,93.5,10.0,11.0,93.0,94.0,True,80.0,0.0,0.0,1.0,1,0.0,1,1,0,1,,,,,,,,,,,,,0.0,0.0,,,,,,,0
r05c26,10.5,94.5,10.0,11.0,94.0,95.0,False,,,,,0,0.0,0,0,0,1,,,,,,,,,,,,,0.0,0.0,,,,,,,0
r05c27,10.5,95.5,10.0,11.0,95.0,96.0,False,,,,,0,0.0,0,0,0,1,,,,,,,,,,,,,,,,,,,,,0
r05c28,10.5,96.5,10.0,11.0,96.0,97.0,False,,,,,1,0.0,1,1,0,1,,,,,,,,,,,,,0.0,,,,,,,,0
r05c29,10.5,97.5,10.0,11.0,97.0,98.0,True,80.0,0.0154874534050629,0.0,0.9845125465949368,100,2.0,92,51,0,0,35.3819,,,,,,2.2599273155859474,0.7693791993867937,0.3989488807963594,0.220790659707123,,,1.126521531506278,13.632712602459366,0.5966416918048055,,,,,,0
r05c30,10.5,98.5,10.0,11.0,98.0,99.0,True,80.0,0.490038530945685,0.0008530433798113,0.5091084256744958,5588,3.747256397442144,5404,310,0,0,40.9952,69.5868,122.1564,,,,2.4366764768627447,0.6962818685829671,0.6538504689703906,0.4583663664862439,26.04533457831824,2754.7439457195824,67.70565000737774,108.3173900369358,0.320034490480744,284.0,Tenasserim-South Thailand semi-evergreen rain forests,Tropical & Subtropical Moist Broadleaf Forests,Indomalayan,,0
r05c31,10.5,99.5,10.0,11.0,99.0,100.0,True,80.0,0.3099770315283585,0.0050706988904421,0.6849522695812015,68357,4.834782994481185,61151,403,0,0,38.7266,63.5495,106.8664,,,,2.1722987668262355,0.4489928592465305,0.6706939592343663,0.4793345104744348,26.389341338015,2001.2509194741808,24.67817615928743,65.11241132782217,0.2661053074755584,,,,,,0
r05c32,10.5,100.5,10.0,11.0,100.0,101.0,True,80.0,0.0,0.0,1.0,2,0.3010299956639812,2,2,0,1,,,,,,,,,,,,,0.0,0.0,,,,,,,0
r05c33,10.5,101.5,10.0,11.0,101.0,102.0,False,,,,,5,0.6989700043360189,5,4,0,1,,,,,,,,,,,,,0.0,,,,,,,,0
r06c00,11.5,68.5,11.0,12.0,68.0,69.0,False,,,,,0,0.0,0,0,0,1,,,,,,,,,,,,,,,,,,,,,0
r06c01,11.5,69.5,11.0,12.0,69.0,70.0,False,,,,,0,0.0,0,0,0,1,,,,,,,,,,,,,,,,,,,,,0
r06c02,11.5,70.5,11.0,12.0,70.0,71.0,False,,,,,0,0.0,0,0,0,1,,,,,,,,,,,,,,,,,,,,,0
r06c03,11.5,71.5,11.0,12.0,71.0,72.0,True,80.0,0.0,0.0,1.0,0,0.0,0,0,0,1,,,,,,,,,,,,,0.0,,,,,,,,0
r06c04,11.5,72.5,11.0,12.0,72.0,73.0,True,80.0,0.0001740479610656,0.0,0.9998259520389344,283,2.45178643552429,266,55,0,0,25.9252,37.3511,53.9388,,,,1.2523628748524205,0.3950902066115702,0.2139001071180382,0.0888659289403407,,,0.0095895605054075,0.3099966332287416,0.7910118068239326,,,,,,0
r06c05,11.5,73.5,11.0,12.0,73.0,74.0,True,80.0,0.0,0.0,1.0,19,1.2787536009528289,18,12,0,1,,,,,,,0.9659495652173912,0.4356382608695652,0.1830883044620002,0.0917946940407409,,,0.0020672569482142,0.1412140980047871,1.2266899444416195,,,,,,0
r06c06,11.5,74.5,11.0,12.0,74.0,75.0,True,80.0,0.0,0.0,1.0,100,2.0,100,17,0,0,12.3575,17.0,,,,,,,,,,,0.0,0.0,,,,,,Western Ghats,0
r06c07,11.5,75.5,11.0,12.0,75.0,76.0,True,80.0,0.4992821963265141,0.0070097219550138,0.4937080817184691,904308,5.956316372863187,882349,466,0,0,38.3985,63.0793,107.7959,,,,2.5778647453338133,1.072958107291668,0.6654210403344942,0.4086698406132744,25.119967964338464,3209.609453672352,89.00897862742448,243.97692541851544,0.2657724401403534,,,,,Western Ghats,0
r06c08,11.5,76.5,11.0,12.0,76.0,77.0,True,10.0,0.8554074312732275,0.1374529109761779,0.0071396577505935,1918715,6.283010470764974,1882470,465,0,0,40.4963,68.2726,118.8261,178.4886519992317,215.4065265811382,0.7544951131826992,2.0585377351015053,1.0057425453936393,0.6211704999074721,0.382208157396513,22.624475289386368,2068.1058719267617,823.6937259991028,535.0899098080242,0.2626506928462327,270.0,South Western Ghats moist deciduous forests,Tropical & Subtropical Moist Broadleaf Forests,Indomalayan,Western Ghats,1
r06c09,11.5,77.5,11.0,12.0,77.0,78.0,True,10.0,0.6012120260761104,0.3808466839391283,0.017941289984763,1026316,6.011281099495728,993660,405,0,0,35.4427,56.2141,92.6054,126.5229042657468,164.2770208790513,0.8204912819918841,1.3151319021875496,0.6645573564378926,0.5321032708393131,0.3342932457064963,25.827836972931657,1173.6863656018472,434.9961646584906,300.8995123829713,0.2513979607758382,298.0,South Deccan Plateau dry deciduous forests,Tropical & Subtropical Dry Broadleaf Forests,Indomalayan,,1
r06c10,11.5,78.5,11.0,12.0,78.0,79.0,True,40.0,0.5072239154671769,0.491187007483236,0.0015890770495861,845747,5.9272404659507,820069,362,0,0,32.164,49.1945,78.4411,,,,1.2125002775288063,0.535787883962386,0.5563014805803543,0.3448922361211043,26.435075125177,1167.403079108813,342.5772938320783,266.9582410150768,0.2395035776393643,298.0,South Deccan Plateau dry deciduous forests,Tropical & Subtropical Dry Broadleaf Forests,Indomalayan,,0
r06c11,11.5,79.5,11.0,12.0,79.0,80.0,True,40.0,0.3205062411372434,0.4895181904397029,0.1899755684230529,358683,5.554710793511343,346942,286,0,0,33.4708,50.783,77.3048,,,,1.12057855114376,0.4909079880544254,0.5152293017517412,0.3289561185647882,27.85170211431556,1201.2000908003215,39.91969124527552,36.27615807805116,0.2673436597456662,293.0,East Deccan dry-evergreen forests,Tropical & Subtropical Dry Broadleaf Forests,Indomalayan,,0
r06c12,11.5,80.5,11.0,12.0,80.0,81.0,True,80.0,0.0,0.0,1.0,4,0.6020599913279624,4,4,0,1,,,,,,,,,,,,,0.0,0.0,,,,,,,0
r06c13,11.5,81.5,11.0,12.0,81.0,82.0,False,,,,,0,0.0,0,0,0,1,,,,,,,,,,,,,0.0,0.0,,,,,,,0
r06c14,11.5,82.5,11.0,12.0,82.0,83.0,False,,,,,0,0.0,0,0,0,1,,,,,,,,,,,,,,,,,,,,,0
r06c15,11.5,83.5,11.0,12.0,83.0,84.0,False,,,,,0,0.0,0,0,0,1,,,,,,,,,,,,,,,,,,,,,0
r06c16,11.5,84.5,11.0,12.0,84.0,85.0,False,,,,,0,0.0,0,0,0,1,,,,,,,,,,,,,,,,,,,,,0
r06c17,11.5,85.5,11.0,12.0,85.0,86.0,False,,,,,0,0.0,0,0,0,1,,,,,,,,,,,,,,,,,,,,,0
r06c18,11.5,86.5,11.0,12.0,86.0,87.0,False,,,,,0,0.0,0,0,0,1,,,,,,,,,,,,,,,,,,,,,0
r06c19,11.5,87.5,11.0,12.0,87.0,88.0,False,,,,,0,0.0,0,0,0,1,,,,,,,,,,,,,,,,,,,,,0
r06c20,11.5,88.5,11.0,12.0,88.0,89.0,False,,,,,0,0.0,0,0,0,1,,,,,,,,,,,,,,,,,,,,,0
r06c21,11.5,89.5,11.0,12.0,89.0,90.0,False,,,,,1,0.0,1,1,0,1,,,,,,,,,,,,,,,,,,,,,0
r06c22,11.5,90.5,11.0,12.0,90.0,91.0,False,,,,,2,0.3010299956639812,2,2,0,1,,,,,,,,,,,,,,,,,,,,,0
r06c23,11.5,91.5,11.0,12.0,91.0,92.0,True,80.0,0.0,0.0,1.0,2,0.3010299956639812,2,2,0,1,,,,,,,,,,,,,,,,,,,,,0
r06c24,11.5,92.5,11.0,12.0,92.0,93.0,True,80.0,0.1020737726710519,0.0007579723331841,0.8971682549957647,515319,5.712076155352661,484577,288,0,0,37.2984,59.134,91.3989,,,,2.65722650246681,0.8890278808736194,0.5981560660692034,0.3877840636521739,27.26252091339016,2349.853315523412,7.74209802149427,31.007572800286884,0.3729528745155304,,,,,,0
r06c25,11.5,93.5,11.0,12.0,93.0,94.0,True,80.0,0.0259158995364261,0.0001217919754849,0.973962308488089,7940,3.899820502427096,7445,148,0,0,33.221,49.5752,72.1506,,,,2.47534471682,0.6525278766352243,0.4871692899149572,0.2952415586399801,27.448609100574856,2330.0157666464875,0.1410948732072261,2.5006208240326897,0.5175936803690457,,,,,,0
r06c26,11.5,94.5,11.0,12.0,94.0,95.0,True,80.0,0.0,0.0,1.0,1,0.0,1,1,0,1,,,,,,,,,,,,,0.0,0.0,,,,,,,0
r06c27,11.5,95.5,11.0,12.0,95.0,96.0,False,,,,,0,0.0,0,0,0,1,,,,,,,,,,,,,,,,,,,,,0
r06c28,11.5,96.5,11.0,12.0,96.0,97.0,False,,,,,0,0.0,0,0,0,1,,,,,,,,,,,,,0.0,,,,,,,,0
r06c29,11.5,97.5,11.0,12.0,97.0,98.0,True,80.0,0.0083528662731559,0.0,0.991647133726844,2,0.3010299956639812,2,2,0,1,,,,,,,2.2099838816309334,0.7404281815308439,0.363466989951149,0.2019452865190462,,,0.8663477664896297,13.260381678892069,0.7002610461629846,,,,,,0
r06c30,11.5,98.5,11.0,12.0,98.0,99.0,True,80.0,0.3893838691881717,0.0010894076114702,0.6095267232003488,371,2.569373909615046,361,105,0,0,37.5529,59.7755,93.1649,,,,2.562013656040451,0.7878825078203323,0.5936183113563775,0.3895969146622688,26.36492154784016,2983.684988478972,37.57645953546267,77.63625810161884,0.4073736198087478,,,,,,0
r06c31,11.5,99.5,11.0,12.0,99.0,100.0,True,10.0,0.683971082854628,0.0065020938762167,0.3095268232691558,15149,4.180383965589764,14075,434,0,0,40.1645,67.6822,119.8155,215.32017048413056,279.2128248904672,0.7348891281356255,2.6112466998357693,0.9839865921565584,0.6972597318825566,0.4715439323084144,25.4392123971412,2228.9558391967607,129.9699844936273,166.97370130373486,0.255711735508883,284.0,Tenasserim-South Thailand semi-evergreen rain forests,Tropical & Subtropical Moist Broadleaf Forests,Indomalayan,,1
r06c32,11.5,100.5,11.0,12.0,100.0,101.0,True,80.0,0.0,0.0,1.0,3,0.4771212547196624,3,3,0,1,,,,,,,,,,,,,0.0,0.0,,,,,,,0
r06c33,11.5,101.5,11.0,12.0,101.0,102.0,True,80.0,0.0,0.0,1.0,5,0.6989700043360189,4,4,0,1,,,,,,,,,,,,,0.0,0.0,,,,,,,0
r07c00,12.5,68.5,12.0,13.0,68.0,69.0,False,,,,,0,0.0,0,0,0,1,,,,,,,,,,,,,,,,,,,,,0
r07c01,12.5,69.5,12.0,13.0,69.0,70.0,False,,,,,0,0.0,0,0,0,1,,,,,,,,,,,,,,,,,,,,,0
r07c02,12.5,70.5,12.0,13.0,70.0,71.0,False,,,,,0,0.0,0,0,0,1,,,,,,,,,,,,,,,,,,,,,0
r07c03,12.5,71.5,12.0,13.0,71.0,72.0,False,,,,,7,0.8450980400142568,7,5,0,1,,,,,,,,,,,,,,,,,,,,,0
r07c04,12.5,72.5,12.0,13.0,72.0,73.0,False,,,,,0,0.0,0,0,0,1,,,,,,,,,,,,,,,,,,,,,0
r07c05,12.5,73.5,12.0,13.0,73.0,74.0,False,,,,,2,0.3010299956639812,2,2,0,1,,,,,,,,,,,,,0.0,,,,,,,,0
r07c06,12.5,74.5,12.0,13.0,74.0,75.0,True,80.0,0.1627600453830185,0.0160227007516851,0.8212172538652983,346114,5.5392191664706,335651,375,0,0,38.0101,61.9244,103.3135,,,,1.774928135596842,0.6975864509533195,0.5712458281580816,0.3395876204299425,26.80455433752496,2982.7038428961646,2.861539536279456,13.46401936937564,0.2856904092595971,,,,,Western Ghats,0
r07c07,12.5,75.5,12.0,13.0,75.0,76.0,True,10.0,0.9156172723469408,0.0275126601386491,0.05687006751441,1098270,6.040709120710908,1068305,477,0,0,39.5331,65.7033,112.1351,161.18935282891334,198.8627277535336,0.7768381470859406,2.413738792757977,1.038972289671496,0.6662227976904941,0.4161143852803828,23.954053437137897,3035.287260264582,447.7920884627589,409.2569456775497,0.2882824265236539,271.0,South Western Ghats montane rain forests,Tropical & Subtropical Moist Broadleaf Forests,Indomalayan,Western Ghats,1
r07c08,12.5,76.5,12.0,13.0,76.0,77.0,True,40.0,0.4809760356154594,0.5006007592685696,0.0184232051159719,1612262,6.207435618057442,1565915,428,0,0,39.5853,65.1639,107.506,,,,1.3602408828125796,0.7652769988096425,0.5064923044571649,0.3144516182871559,23.50834607705813,1153.143795592816,791.2488328591658,83.00742579901343,0.277063451048255,298.0,South Deccan Plateau dry deciduous forests,Tropical & Subtropical Dry Broadleaf Forests,Indomalayan,Western Ghats,0
r07c09,12.5,77.5,12.0,13.0,77.0,78.0,True,10.0,0.6265353238519871,0.3667688574129314,0.0066958187350791,3059700,6.48567884650391,2975348,427,0,0,37.9521,61.1111,98.9497,125.2946575054641,155.64593517180575,0.8247851168463878,1.3557055839239285,0.7316454521908089,0.5192823610256125,0.3214872462200997,24.10160983020832,1075.8142737683302,724.3562000391956,157.07390988506668,0.2677808284053952,298.0,South Deccan Plateau dry deciduous forests,Tropical & Subtropical Dry Broadleaf Forests,Indomalayan,,1
r07c10,12.5,78.5,12.0,13.0,78.0,79.0,True,40.0,0.5381390751772711,0.459803009825297,0.0020579149974293,116592,5.066668752180718,112632,310,0,0,36.9894,58.8995,94.7253,,,,1.2795586473763656,0.6250044765403336,0.5599666238574996,0.3491182801127559,25.547166033071623,1091.5432744997397,509.8057430944915,191.4363751572681,0.2326257076268549,298.0,South Deccan Plateau dry deciduous forests,Tropical & Subtropical Dry Broadleaf Forests,Indomalayan,,0
r07c11,12.5,79.5,12.0,13.0,79.0,80.0,True,40.0,0.3431947100903348,0.6324337530973551,0.0243715368123094,351332,5.545717707977336,337990,358,0,0,37.6135,60.2976,96.826,,,,1.0885840468045114,0.4931186074919457,0.5266541948168197,0.3332245944395906,27.5092489827484,1207.229608640141,116.38724638529692,96.98293921280224,0.2266745043437431,315.0,Deccan thorn scrub forests,Deserts & Xeric Shrublands,Indomalayan,,0
r07c12,12.5,80.5,12.0,13.0,80.0,81.0,True,80.0,0.1525379110482942,0.1370898326900134,0.7103722562617023,810172,5.908577229645369,780626,385,0,0,37.0608,58.9489,93.4427,,,,1.0994210630555703,0.4812830504110642,0.4551112912077998,0.2701550060241283,27.825002672305857,1244.5763701459002,2.798741356686734,9.2690440239187,0.3475337879297616,,,,,,0
r07c13,12.5,81.5,12.0,13.0,81.0,82.0,False,,,,,0,0.0,0,0,0,1,,,,,,,,,,,,,0.0,0.0,,,,,,,0
r07c14,12.5,82.5,12.0,13.0,82.0,83.0,False,,,,,0,0.0,0,0,0,1,,,,,,,,,,,,,,,,,,,,,0
r07c15,12.5,83.5,12.0,13.0,83.0,84.0,False,,,,,0,0.0,0,0,0,1,,,,,,,,,,,,,,,,,,,,,0
r07c16,12.5,84.5,12.0,13.0,84.0,85.0,False,,,,,0,0.0,0,0,0,1,,,,,,,,,,,,,,,,,,,,,0
r07c17,12.5,85.5,12.0,13.0,85.0,86.0,False,,,,,0,0.0,0,0,0,1,,,,,,,,,,,,,,,,,,,,,0
r07c18,12.5,86.5,12.0,13.0,86.0,87.0,False,,,,,0,0.0,0,0,0,1,,,,,,,,,,,,,,,,,,,,,0
r07c19,12.5,87.5,12.0,13.0,87.0,88.0,False,,,,,0,0.0,0,0,0,1,,,,,,,,,,,,,,,,,,,,,0
r07c20,12.5,88.5,12.0,13.0,88.0,89.0,False,,,,,0,0.0,0,0,0,1,,,,,,,,,,,,,,,,,,,,,0
r07c21,12.5,89.5,12.0,13.0,89.0,90.0,False,,,,,0,0.0,0,0,0,1,,,,,,,,,,,,,,,,,,,,,0
r07c22,12.5,90.5,12.0,13.0,90.0,91.0,False,,,,,1,0.0,1,1,0,1,,,,,,,,,,,,,,,,,,,,,0
r07c23,12.5,91.5,12.0,13.0,91.0,92.0,False,,,,,1,0.0,1,1,0,1,,,,,,,,,,,,,,,,,,,,,0
r07c24,12.5,92.5,12.0,13.0,92.0,93.0,True,80.0,0.3232145052408176,0.0011067966891077,0.675678698070077,27555,4.440200415361489,25907,191,0,0,35.768,55.125,81.8416,,,,2.7368892078126543,0.8900204372435333,0.6339593641472762,0.4060427075183647,27.060484483538943,2302.732473485392,12.152499528127992,32.737922695208084,0.3456200531972581,,,,,,0
r07c25,12.5,93.5,12.0,13.0,93.0,94.0,True,80.0,0.0178368216676322,0.0,0.9821631783323672,3639,3.5609820555862357,3458,128,0,0,32.6524,48.246,69.5505,,,,2.435324937325543,0.7224535529395449,0.4325163717056813,0.2558966735190168,27.44860261723804,2207.074564487924,0.5146002799078121,6.509370084407517,0.584855703025575,,,,,,0
r07c26,12.5,94.5,12.0,13.0,94.0,95.0,True,80.0,0.0,0.0,1.0,0,0.0,0,0,0,1,,,,,,,,,,,,,0.0,0.0,,,,,,,0
r07c27,12.5,95.5,12.0,13.0,95.0,96.0,False,,,,,1,0.0,1,1,0,1,,,,,,,,,,,,,0.0,0.0,,,,,,,0
r07c28,12.5,96.5,12.0,13.0,96.0,97.0,False,,,,,1,0.0,1,1,0,1,,,,,,,,,,,,,0.0,,,,,,,,0
r07c29,12.5,97.5,12.0,13.0,97.0,98.0,True,80.0,0.0243923977554462,0.0,0.9756076022445536,0,0.0,0,0,0,1,,,,,,,2.187315301029124,0.7515150268738817,0.3785800496895879,0.2040212289593021,,,1.5378938610022086,16.33360647272901,0.6528874053846836,,,,,,0
r07c30,12.5,98.5,12.0,13.0,98.0,99.0,True,80.0,0.4235192987036616,0.0238684436427218,0.5526122576536161,892,2.950364854376123,836,185,0,0,40.6895,68.5215,117.466,,,,2.495029341378778,0.7773376466578028,0.6070858873085713,0.4004235518820597,25.96289702069571,3301.3828056747057,52.19396150047113,104.57146747103543,0.388410516952029,250.0,Myanmar coastal rain forests,Tropical & Subtropical Moist Broadleaf Forests,Indomalayan,,0
r07c31,12.5,99.5,12.0,13.0,99.0,100.0,True,10.0,0.9164448887518624,0.0491462074414059,0.0344089038067322,574863,5.759564356979699,552124,658,0,0,42.9499,75.083,136.9246,230.73133647563495,280.94479987295523,0.6948665311683205,2.445245463714321,1.0358438584602374,0.6743680361623061,0.4508728242665854,25.4069188452328,1832.9089030351856,274.4457957944538,242.9334341628744,0.252861876383693,284.0,Tenasserim-South Thailand semi-evergreen rain forests,Tropical & Subtropical Moist Broadleaf Forests,Indomalayan,,1
r07c32,12.5,100.5,12.0,13.0,100.0,101.0,True,80.0,0.0547357356119769,0.0336169256313789,0.9116473387566434,30944,4.490576452402908,29282,341,0,0,37.8017,60.8732,99.2327,,,,1.3868104436608375,0.5552472955564591,0.444178832535472,0.2807540816077201,27.60165484235317,1239.2053393494584,2.1870187326810435,12.085742561966784,0.4298347767192647,,,,,,0
r07c33,12.5,101.5,12.0,13.0,101.0,102.0,True,80.0,0.4381086421284263,0.0548665980929681,0.507024759778604,81367,4.910448303860133,76994,387,0,0,40.5235,68.1359,117.0856,,,,1.669144424236518,0.5259624516157744,0.6186342437260705,0.4201586756811548,26.942884346137927,1889.62193165827,21.22447496597112,52.27851369063143,0.2184488371053508,,,,,,0
r08c00,13.5,68.5,13.0,14.0,68.0,69.0,False,,,,,0,0.0,0,0,0,1,,,,,,,,,,,,,,,,,,,,,0
r08c01,13.5,69.5,13.0,14.0,69.0,70.0,False,,,,,0,0.0,0,0,0,1,,,,,,,,,,,,,,,,,,,,,0
r08c02,13.5,70.5,13.0,14.0,70.0,71.0,False,,,,,1,0.0,1,1,0,1,,,,,,,,,,,,,,,,,,,,,0
r08c03,13.5,71.5,13.0,14.0,71.0,72.0,False,,,,,1,0.0,1,1,0,1,,,,,,,,,,,,,,,,,,,,,0
r08c04,13.5,72.5,13.0,14.0,72.0,73.0,False,,,,,0,0.0,0,0,0,1,,,,,,,,,,,,,,,,,,,,,0
r08c05,13.5,73.5,13.0,14.0,73.0,74.0,False,,,,,0,0.0,0,0,0,1,,,,,,,,,,,,,0.0,,,,,,,,0
r08c06,13.5,74.5,13.0,14.0,74.0,75.0,True,80.0,0.4666377847450377,0.0183504769112844,0.5150117383436796,716650,5.855307105206829,694077,399,0,0,38.6685,63.0175,104.1139,,,,2.047233281120348,0.8777898071643894,0.6109288908082967,0.3675982391266876,25.73251790376224,3607.602356826582,47.748865697976186,141.86895825579884,0.3136617173190923,,,,,Western Ghats,0
r08c07,13.5,75.5,13.0,14.0,75.0,76.0,True,10.0,0.8825237232753689,0.1019060106875584,0.0155702660370733,287729,5.458983636326393,281526,398,0,0,40.8461,69.0208,119.0406,169.0983376394447,204.06569970888023,0.7642677638839614,2.1032168821909143,1.0246322943171953,0.6125036113055461,0.3759953221937851,23.24002532262257,2137.505582527185,741.3831504310876,271.00473467170576,0.3112281534123749,254.0,North Western Ghats montane rain forests,Tropical & Subtropical Moist Broadleaf Forests,Indomalayan,Western Ghats,1
r08c08,13.5,76.5,13.0,14.0,76.0,77.0,True,40.0,0.4899002737126722,0.4998861936928743,0.0102135325944506,65523,4.816393773575602,64028,279,0,0,37.3942,59.5992,95.1693,,,,1.1603733384337973,0.6550846407094797,0.4596613860524686,0.2809472150010185,24.04317543201489,1033.0996795212718,773.432801415142,93.58904555138434,0.2769331278982175,315.0,Deccan thorn scrub forests,Deserts & Xeric Shrublands,Indomalayan,Western Ghats,0
r08c09,13.5,77.5,13.0,14.0,77.0,78.0,True,40.0,0.2461689918017249,0.7485677008238947,0.0052633073743817,2229103,6.348130136357379,2169010,398,0,0,37.0513,59.2723,96.712,,,,1.08400132548218,0.6063567318429857,0.4388376412901158,0.2769498864773745,23.987620813801712,992.4374790933524,806.1637288482266,101.84927279799284,0.2814494089094003,315.0,Deccan thorn scrub forests,Deserts & Xeric Shrublands,Indomalayan,,0
r08c10,13.5,78.5,13.0,14.0,78.0,79.0,True,40.0,0.3740618560681147,0.6232130902575419,0.0027250536743406,193242,5.286101523662697,187598,289,0,0,37.9021,60.587,96.0791,,,,1.1120613020342345,0.5853040365450656,0.4765760262495297,0.3010458188728998,24.915911799839662,982.8335137333644,671.3555973609572,150.76628289095652,0.2590653350227856,315.0,Deccan thorn scrub forests,Deserts & Xeric Shrublands,Indomalayan,,0
r08c11,13.5,79.5,13.0,14.0,79.0,80.0,True,40.0,0.5924882708595393,0.4018040656589775,0.005707663481484,244015,5.387416523949379,234099,335,0,0,38.0236,61.6014,101.3632,,,,1.15062525280695,0.4894064468778602,0.5503947676228103,0.3423380011726721,27.024528147943755,1116.1208603421062,238.8809282227546,200.5175656480568,0.2352410223818546,315.0,Deccan thorn scrub forests,Deserts & Xeric Shrublands,Indomalayan,,0
r08c12,13.5,80.5,13.0,14.0,80.0,81.0,True,80.0,0.152671388643093,0.2345029507664451,0.6128256605904672,418846,5.622054372264457,402193,333,0,0,31.1702,48.7419,80.3469,,,,0.9704577620183858,0.4241623985537069,0.3913844315647722,0.2350399908892376,27.986190115095763,1187.765565341734,2.953496471076677,7.052033094443696,0.449196609184712,,,,,,0
r08c13,13.5,81.5,13.0,14.0,81.0,82.0,False,,,,,0,0.0,0,0,0,1,,,,,,,,,,,,,0.0,0.0,,,,,,,0
r08c14,13.5,82.5,13.0,14.0,82.0,83.0,False,,,,,0,0.0,0,0,0,1,,,,,,,,,,,,,,,,,,,,,0
r08c15,13.5,83.5,13.0,14.0,83.0,84.0,False,,,,,0,0.0,0,0,0,1,,,,,,,,,,,,,,,,,,,,,0
r08c16,13.5,84.5,13.0,14.0,84.0,85.0,False,,,,,0,0.0,0,0,0,1,,,,,,,,,,,,,,,,,,,,,0
r08c17,13.5,85.5,13.0,14.0,85.0,86.0,False,,,,,0,0.0,0,0,0,1,,,,,,,,,,,,,,,,,,,,,0
r08c18,13.5,86.5,13.0,14.0,86.0,87.0,False,,,,,0,0.0,0,0,0,1,,,,,,,,,,,,,,,,,,,,,0
r08c19,13.5,87.5,13.0,14.0,87.0,88.0,False,,,,,0,0.0,0,0,0,1,,,,,,,,,,,,,,,,,,,,,0
r08c20,13.5,88.5,13.0,14.0,88.0,89.0,False,,,,,0,0.0,0,0,0,1,,,,,,,,,,,,,,,,,,,,,0
r08c21,13.5,89.5,13.0,14.0,89.0,90.0,False,,,,,0,0.0,0,0,0,1,,,,,,,,,,,,,,,,,,,,,0
r08c22,13.5,90.5,13.0,14.0,90.0,91.0,False,,,,,0,0.0,0,0,0,1,,,,,,,,,,,,,,,,,,,,,0
r08c23,13.5,91.5,13.0,14.0,91.0,92.0,False,,,,,0,0.0,0,0,0,1,,,,,,,,,,,,,,,,,,,,,0
r08c24,13.5,92.5,13.0,14.0,92.0,93.0,True,80.0,0.2144112152113184,0.0019148494690944,0.7836739353195858,7754,3.889525796671191,7298,151,0,0,36.9242,57.7521,86.5354,,,,2.8228051929607134,0.9762182845466136,0.6752677291327978,0.4413867218691583,27.157267040449018,2171.0686557136305,4.847474106592758,24.163277402881885,0.3049477502391276,,,,,,0
r08c25,13.5,93.5,13.0,14.0,93.0,94.0,True,80.0,0.051675345225018,0.0007942672790288,0.947530387495952,8329,3.920592862084809,7793,146,0,0,34.8004,52.6488,76.6811,,,,2.72894463297033,0.8419579602720115,0.5328364339895726,0.3249891651673561,27.16342443363545,2157.1048283835485,1.6957005070300395,21.267362657685972,0.4427188448273192,,,,,,0
r08c26,13.5,94.5,13.0,14.0,94.0,95.0,True,80.0,0.0021876845691293,0.0,0.9978123154308708,2766,3.441852175773292,2507,86,0,0,19.0606,25.9283,38.2401,,,,2.2979673333333333,0.908544,0.3472111893754715,0.1903105622754538,,,0.1463813479840213,6.874679718974956,0.7038474773644718,,,,,,0
r08c27,13.5,95.5,13.0,14.0,95.0,96.0,False,,,,,0,0.0,0,0,0,1,,,,,,,,,,,,,0.0,0.0,,,,,,,0
r08c28,13.5,96.5,13.0,14.0,96.0,97.0,False,,,,,0,0.0,0,0,0,1,,,,,,,,,,,,,0.0,,,,,,,,0
r08c29,13.5,97.5,13.0,14.0,97.0,98.0,True,80.0,0.0069966347239822,0.0,0.9930033652760176,3,0.4771212547196624,3,2,0,1,,,,,,,1.9925096103896107,0.7635496103896103,0.3497271410023848,0.1629399456160571,,,0.1525372639567023,4.407912981369045,0.6959716955406133,,,,,,0
r08c30,13.5,98.5,13.0,14.0,98.0,99.0,True,10.0,0.6306598279876402,0.0225899831427599,0.3467501888695974,1489,3.1728946977521764,1418,255,0,0,42.8718,74.8455,136.2955,217.6584399362346,243.09230148469987,0.6967974319565531,2.8299063958548207,1.1955837726683378,0.6904502262210568,0.4483701435125062,24.65607716848957,3088.8405106206283,233.061549566791,293.9977331677937,0.3138866954629883,250.0,Myanmar coastal rain forests,Tropical & Subtropical Moist Broadleaf Forests,Indomalayan,,1
r08c31,13.5,99.5,13.0,14.0,99.0,100.0,True,10.0,0.7334737697860103,0.2463713550775374,0.0201548751364503,183796,5.264336055489533,176350,516,0,0,39.5687,65.2287,108.7208,152.06288296123228,196.41234990614987,0.7951672272023276,1.987579232207684,0.8479933909263373,0.6388287279412179,0.4304744998818107,26.221991067205625,1407.0502387111485,234.26869796626903,251.9651934574972,0.2187485675930502,225.0,Chao Phraya lowland moist deciduous forests,Tropical & Subtropical Moist Broadleaf Forests,Indomalayan,,1
r08c32,13.5,100.5,13.0,14.0,100.0,101.0,True,80.0,0.2022210470128759,0.321858381391457,0.4759205715956622,1377173,6.138988499607748,1321083,556,0,0,38.5707,63.0018,104.5573,,,,1.0735523320065423,0.457332466736831,0.4335599157943511,0.2609058592418637,27.96545025984189,1340.9762977635892,3.664467005156467,7.322908572557308,0.2380643238898151,319.0,Indochina mangroves,Mangroves,Indomalayan,,0
r08c33,13.5,101.5,13.0,14.0,101.0,102.0,True,10.0,0.6665896881730177,0.3036114068678078,0.0297989049591711,63663,4.803887100083716,60589,370,0,0,39.3,64.642,107.9227,151.63591025768807,191.34532296111485,0.7944784630147761,1.5611506740047656,0.5581768439012682,0.6108421401349531,0.4007649386239977,27.12945936420995,1583.098672251631,67.45466370208474,69.64593191502614,0.2132819348220246,223.0,Cardamom Mountains rain forests,Tropical & Subtropical Moist Broadleaf Forests,Indomalayan,,1
r09c00,14.5,68.5,14.0,15.0,68.0,69.0,False,,,,,0,0.0,0,0,0,1,,,,,,,,,,,,,,,,,,,,,0
r09c01,14.5,69.5,14.0,15.0,69.0,70.0,False,,,,,0,0.0,0,0,0,1,,,,,,,,,,,,,,,,,,,,,0
r09c02,14.5,70.5,14.0,15.0,70.0,71.0,False,,,,,0,0.0,0,0,0,1,,,,,,,,,,,,,,,,,,,,,0
r09c03,14.5,71.5,14.0,15.0,71.0,72.0,False,,,,,0,0.0,0,0,0,1,,,,,,,,,,,,,,,,,,,,,0
r09c04,14.5,72.5,14.0,15.0,72.0,73.0,False,,,,,1,0.0,1,1,0,1,,,,,,,,,,,,,,,,,,,,,0
r09c05,14.5,73.5,14.0,15.0,73.0,74.0,True,80.0,0.0,0.0,1.0,46,1.662757831681574,46,19,0,0,,,,,,,,,,,26.66182048598512,3194.729460801704,0.0,0.0,,,,,,,0
r09c06,14.5,74.5,14.0,15.0,74.0,75.0,True,10.0,0.6687892284382568,0.0292676790163348,0.3019430925454096,286615,5.457298915463836,278099,425,0,0,40.5259,68.2067,117.6481,171.64495372732685,211.4539343228018,0.763879636429862,2.2614334913476686,1.03701105047056,0.6139734719897754,0.3645147148772192,24.99429598703739,2584.562847991436,253.8571885167076,253.7991011222532,0.3383945210846977,253.0,North Western Ghats moist deciduous forests,Tropical & Subtropical Moist Broadleaf Forests,Indomalayan,Western Ghats,1
r09c07,14.5,75.5,14.0,15.0,75.0,76.0,True,40.0,0.3321418352598466,0.6575666021080687,0.0102915626320826,55245,4.742292977910594,53809,353,0,0,40.397,67.4301,113.4239,,,,1.3056961803481473,0.6654169166794761,0.4876324279366374,0.3024118605071341,24.708543416342145,1106.5694962707073,598.0080428107932,47.0323929559675,0.3174249596565272,315.0,Deccan thorn scrub forests,Deserts & Xeric Shrublands,Indomalayan,Western Ghats,0
r09c08,14.5,76.5,14.0,15.0,76.0,77.0,True,40.0,0.2556720546855027,0.7403355428086833,0.0039924025058124,20995,4.322115878973959,20446,267,0,0,38.3595,62.2306,101.5137,,,,0.8741502781450045,0.4778793139943292,0.38054466867873,0.2364981179276719,25.25215304318608,854.0438291213785,622.9593964569592,79.74628938119469,0.325545045248093,315.0,Deccan thorn scrub forests,Deserts & Xeric Shrublands,Indomalayan,Western Ghats,0
r09c09,14.5,77.5,14.0,15.0,77.0,78.0,True,40.0,0.2585626444306123,0.7293797207298435,0.0120576348395449,30999,4.491347684108892,30033,259,0,0,37.8885,61.1976,99.8296,,,,0.808820231111101,0.4222964558644361,0.3871510162506079,0.2476056728196154,26.764056625584743,782.8441681946936,472.7512406800142,119.61984362574796,0.3137345864088683,315.0,Deccan thorn scrub forests,Deserts & Xeric Shrublands,Indomalayan,,0
r09c10,14.5,78.5,14.0,15.0,78.0,79.0,True,40.0,0.4708202864103961,0.5099810295373914,0.0191986840522097,24641,4.391658328722475,23882,272,0,0,37.7394,60.887,99.4851,,,,0.8680581502066633,0.3838458037060203,0.4223207232483203,0.261751598384814,27.67906229053012,855.1467101905944,315.1830017615242,146.4948562952032,0.335216227917113,315.0,Deccan thorn scrub forests,Deserts & Xeric Shrublands,Indomalayan,,0
r09c11,14.5,79.5,14.0,15.0,79.0,80.0,True,40.0,0.5948857725767167,0.3691169455605215,0.0359972818627626,32820,4.516138576717075,31730,250,0,0,34.2,52.6241,82.436,,,,1.0451508906750755,0.4228176548478146,0.4911979068622547,0.299920674728114,27.980671441414657,1005.7343853624598,126.83525443772234,124.50370892791705,0.3010149135808383,315.0,Deccan thorn scrub forests,Deserts & Xeric Shrublands,Indomalayan,,0
r09c12,14.5,80.5,14.0,15.0,80.0,81.0,True,80.0,0.0929499661867198,0.1945755695182778,0.712474464295007,363,2.5599066250361124,343,93,0,0,32.6364,50.2854,81.0827,,,,1.0443354166290848,0.4084337589399627,0.4112281606595879,0.2512393085099373,28.280363927152084,1086.1207015006544,1.0643539138126608,3.0375648754856086,0.4672424432429262,,,,,,0
r09c13,14.5,81.5,14.0,15.0,81.0,82.0,False,,,,,0,0.0,0,0,0,1,,,,,,,,,,,,,0.0,0.0,,,,,,,0
r09c14,14.5,82.5,14.0,15.0,82.0,83.0,False,,,,,0,0.0,0,0,0,1,,,,,,,,,,,,,0.0,0.0,,,,,,,0
r09c15,14.5,83.5,14.0,15.0,83.0,84.0,False,,,,,0,0.0,0,0,0,1,,,,,,,,,,,,,,,,,,,,,0
r09c16,14.5,84.5,14.0,15.0,84.0,85.0,False,,,,,0,0.0,0,0,0,1,,,,,,,,,,,,,,,,,,,,,0
r09c17,14.5,85.5,14.0,15.0,85.0,86.0,False,,,,,0,0.0,0,0,0,1,,,,,,,,,,,,,,,,,,,,,0
r09c18,14.5,86.5,14.0,15.0,86.0,87.0,False,,,,,0,0.0,0,0,0,1,,,,,,,,,,,,,,,,,,,,,0
r09c19,14.5,87.5,14.0,15.0,87.0,88.0,False,,,,,0,0.0,0,0,0,1,,,,,,,,,,,,,,,,,,,,,0
r09c20,14.5,88.5,14.0,15.0,88.0,89.0,False,,,,,0,0.0,0,0,0,1,,,,,,,,,,,,,,,,,,,,,0
r09c21,14.5,89.5,14.0,15.0,89.0,90.0,False,,,,,0,0.0,0,0,0,1,,,,,,,,,,,,,,,,,,,,,0
r09c22,14.5,90.5,14.0,15.0,90.0,91.0,False,,,,,0,0.0,0,0,0,1,,,,,,,,,,,,,,,,,,,,,0
r09c23,14.5,91.5,14.0,15.0,91.0,92.0,False,,,,,2,0.3010299956639812,2,2,0,1,,,,,,,,,,,,,,,,,,,,,0
r09c24,14.5,92.5,14.0,15.0,92.0,93.0,False,,,,,0,0.0,0,0,0,1,,,,,,,,,,,,,0.0,,,,,,,,0
r09c25,14.5,93.5,14.0,15.0,93.0,94.0,True,80.0,0.00443995720858,4.321167467607768e-05,0.995516831116744,1,0.0,1,1,0,1,,,,,,,2.368961428571428,0.619317619047619,0.3880068554637763,0.2026065966534041,,,0.0633577905811085,1.4955232370456566,0.5246605849973772,,,,,,0
r09c26,14.5,94.5,14.0,15.0,94.0,95.0,True,80.0,0.0,0.0,1.0,0,0.0,0,0,0,1,,,,,,,,,,,,,0.0,0.0,,,,,,,0
r09c27,14.5,95.5,14.0,15.0,95.0,96.0,False,,,,,0,0.0,0,0,0,1,,,,,,,,,,,,,0.0,0.0,,,,,,,0
r09c28,14.5,96.5,14.0,15.0,96.0,97.0,False,,,,,0,0.0,0,0,0,1,,,,,,,,,,,,,0.0,0.0,,,,,,,0
r09c29,14.5,97.5,14.0,15.0,97.0,98.0,True,80.0,0.1545569380326004,0.0043000820485124,0.841142979918885,17,1.230448921378274,17,14,0,1,,,,,,,2.422083110364721,0.8291566773926435,0.628728560187052,0.4059098856260302,25.827907887713582,3978.5389085299794,8.095204068180099,46.89761470425078,0.3380039525655356,,,,,,0
r09c30,14.5,98.5,14.0,15.0,98.0,99.0,True,10.0,0.9470654639146716,0.0169283150634323,0.0360062210218961,10610,4.025715383901341,10133,357,0,0,40.0114,66.741,113.8891,170.37276852482682,219.4364856340518,0.7735840546896289,2.7366027967396995,1.172462475666731,0.6999481645853023,0.467073020565917,24.65817335995041,2377.0914866500098,365.6837676122667,256.7027066807875,0.2620641590100206,284.0,Tenasserim-South Thailand semi-evergreen rain forests,Tropical & Subtropical Moist Broadleaf Forests,Indomalayan,,1
r09c31,14.5,99.5,14.0,15.0,99.0,100.0,True,40.0,0.4992129859766114,0.4645836570039577,0.036203357019431,83461,4.92148358396879,79275,403,0,0,39.356,64.4988,105.8079,,,,1.5827402088646374,0.6992485651193785,0.5704143564821367,0.3824596968130446,26.66305254868256,1306.2129329830082,201.2938645386045,213.5805141594024,0.2851242798702211,291.0,Central Indochina dry forests,Tropical & Subtropical Dry Broadleaf Forests,Indomalayan,,0
r09c32,14.5,100.5,14.0,15.0,100.0,101.0,True,40.0,0.2675131971258629,0.7147214502638651,0.017765352610274,179720,5.254596409920988,172681,377,0,0,37.1641,59.1724,94.6762,,,,1.220515139942391,0.4932139025739661,0.5288409738645806,0.3318426138641699,28.09686500567697,1299.4522280778633,19.35251047755132,37.15841792766811,0.25316084820257,224.0,Chao Phraya freshwater swamp forests,Tropical & Subtropical Moist Broadleaf Forests,Indomalayan,,0
r09c33,14.5,101.5,14.0,15.0,101.0,102.0,True,10.0,0.6362912973097777,0.3458307732578833,0.017877929432336,372097,5.5706561685738105,361005,507,0,0,42.1893,72.7978,129.6925,200.57647308963223,242.16273675912456,0.7252871307268016,1.7615674556212215,0.7486531519073397,0.6304213841109435,0.4086776223894178,25.70707381030375,1539.1365713307323,286.9283068766321,235.2067252227671,0.2267424401417319,299.0,Southeast Indochina dry evergreen forests,Tropical & Subtropical Dry Broadleaf Forests,Indomalayan,,1
r10c00,15.5,68.5,15.0,16.0,68.0,69.0,False,,,,,0,0.0,0,0,0,1,,,,,,,,,,,,,,,,,,,,,0
r10c01,15.5,69.5,15.0,16.0,69.0,70.0,False,,,,,0,0.0,0,0,0,1,,,,,,,,,,,,,,,,,,,,,0
r10c02,15.5,70.5,15.0,16.0,70.0,71.0,False,,,,,0,0.0,0,0,0,1,,,,,,,,,,,,,,,,,,,,,0
r10c03,15.5,71.5,15.0,16.0,71.0,72.0,False,,,,,0,0.0,0,0,0,1,,,,,,,,,,,,,,,,,,,,,0
r10c04,15.5,72.5,15.0,16.0,72.0,73.0,False,,,,,1,0.0,1,1,0,1,,,,,,,,,,,,,,,,,,,,,0
r10c05,15.5,73.5,15.0,16.0,73.0,74.0,True,80.0,0.3399939654141624,0.0207811448233793,0.6392248897624618,745268,5.872312474079067,726542,493,0,0,40.5564,68.4462,119.3337,,,,1.6934714695038744,0.6918662561563875,0.5697260156188688,0.336555311082423,26.413642346681588,3338.7799558022807,15.557651719397894,53.241867276551375,0.306748058651459,,,,,,0
r10c06,15.5,74.5,15.0,16.0,74.0,75.0,True,10.0,0.6902258769400076,0.2893173719515594,0.0204567511084337,748225,5.8740322149296285,730125,465,0,0,41.8327,71.621,125.3731,182.9012356632096,218.55709997965727,0.7458869974839625,1.690710231354622,0.7644365910258512,0.5576587384476558,0.3362688708897388,24.315368849892472,1996.250368032732,553.3250682055227,237.41157246939775,0.3335258769940084,253.0,North Western Ghats moist deciduous forests,Tropical & Subtropical Moist Broadleaf Forests,Indomalayan,Western Ghats,1
r10c07,15.5,75.5,15.0,16.0,75.0,76.0,True,40.0,0.1461299830948896,0.848280000398772,0.0055900165063373,109592,5.039778852664202,106765,356,0,0,39.4262,64.9959,108.2005,,,,0.881598114016804,0.4699096494229193,0.3950403418146457,0.229825992771162,25.146227076873192,946.052386288882,611.0549285481029,45.876939433580354,0.3609082556926377,315.0,Deccan thorn scrub forests,Deserts & Xeric Shrublands,Indomalayan,Western Ghats,0
r10c08,15.5,76.5,15.0,16.0,76.0,77.0,True,40.0,0.1991373372241456,0.7893225147610503,0.0115401480148043,196920,5.294289827100718,192369,307,0,0,40.2245,66.9026,111.2845,,,,0.843649426173513,0.4112228941732515,0.3994286462800037,0.2477287140588537,26.293703351419296,809.1826702037309,507.4326218375086,96.91602410248495,0.3822043771520864,315.0,Deccan thorn scrub forests,Deserts & Xeric Shrublands,Indomalayan,Western Ghats,0
r10c09,15.5,77.5,15.0,16.0,77.0,78.0,True,40.0,0.1452604257862487,0.8441547734461469,0.0105848007676055,6152,3.789016326793375,5903,208,0,0,38.5477,62.5113,101.3323,,,,0.7998720783390136,0.3870356800166619,0.394569587682652,0.2471448011256185,27.10518222474197,846.5065815364587,399.8190211035352,60.448853058886286,0.3654172720782211,315.0,Deccan thorn scrub forests,Deserts & Xeric Shrublands,Indomalayan,,0
r10c10,15.5,78.5,15.0,16.0,78.0,79.0,True,40.0,0.4737038687630574,0.5137492876595753,0.0125468435773613,33430,4.524136376592568,32396,301,0,0,41.1459,69.5357,118.7846,,,,1.0230734341004042,0.4317667824334448,0.4577906995151807,0.2825039906370191,27.181782645968084,899.1645828571652,329.2387394643229,137.63640478350723,0.368400719467311,290.0,Central Deccan Plateau dry deciduous forests,Tropical & Subtropical Dry Broadleaf Forests,Indomalayan,,0
r10c11,15.5,79.5,15.0,16.0,79.0,80.0,True,40.0,0.4520724832114943,0.5401687937237143,0.0077587230647912,4514,3.654561554741744,4331,225,0,0,37.9557,61.4053,101.405,,,,0.9709517393406272,0.4236093381110596,0.4557678454225313,0.2872655563745504,27.723976934103053,977.197930472948,149.11139830580922,120.83732268631162,0.3004521743973788,315.0,Deccan thorn scrub forests,Deserts & Xeric Shrublands,Indomalayan,,0
r10c12,15.5,80.5,15.0,16.0,80.0,81.0,True,80.0,0.1047700179541729,0.3224943405323976,0.5727356415134287,7493,3.874655732598101,7085,223,0,0,37.5454,60.996,101.3027,,,,0.9615673007289782,0.4020547242094577,0.4229755404094715,0.2537755319877859,28.04491006578259,1162.173397129634,4.4443679595687335,11.16775317221802,0.4040014045707825,,,,,,0
r10c13,15.5,81.5,15.0,16.0,81.0,82.0,True,80.0,0.0304862478236626,0.0223912969263857,0.94712245524995,888,2.948412965778601,837,114,0,0,38.6194,61.5847,92.2248,,,,0.8007802400861003,0.3401049262356156,0.2472492044174133,0.1171012239753863,28.042115422601626,1272.0472470184395,0.0600391548679403,0.5146073192058549,0.7061457445743078,,,,,,0
r10c14,15.5,82.5,15.0,16.0,82.0,83.0,False,,,,,0,0.0,0,0,0,1,,,,,,,,,,,,,0.0,0.0,,,,,,,0
r10c15,15.5,83.5,15.0,16.0,83.0,84.0,False,,,,,0,0.0,0,0,0,1,,,,,,,,,,,,,0.0,0.0,,,,,,,0
r10c16,15.5,84.5,15.0,16.0,84.0,85.0,False,,,,,0,0.0,0,0,0,1,,,,,,,,,,,,,,,,,,,,,0
r10c17,15.5,85.5,15.0,16.0,85.0,86.0,False,,,,,0,0.0,0,0,0,1,,,,,,,,,,,,,,,,,,,,,0
r10c18,15.5,86.5,15.0,16.0,86.0,87.0,False,,,,,1,0.0,0,0,0,1,,,,,,,,,,,,,,,,,,,,,0
r10c19,15.5,87.5,15.0,16.0,87.0,88.0,False,,,,,0,0.0,0,0,0,1,,,,,,,,,,,,,,,,,,,,,0
r10c20,15.5,88.5,15.0,16.0,88.0,89.0,False,,,,,1,0.0,1,1,0,1,,,,,,,,,,,,,,,,,,,,,0
r10c21,15.5,89.5,15.0,16.0,89.0,90.0,False,,,,,0,0.0,0,0,0,1,,,,,,,,,,,,,,,,,,,,,0
r10c22,15.5,90.5,15.0,16.0,90.0,91.0,False,,,,,0,0.0,0,0,0,1,,,,,,,,,,,,,,,,,,,,,0
r10c23,15.5,91.5,15.0,16.0,91.0,92.0,False,,,,,0,0.0,0,0,0,1,,,,,,,,,,,,,,,,,,,,,0
r10c24,15.5,92.5,15.0,16.0,92.0,93.0,False,,,,,0,0.0,0,0,0,1,,,,,,,,,,,,,,,,,,,,,0
r10c25,15.5,93.5,15.0,16.0,93.0,94.0,True,80.0,0.0,0.0,1.0,0,0.0,0,0,0,1,,,,,,,,,,,,,0.0,,,,,,,,0
r10c26,15.5,94.5,15.0,16.0,94.0,95.0,True,80.0,0.0970848505101622,0.074140218241999,0.8287749312478399,65,1.8129133566428557,62,62,0,0,50.0,,,,,,1.1975019565642149,0.4257890020898786,0.3953625279887549,0.2198984383846327,27.159105923474897,2645.4347949418584,0.5264601960203246,1.904780067182388,0.5085989775801593,,,,,,0
r10c27,15.5,95.5,15.0,16.0,95.0,96.0,True,80.0,0.1502864005944363,0.1058120231854773,0.743901576220087,1025,3.010723865391773,984,171,0,0,40.0422,66.0473,107.409,,,,1.4312719744144538,0.4292379234299899,0.4503605221340193,0.2761671143983535,27.10024066674974,2515.0352854274006,0.7500236110371638,2.0733533850114028,0.4555976282876587,,,,,,0
r10c28,15.5,96.5,15.0,16.0,96.0,97.0,True,80.0,0.0,0.0,1.0,0,0.0,0,0,0,1,,,,,,,,,,,,,0.0,0.0,,,,,,,0
r10c29,15.5,97.5,15.0,16.0,97.0,98.0,True,10.0,0.3917619248542789,0.0390484186711183,0.5691896564745964,117,2.0681858617461617,113,71,0,0,40.4132,66.0983,,,,,2.338301285660148,0.8149962738758278,0.6623910177824417,0.4449906915156428,25.95814008355021,3591.597109268437,25.688994222025823,80.09052019917384,0.2796370238514213,,,,,,0
r10c30,15.5,98.5,15.0,16.0,98.0,99.0,True,10.0,0.986414204224534,0.0090571971836434,0.0045285985918217,16272,4.211440935578669,15814,374,0,0,40.9159,69.3084,121.305,189.60905728719916,231.36534635136047,0.7458292458370375,2.790053114070039,1.25184139034322,0.7111862029805992,0.4717708788539363,23.75335110140844,2602.130256088245,500.9229522080713,339.1839224904446,0.2539589188544736,237.0,Kayah-Karen montane rain forests,Tropical & Subtropical Moist Broadleaf Forests,Indomalayan,,1
r10c31,15.5,99.5,15.0,16.0,99.0,100.0,True,10.0,0.5170958685103116,0.4794650209147303,0.0034391105749604,44930,4.652536418593026,43668,464,0,0,41.4487,70.7262,125.0699,214.99523702562604,275.0737494773582,0.731456220616205,1.8282087444244817,0.8245460072095586,0.6119917216294155,0.4087960682885289,25.978963942638742,1435.3755772681463,322.8640871074164,336.29201119186365,0.2491651949855254,291.0,Central Indochina dry forests,Tropical & Subtropical Dry Broadleaf Forests,Indomalayan,,1
r10c32,15.5,100.5,15.0,16.0,100.0,101.0,True,40.0,0.1609775869185418,0.8307219721366003,0.0083004409448543,83712,4.922787717972136,80499,359,0,0,39.3361,64.2341,103.424,,,,1.1659082529753853,0.4829776547657849,0.5225876108867249,0.3319719109362395,27.84658824585676,1391.692043801408,64.23075058982923,57.84471545370696,0.2998531971899446,291.0,Central Indochina dry forests,Tropical & Subtropical Dry Broadleaf Forests,Indomalayan,,0
r10c33,15.5,101.5,15.0,16.0,101.0,102.0,True,40.0,0.2776169130324797,0.7151230099069837,0.0072600770605378,18749,4.2729781090736845,17901,319,0,0,40.349,67.2821,113.0803,,,,1.329172291033022,0.6104593061979745,0.5353902823950627,0.3500914884827046,26.515605871703244,1350.136728269881,223.34885988759245,125.39676110303547,0.2702828489668289,299.0,Southeast Indochina dry evergreen forests,Tropical & Subtropical Dry Broadleaf Forests,Indomalayan,,0
r11c00,16.5,68.5,16.0,17.0,68.0,69.0,False,,,,,0,0.0,0,0,0,1,,,,,,,,,,,,,,,,,,,,,0
r11c01,16.5,69.5,16.0,17.0,69.0,70.0,False,,,,,0,0.0,0,0,0,1,,,,,,,,,,,,,,,,,,,,,0
r11c02,16.5,70.5,16.0,17.0,70.0,71.0,False,,,,,0,0.0,0,0,0,1,,,,,,,,,,,,,,,,,,,,,0
r11c03,16.5,71.5,16.0,17.0,71.0,72.0,False,,,,,0,0.0,0,0,0,1,,,,,,,,,,,,,,,,,,,,,0
r11c04,16.5,72.5,16.0,17.0,72.0,73.0,True,80.0,0.0,0.0,1.0,2,0.3010299956639812,2,2,0,1,,,,,,,,,,,,,,,,,,,,,0
r11c05,16.5,73.5,16.0,17.0,73.0,74.0,True,10.0,0.6262950653776734,0.0257499768616366,0.3479549577606906,60878,4.784460376298139,59612,379,0,0,39.1459,64.6537,109.4232,154.9584717889744,193.3520446626698,0.7854020100185855,1.526317852166731,0.6353489172832455,0.5539010006552344,0.3336140342584289,25.686100741861104,3046.3800187978422,166.13246690129986,241.0876453643941,0.3254959620561912,242.0,Malabar Coast moist forests,Tropical & Subtropical Moist Broadleaf Forests,Indomalayan,,1
r11c06,16.5,74.5,16.0,17.0,74.0,75.0,True,40.0,0.3634726742225154,0.6245562610381044,0.0119710647393789,223986,5.350220874080777,219850,349,0,0,38.0069,61.1173,98.0336,,,,1.160293597639549,0.5884597441830008,0.4810147924441946,0.285033313480558,24.86603401146293,1298.6083272588412,621.953539589496,78.77608793377287,0.3120580615054318,315.0,Deccan thorn scrub forests,Deserts & Xeric Shrublands,Indomalayan,,0
r11c07,16.5,75.5,16.0,17.0,75.0,76.0,True,40.0,0.1875163782033151,0.7865204568851336,0.0259631649115507,116773,5.067342437754708,113590,268,0,0,38.5634,62.645,101.3846,,,,0.858563686699313,0.4434693283184135,0.3937859865687515,0.2306837498051814,26.09007045382272,926.3666141056904,580.6819149726531,45.73224984909663,0.385988228117879,315.0,Deccan thorn scrub forests,Deserts & Xeric Shrublands,Indomalayan,,0
r11c08,16.5,76.5,16.0,17.0,76.0,77.0,True,40.0,0.0898880634970758,0.8964833742091868,0.0136285622937388,11640,4.065952980313869,11315,216,0,0,37.2639,59.3955,94.1519,,,,0.8232319430098279,0.3954089670873375,0.4035745577248147,0.2456624405479641,26.657283776440323,920.9132535833536,482.88399002734633,59.37616132980276,0.4000458742204319,315.0,Deccan thorn scrub forests,Deserts & Xeric Shrublands,Indomalayan,,0
r11c09,16.5,77.5,16.0,17.0,77.0,78.0,True,40.0,0.1067963868720319,0.8702910286984435,0.0229125844295248,51607,4.712708613549426,49704,273,0,0,39.7691,65.7049,108.8325,,,,0.8666453658743423,0.3957187162908833,0.411815081686167,0.265837092382547,26.51022316856886,1011.4585259791108,408.63874341946246,79.72821566573757,0.3632807728327868,315.0,Deccan thorn scrub forests,Deserts & Xeric Shrublands,Indomalayan,,0
r11c10,16.5,78.5,16.0,17.0,78.0,79.0,True,40.0,0.3226951112090001,0.6597912925535565,0.0175135962374366,89371,4.951196617418338,87328,312,0,0,41.1402,69.4037,117.8866,,,,0.9906780358684428,0.4623242568565973,0.4373342569357668,0.2829451477595421,26.056442631177,997.606200612692,462.1762499710193,117.11668082829006,0.3339326922216957,290.0,Central Deccan Plateau dry deciduous forests,Tropical & Subtropical Dry Broadleaf Forests,Indomalayan,,0
r11c11,16.5,79.5,16.0,17.0,79.0,80.0,True,40.0,0.3769905029486215,0.5888118066703625,0.034197690381017,2797,3.4466924663715277,2690,213,0,0,39.1302,64.1614,105.9245,,,,0.9784572085233536,0.4177534451341545,0.4731214420958194,0.3002516401887067,27.688696365266686,1054.9892695092983,186.85915928126303,112.07257217356286,0.3393778698136047,290.0,Central Deccan Plateau dry deciduous forests,Tropical & Subtropical Dry Broadleaf Forests,Indomalayan,,0
r11c12,16.5,80.5,16.0,17.0,80.0,81.0,True,40.0,0.2472544626031482,0.7334223485023749,0.0193231888944756,48840,4.688775655272845,46563,288,0,0,38.7552,63.1021,102.7718,,,,1.030737641060678,0.42211214677877,0.5155053809786735,0.327958650798419,28.032634221271447,1224.4431917099223,51.190417472010914,46.997488980489074,0.3054100385768876,315.0,Deccan thorn scrub forests,Deserts & Xeric Shrublands,Indomalayan,,0
r11c13,16.5,81.5,16.0,17.0,81.0,82.0,True,80.0,0.2433785394875062,0.4091417464869692,0.3474797140255261,50761,4.705530169179248,46861,260,0,0,36.5072,56.958,87.2993,,,,1.0942720925957627,0.3930205685760533,0.4981555388295378,0.2924029388330171,27.79649903939184,1334.3501052676404,13.41608672190505,21.70466353656737,0.3331256560365715,228.0,East Deccan moist deciduous forests,Tropical & Subtropical Moist Broadleaf Forests,Indomalayan,,0
r11c14,16.5,82.5,16.0,17.0,82.0,83.0,True,80.0,0.1224698943598838,0.171360855735996,0.7061692499041154,23036,4.362407069857869,21868,247,0,0,38.2657,61.395,96.7502,,,,1.3230247529883157,0.4091730131969867,0.4943876513031119,0.2928730626762388,27.6907958905938,1382.91008400522,1.0810488710015194,2.842848362727655,0.4476942198437694,,,,,,0
r11c15,16.5,83.5,16.0,17.0,83.0,84.0,False,,,,,0,0.0,0,0,0,1,,,,,,,,,,,,,0.0,0.0,,,,,,,0
r11c16,16.5,84.5,16.0,17.0,84.0,85.0,False,,,,,0,0.0,0,0,0,1,,,,,,,,,,,,,0.0,,,,,,,,0
r11c17,16.5,85.5,16.0,17.0,85.0,86.0,False,,,,,0,0.0,0,0,0,1,,,,,,,,,,,,,,,,,,,,,0
r11c18,16.5,86.5,16.0,17.0,86.0,87.0,False,,,,,0,0.0,0,0,0,1,,,,,,,,,,,,,,,,,,,,,0
r11c19,16.5,87.5,16.0,17.0,87.0,88.0,False,,,,,0,0.0,0,0,0,1,,,,,,,,,,,,,,,,,,,,,0
r11c20,16.5,88.5,16.0,17.0,88.0,89.0,False,,,,,0,0.0,0,0,0,1,,,,,,,,,,,,,,,,,,,,,0
r11c21,16.5,89.5,16.0,17.0,89.0,90.0,False,,,,,0,0.0,0,0,0,1,,,,,,,,,,,,,,,,,,,,,0
r11c22,16.5,90.5,16.0,17.0,90.0,91.0,False,,,,,0,0.0,0,0,0,1,,,,,,,,,,,,,,,,,,,,,0
r11c23,16.5,91.5,16.0,17.0,91.0,92.0,False,,,,,0,0.0,0,0,0,1,,,,,,,,,,,,,,,,,,,,,0
r11c24,16.5,92.5,16.0,17.0,92.0,93.0,False,,,,,0,0.0,0,0,0,1,,,,,,,,,,,,,,,,,,,,,0
r11c25,16.5,93.5,16.0,17.0,93.0,94.0,True,80.0,0.0,0.0,1.0,0,0.0,0,0,0,1,,,,,,,,,,,,,0.0,,,,,,,,0
r11c26,16.5,94.5,16.0,17.0,94.0,95.0,True,80.0,0.3408470233619491,0.3067457966804117,0.3524071799576628,1347,3.1293675957229854,1282,207,0,0,40.4674,67.7648,114.855,,,,1.6100055574517649,0.5801077309566358,0.5349657562753551,0.3509091364188312,26.62411294225908,2594.37469139089,19.694000799676004,40.03939427594985,0.3736049602205602,250.0,Myanmar coastal rain forests,Tropical & Subtropical Moist Broadleaf Forests,Indomalayan,,0
r11c27,16.5,95.5,16.0,17.0,95.0,96.0,True,40.0,0.171053792293521,0.6700347390316295,0.1589114686748634,9018,3.955110230970552,8646,243,0,0,39.1243,63.4814,100.387,,,,1.06950708884848,0.376568478637525,0.4621253111656236,0.2857675528286262,27.02270653256265,2310.692482633792,5.196617823894617,3.149150134607182,0.4105072652061445,234.0,Irrawaddy freshwater swamp forests,Tropical & Subtropical Moist Broadleaf Forests,Indomalayan,,0
r11c28,16.5,96.5,16.0,17.0,96.0,97.0,True,40.0,0.0892416126368107,0.4040084262100444,0.5067499611531453,34237,4.534495702835539,32462,375,0,0,34.21,53.5247,86.761,,,,0.9943786866224328,0.3862508165412687,0.3936100628376599,0.2522601596723321,27.25088411941816,2411.150884232448,2.9016379754641557,4.209387023556285,0.4608935543550035,,,,,,0
r11c29,16.5,97.5,16.0,17.0,97.0,98.0,True,80.0,0.3410049706676071,0.2955490095230255,0.3634460198093667,2595,3.414137362184477,2480,291,0,0,41.2289,70.0584,122.6455,,,,1.5058971647459969,0.5725495226071965,0.4987485158960956,0.3195642293668234,26.86594366597585,3335.8459536263417,15.057790432594649,45.53414204404465,0.390500126605698,321.0,Myanmar Coast mangroves,Mangroves,Indomalayan,,0
r11c30,16.5,98.5,16.0,17.0,98.0,99.0,True,10.0,0.8402910297039348,0.1570538381059251,0.0026551321901391,49840,4.697578033651113,48661,400,0,0,38.9055,63.5223,104.6352,142.8429086389617,183.47820038500603,0.8070103462546571,2.2960186835075995,1.0609260714206432,0.6367007729413128,0.4157718526873747,24.21164156516896,2370.603713824198,445.314368617335,369.86316603281614,0.2933083626405693,237.0,Kayah-Karen montane rain forests,Tropical & Subtropical Moist Broadleaf Forests,Indomalayan,,1
r11c31,16.5,99.5,16.0,17.0,99.0,100.0,True,40.0,0.4018180369691264,0.5937913391149873,0.0043906239159021,231079,5.363760479453495,218432,514,0,0,38.0143,61.855,104.6395,,,,1.5228543620701769,0.6472129267530197,0.58143365444784,0.3886493766262293,26.759867811826336,1471.6753451941895,222.26871365193745,313.43022327814776,0.2623911007481098,291.0,Central Indochina dry forests,Tropical & Subtropical Dry Broadleaf Forests,Indomalayan,,0
r11c32,16.5,100.5,16.0,17.0,100.0,101.0,True,40.0,0.3987250618528754,0.5972526027574208,0.0040223353897158,45949,4.662276064161571,44177,453,0,0,39.7134,65.8035,111.4238,,,,1.458451928636687,0.5842933290633607,0.5819345803575822,0.3792462445268091,26.566475403911003,1691.7073200197428,182.09349142920595,250.0825927695961,0.2458749103847093,224.0,Chao Phraya freshwater swamp forests,Tropical & Subtropical Moist Broadleaf Forests,Indomalayan,,0
r11c33,16.5,101.5,16.0,17.0,101.0,102.0,True,10.0,0.7313760913362086,0.2667073579329632,0.0019165507308407,80560,4.906119457545562,77751,458,0,0,42.0803,72.5525,129.5806,204.2629168814389,247.33687934327875,0.722251460283588,1.9782732001376688,0.8785291716704274,0.6574747194870862,0.4269070940470428,24.53073567010568,1528.575963857969,490.3925338778484,309.81789865097664,0.2270455582330399,239.0,Luang Prabang montane rain forests,Tropical & Subtropical Moist Broadleaf Forests,Indomalayan,,1
r12c00,17.5,68.5,17.0,18.0,68.0,69.0,False,,,,,0,0.0,0,0,0,1,,,,,,,,,,,,,,,,,,,,,0
r12c01,17.5,69.5,17.0,18.0,69.0,70.0,False,,,,,1,0.0,1,1,0,1,,,,,,,,,,,,,,,,,,,,,0
r12c02,17.5,70.5,17.0,18.0,70.0,71.0,False,,,,,0,0.0,0,0,0,1,,,,,,,,,,,,,,,,,,,,,0
r12c03,17.5,71.5,17.0,18.0,71.0,72.0,False,,,,,0,0.0,0,0,0,1,,,,,,,,,,,,,0.0,,,,,,,,0
r12c04,17.5,72.5,17.0,18.0,72.0,73.0,True,80.0,0.0,0.0,1.0,23,1.3617278360175928,23,17,0,0,,,,,,,,,,,26.9570090967523,2371.325905646904,0.0,0.0,,,,,,,0
r12c05,17.5,73.5,17.0,18.0,73.0,74.0,True,10.0,0.7199772845474469,0.0834995471787228,0.1965231682738314,245155,5.389440755221461,240561,385,0,0,38.2597,62.3121,103.2247,137.73781009485498,173.080772298724,0.8071776157366923,1.5158020427210142,0.657082847899083,0.5310868738711647,0.3183369998055689,24.82142625069766,2906.966001219126,356.8188771110255,355.83060624370023,0.3589305858232147,253.0,North Western Ghats moist deciduous forests,Tropical & Subtropical Moist Broadleaf Forests,Indomalayan,,1
r12c06,17.5,74.5,17.0,18.0,74.0,75.0,True,40.0,0.3828308115312566,0.6088802337766631,0.0082889546920808,55622,4.7452466007336005,54137,299,0,0,38.1537,61.3905,98.1081,,,,0.939412924410572,0.4937089122567807,0.4072891106155413,0.2442552672057864,25.06053220290731,1037.9820956237943,677.592273152106,97.19098264618628,0.3326202860765789,315.0,Deccan thorn scrub forests,Deserts & Xeric Shrublands,Indomalayan,,0
r12c07,17.5,75.5,17.0,18.0,75.0,76.0,True,40.0,0.1496670869363037,0.8417043015330712,0.0086286115306245,36901,4.567038135497739,35770,264,0,0,39.1415,64.0924,105.1014,,,,0.8005878108720879,0.4006738091754181,0.3952486952811459,0.2341555384149717,27.04105308237887,950.0218320107124,505.9944400867577,55.8810320584459,0.3414938825934783,315.0,Deccan thorn scrub forests,Deserts & Xeric Shrublands,Indomalayan,,0
r12c08,17.5,76.5,17.0,18.0,76.0,77.0,True,40.0,0.0349382757181737,0.9538836032884483,0.0111781209933782,16666,4.221831377489635,16197,238,0,0,36.8527,58.9346,95.7348,,,,0.8056038785076222,0.4138071967346863,0.4081568229599224,0.2344085357079952,26.45320603967095,1085.935622526645,502.6081585365053,73.46388734217325,0.4013675864651297,315.0,Deccan thorn scrub forests,Deserts & Xeric Shrublands,Indomalayan,,0
r12c09,17.5,77.5,17.0,18.0,77.0,78.0,True,40.0,0.146072180754342,0.8340887871804291,0.0198390320652292,175902,5.245270777399621,170638,322,0,0,41.0824,69.4362,119.3092,,,,0.8897758096211925,0.4492620740542755,0.4305459272549184,0.2550954931582762,25.80028674165008,1112.5132350297126,551.6045104810746,74.87730501353492,0.3973765787860713,290.0,Central Deccan Plateau dry deciduous forests,Tropical & Subtropical Dry Broadleaf Forests,Indomalayan,,0
r12c10,17.5,78.5,17.0,18.0,78.0,79.0,True,40.0,0.2922534330978654,0.6964213946064083,0.0113251722957213,868585,5.938812325056744,838649,375,0,0,39.8451,65.9691,109.6946,,,,0.9279524633100544,0.4482835504438043,0.4387774350662246,0.2792054318135866,25.71097679124987,1034.0246352484187,536.7416404985929,78.42437685726598,0.3179583416491056,290.0,Central Deccan Plateau dry deciduous forests,Tropical & Subtropical Dry Broadleaf Forests,Indomalayan,,0
r12c11,17.5,79.5,17.0,18.0,79.0,80.0,True,40.0,0.1052474843527819,0.8745658474695388,0.0201866681776799,34097,4.532716169586027,32894,281,0,0,41.166,69.5012,118.3179,,,,0.970224054155335,0.4266044250634462,0.4838666260901883,0.3088778091738861,27.1239274545286,1191.8664388508737,259.0795077104005,78.82405386234575,0.3040597052779924,290.0,Central Deccan Plateau dry deciduous forests,Tropical & Subtropical Dry Broadleaf Forests,Indomalayan,,0
r12c12,17.5,80.5,17.0,18.0,80.0,81.0,True,40.0,0.4525506358338949,0.5297268915459938,0.0177224726201088,11960,4.077731179652392,11637,276,0,0,40.8463,68.6998,116.8708,,,,1.1703503680420455,0.4381721626329626,0.5406638801895327,0.3419711845800875,27.631584443043067,1413.964596116498,171.46828315565244,84.72222855574326,0.2854473578687327,228.0,East Deccan moist deciduous forests,Tropical & Subtropical Moist Broadleaf Forests,Indomalayan,,0
r12c13,17.5,81.5,17.0,18.0,81.0,82.0,True,10.0,0.7879592235333152,0.1912603338748502,0.0207804425918352,94932,4.977412630560722,92232,375,0,0,41.8674,71.7634,125.9738,185.5487700831876,223.4476525906914,0.7430043726251212,1.4141750052929751,0.5017716944029523,0.6081692406371895,0.3825990885643886,26.788397183350376,1723.6970111532169,235.9130809020901,228.879338735268,0.2674698549775947,228.0,East Deccan moist deciduous forests,Tropical & Subtropical Moist Broadleaf Forests,Indomalayan,,1
r12c14,17.5,82.5,17.0,18.0,82.0,83.0,True,10.0,0.626176770960932,0.1757707899806695,0.1980524390583969,15705,4.196037940734524,14874,315,0,0,38.7625,63.7846,108.1038,156.54376650559118,197.3089279671821,0.7850709923679055,1.5944851155551527,0.6277862483156474,0.6227015298952255,0.391862223440259,25.62414790197041,1490.8077529128166,239.18339374578784,320.7640167650722,0.2335077829374564,228.0,East Deccan moist deciduous forests,Tropical & Subtropical Moist Broadleaf Forests,Indomalayan,,1
r12c15,17.5,83.5,17.0,18.0,83.0,84.0,True,80.0,0.2312053399512214,0.0978586600712655,0.6709359999775093,255782,5.407869978861442,241938,312,0,0,27.9639,41.2981,64.5611,,,,1.3831367623129178,0.5554089142591545,0.5383147949876377,0.3201487401644655,26.95427083686772,1232.6498728504014,11.66129360604306,35.76570812599737,0.2468881145606403,,,,,,0
r12c16,17.5,84.5,17.0,18.0,84.0,85.0,True,80.0,0.0,0.0,1.0,0,0.0,0,0,0,1,,,,,,,,,,,,,0.0,0.0,,,,,,,0
r12c17,17.5,85.5,17.0,18.0,85.0,86.0,False,,,,,0,0.0,0,0,0,1,,,,,,,,,,,,,0.0,0.0,,,,,,,0
r12c18,17.5,86.5,17.0,18.0,86.0,87.0,False,,,,,0,0.0,0,0,0,1,,,,,,,,,,,,,,,,,,,,,0
r12c19,17.5,87.5,17.0,18.0,87.0,88.0,False,,,,,0,0.0,0,0,0,1,,,,,,,,,,,,,,,,,,,,,0
r12c20,17.5,88.5,17.0,18.0,88.0,89.0,False,,,,,0,0.0,0,0,0,1,,,,,,,,,,,,,,,,,,,,,0
r12c21,17.5,89.5,17.0,18.0,89.0,90.0,False,,,,,0,0.0,0,0,0,1,,,,,,,,,,,,,,,,,,,,,0
r12c22,17.5,90.5,17.0,18.0,90.0,91.0,False,,,,,0,0.0,0,0,0,1,,,,,,,,,,,,,,,,,,,,,0
r12c23,17.5,91.5,17.0,18.0,91.0,92.0,False,,,,,0,0.0,0,0,0,1,,,,,,,,,,,,,,,,,,,,,0
r12c24,17.5,92.5,17.0,18.0,92.0,93.0,False,,,,,0,0.0,0,0,0,1,,,,,,,,,,,,,0.0,,,,,,,,0
r12c25,17.5,93.5,17.0,18.0,93.0,94.0,True,80.0,0.0,0.0,1.0,0,0.0,0,0,0,1,,,,,,,,,,,,,0.0,0.0,,,,,,,0
r12c26,17.5,94.5,17.0,18.0,94.0,95.0,True,10.0,0.4872527222574916,0.0798420107184374,0.4329052670240736,1634,3.2132520521963968,1580,249,0,0,41.9838,72.1364,127.3523,193.90934551657264,235.28506459941383,0.7360496589407488,2.1210141351714142,0.6988149799807127,0.6670485190148977,0.4541980021553204,25.7134401360006,2850.8849528800733,78.54400835260115,146.98067604920536,0.3059909334626771,,,,,,1
r12c27,17.5,95.5,17.0,18.0,95.0,96.0,True,40.0,0.2228802480636252,0.7381738355774458,0.038945916358931,2363,3.373463721632369,2265,232,0,0,39.662,65.3881,108.2838,,,,1.1277440297866923,0.4236821975717432,0.5075083919975104,0.3315322547299159,26.79404160273632,2024.626369618516,19.81892628115488,29.027102942673302,0.3699993156240971,250.0,Myanmar coastal rain forests,Tropical & Subtropical Moist Broadleaf Forests,Indomalayan,,0
r12c28,17.5,96.5,17.0,18.0,96.0,97.0,True,40.0,0.5171006272754425,0.4178977908059432,0.0650015819186149,14264,4.154241330167298,13574,370,0,0,41.2308,70.0204,121.961,,,,1.3339011175191973,0.4099548389695187,0.5495617300648243,0.3580677062107147,26.701036176051502,2473.8069628997214,45.1964187522241,56.7404549214596,0.3413165615930736,250.0,Myanmar coastal rain forests,Tropical & Subtropical Moist Broadleaf Forests,Indomalayan,,0
r12c29,17.5,97.5,17.0,18.0,97.0,98.0,True,10.0,0.8702377501447612,0.1099765256265404,0.0197857242286982,2670,3.4265112613645754,2587,295,0,0,41.7596,71.6673,127.6316,208.55387354958177,255.18779676942924,0.7249016608416918,2.3137249545467773,0.9344879225376722,0.6320420252269996,0.4196368043189283,25.3829150774099,2924.435835414856,224.2028448887192,256.67175335096425,0.3339364937725578,250.0,Myanmar coastal rain forests,Tropical & Subtropical Moist Broadleaf Forests,Indomalayan,,1
r12c30,17.5,98.5,17.0,18.0,98.0,99.0,True,10.0,0.9563827860974952,0.0325584325305125,0.0110587813719916,35126,4.545628696992849,34153,412,0,0,40.6947,68.6041,119.1165,189.609571133946,240.0528816826542,0.7534323837309101,2.296159666501622,1.1486914513909967,0.6280017546964591,0.4015930020800986,23.62373835407541,1722.3961575441144,690.6020583693888,333.1287149348551,0.3253339779053011,237.0,Kayah-Karen montane rain forests,Tropical & Subtropical Moist Broadleaf Forests,Indomalayan,,1
r12c31,17.5,99.5,17.0,18.0,99.0,100.0,True,10.0,0.7037512993058633,0.2912558842184455,0.0049928164756929,227617,5.357204695027422,215002,438,0,0,36.1075,56.5228,89.2267,111.75387680968367,150.53196044111263,0.8448657696154118,1.7757607852064037,0.7378284930865234,0.6295165143746162,0.4141965864816877,26.60668122533092,1366.6982881936046,256.1954336620671,204.3254928553473,0.2353523350297209,258.0,Northern Thailand-Laos moist deciduous forests,Tropical & Subtropical Moist Broadleaf Forests,Indomalayan,,1
r12c32,17.5,100.5,17.0,18.0,100.0,101.0,True,10.0,0.7172224559878491,0.2633175249382464,0.0194600190739034,25776,4.411215523075143,24981,456,0,0,42.9398,75.0172,136.53,229.61679557795267,279.1752016475393,0.6971176327329898,1.9190260429568504,0.8023852993785011,0.6361458986378833,0.4192793748068865,25.52880946520176,1520.155343588743,335.7680847503415,280.8096341841299,0.2603387763417316,258.0,Northern Thailand-Laos moist deciduous forests,Tropical & Subtropical Moist Broadleaf Forests,Indomalayan,,1
r12c33,17.5,101.5,17.0,18.0,101.0,102.0,True,10.0,0.8348650839267288,0.1600851114665117,0.0050498046067629,13358,4.125741439128715,12946,368,0,0,41.8095,71.6494,126.271,191.72598938498945,234.48453640218725,0.7377534565186042,1.904429840278148,0.8432907754937078,0.6565758769553094,0.4365991210158589,24.9824194614904,1300.8699583681453,489.141985160536,244.950086921789,0.2104470597042652,239.0,Luang Prabang montane rain forests,Tropical & Subtropical Moist Broadleaf Forests,Indomalayan,,1
r13c00,18.5,68.5,18.0,19.0,68.0,69.0,False,,,,,0,0.0,0,0,0,1,,,,,,,,,,,,,,,,,,,,,0
r13c01,18.5,69.5,18.0,19.0,69.0,70.0,False,,,,,0,0.0,0,0,0,1,,,,,,,,,,,,,,,,,,,,,0
r13c02,18.5,70.5,18.0,19.0,70.0,71.0,False,,,,,0,0.0,0,0,0,1,,,,,,,,,,,,,,,,,,,,,0
r13c03,18.5,71.5,18.0,19.0,71.0,72.0,False,,,,,0,0.0,0,0,0,1,,,,,,,,,,,,,0.0,,,,,,,,0
r13c04,18.5,72.5,18.0,19.0,72.0,73.0,True,80.0,0.1091137868149271,0.0473729564550795,0.8435132567299936,210931,5.324140411600887,204459,417,0,0,40.3697,67.9865,118.1797,,,,1.208195671112856,0.4742577259840471,0.4275104905459438,0.2445156905420075,26.569659019094185,2720.491602923359,3.3831306081344565,22.424099301904644,0.4675832622417019,,,,,,0
r13c05,18.5,73.5,18.0,19.0,73.0,74.0,True,10.0,0.6802468002683847,0.2845692863743971,0.0351839133572179,1472324,6.16800339147465,1442872,447,0,0,36.3015,57.5856,94.0752,131.35483676995344,175.30499283492955,0.8204056104114442,1.2109436062065986,0.536570781896756,0.4622481004568697,0.2753670215033513,24.66321010989148,2131.346808381604,447.1948665951677,317.0654069645492,0.3894182722758015,254.0,North Western Ghats montane rain forests,Tropical & Subtropical Moist Broadleaf Forests,Indomalayan,,1
r13c06,18.5,74.5,18.0,19.0,74.0,75.0,True,40.0,0.2623590019658199,0.7224924966409544,0.0151485013932266,403032,5.605339529693693,391773,375,0,0,41.3455,70.0343,119.6661,,,,0.9011783576632898,0.469133510141525,0.4136990840500251,0.244163224173328,25.51162249233282,939.877689900766,596.9012815564779,70.81874664861695,0.3282484289198319,315.0,Deccan thorn scrub forests,Deserts & Xeric Shrublands,Indomalayan,,0
r13c07,18.5,75.5,18.0,19.0,75.0,76.0,True,40.0,0.1207610828321902,0.858342045934489,0.0208968712333197,13896,4.142889805439042,13523,239,0,0,39.5658,65.1303,107.2968,,,,0.8371961449519731,0.4223302473320951,0.4030498931150656,0.2350573711681462,25.98293575168365,1098.905741550467,601.1172955497354,86.77836477648287,0.403229684151382,315.0,Deccan thorn scrub forests,Deserts & Xeric Shrublands,Indomalayan,,0
r13c08,18.5,76.5,18.0,19.0,76.0,77.0,True,40.0,0.0798394072378284,0.909855737565365,0.0103048551968075,23303,4.367411835170924,22620,238,0,0,39.2925,64.4141,105.3115,,,,0.8677360097323582,0.43834889012829,0.4343302222615964,0.2562307849313215,25.83702529342484,1106.618971944399,595.9522836263823,77.98184916705658,0.4006586353214397,315.0,Deccan thorn scrub forests,Deserts & Xeric Shrublands,Indomalayan,,0
r13c09,18.5,77.5,18.0,19.0,77.0,78.0,True,40.0,0.1258185347493209,0.8540630597011108,0.0201184055495686,12413,4.093876755390045,11882,246,0,0,39.7294,65.7883,109.9995,,,,0.8935148225974959,0.4184155709199668,0.4535273101555901,0.2751425336320597,26.619360261466834,1066.4170208379105,457.8280734401175,82.94483810410752,0.4066157185661742,290.0,Central Deccan Plateau dry deciduous forests,Tropical & Subtropical Dry Broadleaf Forests,Indomalayan,,0
r13c10,18.5,78.5,18.0,19.0,78.0,79.0,True,40.0,0.2979556396631421,0.6712265410432527,0.0308178192935934,36087,4.55735077960453,34975,287,0,0,41.9784,71.7233,123.2934,,,,0.9443243157440044,0.391566498511728,0.480561496801278,0.3034147520729836,26.573605253061583,1098.1418228059315,422.699736872854,90.14101648753314,0.3507102453539817,290.0,Central Deccan Plateau dry deciduous forests,Tropical & Subtropical Dry Broadleaf Forests,Indomalayan,,0
r13c11,18.5,79.5,18.0,19.0,79.0,80.0,True,40.0,0.2817773054730127,0.6821347356058955,0.0360879589210891,13881,4.142420754219559,13381,245,0,0,38.6571,62.6892,100.7712,,,,0.9623897954147952,0.3798138089256303,0.4984725900168395,0.3173218250928356,27.48237725573658,1317.3315554956268,225.54662682315225,70.21639660937946,0.3199659681573514,290.0,Central Deccan Plateau dry deciduous forests,Tropical & Subtropical Dry Broadleaf Forests,Indomalayan,,0
r13c12,18.5,80.5,18.0,19.0,80.0,81.0,True,10.0,0.817737540108408,0.163685101673893,0.0185773582177002,7709,3.8869980456711,7494,271,0,0,39.8042,66.3614,113.4703,163.82858642405307,199.1919807506747,0.7740939233715672,1.3053732211841618,0.4717290076910908,0.5721834184636216,0.3492718411305207,27.39335453785778,1643.008388460752,206.44065862795728,106.66910898176688,0.2884972276984488,228.0,East Deccan moist deciduous forests,Tropical & Subtropical Moist Broadleaf Forests,Indomalayan,,1
r13c13,18.5,81.5,18.0,19.0,81.0,82.0,True,10.0,0.8152766147729043,0.1808230466739941,0.0039003385530889,40801,4.61067080743203,40030,283,0,0,37.4457,60.3232,97.9661,122.9549868244148,154.39405487269934,0.8267486295155042,1.3961354167527082,0.5601043693264327,0.5692733333176364,0.3484469793912151,26.18005440888766,1783.64564198013,354.4092077181646,191.23041009221024,0.2752958297876954,228.0,East Deccan moist deciduous forests,Tropical & Subtropical Moist Broadleaf Forests,Indomalayan,,1
r13c14,18.5,82.5,18.0,19.0,82.0,83.0,True,10.0,0.738695060362436,0.2372134420420382,0.0240914975955096,43683,4.640312456590131,42508,313,0,0,39.6287,65.5692,109.4345,144.74447585514298,177.22539320589496,0.7978786631483548,1.4341997201946712,0.6465310748863989,0.5515246887764235,0.3349571861387618,23.516675258601342,1766.719392924568,749.4747526466662,276.40641164787314,0.3072928571477449,228.0,East Deccan moist deciduous forests,Tropical & Subtropical Moist Broadleaf Forests,Indomalayan,,1
r13c15,18.5,83.5,18.0,19.0,83.0,84.0,True,10.0,0.5473635659156924,0.3830373590919815,0.0695990749923149,17653,4.246818521210052,16731,254,0,0,36.9441,58.5917,93.1013,112.35967015430153,140.79520107147073,0.8416872810738605,1.3226312272522298,0.56003720255124,0.5848629685302826,0.3677746634183663,26.202352186722724,1527.2141125704757,218.54805386690649,266.2798874938765,0.2300397080648223,228.0,East Deccan moist deciduous forests,Tropical & Subtropical Moist Broadleaf Forests,Indomalayan,,1
r13c16,18.5,84.5,18.0,19.0,84.0,85.0,True,80.0,0.2325228438975437,0.1922373222739792,0.5752398338284779,8396,3.924072429910362,8007,226,0,0,38.3356,61.9045,99.6549,,,,1.4166184335341487,0.5802553685030877,0.5657241096798377,0.3535731441403149,26.09972201995261,1573.2194150060986,43.39240377472697,134.81980296392516,0.2672960701397565,,,,,,0
r13c17,18.5,85.5,18.0,19.0,85.0,86.0,True,80.0,0.0,0.0,1.0,0,0.0,0,0,0,1,,,,,,,,,,,,,0.0,0.0,,,,,,,0
r13c18,18.5,86.5,18.0,19.0,86.0,87.0,False,,,,,0,0.0,0,0,0,1,,,,,,,,,,,,,0.0,0.0,,,,,,,0
r13c19,18.5,87.5,18.0,19.0,87.0,88.0,False,,,,,0,0.0,0,0,0,1,,,,,,,,,,,,,0.0,0.0,,,,,,,0
r13c20,18.5,88.5,18.0,19.0,88.0,89.0,False,,,,,0,0.0,0,0,0,1,,,,,,,,,,,,,,,,,,,,,0
r13c21,18.5,89.5,18.0,19.0,89.0,90.0,False,,,,,0,0.0,0,0,0,1,,,,,,,,,,,,,,,,,,,,,0
r13c22,18.5,90.5,18.0,19.0,90.0,91.0,False,,,,,0,0.0,0,0,0,1,,,,,,,,,,,,,,,,,,,,,0
r13c23,18.5,91.5,18.0,19.0,91.0,92.0,False,,,,,1,0.0,1,1,0,1,,,,,,,,,,,,,,,,,,,,,0
r13c24,18.5,92.5,18.0,19.0,92.0,93.0,False,,,,,0,0.0,0,0,0,1,,,,,,,,,,,,,0.0,0.0,,,,,,,0
r13c25,18.5,93.5,18.0,19.0,93.0,94.0,True,80.0,0.0757756451822818,0.0370043752907116,0.8872199795270068,0,0.0,0,0,0,1,,,,,,,1.7737135840650051,0.7312672929351584,0.4968141943423969,0.3170820228320252,26.75021094890617,3386.2911396814943,2.199673146070723,12.537063970625354,0.4944529487274178,,,,,,0
r13c26,18.5,94.5,18.0,19.0,94.0,95.0,True,10.0,0.6881224824202558,0.0303386456263535,0.2815388719533909,570,2.7558748556724915,537,163,0,0,38.4311,63.9301,112.6587,,,0.7533819096988219,2.2521059477596923,0.8431518047139,0.6782560120628056,0.4390956315810216,24.63905376269867,2770.083287858069,271.7587180217232,300.36906065899143,0.3100844973505205,250.0,Myanmar coastal rain forests,Tropical & Subtropical Moist Broadleaf Forests,Indomalayan,,1
r13c27,18.5,95.5,18.0,19.0,95.0,96.0,True,40.0,0.46941914315498,0.5027405774453624,0.0278402793996552,1167,3.0670708560453703,1117,226,0,0,42.1207,72.5846,128.8456,,,,1.2555081548344051,0.4605161910112875,0.5363816464484797,0.3520595524137612,26.407301958639973,1681.4387298418844,102.40246415002076,115.25656813838766,0.3537035468490092,294.0,Irrawaddy dry forests,Tropical & Subtropical Dry Broadleaf Forests,Indomalayan,,0
r13c28,18.5,96.5,18.0,19.0,96.0,97.0,True,10.0,0.7022646465800311,0.2677395891399087,0.0299957642800483,1870,3.271841606536499,1825,223,0,0,41.3651,70.0603,119.6489,162.02290321307558,194.9373083352636,0.7730194897290507,1.7838311684933168,0.6347141982204634,0.6316719891824898,0.4051601346398931,25.184266559788327,2469.078798534609,255.5517681521453,306.7763504058525,0.3038202806113214,235.0,Irrawaddy moist deciduous forests,Tropical & Subtropical Moist Broadleaf Forests,Indomalayan,,1
r13c29,18.5,97.5,18.0,19.0,97.0,98.0,True,10.0,0.9796117784513416,0.01650535732256,0.003882864226098,5554,3.744605875414239,5425,253,0,0,36.0027,57.597,96.1485,133.64853338884743,169.728325295745,0.8090495217748751,2.3851556371953726,1.0748035192573298,0.6421515351992185,0.4056463510993977,23.482419681490384,1678.1319220460753,646.2231428712236,328.4752971577862,0.3370275534401125,237.0,Kayah-Karen montane rain forests,Tropical & Subtropical Moist Broadleaf Forests,Indomalayan,,1
r13c30,18.5,98.5,18.0,19.0,98.0,99.0,True,10.0,0.9431757451320134,0.0555936059421779,0.0012306489258068,494437,5.694110962676587,481598,648,0,0,43.5548,77.009,143.4966,254.384703035176,307.5757598018856,0.6659873610721118,2.3503969490663,1.2158264167724135,0.6379568784393035,0.4045217409201303,23.203627779367388,1523.8601841413165,796.6226212937682,348.39551538578667,0.2775721943235671,237.0,Kayah-Karen montane rain forests,Tropical & Subtropical Moist Broadleaf Forests,Indomalayan,,1
r13c31,18.5,99.5,18.0,19.0,99.0,100.0,True,10.0,0.8441362651836014,0.151814168190517,0.0040495666258811,82383,4.915837602863455,78849,491,0,0,39.0195,64.4508,110.0924,169.49758738249358,219.92908142438125,0.7753093545578806,2.060863247063179,0.9645613622429514,0.6585037590140888,0.4240069667287364,25.37339548587762,1387.6594854717416,477.5135520495152,232.33972705931063,0.2276638723720693,237.0,Kayah-Karen montane rain forests,Tropical & Subtropical Moist Broadleaf Forests,Indomalayan,,1
r13c32,18.5,100.5,18.0,19.0,100.0,101.0,True,10.0,0.9015084488340798,0.0952531762490995,0.0032383749168194,11423,4.057780176794582,10788,312,0,0,38.6034,62.9502,104.2651,143.81141236993813,184.7338401336389,0.8038341445009439,2.1159569535869287,0.9546493518070518,0.6651724078419364,0.432863058147592,25.380887554943925,1388.312183021064,432.3481288137161,198.8466716810723,0.2300313732576844,258.0,Northern Thailand-Laos moist deciduous forests,Tropical & Subtropical Moist Broadleaf Forests,Indomalayan,,1
r13c33,18.5,101.5,18.0,19.0,101.0,102.0,True,10.0,0.9269970992638678,0.0650742747467437,0.0079286259893772,1326,3.1225435240687545,1259,203,0,0,39.3449,64.7581,108.381,155.63604140951043,,0.7917293274732895,2.383112658108231,1.0611123853846536,0.6852700526476649,0.4582508628940334,24.20623924753751,1796.261030750555,542.7027317073101,250.42912843616105,0.2269203153371748,239.0,Luang Prabang montane rain forests,Tropical & Subtropical Moist Broadleaf Forests,Indomalayan,,1
r14c00,19.5,68.5,19.0,20.0,68.0,69.0,False,,,,,2,0.3010299956639812,2,2,0,1,,,,,,,,,,,,,,,,,,,,,0
r14c01,19.5,69.5,19.0,20.0,69.0,70.0,False,,,,,0,0.0,0,0,0,1,,,,,,,,,,,,,,,,,,,,,0
r14c02,19.5,70.5,19.0,20.0,70.0,71.0,False,,,,,1,0.0,1,1,0,1,,,,,,,,,,,,,0.0,0.0,,,,,,,0
r14c03,19.5,71.5,19.0,20.0,71.0,72.0,False,,,,,0,0.0,0,0,0,1,,,,,,,,,,,,,0.0,0.0,,,,,,,0
r14c04,19.5,72.5,19.0,20.0,72.0,73.0,True,80.0,0.2587929749387114,0.1534637863481059,0.5877432387131848,1158058,6.063730311074627,1122195,450,0,0,37.7536,61.4792,104.1728,,,,1.208372705391284,0.4825457199885848,0.438201726805921,0.2554031207628623,26.7027946823483,2011.4030305747,12.073764097816117,40.76474643846591,0.3998409924385158,,,,,,0
r14c05,19.5,73.5,19.0,20.0,73.0,74.0,True,40.0,0.591399680479073,0.3782063465812901,0.0303939729396319,622332,5.794022132763541,604747,429,0,0,40.4335,67.9829,117.9553,,,,1.1001761955656582,0.4774227142440763,0.4444248336504472,0.2660596919941791,25.0048039597363,1886.6710547174653,406.3541748411184,329.34490995290696,0.4095034698875257,253.0,North Western Ghats moist deciduous forests,Tropical & Subtropical Moist Broadleaf Forests,Indomalayan,,0
r14c06,19.5,74.5,19.0,20.0,74.0,75.0,True,40.0,0.2605989663760039,0.7302608210009601,0.0091402126230379,111580,5.04758635707435,108477,272,0,0,36.0101,55.8958,86.0837,,,,0.909549031980912,0.4642481670929318,0.4232078187067043,0.2538314979076657,25.120146778906232,928.8632445399044,605.3284562173798,105.81680832945356,0.3424360132529684,315.0,Deccan thorn scrub forests,Deserts & Xeric Shrublands,Indomalayan,,0
r14c07,19.5,75.5,19.0,20.0,75.0,76.0,True,40.0,0.1203767472671546,0.8503476396965202,0.0292756130363243,34152,4.5334161417958905,33029,279,0,0,38.6834,63.1575,104.0934,,,,0.9157160743736024,0.445751160292487,0.4284628435696966,0.2563879387629582,25.87634516292801,1007.6266217419692,518.6650848751893,71.3137510981015,0.4243904643543323,315.0,Deccan thorn scrub forests,Deserts & Xeric Shrublands,Indomalayan,,0
r14c08,19.5,76.5,19.0,20.0,76.0,77.0,True,40.0,0.0770819141655689,0.8956572477441669,0.027260838090265,11872,4.074523887934952,11493,224,0,0,38.7646,63.2556,103.8051,,,,0.9488197371056486,0.4364535185545654,0.4540918023912322,0.2765390956343961,26.412498599682003,1106.747133959297,453.1518470344835,52.31604768594359,0.4175928296852777,290.0,Central Deccan Plateau dry deciduous forests,Tropical & Subtropical Dry Broadleaf Forests,Indomalayan,,0
r14c09,19.5,77.5,19.0,20.0,77.0,78.0,True,40.0,0.1922742184951248,0.7931809519197573,0.0145448295851215,9382,3.9722954286111394,9086,249,0,0,39.592,65.3484,108.428,,,,0.9306756462508892,0.4309244801991567,0.4723928830759021,0.2867929112699099,26.688619906156298,1184.1301523958923,414.7564890634477,59.39515972099865,0.3835057439850302,290.0,Central Deccan Plateau dry deciduous forests,Tropical & Subtropical Dry Broadleaf Forests,Indomalayan,,0
r14c10,19.5,78.5,19.0,20.0,78.0,79.0,True,40.0,0.4078098579730163,0.5780682339440916,0.0141219080828909,29493,4.469718950821701,28851,288,0,0,39.995,66.6178,112.7232,,,,1.006169041802743,0.4154873323616431,0.4913938436972652,0.3005018409680391,26.89594036052852,1262.161503483166,349.0975646609308,96.821018725993,0.380937902932186,228.0,East Deccan moist deciduous forests,Tropical & Subtropical Moist Broadleaf Forests,Indomalayan,,0
r14c11,19.5,79.5,19.0,20.0,79.0,80.0,True,40.0,0.4780855658583563,0.4992090570191895,0.0227053771224519,29642,4.471907502939561,28695,303,0,0,40.6323,68.4588,118.1611,,,,1.0615216918368646,0.3987096811614642,0.5026746340047286,0.3108745317385304,27.48994679769707,1432.3299107578612,231.49293125991187,96.57755863316532,0.3405233286579078,228.0,East Deccan moist deciduous forests,Tropical & Subtropical Moist Broadleaf Forests,Indomalayan,,0
r14c12,19.5,80.5,19.0,20.0,80.0,81.0,True,10.0,0.8923317274748038,0.1004882776336437,0.0071799948915531,1046,3.0195316845312554,1016,185,0,0,40.9816,69.1028,117.5403,153.9505135890816,176.69521186323988,0.7791871512016897,1.3799065507110206,0.5047101494966857,0.6009019147613945,0.3590148250589086,26.420773103979663,1842.948427325372,321.802218549761,144.71307704907733,0.2798972491392322,228.0,East Deccan moist deciduous forests,Tropical & Subtropical Moist Broadleaf Forests,Indomalayan,,1
r14c13,19.5,81.5,19.0,20.0,81.0,82.0,True,10.0,0.7131332439007271,0.2815287325788618,0.0053380235204114,11209,4.049566869164652,10726,269,0,0,38.9539,64.2112,107.8062,145.05440810487033,177.0029524131496,0.7955168355032396,1.3765455896208618,0.6158810559589885,0.5384477873916249,0.3227868199934039,24.800694722692484,1578.952070014131,590.1501537958176,102.51407672860996,0.2873742794439312,228.0,East Deccan moist deciduous forests,Tropical & Subtropical Moist Broadleaf Forests,Indomalayan,,1
r14c14,19.5,82.5,19.0,20.0,82.0,83.0,True,40.0,0.4132257628543478,0.5750060058548772,0.0117682312907729,45692,4.659840168122544,43887,321,0,0,40.2988,67.7392,117.0862,,,,1.2150860133566663,0.5288595943118475,0.4988825980679307,0.3120680407837843,24.948738208983663,1590.1092918897689,536.1685918559641,175.42183731827055,0.3167771901424561,297.0,North Deccan dry deciduous forests,Tropical & Subtropical Dry Broadleaf Forests,Indomalayan,,0
r14c15,19.5,83.5,19.0,20.0,83.0,84.0,True,10.0,0.8122904119204354,0.184873359866719,0.0028362282128479,13348,4.125416197982755,12752,262,0,0,38.9209,63.8426,105.9801,138.65383940703342,168.54837792476354,0.8043515479571607,1.4878285364599788,0.5788309038786896,0.617670409689577,0.3865741860466436,24.79672663792737,1670.482410251055,514.3838614825062,247.83295401392428,0.244957620293557,228.0,East Deccan moist deciduous forests,Tropical & Subtropical Moist Broadleaf Forests,Indomalayan,,1
r14c16,19.5,84.5,19.0,20.0,84.0,85.0,True,10.0,0.6223350208016974,0.314170674987609,0.0634943042106893,8175,3.912487761332324,7779,267,0,0,37.6439,60.9603,101.4938,138.64344402989784,173.57885252801503,0.8045464888648912,1.440702736438576,0.5499543683120834,0.6162588971948956,0.392573302496779,25.3547314157976,1653.6641488513976,303.6578902568517,299.2517679242887,0.2281932393220709,228.0,East Deccan moist deciduous forests,Tropical & Subtropical Moist Broadleaf Forests,Indomalayan,,1
r14c17,19.5,85.5,19.0,20.0,85.0,86.0,True,80.0,0.2057186648909207,0.1979386888661527,0.5963426462429274,113026,5.053178358153231,108293,355,0,0,38.8597,63.0285,101.4625,,,,1.277813069888933,0.469096693480957,0.5239535139439728,0.3155953783275297,26.761490221730725,1745.9020979885402,16.09115547446688,55.62046881308873,0.3343587032095331,,,,,,0
r14c18,19.5,86.5,19.0,20.0,86.0,87.0,True,80.0,0.0600695863828706,0.0908760579662533,0.849054355650876,2097,3.321598430465344,1972,171,0,0,36.2287,57.0143,90.3159,,,,1.1922058924638337,0.5270409842625131,0.4612905288532394,0.2642122492129482,26.8301185551517,1834.9327222576464,0.2996351084757962,1.5142409745600192,0.3742730070596299,,,,,,0
r14c19,19.5,87.5,19.0,20.0,87.0,88.0,False,,,,,0,0.0,0,0,0,1,,,,,,,,,,,,,0.0,0.0,,,,,,,0
r14c20,19.5,88.5,19.0,20.0,88.0,89.0,False,,,,,0,0.0,0,0,0,1,,,,,,,,,,,,,0.0,0.0,,,,,,,0
r14c21,19.5,89.5,19.0,20.0,89.0,90.0,False,,,,,0,0.0,0,0,0,1,,,,,,,,,,,,,,,,,,,,,0
r14c22,19.5,90.5,19.0,20.0,90.0,91.0,False,,,,,0,0.0,0,0,0,1,,,,,,,,,,,,,,,,,,,,,0
r14c23,19.5,91.5,19.0,20.0,91.0,92.0,False,,,,,1,0.0,1,1,0,1,,,,,,,,,,,,,,,,,,,,,0
r14c24,19.5,92.5,19.0,20.0,92.0,93.0,True,80.0,0.0137104403726067,0.000419574160199,0.9858699854671944,0,0.0,0,0,0,1,,,,,,,1.83614498379838,0.6100608586858685,0.4825411560386257,0.2928471947565287,,,0.1237908444324297,3.584618701431017,0.5267561461737783,,,,,,0
r14c25,19.5,93.5,19.0,20.0,93.0,94.0,True,80.0,0.3253030120162651,0.0691283808970713,0.60556860708666,0,0.0,0,0,0,1,,,,,,,1.6577586068829815,0.6328245837314326,0.4885448160475223,0.2927401331037063,25.844652618935868,2908.8729039961017,15.5186862561267,46.17980665865785,0.4576607483794067,,,,,,0
r14c26,19.5,94.5,19.0,20.0,94.0,95.0,True,10.0,0.8756586288368201,0.1081071394891227,0.0162342316740581,1827,3.2617385473525378,1777,297,0,0,43.9859,78.1571,145.3416,236.4498077552477,280.3612720809093,0.6705369973457445,1.931198250141864,0.7458455336157473,0.6432847041393398,0.4216467968099949,24.84900285810803,1951.0778117955665,328.8221631078193,276.8533697884503,0.3177785445712807,226.0,Chin Hills-Arakan Yoma montane forests,Tropical & Subtropical Moist Broadleaf Forests,Indomalayan,,1
r14c27,19.5,95.5,19.0,20.0,95.0,96.0,True,10.0,0.6610389169592886,0.3226631441508011,0.016297938889909,361,2.5575072019056577,346,152,0,0,44.1341,78.1201,137.5112,150.58048445511227,,0.7694601068851628,1.2968797360132156,0.5110767749819112,0.5219138734755171,0.3373874220122114,26.351567281630288,1285.069088647205,186.7953147486621,100.9456012415334,0.3388664636008506,235.0,Irrawaddy moist deciduous forests,Tropical & Subtropical Moist Broadleaf Forests,Indomalayan,,1
r14c28,19.5,96.5,19.0,20.0,96.0,97.0,True,10.0,0.8181639310956357,0.1731420100291975,0.0086940588751679,5402,3.732554579851432,5152,283,0,0,35.6734,56.901,94.9225,140.49215894235283,192.80849149854524,0.8097606724125428,2.126003951822587,0.9417348249171608,0.63711804934015,0.4137203077488737,23.42938584051343,1715.9161761267162,577.1301583514019,457.149312944774,0.2983901816390963,237.0,Kayah-Karen montane rain forests,Tropical & Subtropical Moist Broadleaf Forests,Indomalayan,,1
r14c29,19.5,97.5,19.0,20.0,97.0,98.0,True,10.0,0.8787895162485992,0.1096133492050508,0.0115971345463498,2801,3.447313108823568,2754,274,0,0,39.3537,65.4866,112.6962,175.75472484703965,228.029855806558,0.76916324682445,2.0778436750606435,1.0474059539585647,0.6044831412474541,0.3762689955483911,23.323917840634767,1350.8062747504453,734.7658931709866,315.9039391500013,0.3398224016638464,237.0,Kayah-Karen montane rain forests,Tropical & Subtropical Moist Broadleaf Forests,Indomalayan,,1
r14c30,19.5,98.5,19.0,20.0,98.0,99.0,True,10.0,0.9723401730296808,0.0270928719208509,0.0005669550494681,146179,5.164884986580876,140770,566,0,0,42.9173,75.1789,138.205,238.599562035917,290.71136272927095,0.6857369104687163,2.5461941411470512,1.292120288917371,0.6679509182026628,0.4092143704967539,22.43093500974388,1311.2031101715006,938.7683369473568,292.8500641423854,0.2795898440193042,237.0,Kayah-Karen montane rain forests,Tropical & Subtropical Moist Broadleaf Forests,Indomalayan,,1
r14c31,19.5,99.5,19.0,20.0,99.0,100.0,True,10.0,0.804499261702788,0.1910570308489894,0.0044437074482258,170919,5.232790343215178,167646,573,0,0,42.4892,74.0177,135.3968,237.63164351509343,293.2694092118295,0.6927353937671834,2.1487445902850832,1.0600915862815723,0.6535701461223907,0.4162975768319157,24.24826296529117,1355.369525987929,672.4220801342153,268.26217489180885,0.2319406700984327,237.0,Kayah-Karen montane rain forests,Tropical & Subtropical Moist Broadleaf Forests,Indomalayan,,1
r14c32,19.5,100.5,19.0,20.0,100.0,101.0,True,10.0,0.8339105736404655,0.1634222216947734,0.0026672046647599,18408,4.265006605660587,17792,411,0,0,40.1514,67.4058,116.9897,187.9236035181249,241.52270849194875,0.7566869889491452,2.274524858206798,1.0509789761160513,0.6668266523402131,0.4394173619421554,24.34421147856467,1545.0127123959749,586.302915925704,238.32166428732995,0.2349648400002055,256.0,Northern Indochina subtropical forests,Tropical & Subtropical Moist Broadleaf Forests,Indomalayan,,1
r14c33,19.5,101.5,19.0,20.0,101.0,102.0,True,10.0,0.9649758344222988,0.0273852021329983,0.007638963444703,14181,4.151706857022576,13876,395,0,0,41.4329,70.7836,124.9969,195.86687903754944,243.4074908715888,0.7366125088336002,2.594679987400524,1.2545255789755967,0.6864658237592736,0.4494078426626549,22.69781388715783,1644.2782100092195,788.0672159794093,313.93289399734704,0.2445278587955863,258.0,Northern Thailand-Laos moist deciduous forests,Tropical & Subtropical Moist Broadleaf Forests,Indomalayan,,1
r15c00,20.5,68.5,20.0,21.0,68.0,69.0,False,,,,,0,0.0,0,0,0,1,,,,,,,,,,,,,0.0,,,,,,,,0
r15c01,20.5,69.5,20.0,21.0,69.0,70.0,True,80.0,0.0,0.0,1.0,0,0.0,0,0,0,1,,,,,,,,,,,,,0.0,0.0,,,,,,,0
r15c02,20.5,70.5,20.0,21.0,70.0,71.0,True,80.0,0.1071376613652293,0.2169982735484628,0.6758640650863053,21601,4.334473856911537,20977,323,0,0,41.9068,71.8495,126.1887,,,,1.1727770816308012,0.5748060230954718,0.4747988838923584,0.2914759077152496,26.556786965911314,1096.2205371852622,6.979461640796193,21.98022738573533,0.3363167090949773,,,,,,0
r15c03,20.5,71.5,20.0,21.0,71.0,72.0,True,80.0,0.0596516198970202,0.1742266584425666,0.7661217216604121,6174,3.790566625146076,6022,257,0,0,41.5357,70.5756,120.9099,,,,1.0095253168646134,0.4846228161445041,0.3941639135026999,0.2388899733510348,26.89427280828468,959.7042396923136,3.73429512143144,15.107904275367297,0.4333567979284108,,,,,,0
r15c04,20.5,72.5,20.0,21.0,72.0,73.0,True,80.0,0.2173057481987504,0.113703191365604,0.6689910604356484,60889,4.7845388415525,58888,310,0,0,39.2529,64.5471,107.2043,,,,1.0533555052094663,0.4374101988449155,0.4552204109983102,0.2667591862089802,26.742104582979945,1744.2197158843069,6.485636096731694,22.52277330660247,0.3378920097042596,,,,,,0
r15c05,20.5,73.5,20.0,21.0,73.0,74.0,True,10.0,0.6280770567923384,0.3597059431834482,0.0122170000242111,118697,5.074439742544226,114413,346,0,0,40.1398,67.0689,114.1525,159.60973157447262,193.4222040572659,0.7779744185663704,1.082747525895442,0.4460112310737245,0.4730294292659104,0.2873970302406849,25.251348597770143,1474.7794379508796,379.8234402761586,258.38001110383846,0.377674915813926,253.0,North Western Ghats moist deciduous forests,Tropical & Subtropical Moist Broadleaf Forests,Indomalayan,,1
r15c06,20.5,74.5,20.0,21.0,74.0,75.0,True,40.0,0.3127363360272634,0.6767918495956581,0.0104718143770793,67688,4.830511682042363,65752,301,0,0,41.2034,69.5925,117.9586,,,,0.830658970481442,0.4049608323478853,0.3975862363266214,0.2378408669011801,25.48003375330136,963.1344949576064,520.6952913212948,136.33356619128395,0.3923840710474227,315.0,Deccan thorn scrub forests,Deserts & Xeric Shrublands,Indomalayan,,0
r15c07,20.5,75.5,20.0,21.0,75.0,76.0,True,40.0,0.1721520317385008,0.8122786673589271,0.015569300902571,72035,4.857543560508275,69334,287,0,0,38.4558,62.6373,103.0856,,,,0.919373294099775,0.4220552496682634,0.4435873709309146,0.2723992119565285,25.988246775052712,1043.277381364997,458.2561341549951,182.32907248237737,0.4287506085065707,290.0,Central Deccan Plateau dry deciduous forests,Tropical & Subtropical Dry Broadleaf Forests,Indomalayan,,0
r15c08,20.5,76.5,20.0,21.0,76.0,77.0,True,40.0,0.1451718431860515,0.844956240146282,0.0098719166676687,32318,4.509444476612463,31369,270,0,0,38.3896,62.9304,105.7871,,,,0.8982843085726792,0.414242078452968,0.4395563938116247,0.2688529004413504,26.339085669795526,1128.0308465011612,427.0804109473731,136.98379181100535,0.4498085623859958,290.0,Central Deccan Plateau dry deciduous forests,Tropical & Subtropical Dry Broadleaf Forests,Indomalayan,,0
r15c09,20.5,77.5,20.0,21.0,77.0,78.0,True,40.0,0.1365973249630535,0.8525027646563599,0.0108999103805894,172409,5.236559932882643,166542,352,0,0,40.7056,68.5016,117.004,,,,0.8828190297022523,0.4051758673934129,0.4383051733249329,0.2672962499478734,26.71333581510116,1219.126523915363,367.0508706010085,77.35726816312842,0.4526095366388301,290.0,Central Deccan Plateau dry deciduous forests,Tropical & Subtropical Dry Broadleaf Forests,Indomalayan,,0
r15c10,20.5,78.5,20.0,21.0,78.0,79.0,True,40.0,0.1967698311435387,0.7858430503825449,0.0173871184739162,97569,4.989311853860429,94045,346,0,0,38.0559,62.0274,103.6665,,,,0.9164036203457344,0.3988438352142786,0.4621495357155935,0.2800062049910012,27.177408733770584,1395.1543878453706,284.4138161311329,52.86642683132688,0.4322336781410069,290.0,Central Deccan Plateau dry deciduous forests,Tropical & Subtropical Dry Broadleaf Forests,Indomalayan,,0
r15c11,20.5,79.5,20.0,21.0,79.0,80.0,True,40.0,0.4055211194946246,0.570448927725942,0.0240299527794304,250313,5.398483405268048,242782,337,0,0,40.2406,67.0901,112.834,,,,1.0078273922711978,0.3853116844941633,0.4886398058673566,0.2950258820182667,27.141409721231305,1547.4706566159507,243.85258775398137,32.70318347600137,0.3588911010168105,290.0,Central Deccan Plateau dry deciduous forests,Tropical & Subtropical Dry Broadleaf Forests,Indomalayan,,0
r15c12,20.5,80.5,20.0,21.0,80.0,81.0,True,40.0,0.6498532874668431,0.3406348855708708,0.009511826962287,13695,4.1365620365899805,13257,256,0,0,39.9793,66.4147,111.2755,,,,1.2372106104099925,0.4928550107082486,0.5307672150331678,0.3176866579169695,26.407462661037545,1570.1351226338254,329.9328925187588,67.85235664246866,0.3126260480477166,290.0,Central Deccan Plateau dry deciduous forests,Tropical & Subtropical Dry Broadleaf Forests,Indomalayan,,0
r15c13,20.5,81.5,20.0,21.0,81.0,82.0,True,10.0,0.4788297496843201,0.5032489062639338,0.0179213440517476,54045,4.73275552117825,51208,316,0,0,39.6687,65.6138,109.8941,147.74286816654123,178.29963526926522,0.7930502849829809,1.1754923299568008,0.4966733227322554,0.4992331990579519,0.3041450570749786,25.789961112447063,1466.9457303122283,414.961365444089,115.422248379204,0.3371517714064784,228.0,East Deccan moist deciduous forests,Tropical & Subtropical Moist Broadleaf Forests,Indomalayan,,1
r15c14,20.5,82.5,20.0,21.0,82.0,83.0,True,10.0,0.6263267498919975,0.3660104851892334,0.0076627649187658,6953,3.842172229385616,6630,243,0,0,38.5602,62.5555,101.7878,130.84216116843925,163.40244466476184,0.819134722608912,1.2367944738639007,0.5083322001036001,0.5372448226893659,0.3289271042017385,25.97372657746499,1543.433954092485,385.928679472562,135.0269932815105,0.2940754986485565,297.0,North Deccan dry deciduous forests,Tropical & Subtropical Dry Broadleaf Forests,Indomalayan,,1
r15c15,20.5,83.5,20.0,21.0,83.0,84.0,True,10.0,0.5478817066484979,0.4415599983004699,0.0105582950510346,18165,4.259235402198733,17395,298,0,0,40.7617,68.7141,118.1665,165.70681482761594,196.78881710357896,0.7668427708393561,1.18125162655237,0.4505703936335649,0.5496974041960487,0.3374373884279183,26.45192236176757,1601.0072921045078,270.86124966954605,156.71729745749278,0.265781068919626,297.0,North Deccan dry deciduous forests,Tropical & Subtropical Dry Broadleaf Forests,Indomalayan,,1
r15c16,20.5,84.5,20.0,21.0,84.0,85.0,True,10.0,0.7755385314501833,0.2108601693212293,0.0136012992285829,36541,4.562780428307687,35681,316,0,0,38.9641,63.9599,106.6441,142.88074122888645,174.7990529317209,0.7994786149851189,1.3916836843599432,0.4685995626176493,0.6146671914275252,0.3813553157340439,25.69103748964838,1646.5720676801925,342.6286294014785,230.260016495651,0.2439462331673352,228.0,East Deccan moist deciduous forests,Tropical & Subtropical Moist Broadleaf Forests,Indomalayan,,1
r15c17,20.5,85.5,20.0,21.0,85.0,86.0,True,40.0,0.5384537846853911,0.4385381505170937,0.0230080647975161,304339,5.483357609274065,290243,354,0,0,36.0825,56.4249,88.9879,,,,1.1742038519128888,0.4041770132454926,0.547014389457634,0.3430991732303949,26.455879287642706,1626.8511546287846,89.77677020224452,83.36789402289483,0.2589959951197666,228.0,East Deccan moist deciduous forests,Tropical & Subtropical Moist Broadleaf Forests,Indomalayan,,0
r15c18,20.5,86.5,20.0,21.0,86.0,87.0,True,40.0,0.2001496392664823,0.5477472386059055,0.2521031221276102,66186,4.820766134972168,63502,295,0,0,38.1566,61.4613,98.7893,,,,1.0665883636082116,0.4456166887823073,0.4693112936431025,0.2836243125297698,26.63450166105297,1552.3189476681357,8.759638693505623,12.120051510654507,0.3374818428281938,261.0,Orissa semi-evergreen forests,Tropical & Subtropical Moist Broadleaf Forests,Indomalayan,,0
r15c19,20.5,87.5,20.0,21.0,87.0,88.0,True,80.0,0.0072260303977237,0.000208603648895,0.9925653659533812,418,2.621176281775035,411,103,0,0,37.199,59.2292,90.6172,,,,1.541676265080714,0.2913007034834325,0.1462701634439378,0.0586581289631784,,,0.0089209722701371,0.2133592722090824,1.0029666645759232,,,,,,0
r15c20,20.5,88.5,20.0,21.0,88.0,89.0,False,,,,,0,0.0,0,0,0,1,,,,,,,,,,,,,0.0,0.0,,,,,,,0
r15c21,20.5,89.5,20.0,21.0,89.0,90.0,False,,,,,0,0.0,0,0,0,1,,,,,,,,,,,,,0.0,0.0,,,,,,,0
r15c22,20.5,90.5,20.0,21.0,90.0,91.0,False,,,,,0,0.0,0,0,0,1,,,,,,,,,,,,,0.0,0.0,,,,,,,0
r15c23,20.5,91.5,20.0,21.0,91.0,92.0,True,80.0,0.0,0.0,1.0,0,0.0,0,0,0,1,,,,,,,,,,,,,0.0,0.0,,,,,,,0
r15c24,20.5,92.5,20.0,21.0,92.0,93.0,True,80.0,0.3324520929861475,0.1423788887820244,0.5251690182318314,1947,3.289365951520032,1851,183,0,0,36.7002,58.8586,96.5039,,,,1.813243201608633,0.7551625726147118,0.5537425927871173,0.3562697827721595,25.529072211112474,2710.0950906200205,25.97128037533093,69.98814331520872,0.3588471295952191,,,,,,0
r15c25,20.5,93.5,20.0,21.0,93.0,94.0,True,10.0,0.76122558572926,0.1745821379506726,0.0641922763200649,71,1.8512583487190752,69,62,0,0,46.0083,,,,,,2.035129592665826,0.8140174353590542,0.6438859064001267,0.4257792538636641,23.667624131271168,2653.7007552184245,355.243106746809,393.0194798954021,0.3179689575082401,249.0,Mizoram-Manipur-Kachin rain forests,Tropical & Subtropical Moist Broadleaf Forests,Indomalayan,,0
r15c26,20.5,94.5,20.0,21.0,94.0,95.0,True,10.0,0.6849442408594861,0.2808442817171351,0.0342114774233793,2080,3.318063334962761,1999,292,0,0,40.9233,69.4291,122.2158,212.0326053865994,,0.7388889021532447,1.37366542646142,0.5458834462360121,0.5275204746514374,0.336280954974481,25.665263385976854,1160.7449163188796,288.1490399504067,286.2217560093873,0.352155913409902,235.0,Irrawaddy moist deciduous forests,Tropical & Subtropical Moist Broadleaf Forests,Indomalayan,,1
r15c27,20.5,95.5,20.0,21.0,95.0,96.0,True,40.0,0.4280452950264421,0.5657201349330714,0.006234570040484,2373,3.375297738217339,2319,229,0,0,37.9947,61.5932,102.0342,,,,0.979833352081384,0.460091788766093,0.4176638021038721,0.2680402623902315,26.057403224941,962.6273823454936,271.4128618897105,98.5836902825289,0.3343491296775102,294.0,Irrawaddy dry forests,Tropical & Subtropical Dry Broadleaf Forests,Indomalayan,,0
r15c28,20.5,96.5,20.0,21.0,96.0,97.0,True,40.0,0.6201038467904596,0.3703447676731495,0.0095513855363919,38702,4.58773340859825,37765,610,0,0,43.6158,77.1842,144.1466,,,,1.7360440399017936,0.8824179921595554,0.5498218034253609,0.3421337528292697,22.33653564510093,1296.77397630638,804.3990490659619,475.1725399955167,0.3198907878546912,237.0,Kayah-Karen montane rain forests,Tropical & Subtropical Moist Broadleaf Forests,Indomalayan,,0
r15c29,20.5,97.5,20.0,21.0,97.0,98.0,True,10.0,0.7079410256509664,0.2916428741596398,0.0004161001893932,2234,3.34908316877959,2205,315,0,0,43.5242,76.9114,143.1468,244.9750716322253,286.36849715436915,0.6680063978031859,1.9038201221923656,1.0766053283508483,0.5745678994519919,0.3529294634512477,21.42441824631789,1186.5928103821204,1105.5193963174868,306.60548549102214,0.3121724002630405,256.0,Northern Indochina subtropical forests,Tropical & Subtropical Moist Broadleaf Forests,Indomalayan,,1
r15c30,20.5,98.5,20.0,21.0,98.0,99.0,True,10.0,0.968949552963383,0.0278299065985512,0.0032205404380656,18,1.255272505103306,18,18,0,1,,,,,,,2.475953916796464,1.2331666485363495,0.679418803067167,0.4169983032010581,23.26385609415615,1196.330611584142,831.9398948414823,266.691577543303,0.2609146619295472,237.0,Kayah-Karen montane rain forests,Tropical & Subtropical Moist Broadleaf Forests,Indomalayan,,0
r15c31,20.5,99.5,20.0,21.0,99.0,100.0,True,10.0,0.9280690911904422,0.0716081326306312,0.0003227761789281,232275,5.366002468748487,227474,584,0,0,43.691,77.3554,143.9063,245.92384257843636,295.9846231356625,0.6688628302301538,2.6041362240271986,1.2953652375168392,0.6967933444798831,0.445310981720721,22.27636389076545,1630.8353624971712,907.5528287082246,334.5988950098732,0.2416977874484433,256.0,Northern Indochina subtropical forests,Tropical & Subtropical Moist Broadleaf Forests,Indomalayan,,1
r15c32,20.5,100.5,20.0,21.0,100.0,101.0,True,10.0,0.9098351537144808,0.0808776346549551,0.0092872116305636,109982,5.041321612973303,107086,506,0,0,39.8134,65.7901,109.2341,149.20834287776998,192.1620453919956,0.798985457559557,2.640542542198089,1.266447852073187,0.706828392501334,0.470184657303028,23.409887738788505,1605.3064592685416,683.5690312206167,252.4113467209961,0.2264988280164116,256.0,Northern Indochina subtropical forests,Tropical & Subtropical Moist Broadleaf Forests,Indomalayan,,1
r15c33,20.5,101.5,20.0,21.0,101.0,102.0,True,10.0,0.9702540118587394,0.0281190114868682,0.0016269766543922,1708,3.232487866352986,1655,247,0,0,37.3796,60.7941,104.437,186.8764712292507,,0.7740622947539233,2.795808138017906,1.4079645502532854,0.7028818543882226,0.4695050925014811,22.28154831968541,1452.1953590349483,872.8695704588565,224.88238850722556,0.2488067851525676,256.0,Northern Indochina subtropical forests,Tropical & Subtropical Moist Broadleaf Forests,Indomalayan,,1
r16c00,21.5,68.5,21.0,22.0,68.0,69.0,True,80.0,0.0,0.0,1.0,8,0.9030899869919436,8,5,0,1,,,,,,,,,,,,,0.0,0.0,,,,,,,0
r16c01,21.5,69.5,21.0,22.0,69.0,70.0,True,80.0,0.0902639055986687,0.3451538801559714,0.5645822142453556,78792,4.896482124440946,76906,342,0,0,41.6935,70.9463,121.5468,,,,0.871325388272597,0.4082697329934735,0.374330863808752,0.2309776163328394,26.33122097153302,998.3154824196148,13.007925242469998,35.209424211457,0.478818912515019,,,,,,0
r16c02,21.5,70.5,21.0,22.0,70.0,71.0,True,40.0,0.2346838563887027,0.730110234077301,0.0352059095339976,145787,5.163718799153561,141225,350,0,0,39.768,65.8494,110.3215,,,,0.9714715168082146,0.4250352827902766,0.4452415927911454,0.272472389226006,26.248921516310325,961.5761615188364,111.6727624993608,79.72218352354612,0.4094475122533419,295.0,Khathiar-Gir dry deciduous forests,Tropical & Subtropical Dry Broadleaf Forests,Indomalayan,,0
r16c03,21.5,71.5,21.0,22.0,71.0,72.0,True,40.0,0.1505292544784967,0.8097988726169505,0.039671872904552,77433,4.888926085535086,75545,380,0,0,42.8381,74.533,133.326,,,,0.8353869973058163,0.3557085339068552,0.4124315763333706,0.247885468051702,27.14465944513232,847.0686557962877,111.63803890992692,67.69925130860427,0.4132156936410026,314.0,Aravalli west thorn scrub forests,Deserts & Xeric Shrublands,Indomalayan,,0
r16c04,21.5,72.5,21.0,22.0,72.0,73.0,True,80.0,0.1416278462328639,0.3683110367562192,0.4900611170109199,188337,5.274935648308267,182481,383,0,0,41.3543,70.3123,122.2315,,,,0.7356997470446999,0.3328921947169086,0.3429163523856258,0.199945198858123,27.292476307734148,979.6786681944656,10.961268498869384,21.493967872331226,0.4127983231605166,,,,,,0
r16c05,21.5,73.5,21.0,22.0,73.0,74.0,True,40.0,0.4294166875485281,0.5175573390040228,0.0530259734474519,85335,4.931127192823452,82428,340,0,0,40.3917,67.5714,114.688,,,,0.9477205887456156,0.3650041154800333,0.4501738195784727,0.2732036354322468,26.582551621714632,1151.4025641743638,145.97490113007288,137.14262081927515,0.4235204343240676,295.0,Khathiar-Gir dry deciduous forests,Tropical & Subtropical Dry Broadleaf Forests,Indomalayan,,0
r16c06,21.5,74.5,21.0,22.0,74.0,75.0,True,40.0,0.4260181749927524,0.5548481217605075,0.0191337032467439,15050,4.177536499929862,14487,284,0,0,41.5255,70.6099,121.5777,,,,0.8334373327495413,0.3717721350132182,0.4054542708682536,0.2422205332440953,26.061918423335086,1022.8576678861396,325.92351962221306,182.2627025133367,0.4158646273410404,315.0,Deccan thorn scrub forests,Deserts & Xeric Shrublands,Indomalayan,,0
r16c07,21.5,75.5,21.0,22.0,75.0,76.0,True,40.0,0.3716680987726723,0.6183225601672386,0.0100093410600865,395148,5.596759788145009,379012,313,0,0,35.2291,55.0029,87.9096,,,,0.8794579180938964,0.3832423983857597,0.4315997231282084,0.2604337091020431,26.13239427779692,1083.909213752055,347.5088730975497,161.30438083398514,0.4185351851042909,296.0,Narmada Valley dry deciduous forests,Tropical & Subtropical Dry Broadleaf Forests,Indomalayan,,0
r16c08,21.5,76.5,21.0,22.0,76.0,77.0,True,40.0,0.4068167744529468,0.5858193483328225,0.0073638772142285,46329,4.665852926165406,45161,307,0,0,40.9302,69.2132,119.3686,,,,0.9199437670959136,0.3877657797800936,0.4446743403894419,0.2662525191427264,26.158623938803984,1303.0360918955016,361.0067426984184,100.6231486952088,0.4189799504449863,296.0,Narmada Valley dry deciduous forests,Tropical & Subtropical Dry Broadleaf Forests,Indomalayan,,0
r16c09,21.5,77.5,21.0,22.0,77.0,78.0,True,40.0,0.5033575635923679,0.4933251414266865,0.0033172949809487,94906,4.977293669587681,92199,353,0,0,41.7611,71.6253,126.65,,,,1.009466399560201,0.4283421023684977,0.4734716700327188,0.2785458644882735,25.1188800792996,1509.022167901828,521.6941801165304,168.15440410377198,0.4132031975240497,296.0,Narmada Valley dry deciduous forests,Tropical & Subtropical Dry Broadleaf Forests,Indomalayan,,0
r16c10,21.5,78.5,21.0,22.0,78.0,79.0,True,40.0,0.3853359541356978,0.6012769884559971,0.0133870574083092,36009,4.556411060818322,34778,309,0,0,40.6337,68.4447,117.75,,,,0.9878176080311198,0.4343163004704399,0.4751196615183654,0.2845085740586808,25.31875999720324,1457.1256994645598,496.68910883444,143.1876415875954,0.3937122852144099,228.0,East Deccan moist deciduous forests,Tropical & Subtropical Moist Broadleaf Forests,Indomalayan,,0
r16c11,21.5,79.5,21.0,22.0,79.0,80.0,True,40.0,0.4298149508942975,0.548135505415013,0.0220495436906908,461948,5.664593091175007,448279,389,0,0,39.7698,66.1441,112.4672,,,,1.0344180608826348,0.409962821966019,0.5085163368315295,0.3075035059293127,26.00053079055071,1486.2150916993055,373.1160135530435,115.78618251700684,0.3361546086973895,290.0,Central Deccan Plateau dry deciduous forests,Tropical & Subtropical Dry Broadleaf Forests,Indomalayan,,0
r16c12,21.5,80.5,21.0,22.0,80.0,81.0,True,10.0,0.5352050566624527,0.4549614892774719,0.0098334540600735,106576,5.027659416312784,102602,342,0,0,40.365,67.6911,115.7239,158.18952192450084,187.16088786224032,0.7745381066268247,1.126271503260636,0.4392321777426984,0.5264038452939361,0.3190690436507433,25.52434173503876,1596.073864548784,412.53641354081327,133.449249363403,0.3132553163277891,290.0,Central Deccan Plateau dry deciduous forests,Tropical & Subtropical Dry Broadleaf Forests,Indomalayan,,1
r16c13,21.5,81.5,21.0,22.0,81.0,82.0,True,40.0,0.1240324809035815,0.8616891433821114,0.0142783757143085,592267,5.772517535245767,560550,349,0,0,36.734,58.0613,91.6106,,,,0.8902432840625886,0.3678708668785464,0.4425217400483694,0.2654979647474266,26.10755129451693,1453.6820442711312,297.1804714864438,46.74537904156333,0.3779350369275275,228.0,East Deccan moist deciduous forests,Tropical & Subtropical Moist Broadleaf Forests,Indomalayan,,0
r16c14,21.5,82.5,21.0,22.0,82.0,83.0,True,40.0,0.2972879125973773,0.6844222202795174,0.0182898671231051,40407,4.606456607636152,38558,288,0,0,39.1608,64.2933,106.5905,,,,0.9749719136188416,0.3631246704122661,0.4629792364034561,0.2864901109054268,26.18696348042077,1521.4421053441552,275.1727499041384,42.3573143967748,0.3725432378211858,228.0,East Deccan moist deciduous forests,Tropical & Subtropical Moist Broadleaf Forests,Indomalayan,,0
r16c15,21.5,83.5,21.0,22.0,83.0,84.0,True,40.0,0.4260069407222138,0.523432908263874,0.050560151013913,52154,4.717287622663004,49716,318,0,0,38.0484,61.7503,102.429,,,,1.0160373021686089,0.34623465151486,0.4801667435951995,0.2914265627757406,26.433596837842423,1589.682715703875,222.1694871044757,62.59963538202893,0.3866094599257137,297.0,North Deccan dry deciduous forests,Tropical & Subtropical Dry Broadleaf Forests,Indomalayan,,0
r16c16,21.5,84.5,21.0,22.0,84.0,85.0,True,10.0,0.7047846520876967,0.2769564937050514,0.0182588542072542,3515,3.5459253293558426,3344,230,0,0,38.6915,63.3217,105.2549,141.57194741581276,174.4926809627259,0.8025941096560771,1.2524448882879835,0.4430596645175301,0.5538619591890368,0.3335541405940458,25.80572768333129,1649.3783845469827,266.8125082079944,114.77879552051458,0.295967809063714,228.0,East Deccan moist deciduous forests,Tropical & Subtropical Moist Broadleaf Forests,Indomalayan,,1
r16c17,21.5,85.5,21.0,22.0,85.0,86.0,True,10.0,0.6823096653298415,0.3002729326002304,0.0174174020699334,3221,3.5079907248196918,3087,199,0,0,35.1914,55.6404,90.1722,112.86140693145832,145.27868655302214,0.8366189664519387,1.250093652740467,0.4668120232269359,0.5607114302183741,0.3445296586577511,24.84399709854989,1579.1085195827382,357.35280097859834,197.2271237316768,0.2709789402884826,228.0,East Deccan moist deciduous forests,Tropical & Subtropical Moist Broadleaf Forests,Indomalayan,,1
r16c18,21.5,86.5,21.0,22.0,86.0,87.0,True,10.0,0.5323971593252464,0.4088743435055667,0.058728497169191,48701,4.687537878874246,47305,344,0,0,40.2782,67.2793,113.6081,152.43105822496162,183.691359862586,0.7860026838929818,1.286467814044762,0.4362816907350297,0.5691351340143307,0.3552908074090976,25.296924516420084,1649.3369001572996,205.87336811254397,276.1109354395033,0.2794447535932407,228.0,East Deccan moist deciduous forests,Tropical & Subtropical Moist Broadleaf Forests,Indomalayan,,1
r16c19,21.5,87.5,21.0,22.0,87.0,88.0,True,80.0,0.1848859334889691,0.3177283601056926,0.4973857064053414,23468,4.370476079544294,22210,286,0,0,37.3117,59.5376,95.0223,,,,1.2144028750967322,0.4479393192085146,0.5039557402323543,0.3083654006413012,26.24369060692775,1635.801539334613,4.575346776880892,9.658342061057397,0.3276000628111649,,,,,,0
r16c20,21.5,88.5,21.0,22.0,88.0,89.0,True,80.0,0.226967436569531,0.1108885806826518,0.6621439827478175,95657,4.980716756382527,91777,326,0,0,38.9366,63.2367,101.5034,,,,1.1388153714780591,0.4556194079219491,0.3864091951401716,0.2216157038046397,26.31883063447822,1807.6674582059984,1.2784932071045765,2.1554734266578657,0.6185697475913473,,,,,,0
r16c21,21.5,89.5,21.0,22.0,89.0,90.0,True,80.0,0.2581764011827747,0.0005835426562477,0.7412400561609773,10160,4.0068937079479,9877,282,0,0,38.3648,62.2713,102.0815,,,,1.8248419816666377,0.1431730254827899,0.4401758209000942,0.2572906883232434,26.218836090912934,2018.337641521528,1.324015750803584,3.110843364522625,0.6064263508139682,,,,,,0
r16c22,21.5,90.5,21.0,22.0,90.0,91.0,True,80.0,0.0773460974765924,0.0919420812186889,0.83071182130472,3298,3.5182506513085,3200,222,0,0,38.9505,63.5366,104.1548,,,,1.21884281430898,0.4939948747005275,0.3313519389144099,0.2007707012765578,26.14416717770352,2123.0964338044555,0.5632008710197657,2.0602854766563845,0.5915984364893238,,,,,,0
r16c23,21.5,91.5,21.0,22.0,91.0,92.0,True,80.0,0.0609929975230892,0.0390305849539125,0.8999764175230011,9648,3.984437294796076,9391,266,0,0,37.62,59.8615,94.2127,,,,1.3359075181526805,0.5906599466674881,0.3559451948218771,0.2039902912313311,25.630558330898268,2304.890441515101,0.5750831524376134,3.3696974644501987,0.5201703522991131,,,,,,0
r16c24,21.5,92.5,21.0,22.0,92.0,93.0,True,10.0,0.9114848589711286,0.0437655568947021,0.0447495841341713,10800,4.033423755486949,10574,374,0,0,40.6963,69.0709,122.7584,208.5412299091486,257.0376293169088,0.7300655897610452,2.3449040689879745,0.9668841036984022,0.7158880415351653,0.4743548422444115,24.511783159599744,1995.064474892021,190.5893645929576,187.98528079255712,0.2099051180942397,238.0,Lower Gangetic Plains moist deciduous forests,Tropical & Subtropical Moist Broadleaf Forests,Indomalayan,,1
r16c25,21.5,93.5,21.0,22.0,93.0,94.0,True,10.0,0.9982239254309764,0.0012435449274316,0.0005325296415919,21517,4.332781719862915,21336,445,0,0,41.3308,70.1923,121.9724,188.76375121826229,246.80146085487047,0.7522436999766531,2.443424021848441,1.1078067736684276,0.7327708302929854,0.45868330924494,19.99434407281717,2230.1981903750725,1047.4698678691648,613.1729419257921,0.2319641576071967,226.0,Chin Hills-Arakan Yoma montane forests,Tropical & Subtropical Moist Broadleaf Forests,Indomalayan,,1
r16c26,21.5,94.5,21.0,22.0,94.0,95.0,True,10.0,0.7001703623336427,0.288032595898236,0.0117970417681227,38792,4.588742171107468,37358,567,0,0,41.7446,72.0216,131.6221,255.2395476002979,321.8420623640164,0.6929401363633823,1.2671679347510965,0.544957723733658,0.5252035343060056,0.333231529303533,25.475466426693245,1202.296115373072,342.3261933876976,224.79541318130276,0.3137312457071897,235.0,Irrawaddy moist deciduous forests,Tropical & Subtropical Moist Broadleaf Forests,Indomalayan,,1
r16c27,21.5,95.5,21.0,22.0,95.0,96.0,True,40.0,0.2974390239367763,0.6699882979567595,0.0325726781064669,3921,3.5933968423002067,3750,241,0,0,39.5999,65.3422,108.5032,,,,0.8498084727981823,0.3969662079550321,0.3834331989497874,0.2481493847245517,27.15554713220425,787.2532010342214,156.33657494781573,80.07802283599871,0.3572807272050411,294.0,Irrawaddy dry forests,Tropical & Subtropical Dry Broadleaf Forests,Indomalayan,,0
r16c28,21.5,96.5,21.0,22.0,96.0,97.0,True,10.0,0.6669362053322904,0.3213668292284674,0.0116969654392412,9032,3.955783928916912,8743,445,0,0,40.9838,69.8273,124.7915,229.19324279116572,303.0554809909728,0.7223046815793721,1.623115199645053,0.7213477663898582,0.5756397674545016,0.3557541761693144,23.36153817142985,1328.1313257518605,659.6351356846596,447.7417244396436,0.2981931848001843,256.0,Northern Indochina subtropical forests,Tropical & Subtropical Moist Broadleaf Forests,Indomalayan,,1
r16c29,21.5,97.5,21.0,22.0,97.0,98.0,True,10.0,0.8327933103874705,0.1671058185214384,0.0001008710910968,208,2.318063334962761,206,61,0,0,34.5107,50.7036,,,,,2.085836695124249,1.13311734547759,0.6337269005213182,0.3815914214720416,21.457878638622656,1398.1696703331977,1059.1744020249414,250.1212121380744,0.2713156133269401,256.0,Northern Indochina subtropical forests,Tropical & Subtropical Moist Broadleaf Forests,Indomalayan,,0
r16c30,21.5,98.5,21.0,22.0,98.0,99.0,True,10.0,0.9147281737431028,0.0806870557489897,0.0045847705079079,182,2.2600713879850747,178,113,0,0,42.9626,75.026,,,,,2.5537022071923383,1.3432726420850123,0.6808376282692596,0.4274866026412693,22.313467942837224,1570.2746463986823,890.0038869893478,269.3857087930591,0.2617444215057601,256.0,Northern Indochina subtropical forests,Tropical & Subtropical Moist Broadleaf Forests,Indomalayan,,0
r16c31,21.5,99.5,21.0,22.0,99.0,100.0,True,10.0,0.9469034978078138,0.0528947635532171,0.0002017386389698,4,0.6020599913279624,4,4,0,1,,,,,,,2.541879002808672,1.3806618831873263,0.6773354299360387,0.4126373538522243,20.50391910574835,1484.4149852422754,1200.3103152534245,301.2764393379704,0.2645868360850321,256.0,Northern Indochina subtropical forests,Tropical & Subtropical Moist Broadleaf Forests,Indomalayan,,0
r16c32,21.5,100.5,21.0,22.0,100.0,101.0,True,10.0,0.9542106033914012,0.0419510061692263,0.0038383904393729,3095,3.490660653356137,3016,271,0,0,38.4954,63.4469,108.5488,166.55430265361704,215.8206790455134,0.7775204355907217,2.741677657556546,1.3931843740606238,0.7193937234084661,0.4690040884380972,21.23756749889906,1535.7226191067468,1047.0808814407983,347.00917630317315,0.2293285728021425,256.0,Northern Indochina subtropical forests,Tropical & Subtropical Moist Broadleaf Forests,Indomalayan,,1
r16c33,21.5,101.5,21.0,22.0,101.0,102.0,True,10.0,0.9651160840431098,0.0332721144655169,0.0016118014913732,39228,4.593596166627994,38422,452,0,0,39.5042,65.6589,112.6557,174.12549728029666,226.02878572682496,0.7700469500715021,2.9327077913518926,1.5044840591113722,0.7260087720034645,0.4754574230983662,21.46547420312069,1562.8694428294557,963.1734416561596,224.16306643775332,0.2414543113655408,256.0,Northern Indochina subtropical forests,Tropical & Subtropical Moist Broadleaf Forests,Indomalayan,,1
r17c00,22.5,68.5,22.0,23.0,68.0,69.0,True,80.0,0.0158378917204681,0.0148317824862271,0.9693303257933022,9664,3.985156921277057,9360,234,0,0,40.1413,66.4908,109.0521,,,,0.8775368091801937,0.4706611772368673,0.2817442742081452,0.1786439226230452,26.259103180746084,797.4121880699164,0.091187945818278,0.9041798012606856,0.4895890997034285,,,,,,0
r17c01,22.5,69.5,22.0,23.0,69.0,70.0,True,40.0,0.1556795346879618,0.3654046005892347,0.4789158647228027,107485,5.031347860793344,104278,332,0,0,41.1765,69.5601,118.3085,,,,0.7618825401828802,0.3545499993385759,0.3155606851822813,0.1935487861147992,26.439527004759903,837.1221709120535,20.73777661604836,30.361295657677594,0.4903626363534904,,,,,,0
r17c02,22.5,70.5,22.0,23.0,70.0,71.0,True,40.0,0.1606449401817294,0.6822725072661513,0.1570825525521201,353876,5.548851109625348,343958,375,0,0,41.8514,71.5057,123.7497,,,,0.724008832865061,0.3301217350900916,0.3540685887948733,0.2136003404809431,26.61936390298436,822.9203480224003,74.98611487890633,60.25489628452319,0.4459290898389887,314.0,Aravalli west thorn scrub forests,Deserts & Xeric Shrublands,Indomalayan,,0
r17c03,22.5,71.5,22.0,23.0,71.0,72.0,True,40.0,0.1461259649604712,0.8450373325856474,0.0088367024538809,99506,4.997849268568125,96857,333,0,0,41.9019,71.6758,124.3006,,,,0.7047159864272345,0.2840266874843663,0.3897763065390849,0.2405927082368878,27.237503925251065,753.5229684289461,101.90218856910876,65.66408580266544,0.3642606045465539,314.0,Aravalli west thorn scrub forests,Deserts & Xeric Shrublands,Indomalayan,,0
r17c04,22.5,72.5,22.0,23.0,72.0,73.0,True,40.0,0.1678738730228878,0.7325492247400627,0.0995769022370521,626175,5.796695724445406,608788,403,0,0,41.9516,71.8825,125.5209,,,,0.6881192690347357,0.2723871423666955,0.3821766687253711,0.2378748654483508,27.26018647719845,859.2519595030493,18.576424033290728,13.516169101836487,0.3812708856147183,295.0,Khathiar-Gir dry deciduous forests,Tropical & Subtropical Dry Broadleaf Forests,Indomalayan,,0
r17c05,22.5,73.5,22.0,23.0,73.0,74.0,True,40.0,0.3428575248742573,0.645941235979759,0.011201239145981,252167,5.401688251723079,244380,348,0,0,39.7581,66.1184,112.1296,,,,0.9004344090731843,0.35409548972608,0.479868507036228,0.3051891937733029,26.811387907104784,1043.41638876309,97.62702640821117,61.570367743167374,0.3172954208361458,295.0,Khathiar-Gir dry deciduous forests,Tropical & Subtropical Dry Broadleaf Forests,Indomalayan,,0
r17c06,22.5,74.5,22.0,23.0,74.0,75.0,True,40.0,0.4013270437196418,0.5894606142531867,0.0092123420271757,27241,4.435223046211029,26351,301,0,0,41.8137,71.5108,124.4617,,,,0.8795397400436923,0.3801093570231939,0.4231261165772174,0.2631503610589308,25.736744998303923,1128.430041103389,322.71459801890626,99.574866376666,0.4158570014873844,296.0,Narmada Valley dry deciduous forests,Tropical & Subtropical Dry Broadleaf Forests,Indomalayan,,0
r17c07,22.5,75.5,22.0,23.0,75.0,76.0,True,40.0,0.217541877378043,0.7699504071085387,0.0125077155134152,238527,5.37753754600644,230199,312,0,0,38.2261,62.1849,102.7462,,,,0.8734709636019743,0.3890728171788511,0.435233238189914,0.2710308116219879,25.52115115671982,1182.878422416905,410.3140354879847,163.8191407351314,0.4453281271224381,295.0,Khathiar-Gir dry deciduous forests,Tropical & Subtropical Dry Broadleaf Forests,Indomalayan,,0
r17c08,22.5,76.5,22.0,23.0,76.0,77.0,True,40.0,0.3415010422948847,0.5990512422688251,0.0594477154362885,51353,4.710565819800644,50190,287,0,0,40.5246,67.8494,114.5609,,,,0.8804831894388452,0.3661545459773736,0.4336607025759912,0.2635328501544421,25.83318307884691,1292.2966257383118,360.3306900358812,121.10900693089393,0.502747893592954,296.0,Narmada Valley dry deciduous forests,Tropical & Subtropical Dry Broadleaf Forests,Indomalayan,,0
r17c09,22.5,77.5,22.0,23.0,77.0,78.0,True,40.0,0.4100494923396056,0.5756003398642756,0.0143501677961194,30403,4.482916439502271,29649,301,0,0,40.1421,67.0319,114.0367,,,,0.9765281125153408,0.3560356108176589,0.4880849312313468,0.3048684689341725,25.5049059963798,1438.5687212070463,393.6129164950419,102.41094610900691,0.4107107442869125,296.0,Narmada Valley dry deciduous forests,Tropical & Subtropical Dry Broadleaf Forests,Indomalayan,,0
r17c10,22.5,78.5,22.0,23.0,78.0,79.0,True,40.0,0.5427802177163212,0.4519687237096988,0.0052510585739785,361240,5.557795833605629,355248,350,0,0,40.1797,67.1809,114.3202,,,,1.064730387126563,0.4266546008516803,0.5042534392858836,0.3054425770641025,24.6087332877444,1542.0265043992663,553.412395079467,212.127553164549,0.3540262964731264,228.0,East Deccan moist deciduous forests,Tropical & Subtropical Moist Broadleaf Forests,Indomalayan,,0
r17c11,22.5,79.5,22.0,23.0,79.0,80.0,True,40.0,0.4060627555796349,0.5746999817087107,0.0192372627116552,15043,4.1773344555057,14577,297,0,0,40.5753,68.5145,119.6598,,,,0.9825126920266346,0.4352789678007828,0.4588957546478364,0.2754289089491709,24.80206783167531,1371.0168369131889,553.41841611949,113.77503172000084,0.4047243272679932,228.0,East Deccan moist deciduous forests,Tropical & Subtropical Moist Broadleaf Forests,Indomalayan,,0
r17c12,22.5,80.5,22.0,23.0,80.0,81.0,True,10.0,0.6343626832822524,0.3496447880357651,0.0159925286819816,1026893,6.011525193421533,1008221,397,0,0,37.015,58.7439,93.8783,118.05383997420232,149.35823725151425,0.8351535824203604,1.1489512863781777,0.4937471463031647,0.5098955465879119,0.2981642698600779,24.40091189540251,1508.1743699628482,566.177441240908,109.01243411303513,0.3354520432402512,228.0,East Deccan moist deciduous forests,Tropical & Subtropical Moist Broadleaf Forests,Indomalayan,,1
r17c13,22.5,81.5,22.0,23.0,81.0,82.0,True,40.0,0.5170234846434403,0.4780941830464022,0.0048823323101612,39984,4.601886238782375,39091,315,0,0,39.3452,64.9379,108.8133,,,,1.149978489017356,0.4857950130347088,0.5260249958705474,0.3138955035175235,24.11186264511036,1568.8349905021953,605.2269624685488,224.9646495553658,0.3042347915150556,228.0,East Deccan moist deciduous forests,Tropical & Subtropical Moist Broadleaf Forests,Indomalayan,,0
r17c14,22.5,82.5,22.0,23.0,82.0,83.0,True,10.0,0.5966509964543029,0.3813732593319138,0.0219757442137802,58868,4.769879281205094,56043,333,0,0,38.3732,62.2893,102.1907,135.0442828355438,170.1448978773548,0.8131662861731926,1.0950436997622888,0.4500830716384122,0.5017977579630288,0.3012209502471556,24.87508635648879,1541.7935111685103,414.60425675741874,138.81830595035518,0.3205372938911272,228.0,East Deccan moist deciduous forests,Tropical & Subtropical Moist Broadleaf Forests,Indomalayan,,1
r17c15,22.5,83.5,22.0,23.0,83.0,84.0,True,10.0,0.6044011136287574,0.3890446759243331,0.0065542104469111,5438,3.735439203251482,5228,266,0,0,39.6581,65.9223,112.1524,157.9152050414918,191.10000241251444,0.7794123884194507,1.1581927250657726,0.5064036409502274,0.5096873469860667,0.3069022142505294,24.2955459174631,1542.6017803061943,481.98926326174006,189.2257386403145,0.3021533453269803,228.0,East Deccan moist deciduous forests,Tropical & Subtropical Moist Broadleaf Forests,Indomalayan,,1
r17c16,22.5,84.5,22.0,23.0,84.0,85.0,True,40.0,0.5880683234128026,0.4010974422865349,0.0108342343006607,8010,3.9036325160842376,7725,215,0,0,34.7957,54.5141,87.935,,,,1.0848523425672991,0.4794096878647771,0.4944419249440241,0.2983240483440952,24.48904535909753,1479.680437887598,418.86937278401865,167.12705324879707,0.2870875490036125,292.0,Chhota-Nagpur dry deciduous forests,Tropical & Subtropical Dry Broadleaf Forests,Indomalayan,,0
r17c17,22.5,85.5,22.0,23.0,85.0,86.0,True,10.0,0.682623885117015,0.3130933978041731,0.0042827170788127,1794,3.2538224387080734,1749,180,0,0,34.483,54.1659,88.9003,116.04241339932432,150.39581117937132,0.8291393005355494,1.212262534255607,0.4759882893704885,0.558033400699551,0.3362346843941938,24.779539266158626,1335.62599453058,385.6184190762917,124.13929189448343,0.2539276164623599,292.0,Chhota-Nagpur dry deciduous forests,Tropical & Subtropical Dry Broadleaf Forests,Indomalayan,,1
r17c18,22.5,86.5,22.0,23.0,86.0,87.0,True,10.0,0.531675297670542,0.4552241208927563,0.0131005814366999,55935,4.747683642416988,53868,347,0,0,39.0919,64.2113,106.8917,145.9074813834309,184.37828494566372,0.7995465334168248,1.116756406705656,0.410188683502091,0.552963453368502,0.3421559468355139,25.49903661883375,1357.001807830815,190.32216305773468,115.0745137275753,0.2480522893305642,292.0,Chhota-Nagpur dry deciduous forests,Tropical & Subtropical Dry Broadleaf Forests,Indomalayan,,1
r17c19,22.5,87.5,22.0,23.0,87.0,88.0,True,40.0,0.3807631384453836,0.5958217320439555,0.023415129510658,82352,4.915674150906094,78363,366,0,0,38.0349,61.4434,100.5356,,,,1.1701152879231624,0.4222675945150856,0.5443745141546665,0.3449185733483389,25.98347583463837,1512.206850211318,31.743482780961795,25.80678553967158,0.2820764319696448,238.0,Lower Gangetic Plains moist deciduous forests,Tropical & Subtropical Moist Broadleaf Forests,Indomalayan,,0
r17c20,22.5,88.5,22.0,23.0,88.0,89.0,True,40.0,0.4042682347952395,0.4906234276256874,0.1051083375790738,1032165,6.013749128358638,995890,471,0,0,36.6732,58.2989,94.74,,,,1.1285174887568992,0.4133640627080966,0.4832245987492373,0.2914407751221179,26.002746569805904,1649.9394495121635,6.558028187449642,3.780926401974036,0.3233231482008137,282.0,Sundarbans freshwater swamp forests,Tropical & Subtropical Moist Broadleaf Forests,Indomalayan,,0
r17c21,22.5,89.5,22.0,23.0,89.0,90.0,True,40.0,0.4534213746544478,0.3413481252795253,0.2052305000660208,35484,4.550032570573743,34953,313,0,0,38.1074,61.3723,98.4178,,,,1.1678757131811717,0.3095966210144369,0.4554831212456664,0.2642508855339998,25.894951789344795,1746.1479721771964,5.906969184010434,3.394654675168162,0.4360922285285944,323.0,Sundarbans mangroves,Mangroves,Indomalayan,,0
r17c22,22.5,90.5,22.0,23.0,90.0,91.0,True,10.0,0.3927778503020276,0.3631982404297624,0.2440239092682043,34412,4.536709914228673,33733,281,0,0,33.6896,52.0838,82.883,100.3341796749696,128.7712373772101,0.8519005156012831,1.3694761568508276,0.4916324621463411,0.4504892744965682,0.2834266849613064,25.81335423696365,1811.45376748,5.25420502836714,3.1238193694597243,0.5043477160484243,323.0,Sundarbans mangroves,Mangroves,Indomalayan,,1
r17c23,22.5,91.5,22.0,23.0,91.0,92.0,True,80.0,0.4161241643699534,0.1781655716902897,0.4057102639397452,26783,4.427859221312066,26135,386,0,0,41.8584,72.0534,129.1294,,,,1.6189919062611244,0.6276263903279997,0.5432578306295648,0.3352841564902596,25.512004263881355,2042.9571161662209,13.945438791584944,30.47396482306816,0.3333191297235013,323.0,Sundarbans mangroves,Mangroves,Indomalayan,,0
r17c24,22.5,92.5,22.0,23.0,92.0,93.0,True,10.0,0.9377487059989608,0.0335179557255949,0.0287333382754441,8468,3.9277808493473754,8316,333,0,0,40.2575,68.1317,119.8286,188.50726396023532,232.89478939622663,0.7461475056646631,2.295335151695242,0.9397996870840154,0.728381187290118,0.4699417885868039,23.829316863190712,1638.9586202408404,260.47394441881096,255.1117744783704,0.19813870900448,249.0,Mizoram-Manipur-Kachin rain forests,Tropical & Subtropical Moist Broadleaf Forests,Indomalayan,,1
r17c25,22.5,93.5,22.0,23.0,93.0,94.0,True,10.0,0.9941806016732848,0.0054360747155869,0.0003833236111283,16969,4.2296562496672125,16920,292,0,0,38.8396,63.5255,104.8605,136.87952629002743,167.74163642723153,0.808335500653528,2.270639215668621,1.0688787487513798,0.694626287391846,0.4263306944373906,19.71959573567609,1700.3837163424605,1157.3882260392447,476.4937621798048,0.2493205613561488,226.0,Chin Hills-Arakan Yoma montane forests,Tropical & Subtropical Moist Broadleaf Forests,Indomalayan,,1
r17c26,22.5,94.5,22.0,23.0,94.0,95.0,True,10.0,0.7228087380775357,0.2671452148700289,0.0100460470524404,1131,3.053462604925455,1110,226,0,0,43.2087,75.7222,137.4221,200.58865410702157,217.7773611429592,0.7034220391373887,1.4825272016716584,0.6227221950171922,0.5872887014783615,0.3693244294353995,25.0996182771294,1432.563068104691,325.58575988283405,232.3477931633589,0.2961818309552835,235.0,Irrawaddy moist deciduous forests,Tropical & Subtropical Moist Broadleaf Forests,Indomalayan,,1
r17c27,22.5,95.5,22.0,23.0,95.0,96.0,True,40.0,0.2859497615837879,0.6972828171096891,0.0167674213065106,1739,3.2402995820027125,1654,190,0,0,38.9454,63.5135,103.5294,,,,0.9906443747343124,0.4143049270098299,0.4367625916270464,0.2805072457842411,26.88058943399389,924.4920804500828,130.71061169591965,44.649975239544496,0.3531724952906919,235.0,Irrawaddy moist deciduous forests,Tropical & Subtropical Moist Broadleaf Forests,Indomalayan,,0
r17c28,22.5,96.5,22.0,23.0,96.0,97.0,True,10.0,0.7472797244534265,0.2411562563489421,0.0115640191976261,1880,3.27415784926368,1846,299,0,0,40.436,68.6913,124.0142,236.84155569719067,294.77769569575764,0.7126817352137631,2.078202451137854,0.9526758236910357,0.6337740916659055,0.4034744096159588,22.31374260767458,1447.3521867860431,739.1078920316983,398.10220453119393,0.2958948985513013,256.0,Northern Indochina subtropical forests,Tropical & Subtropical Moist Broadleaf Forests,Indomalayan,,1
r17c29,22.5,97.5,22.0,23.0,97.0,98.0,True,10.0,0.7781778848234477,0.2210151322743864,0.0008069829021684,884,2.946452265013073,873,219,0,0,41.3487,70.8217,126.3425,210.44493288367167,,0.726618392360271,2.1955074524232807,1.1732841263136862,0.6397251419060014,0.3998585765565904,21.82966701336217,1356.1256581475004,845.6756160799731,243.13997484441387,0.272149943635855,256.0,Northern Indochina subtropical forests,Tropical & Subtropical Moist Broadleaf Forests,Indomalayan,,1
r17c30,22.5,98.5,22.0,23.0,98.0,99.0,True,10.0,0.9229406403806616,0.0753646657596114,0.0016946938597253,156,2.1931245983544616,154,76,0,0,40.6767,64.8307,,,,,2.644170138485359,1.451021848445412,0.6701490605213823,0.4262993110631342,20.91027625906525,1626.1922297866556,1074.6889515012651,293.87909339916644,0.2814514509216798,256.0,Northern Indochina subtropical forests,Tropical & Subtropical Moist Broadleaf Forests,Indomalayan,,0
r17c31,22.5,99.5,22.0,23.0,99.0,100.0,True,10.0,0.9532678153943822,0.0461471323698282,0.0005850522357895,167,2.2227164711475837,163,86,0,0,39.2257,64.4341,,,,,2.607790227323717,1.446356893875472,0.6816685037620693,0.432964387595659,19.509967677229486,1483.1271273038208,1312.5845972941518,332.7562650977152,0.2690006935715926,256.0,Northern Indochina subtropical forests,Tropical & Subtropical Moist Broadleaf Forests,Indomalayan,,0
r17c32,22.5,100.5,22.0,23.0,100.0,101.0,True,10.0,0.9302764811541294,0.0531803952560917,0.0165431235897826,10581,4.024526714387152,10453,383,0,0,40.0434,67.1733,116.9408,188.5605550795737,242.38847334988853,0.75414405843231,2.536460811882541,1.3800468945334416,0.6840981206417723,0.4242957959235043,20.08443678719737,1306.9326757356494,1267.7791022552394,313.559717395613,0.2494349694880528,256.0,Northern Indochina subtropical forests,Tropical & Subtropical Moist Broadleaf Forests,Indomalayan,,1
r17c33,22.5,101.5,22.0,23.0,101.0,102.0,True,10.0,0.976810555146482,0.0203851792684827,0.0028042655850353,2420,3.383815365980431,2381,280,0,0,41.8694,71.677,125.5761,191.0243390943389,242.8233250971773,0.7433878183696131,2.927133539280161,1.597567264417554,0.7123409268762712,0.4474536425989583,19.90308181824114,1812.7818462801545,1203.6482479133915,268.4301873637082,0.2637121476701716,256.0,Northern Indochina subtropical forests,Tropical & Subtropical Moist Broadleaf Forests,Indomalayan,,1
r18c00,23.5,68.5,23.0,24.0,68.0,69.0,True,80.0,0.2522584436771491,0.1230970082799015,0.6246445480429506,54222,4.734175532664321,52265,306,0,0,39.8307,66.2923,112.5422,,,,0.5867855384638437,0.216354908425289,0.2068859524001912,0.128054390093813,26.4386516644544,551.4358825301389,14.314270469073778,27.532885684278483,0.5517852612170281,314.0,Aravalli west thorn scrub forests,Deserts & Xeric Shrublands,Indomalayan,,0
r18c01,23.5,69.5,23.0,24.0,69.0,70.0,True,40.0,0.5898455941636064,0.3365515323190015,0.0736028735173913,331804,5.520881617274407,322780,369,0,0,40.8695,69.0511,119.0511,,,,0.5528367952107116,0.1750790065465499,0.2536360140627899,0.1675536499168866,26.709241301059023,573.0942806695477,59.951015428704885,63.28281481672212,0.5211643267685026,314.0,Aravalli west thorn scrub forests,Deserts & Xeric Shrublands,Indomalayan,,0
r18c02,23.5,70.5,23.0,24.0,70.0,71.0,True,40.0,0.4576521430272197,0.3810989120520697,0.1612489449207077,53329,4.726963440076019,52071,301,0,0,39.7216,65.9914,111.5432,,,,0.472633828860756,0.1556967373931478,0.1924172788187067,0.1259691128361923,27.246068242889404,583.6497897065728,23.318876702579274,32.049978365411526,0.6483272593455679,314.0,Aravalli west thorn scrub forests,Deserts & Xeric Shrublands,Indomalayan,,0
r18c03,23.5,71.5,23.0,24.0,71.0,72.0,True,40.0,0.4041652526182647,0.5879931271314583,0.0078416202502806,191785,5.282814636870221,187266,352,0,0,41.5992,70.6427,120.3681,,,,0.4752997120207992,0.1749699589143242,0.2678563309887286,0.1769779116879948,27.42246331573537,680.80359832763,18.98315162093036,15.254993855054137,0.4072881457638701,312.0,Rann of Kutch seasonal salt marsh,Flooded Grasslands & Savannas,Indomalayan,,0
r18c04,23.5,72.5,23.0,24.0,72.0,73.0,True,40.0,0.1004330752169074,0.8968519678869201,0.0027149568961732,655468,5.816551494252416,637897,367,0,0,37.605,61.0847,102.7831,,,,0.7898398907017006,0.3270055492393717,0.4462255595774762,0.2969146589135156,26.42506392447233,738.569855594829,94.56925917930865,46.37172773956931,0.2947617696467232,314.0,Aravalli west thorn scrub forests,Deserts & Xeric Shrublands,Indomalayan,,0
r18c05,23.5,73.5,23.0,24.0,73.0,74.0,True,40.0,0.4018066597796764,0.5798060457571007,0.0183872944632202,52180,4.717504074764202,50576,292,0,0,41.0336,69.136,117.183,,,,0.9008865278096566,0.3602700360094101,0.4651020153947454,0.3032297491032451,25.97947030275328,922.2925700978882,193.92666356155345,83.84350904889429,0.3476027794480715,295.0,Khathiar-Gir dry deciduous forests,Tropical & Subtropical Dry Broadleaf Forests,Indomalayan,,0
r18c06,23.5,74.5,23.0,24.0,74.0,75.0,True,40.0,0.3367955900411697,0.646700687446117,0.0165037225127171,7244,3.8599784416420206,7020,259,0,0,41.1285,69.5836,119.4297,,,,0.8771788292869459,0.3812985257220882,0.4301323694243016,0.2683602181551845,25.60980670987725,1111.8824682277716,317.24295649431946,117.65574194470815,0.4197602665341052,295.0,Khathiar-Gir dry deciduous forests,Tropical & Subtropical Dry Broadleaf Forests,Indomalayan,,0
r18c07,23.5,75.5,23.0,24.0,75.0,76.0,True,40.0,0.0893575950000436,0.904865435969012,0.0057769690309432,11937,4.076895193866051,11486,240,0,0,38.348,62.2072,101.2,,,,0.8572938471361664,0.4025104662095488,0.4508478466879783,0.2829165184206565,24.99714002241777,1121.4560559278502,479.62531649556087,25.50013403367235,0.4509999871810515,295.0,Khathiar-Gir dry deciduous forests,Tropical & Subtropical Dry Broadleaf Forests,Indomalayan,,0
r18c08,23.5,76.5,23.0,24.0,76.0,77.0,True,40.0,0.0849776244145046,0.9042638997991456,0.0107584757863493,7898,3.8975171294005255,7689,227,0,0,38.6306,63.2611,104.434,,,,0.8330521249990319,0.3939202195125632,0.4499971464906354,0.2796307806861056,25.13143685425316,1250.4345231830491,456.9820268302529,34.56545389166119,0.4517980336409424,295.0,Khathiar-Gir dry deciduous forests,Tropical & Subtropical Dry Broadleaf Forests,Indomalayan,,0
r18c09,23.5,77.5,23.0,24.0,77.0,78.0,True,40.0,0.2257815795210868,0.7623381396377569,0.0118802808411565,136962,5.136600089203857,132819,336,0,0,39.6549,65.6935,110.28,,,,0.9002790521668012,0.3993376063164444,0.4599051734110054,0.2844620549715387,24.90410982828012,1319.743678689524,464.3564474746639,37.9747673223961,0.4404575315197073,295.0,Khathiar-Gir dry deciduous forests,Tropical & Subtropical Dry Broadleaf Forests,Indomalayan,,0
r18c10,23.5,78.5,23.0,24.0,78.0,79.0,True,40.0,0.3029938302685866,0.6870675806810267,0.0099385890503859,4371,3.6405808064896528,4262,245,0,0,38.0796,61.8386,102.9336,,,,0.8895346230103313,0.3934554209635018,0.4513530923614788,0.2719466867192215,24.906555172743065,1318.6448254511631,459.49326608532033,77.68199346764943,0.4118754367799082,296.0,Narmada Valley dry deciduous forests,Tropical & Subtropical Dry Broadleaf Forests,Indomalayan,,0
r18c11,23.5,79.5,23.0,24.0,79.0,80.0,True,40.0,0.4068279354260464,0.5866025736867541,0.0065694908871996,113983,5.056840083294943,110897,362,0,0,41.2031,70.0683,122.5485,,,,0.9375518854796348,0.4051108441477234,0.4669282044712161,0.2906133899763534,25.060625135946324,1178.4681207085264,403.6449763017585,54.53428201489886,0.3789895585681118,296.0,Narmada Valley dry deciduous forests,Tropical & Subtropical Dry Broadleaf Forests,Indomalayan,,0
r18c12,23.5,80.5,23.0,24.0,80.0,81.0,True,40.0,0.4677938894994033,0.5273250256378775,0.0048810848627198,81288,4.910026438356236,79182,340,0,0,41.5727,71.0016,124.4381,,,,1.0225322092144369,0.4505362927991505,0.4878693518063574,0.2979181740153496,24.66283824792411,1199.5931556762334,490.4071308717867,116.42258293516772,0.3315456589042174,296.0,Narmada Valley dry deciduous forests,Tropical & Subtropical Dry Broadleaf Forests,Indomalayan,,0
r18c13,23.5,81.5,23.0,24.0,81.0,82.0,True,10.0,0.6147500081085303,0.3768100808400608,0.0084399110514112,114290,5.058008232715403,112599,339,0,0,39.0546,63.8699,105.1252,137.4126984228362,167.87137658566047,0.808746758636099,1.0899699056775785,0.488376266399762,0.5010941689889525,0.3040764781555085,24.32344438322006,1138.190835306291,510.7220761125098,117.49005517959652,0.2845732916840464,296.0,Narmada Valley dry deciduous forests,Tropical & Subtropical Dry Broadleaf Forests,Indomalayan,,1
r18c14,23.5,82.5,23.0,24.0,82.0,83.0,True,10.0,0.7101040283092277,0.283277203842336,0.0066187678484304,8047,3.9056340013269546,7781,262,0,0,38.5948,62.9337,104.4289,143.76386396876734,178.5373781678485,0.8021859181418148,1.1634504409147275,0.527548342278545,0.5158651813937889,0.3103619815728193,24.001773393340088,1222.5819710923583,552.8853550168845,124.31867103115226,0.2882951017275244,292.0,Chhota-Nagpur dry deciduous forests,Tropical & Subtropical Dry Broadleaf Forests,Indomalayan,,1
r18c15,23.5,83.5,23.0,24.0,83.0,84.0,True,10.0,0.6023249634469934,0.392878193587318,0.004796842965689,3276,3.5153438930883807,3161,264,0,0,40.8073,69.1845,121.1381,180.7421157234727,214.8101348881022,0.7486436267122438,1.225970160634668,0.5597706708095257,0.5238566341314763,0.3187555657949945,23.451779782255933,1294.590428736842,622.359158625345,199.0203417256659,0.2944871518038977,292.0,Chhota-Nagpur dry deciduous forests,Tropical & Subtropical Dry Broadleaf Forests,Indomalayan,,1
r18c16,23.5,84.5,23.0,24.0,84.0,85.0,True,10.0,0.5708022083294096,0.4244979325587767,0.0046998591118111,3222,3.5081255360831998,3137,234,0,0,39.2526,64.7218,108.3579,148.24001352139155,182.17397869031063,0.7948609135336191,1.198645899993805,0.5558177506669844,0.527816075924341,0.3258082055278404,23.17075294667248,1232.769347470196,615.7376639630389,182.53868863793696,0.2837077587436388,292.0,Chhota-Nagpur dry deciduous forests,Tropical & Subtropical Dry Broadleaf Forests,Indomalayan,,1
r18c17,23.5,85.5,23.0,24.0,85.0,86.0,True,10.0,0.5354604043902556,0.4508501871462241,0.0136894084635214,56139,4.749264672310713,53883,316,0,0,38.4009,62.7016,104.4962,141.92127862518407,175.6658450885131,0.801383477530871,1.0377338121112805,0.4639248927824648,0.4916244725235413,0.3039041976638312,23.76845280897471,1293.610373714983,463.2150367833942,152.50121837616786,0.3050765829434737,292.0,Chhota-Nagpur dry deciduous forests,Tropical & Subtropical Dry Broadleaf Forests,Indomalayan,,1
r18c18,23.5,86.5,23.0,24.0,86.0,87.0,True,40.0,0.4160485594109956,0.5646754491927455,0.019275991396257,109319,5.038695650312351,104417,365,0,0,39.3959,64.9515,108.6218,,,,0.9983291827689514,0.4031671747656878,0.4934814126354492,0.3061144747552581,25.03735619604023,1376.8104571113656,209.183312252754,79.50538533381818,0.2964280529910016,292.0,Chhota-Nagpur dry deciduous forests,Tropical & Subtropical Dry Broadleaf Forests,Indomalayan,,0
r18c19,23.5,87.5,23.0,24.0,87.0,88.0,True,40.0,0.2402464000734103,0.7467304210112459,0.0130231789153428,153706,5.18669082075955,147171,368,0,0,39.355,64.7924,107.7719,,,,1.0015949241293782,0.3513399876132956,0.4937973664489943,0.3106024033766149,25.62795233828925,1426.040579392772,65.54311196375969,32.43121834036932,0.3206546490401624,292.0,Chhota-Nagpur dry deciduous forests,Tropical & Subtropical Dry Broadleaf Forests,Indomalayan,,0
r18c20,23.5,88.5,23.0,24.0,88.0,89.0,True,40.0,0.3150923355486508,0.6746971873229749,0.0102104771283746,136129,5.133950654214004,131575,330,0,0,39.037,63.8981,105.3038,,,,1.1644196514762035,0.3773796695166879,0.5537607579765533,0.3567823029811502,25.59835867274928,1567.063209330416,15.26150917321717,4.049711748938441,0.2453776866796489,238.0,Lower Gangetic Plains moist deciduous forests,Tropical & Subtropical Moist Broadleaf Forests,Indomalayan,,0
r18c21,23.5,89.5,23.0,24.0,89.0,90.0,True,40.0,0.3546289398066579,0.5936243163533487,0.0517467438399906,19600,4.292256071356476,19089,264,0,0,36.8853,58.9408,96.2274,,,,1.2086407976152778,0.3748708627620901,0.5456458516801005,0.3393778601600635,25.564327679193383,1672.9453145209131,9.638239065957476,3.3837512697126284,0.3002383611048707,238.0,Lower Gangetic Plains moist deciduous forests,Tropical & Subtropical Moist Broadleaf Forests,Indomalayan,,0
r18c22,23.5,90.5,23.0,24.0,90.0,91.0,True,40.0,0.3766467698784893,0.5304363263748386,0.092916903746677,249816,5.397620250247817,245136,396,0,0,33.6673,51.5932,81.4873,,,,1.253003975631806,0.4489010178082164,0.5213971306652196,0.3171934268638903,25.576414348706653,1740.7222155762968,7.894786476091303,3.306671320588467,0.3488349130832722,238.0,Lower Gangetic Plains moist deciduous forests,Tropical & Subtropical Moist Broadleaf Forests,Indomalayan,,0
r18c23,23.5,91.5,23.0,24.0,91.0,92.0,True,10.0,0.7663836401071621,0.230065739283747,0.0035506206090882,240727,5.381524803583688,234661,393,0,0,38.0621,62.0777,104.2147,145.51477679493527,183.34945422395512,0.7965486965302314,1.754809438001042,0.6693899878227766,0.6553566061167757,0.415856138231836,25.062340599513632,1683.4221950124522,61.03863581602132,54.86051689135292,0.214582785270817,238.0,Lower Gangetic Plains moist deciduous forests,Tropical & Subtropical Moist Broadleaf Forests,Indomalayan,,1
r18c24,23.5,92.5,23.0,24.0,92.0,93.0,True,10.0,0.98629168205942,0.0131636715730985,0.0005446463674816,31158,4.4935695729787,30874,383,0,0,40.8234,69.447,123.0082,192.45209704530376,232.8923746182547,0.7365945885497847,2.5883918606503085,1.0993065426009323,0.7655963737277852,0.5088194311721236,22.736194474255623,1617.1641381162874,418.46153126667815,311.0095994246654,0.1702061796411753,249.0,Mizoram-Manipur-Kachin rain forests,Tropical & Subtropical Moist Broadleaf Forests,Indomalayan,,1
r18c25,23.5,93.5,23.0,24.0,93.0,94.0,True,10.0,0.9884321743278424,0.0113661012846283,0.0002017243875291,3541,3.5491259267581112,3528,262,0,0,41.6548,71.0087,123.1313,174.13751557415063,207.068319256505,0.7562677536580086,2.523903568018305,1.239306749050845,0.6927345987642124,0.4314102250823334,19.52411160064325,1495.1709715890777,1163.6647442435512,411.6270256845585,0.2574274455191772,226.0,Chin Hills-Arakan Yoma montane forests,Tropical & Subtropical Moist Broadleaf Forests,Indomalayan,,1
r18c26,23.5,94.5,23.0,24.0,94.0,95.0,True,10.0,0.8799571346675313,0.1106831802773275,0.0093596850551412,931,2.9689496809813427,914,232,0,0,42.0898,72.9915,133.0588,217.01429464428028,,0.7007648647983847,2.131338822239756,0.9125573480443008,0.6691542339744623,0.4195667726898169,24.24525552083232,1712.9312866623136,320.5617200756739,171.2680552322903,0.2613672546042455,235.0,Irrawaddy moist deciduous forests,Tropical & Subtropical Moist Broadleaf Forests,Indomalayan,,1
r18c27,23.5,95.5,23.0,24.0,95.0,96.0,True,10.0,0.6268195046771983,0.3504276438692507,0.0227528514535508,1673,3.2234959409623944,1606,279,0,0,43.3976,76.5052,141.6902,231.31163268234536,262.9452725138252,0.6753379482878343,1.5552232731010576,0.664227706840955,0.5539736531466872,0.3537288877745797,25.372996842733,1180.4317691480082,240.09047327123315,95.00246885776056,0.3459251987904512,235.0,Irrawaddy moist deciduous forests,Tropical & Subtropical Moist Broadleaf Forests,Indomalayan,,1
r18c28,23.5,96.5,23.0,24.0,96.0,97.0,True,10.0,0.8002345616812481,0.1852607742576382,0.0145046640611112,257,2.4099331233312946,249,91,0,0,38.274,61.0186,,,,,2.0840728977607625,0.8926702497890114,0.6617917851673212,0.4160948501360137,24.46651433049392,1583.528354704346,281.86540729715625,241.85799614424292,0.2680664307718056,235.0,Irrawaddy moist deciduous forests,Tropical & Subtropical Moist Broadleaf Forests,Indomalayan,,0
r18c29,23.5,97.5,23.0,24.0,97.0,98.0,True,10.0,0.928043466686266,0.0703696018003633,0.0015869315133712,3029,3.481299273332856,2949,380,0,0,43.0253,75.771,142.2904,277.6216752376639,340.9400154945521,0.6564098447972142,2.756575762763281,1.433304435066809,0.706098003064416,0.4520209449259241,20.463355576233955,1837.0687452698096,991.4044383601184,415.98406475762295,0.252914836327603,256.0,Northern Indochina subtropical forests,Tropical & Subtropical Moist Broadleaf Forests,Indomalayan,,1
r18c30,23.5,98.5,23.0,24.0,98.0,99.0,True,10.0,0.947759233459924,0.0495242903473921,0.0027164761926836,199,2.298853076409707,194,98,0,0,40.5368,67.2217,,,,,2.6532456947952823,1.467706675734621,0.6972961327765906,0.4404698275747256,19.785443724844704,1633.2379651908432,1176.3629725958758,350.6366594113984,0.2571298330250791,256.0,Northern Indochina subtropical forests,Tropical & Subtropical Moist Broadleaf Forests,Indomalayan,,0
r18c31,23.5,99.5,23.0,24.0,99.0,100.0,True,10.0,0.8688395817853521,0.1298089119674633,0.0013515062471863,533,2.7267272090265724,529,186,0,0,42.5149,73.4391,130.3286,,,0.7244676218902627,2.338582950920997,1.3029872769718167,0.6521996672290866,0.4064740266615475,17.96338293354877,1514.7594883173952,1555.0177831055094,465.2929603554101,0.292450904611531,256.0,Northern Indochina subtropical forests,Tropical & Subtropical Moist Broadleaf Forests,Indomalayan,,1
r18c32,23.5,100.5,23.0,24.0,100.0,101.0,True,10.0,0.9191539283649016,0.0718693363900511,0.0089767352450476,12,1.0791812460476249,11,7,0,1,,,,,,,2.354528772226385,1.1798649296757997,0.6812293701405132,0.4052544705901482,18.67155375158821,1443.5112176520229,1481.639276705031,367.4770517843849,0.2541597199704278,256.0,Northern Indochina subtropical forests,Tropical & Subtropical Moist Broadleaf Forests,Indomalayan,,0
r18c33,23.5,101.5,23.0,24.0,101.0,102.0,True,10.0,0.9213539347041384,0.0753339667105178,0.0033120985853433,366,2.5634810853944106,362,169,0,0,42.6238,74.6387,138.2329,,,0.6784436157343107,2.223311780859155,1.1006841077731642,0.656947107084252,0.3931146863057203,18.750130528445226,1642.810783827386,1451.185943541552,392.6942776343277,0.2788353692501646,256.0,Northern Indochina subtropical forests,Tropical & Subtropical Moist Broadleaf Forests,Indomalayan,,1
r19c00,24.5,68.5,24.0,25.0,68.0,69.0,True,40.0,0.2400072063900455,0.5356840132471625,0.2243087803627914,697,2.8432327780980096,683,169,0,0,40.2769,67.2678,114.1505,,,,0.4102708218822515,0.1165692444028568,0.2240045471348191,0.1419734705864586,26.947450970289665,366.9268599262881,7.196876313170343,4.535610386977356,0.4944711344140168,314.0,Aravalli west thorn scrub forests,Deserts & Xeric Shrublands,Indomalayan,,0
r19c01,24.5,69.5,24.0,25.0,69.0,70.0,True,20.0,0.7823249535861411,0.1697145463586733,0.0479605000551862,2078,3.3176455432211585,2000,201,0,0,37.2817,59.9019,98.2416,127.87128413627104,162.57797938957486,0.8182416795955345,0.2886236313910155,0.0513388447614753,0.1921391167135808,0.1343198360048815,27.256333715324264,378.0894705443967,21.48940217292403,20.791679500967444,0.4924242816114784,318.0,Thar desert,Deserts & Xeric Shrublands,Indomalayan,,1
r19c02,24.5,70.5,24.0,25.0,70.0,71.0,True,20.0,0.7671074869288914,0.1571485200845668,0.0757439929865431,3140,3.496929648073215,3093,266,0,0,41.1816,69.8477,121.1748,176.77448846871823,214.30440463400947,0.756024850818988,0.2394724423654121,0.0313863503859238,0.1485961659881745,0.1066130572857975,27.497828065901828,421.4826735345487,41.82044932648976,38.37663268874081,0.6398492369681039,318.0,Thar desert,Deserts & Xeric Shrublands,Indomalayan,,1
r19c03,24.5,71.5,24.0,25.0,71.0,72.0,True,40.0,0.356434703522945,0.630057904083432,0.0135073923936259,20982,4.321846882692888,20487,266,0,0,40.2127,66.9358,111.9281,,,,0.5332966659675606,0.1717529058869167,0.2960958173192543,0.2101750873179377,27.13686059819729,549.0902665617184,40.95337338659181,32.3527686898677,0.3968320659354205,314.0,Aravalli west thorn scrub forests,Deserts & Xeric Shrublands,Indomalayan,,0
r19c04,24.5,72.5,24.0,25.0,72.0,73.0,True,40.0,0.3506350052247284,0.6421548088686857,0.0072101859065929,177248,5.24858134346659,173055,336,0,0,37.5434,60.4887,99.9311,,,,0.7716592153441689,0.3155116017867003,0.4331162693146795,0.2893046262838718,25.52284929470957,715.5858833051556,267.4940049748848,149.94409781235092,0.3232686463112525,314.0,Aravalli west thorn scrub forests,Deserts & Xeric Shrublands,Indomalayan,,0
r19c05,24.5,73.5,24.0,25.0,73.0,74.0,True,30.0,0.7670618535780148,0.226328560873369,0.0066095855486134,151444,5.18025207186822,147297,350,0,0,39.7679,65.9581,110.9682,153.00110536725754,187.51423826580927,0.7886814982165127,0.9488921685167268,0.3956445429122298,0.4640720065041349,0.2949267174507261,24.080037496498964,823.3027294569987,527.6208573292095,175.19395129850295,0.34171743833086,295.0,Khathiar-Gir dry deciduous forests,Tropical & Subtropical Dry Broadleaf Forests,Indomalayan,,1
r19c06,24.5,74.5,24.0,25.0,74.0,75.0,True,40.0,0.4014516513637924,0.5940382639615552,0.0045100846746522,104708,5.019979864325703,102092,329,0,0,41.3036,70.6144,123.0801,,,,0.9218854385721338,0.4003870175724149,0.4652226072244828,0.2961402771446402,24.70304074949764,909.9483300397612,441.65921312527735,74.30523014237444,0.3503702153157521,295.0,Khathiar-Gir dry deciduous forests,Tropical & Subtropical Dry Broadleaf Forests,Indomalayan,,0
r19c07,24.5,75.5,24.0,25.0,75.0,76.0,True,40.0,0.367167014526401,0.5636098338936407,0.0692231515799493,78529,4.895030067116819,77107,300,0,0,39.7948,66.06,111.1278,,,,0.8003924035398046,0.3590978809773629,0.4051279247076486,0.2471395640792219,25.12619639101264,1026.163388272949,423.9891677577433,48.891317629079886,0.5005598234219493,295.0,Khathiar-Gir dry deciduous forests,Tropical & Subtropical Dry Broadleaf Forests,Indomalayan,,0
r19c08,24.5,76.5,24.0,25.0,76.0,77.0,True,40.0,0.3117447357282127,0.6747672564866328,0.0134880077851487,5311,3.725176301419137,5173,257,0,0,39.8497,66.4622,113.5106,,,,0.8070342434445723,0.3495143031417619,0.4339928740047667,0.2707233666983742,25.46876131762348,1137.7409868904183,347.7122644013576,48.86423691933141,0.4163829228675041,295.0,Khathiar-Gir dry deciduous forests,Tropical & Subtropical Dry Broadleaf Forests,Indomalayan,,0
r19c09,24.5,77.5,24.0,25.0,77.0,78.0,True,40.0,0.1874617481029899,0.8068395499456634,0.0056987019513451,1511,3.1792644643390253,1466,195,0,0,39.2794,64.6889,107.8569,,,,0.8559450271382413,0.3858451977885155,0.4446651036760443,0.276860536766899,24.691446784218567,1169.6728110616962,464.00708763743,38.5617826180779,0.4381085124206156,295.0,Khathiar-Gir dry deciduous forests,Tropical & Subtropical Dry Broadleaf Forests,Indomalayan,,0
r19c10,24.5,78.5,24.0,25.0,78.0,79.0,True,40.0,0.250845413484982,0.7249470773492288,0.0242075091657827,3919,3.5931752634781025,3793,231,0,0,38.0439,61.9007,103.3827,,,,0.8689413967271897,0.4000860219402735,0.4558170978750331,0.2890493820367003,24.81232873250485,1094.1646505615704,394.30472504736827,49.91134469899194,0.4413387839677887,296.0,Narmada Valley dry deciduous forests,Tropical & Subtropical Dry Broadleaf Forests,Indomalayan,,0
r19c11,24.5,79.5,24.0,25.0,79.0,80.0,True,40.0,0.374472860765303,0.6145969167962242,0.0109302224384763,85569,4.932316456647239,84447,301,0,0,38.3204,62.7491,105.3983,,,,0.881763159663142,0.3981172480868576,0.4645935716975428,0.2964435582336586,25.00700326153069,1079.3051747116542,348.8066710270133,78.08420228951866,0.3786094128158807,296.0,Narmada Valley dry deciduous forests,Tropical & Subtropical Dry Broadleaf Forests,Indomalayan,,0
r19c12,24.5,80.5,24.0,25.0,80.0,81.0,True,40.0,0.4320374604318353,0.5551850620301734,0.0127774775379893,65970,4.8193464840804525,64970,289,0,0,38.5119,63.1545,105.7795,,,,0.9006628407910889,0.3870849919796226,0.4629476483579267,0.2924786758563373,24.782792942101143,1075.2086059306469,364.7511115794688,83.41754196160072,0.369416514837778,296.0,Narmada Valley dry deciduous forests,Tropical & Subtropical Dry Broadleaf Forests,Indomalayan,,0
r19c13,24.5,81.5,24.0,25.0,81.0,82.0,True,40.0,0.3323964254773731,0.6313318221916284,0.0362717523309953,17469,4.242268044827688,17143,273,0,0,38.2441,62.2422,103.3106,,,,0.8861808429568525,0.3857438432563404,0.4755478396299689,0.2959477132990502,24.954245775150422,1091.8473514692223,323.0609582695471,76.56975828139369,0.3592152612128705,296.0,Narmada Valley dry deciduous forests,Tropical & Subtropical Dry Broadleaf Forests,Indomalayan,,0
r19c14,24.5,82.5,24.0,25.0,82.0,83.0,True,40.0,0.4641268804976188,0.4919442931791009,0.0439288263232756,6430,3.808210972924222,6293,245,0,0,38.7884,63.6158,106.1248,,,,0.8710065479827744,0.379391566458863,0.4410010979802969,0.278065421632378,25.0457146872764,1114.4360130983137,297.6217234118096,84.53527392096841,0.3753826649058711,296.0,Narmada Valley dry deciduous forests,Tropical & Subtropical Dry Broadleaf Forests,Indomalayan,,0
r19c15,24.5,83.5,24.0,25.0,83.0,84.0,True,40.0,0.5456791844473148,0.4324079877376555,0.021912827815021,1528,3.184123354239671,1474,180,0,0,38.9136,63.5219,104.0614,,,,0.9892554093774958,0.4019059030059803,0.4877942745059422,0.3095597617190052,24.98670837368257,1164.9880959609768,279.31267515285646,105.94635125519052,0.3323269480557431,292.0,Chhota-Nagpur dry deciduous forests,Tropical & Subtropical Dry Broadleaf Forests,Indomalayan,,0
r19c16,24.5,84.5,24.0,25.0,84.0,85.0,True,40.0,0.3447621900315099,0.6433067250479259,0.0119310849205579,4987,3.697839368218363,4801,218,0,0,35.0647,54.9842,88.956,,,,0.978980052568638,0.3998699750459278,0.492609056728671,0.3135802967540093,25.089340943279883,1129.152793222945,215.56325681843168,112.90556258026324,0.3317277965592384,292.0,Chhota-Nagpur dry deciduous forests,Tropical & Subtropical Dry Broadleaf Forests,Indomalayan,,0
r19c17,24.5,85.5,24.0,25.0,85.0,86.0,True,40.0,0.4480630657037818,0.54365229400208,0.0082846402941416,12664,4.1025709018543,12313,259,0,0,37.3806,60.0767,98.214,,,,1.0268448073622345,0.4346072143600216,0.4959965281857323,0.3136390591173226,24.607047979732368,1203.954336989194,286.2093378523319,154.60926476103813,0.3049737303218658,292.0,Chhota-Nagpur dry deciduous forests,Tropical & Subtropical Dry Broadleaf Forests,Indomalayan,,0
r19c18,24.5,86.5,24.0,25.0,86.0,87.0,True,40.0,0.4248433278346765,0.5659904505338434,0.0091662216314791,22811,4.358144324512175,21938,264,0,0,37.7452,60.3283,95.1111,,,,0.9127305361172604,0.3910409592220468,0.4567682849643737,0.2938185827668285,24.58860108436786,1315.7086226070887,228.7358515524896,82.3414263049864,0.3100513609256667,292.0,Chhota-Nagpur dry deciduous forests,Tropical & Subtropical Dry Broadleaf Forests,Indomalayan,,0
r19c19,24.5,87.5,24.0,25.0,87.0,88.0,True,40.0,0.3624835864029043,0.6217357838292153,0.0157806297678743,22846,4.358810172458563,21924,306,0,0,40.9965,68.9761,116.4537,,,,1.0033384141488273,0.3833395642492249,0.4991319555244555,0.3129533890184545,25.00152357587941,1426.8219249251674,113.90014448949624,75.3540496488673,0.3103534371242354,292.0,Chhota-Nagpur dry deciduous forests,Tropical & Subtropical Dry Broadleaf Forests,Indomalayan,,0
r19c20,24.5,88.5,24.0,25.0,88.0,89.0,True,40.0,0.3237041556609742,0.636002953873654,0.040292890465371,138887,5.142661597123614,134274,396,0,0,39.8028,66.1384,112.0827,,,,1.087238861803069,0.3427875509546195,0.5158038476036543,0.3244104640754968,25.32571896596154,1582.3225062564543,22.32063667148376,6.395969345431776,0.3233544083953719,238.0,Lower Gangetic Plains moist deciduous forests,Tropical & Subtropical Moist Broadleaf Forests,Indomalayan,,0
r19c21,24.5,89.5,24.0,25.0,89.0,90.0,True,40.0,0.2788486125272844,0.6532886296416531,0.0678627578310571,9447,3.975293915356206,9217,237,0,0,35.1093,54.6285,85.9594,,,,1.1434815491144086,0.3674172253348355,0.5057496550794609,0.312874777064112,25.132819966148315,1845.4149074584475,15.6471430587756,3.5806626970577407,0.3884410018530903,238.0,Lower Gangetic Plains moist deciduous forests,Tropical & Subtropical Moist Broadleaf Forests,Indomalayan,,0
r19c22,24.5,90.5,24.0,25.0,90.0,91.0,True,40.0,0.4081322835936438,0.5812859276878392,0.0105817887185131,17623,4.246079841223767,17462,235,0,0,32.098,48.0922,72.0656,,,,1.2368507132898787,0.4187701241004406,0.5551416606591553,0.3287677806852826,24.949085285129016,2268.2116178687497,14.353616336153904,4.4105952773621135,0.3104435739296234,238.0,Lower Gangetic Plains moist deciduous forests,Tropical & Subtropical Moist Broadleaf Forests,Indomalayan,,0
r19c23,24.5,91.5,24.0,25.0,91.0,92.0,True,40.0,0.3589717035646468,0.6158901940332404,0.0251381024021082,75321,4.876916077297879,73223,428,0,0,40.8684,69.3075,121.6987,,,,1.3018745226141706,0.4753318831970988,0.4971678033980777,0.2947497713091236,24.82585040543185,2591.6357368274857,21.402027010188476,27.3305912925858,0.4774592215079126,238.0,Lower Gangetic Plains moist deciduous forests,Tropical & Subtropical Moist Broadleaf Forests,Indomalayan,,0
r19c24,24.5,92.5,24.0,25.0,92.0,93.0,True,10.0,0.7457561599892656,0.2420235080448657,0.0122203319658664,82487,4.91638550887557,79197,457,0,0,40.9152,69.2949,120.5851,175.50198467079923,210.00540921248827,0.7544112321297956,1.8820517675914807,0.7388721944580321,0.6586124597877079,0.4085238525018112,24.283967736500248,2123.4344938242184,107.59400951274574,150.41660772993913,0.2287005322060148,249.0,Mizoram-Manipur-Kachin rain forests,Tropical & Subtropical Moist Broadleaf Forests,Indomalayan,,1
r19c25,24.5,93.5,24.0,25.0,93.0,94.0,True,10.0,0.8723280781736498,0.1186223199093051,0.0090496019170452,25829,4.4121075922790505,25334,458,0,0,40.5255,68.9717,123.9914,217.3825918611745,270.12515516502697,0.7197994268191081,2.512315121517937,1.1881497926327471,0.7103568424356366,0.4428256995301006,20.865669572694188,1566.6155346118005,738.3923688926319,393.92835659459263,0.2343584002086685,249.0,Mizoram-Manipur-Kachin rain forests,Tropical & Subtropical Moist Broadleaf Forests,Indomalayan,,1
r19c26,24.5,94.5,24.0,25.0,94.0,95.0,True,10.0,0.8610333502744024,0.1271296061296705,0.0118370435959283,5895,3.770483809431108,5833,340,0,0,41.429,71.0339,126.993,206.90120864515436,252.45723402863135,0.723381213571543,2.275489874671157,1.000628693525498,0.6803300378407702,0.4251607626237643,22.374898185597203,1616.9328432632665,542.2217679639155,414.69970895148754,0.2517715160152345,249.0,Mizoram-Manipur-Kachin rain forests,Tropical & Subtropical Moist Broadleaf Forests,Indomalayan,,1
r19c27,24.5,95.5,24.0,25.0,95.0,96.0,True,10.0,0.9377570275797584,0.0611019418485816,0.0011410305716601,918,2.9628426812012423,895,214,0,0,42.7878,74.5243,134.1,192.54164623047896,213.6036797505776,0.7153942761130079,2.203456050419452,0.8555981307122197,0.6814355027677452,0.4209754799825368,23.992820785509807,1537.9588736548392,349.43468454444786,193.32357013006836,0.2553335654366017,249.0,Mizoram-Manipur-Kachin rain forests,Tropical & Subtropical Moist Broadleaf Forests,Indomalayan,,1
r19c28,24.5,96.5,24.0,25.0,96.0,97.0,True,10.0,0.7936437135242247,0.1923145570185056,0.0140417294572676,1138,3.056142262059052,1103,215,0,0,39.4139,65.8709,114.5765,182.7847511224266,,0.7596031038736553,2.256919765928543,0.9096851734981336,0.6694855505295679,0.4307397938786571,24.31823394117125,1778.3172771959566,285.8884637284513,216.21366532970515,0.2853856426727887,249.0,Mizoram-Manipur-Kachin rain forests,Tropical & Subtropical Moist Broadleaf Forests,Indomalayan,,1
r19c29,24.5,97.5,24.0,25.0,97.0,98.0,True,10.0,0.8558329792234348,0.1299538366221967,0.0142131841543684,123189,5.090571929804192,121452,643,0,0,44.3885,79.8344,154.2474,296.28853632742494,351.1007593058342,0.6137021160601315,2.5872641520820525,1.2655969699707166,0.6826252477810795,0.4421768938187204,20.897389152589835,2040.0350663265992,780.2856091858071,637.5505978909121,0.2866346383842582,249.0,Mizoram-Manipur-Kachin rain forests,Tropical & Subtropical Moist Broadleaf Forests,Indomalayan,,1
r19c30,24.5,98.5,24.0,25.0,98.0,99.0,True,10.0,0.9006622123589235,0.092742010134934,0.0065957775061414,10425,4.018076063645795,10142,495,0,0,42.1911,73.7495,137.9509,268.37618006600354,340.8159996885892,0.6673316754804737,2.456026290345884,1.3728279370715142,0.6695400409434279,0.410848082187054,17.302953908538296,1681.523260981394,1499.2374760199434,428.621591776936,0.2818187288137497,256.0,Northern Indochina subtropical forests,Tropical & Subtropical Moist Broadleaf Forests,Indomalayan,,1
r19c31,24.5,99.5,24.0,25.0,99.0,100.0,True,10.0,0.8426234677880254,0.1505948308435441,0.0067817013684289,227,2.3560258571931225,223,97,0,0,35.5509,57.9538,,,,,1.9503528251589484,1.1014761437827372,0.6158662482378611,0.3659977366292458,17.088044379581174,1341.7727108945128,1660.272989724527,442.81020156043405,0.298420832374714,256.0,Northern Indochina subtropical forests,Tropical & Subtropical Moist Broadleaf Forests,Indomalayan,,0
r19c32,24.5,100.5,24.0,25.0,100.0,101.0,True,10.0,0.9028655595879904,0.086602812099987,0.0105316283120207,2055,3.312811826212088,2004,299,0,0,43.1886,75.8889,139.932,235.27532363947915,275.1565268034408,0.6809212447159866,1.977897875638099,1.0634125799024898,0.6212924278994689,0.3577963339783386,17.01391550828682,1221.5790720231075,1803.4943930713407,403.175120209091,0.3121876543501813,256.0,Northern Indochina subtropical forests,Tropical & Subtropical Moist Broadleaf Forests,Indomalayan,,1
r19c33,24.5,101.5,24.0,25.0,101.0,102.0,True,10.0,0.9250134022465144,0.0740435353069285,0.0009430624465571,2834,3.4523998459114416,2813,284,0,0,40.8264,69.1031,120.4496,187.3039820585616,235.46269365439244,0.7515183286234416,1.897946756343495,0.9770532261084958,0.614130158548831,0.3431258668981705,17.842575354211665,1112.6576121623286,1695.9883620397754,430.8207971585008,0.2778686929552476,643.0,Yunnan Plateau subtropical evergreen forests,Tropical & Subtropical Moist Broadleaf Forests,Palearctic,,1
r20c00,25.5,68.5,25.0,26.0,68.0,69.0,True,40.0,0.4209912860208288,0.5597860566999898,0.019222657279181,2905,3.4631461367263494,2823,205,0,0,39.0173,63.5038,102.7273,,,,0.4725662968464914,0.1073428710656806,0.3130115173034135,0.2172291175965223,26.858474588703416,292.6963713405851,36.12119719335109,30.891394759950057,0.3099371100116084,314.0,Aravalli west thorn scrub forests,Deserts & Xeric Shrublands,Indomalayan,,0
r20c01,25.5,69.5,25.0,26.0,69.0,70.0,True,40.0,0.5559412123431616,0.4335527996589365,0.0105059879979023,126,2.100370545117563,122,70,0,0,38.8917,62.5084,,,,,0.309982092576868,0.0532232250969601,0.2638113120036923,0.1838343126970796,27.250526803301845,268.1175289896927,22.37606910913908,14.620890828643534,0.3718688777498902,314.0,Aravalli west thorn scrub forests,Deserts & Xeric Shrublands,Indomalayan,Thar Desert,0
r20c02,25.5,70.5,25.0,26.0,70.0,71.0,True,20.0,0.8122493383382423,0.1877304920615228,2.016960023615049e-05,187,2.271841606536499,185,71,0,0,34.544,52.9754,,,,,0.1936730960571784,0.0159059722964237,0.1805480810661178,0.1295232396931067,27.228500679035783,343.5432873527714,123.58895737947364,47.4184610863644,0.4547414674012994,318.0,Thar desert,Deserts & Xeric Shrublands,Indomalayan,Thar Desert,0
r20c03,25.5,71.5,25.0,26.0,71.0,72.0,True,40.0,0.547514235876622,0.4518603634080526,0.0006254007153223,2436,3.3866772839608377,2383,229,0,0,37.9331,62.2089,106.3507,,,,0.2500192952290048,0.0341788345940845,0.2177595124524615,0.1559902644060503,27.11757063698094,394.83595425527113,131.65440332198455,63.27192212975958,0.4059196464032911,318.0,Thar desert,Deserts & Xeric Shrublands,Indomalayan,Thar Desert,0
r20c04,25.5,72.5,25.0,26.0,72.0,73.0,True,40.0,0.2754767317139799,0.724281186151829,0.000242082134196,7523,3.876391061819188,7269,232,0,0,38.3604,62.0386,100.5634,,,,0.4373767895116272,0.1618143486204321,0.2906927327344268,0.2018631319424375,26.49367590185554,508.3526889070584,162.34169942084526,63.08318923142459,0.3651856708684953,314.0,Aravalli west thorn scrub forests,Deserts & Xeric Shrublands,Indomalayan,Thar Desert,0
r20c05,25.5,73.5,25.0,26.0,73.0,74.0,True,40.0,0.4512264659324775,0.5455819914419192,0.0031915426256026,60472,4.781554332333412,58587,309,0,0,38.3742,62.8511,106.0983,,,,0.6795712516205907,0.2951896211090293,0.3750210241458593,0.2455403659972583,25.186712865278764,636.6409405264387,375.4157862921092,194.11956013806372,0.352868321668868,314.0,Aravalli west thorn scrub forests,Deserts & Xeric Shrublands,Indomalayan,Thar Desert,0
r20c06,25.5,74.5,25.0,26.0,74.0,75.0,True,40.0,0.4735450007474628,0.522566775213383,0.0038882240391559,37219,4.570764700328436,36299,286,0,0,34.0134,53.2704,87.4172,,,,0.7693256094918497,0.3375707404390423,0.4144377248225557,0.2678050726507898,24.76160849999577,701.4199159844757,454.4579652699404,66.62725660118431,0.3270916128204593,295.0,Khathiar-Gir dry deciduous forests,Tropical & Subtropical Dry Broadleaf Forests,Indomalayan,,0
r20c07,25.5,75.5,25.0,26.0,75.0,76.0,True,40.0,0.3832880545582146,0.6000486917878639,0.0166632536539208,82520,4.916559219301114,80263,325,0,0,38.0223,62.1785,105.1659,,,,0.7366892739012811,0.3026869604352431,0.411226933164133,0.2658615601177819,25.351136206655173,841.2194948678015,336.99803450693986,71.70905738300989,0.3892278337130999,295.0,Khathiar-Gir dry deciduous forests,Tropical & Subtropical Dry Broadleaf Forests,Indomalayan,,0
r20c08,25.5,76.5,25.0,26.0,76.0,77.0,True,40.0,0.317703071266606,0.6697120656410879,0.0125848630923034,33934,4.530635055505357,33136,321,0,0,40.6735,68.4468,117.3304,,,,0.7873248317922128,0.3036110086766512,0.4307669656832109,0.2822836419093099,25.441218905124465,931.2564789517464,266.4765832342821,53.46519412588343,0.4240107707477613,295.0,Khathiar-Gir dry deciduous forests,Tropical & Subtropical Dry Broadleaf Forests,Indomalayan,,0
r20c09,25.5,77.5,25.0,26.0,77.0,78.0,True,40.0,0.567326451533298,0.4224429941920476,0.0102305542746545,21427,4.330961369611591,21168,268,0,0,37.4606,60.2909,99.1593,,,,0.8474170170710561,0.3471145995030256,0.4453068886755251,0.2748393391176092,24.719088053702823,923.835072091311,392.53987520316497,64.1829890970392,0.3671242317778609,295.0,Khathiar-Gir dry deciduous forests,Tropical & Subtropical Dry Broadleaf Forests,Indomalayan,,0
r20c10,25.5,78.5,25.0,26.0,78.0,79.0,True,40.0,0.188303610199963,0.7963910655796682,0.0153053242203658,11431,4.058084224750925,11101,268,0,0,37.4436,60.2415,98.4154,,,,0.8196355849354444,0.3307032265087532,0.4560436633232734,0.2978932653245019,25.350945564657167,936.1126430452408,250.7953774297985,58.28444440869451,0.3939571416205006,287.0,Upper Gangetic Plains moist deciduous forests,Tropical & Subtropical Moist Broadleaf Forests,Indomalayan,,0
r20c11,25.5,79.5,25.0,26.0,79.0,80.0,True,40.0,0.1361958883051028,0.8492415721425594,0.0145625395523397,3261,3.513350798805957,3170,194,0,0,38.135,61.8279,100.6329,,,,0.7253095452428886,0.3046041737821621,0.4352702248070736,0.2892334598785224,25.641147292844387,962.138361623942,177.75870849866394,38.02072603909226,0.3968428254804249,287.0,Upper Gangetic Plains moist deciduous forests,Tropical & Subtropical Moist Broadleaf Forests,Indomalayan,,0
r20c12,25.5,80.5,25.0,26.0,80.0,81.0,True,40.0,0.1238571254901223,0.8627825286239164,0.0133603458859601,1080,3.03342375548695,1057,172,0,0,38.0008,61.2523,99.5752,,,,0.724575321816592,0.2976999812156343,0.4354889224802161,0.283734290871813,25.589665252109995,1000.3759954461682,135.56335970005938,38.7297999317046,0.3764717637844239,287.0,Upper Gangetic Plains moist deciduous forests,Tropical & Subtropical Moist Broadleaf Forests,Indomalayan,,0
r20c13,25.5,81.5,25.0,26.0,81.0,82.0,True,40.0,0.1712516657018052,0.8089189784133272,0.019829355884868,76980,4.886377906758572,74279,314,0,0,38.0871,61.3006,98.9004,,,,0.7883828794834306,0.3059507942862102,0.4639774477700198,0.3107359587142835,25.49427345104904,1107.9853916483207,111.81839723058536,27.23245865661123,0.3492780097955549,287.0,Upper Gangetic Plains moist deciduous forests,Tropical & Subtropical Moist Broadleaf Forests,Indomalayan,,0
r20c14,25.5,82.5,25.0,26.0,82.0,83.0,True,40.0,0.1517598688074287,0.8331633154678136,0.0150768157247582,13624,4.134304634954544,13225,245,0,0,33.8467,51.6777,80.488,,,,0.8118260094886594,0.3169177644820622,0.4662236769230101,0.3122234867770899,25.45368603124208,1165.3641555005806,91.8147250952642,15.615603125681435,0.3555929526257821,287.0,Upper Gangetic Plains moist deciduous forests,Tropical & Subtropical Moist Broadleaf Forests,Indomalayan,,0
r20c15,25.5,83.5,25.0,26.0,83.0,84.0,True,40.0,0.0504369684223182,0.9349871349599252,0.014575896617756,13353,4.125578849002185,13036,239,0,0,32.5949,48.8538,74.4967,,,,0.8774381876870456,0.3135030155905166,0.4673843367419311,0.3079874183497863,25.424663948873985,1230.548244363957,75.90651365242353,8.569285930916806,0.4058169301831116,287.0,Upper Gangetic Plains moist deciduous forests,Tropical & Subtropical Moist Broadleaf Forests,Indomalayan,,0
r20c16,25.5,84.5,25.0,26.0,84.0,85.0,True,40.0,0.092583361742147,0.8753661968600287,0.0320504413978243,5948,3.7743709598499167,5713,186,0,0,31.2218,46.8684,72.8771,,,,0.8651535161507631,0.2936220391102198,0.4516530583614178,0.2901989897100493,25.41187377720932,1282.9636947334689,69.33763508956989,12.349079673353833,0.4175201301827969,238.0,Lower Gangetic Plains moist deciduous forests,Tropical & Subtropical Moist Broadleaf Forests,Indomalayan,,0
r20c17,25.5,85.5,25.0,26.0,85.0,86.0,True,40.0,0.1566619816009008,0.8123267323208662,0.0310112860782361,24264,4.384962397302608,23304,260,0,0,34.1988,52.4424,81.1567,,,,0.8527620693011938,0.3038574299338886,0.4510992284640153,0.2903160120058282,25.32378222418868,1332.3103833592716,54.133045141218695,10.536386202399369,0.3744750064629213,238.0,Lower Gangetic Plains moist deciduous forests,Tropical & Subtropical Moist Broadleaf Forests,Indomalayan,,0
r20c18,25.5,86.5,25.0,26.0,86.0,87.0,True,40.0,0.1758347532056177,0.7828146320577721,0.0413506147366091,21702,4.336499759145263,20766,252,0,0,37.115,59.3686,95.9972,,,,0.9115210821484564,0.3114206715235604,0.4707836209086966,0.3063872164563543,25.0996944425852,1384.887836367852,53.61944636097783,41.86150171998802,0.389447770147057,238.0,Lower Gangetic Plains moist deciduous forests,Tropical & Subtropical Moist Broadleaf Forests,Indomalayan,,0
r20c19,25.5,87.5,25.0,26.0,87.0,88.0,True,40.0,0.1849239856779805,0.7743351763013587,0.0407408380206574,48147,4.682569231771339,46323,310,0,0,39.6337,65.502,109.1922,,,,1.0078432531424604,0.3222796711719555,0.5001858552787465,0.3221316065795955,24.88836783939003,1594.1781829752415,45.2840369322685,32.21267879784162,0.3523660087319742,238.0,Lower Gangetic Plains moist deciduous forests,Tropical & Subtropical Moist Broadleaf Forests,Indomalayan,,0
r20c20,25.5,88.5,25.0,26.0,88.0,89.0,True,40.0,0.1969812307131983,0.7979219814245433,0.0050967878622653,20553,4.312875222239046,19916,275,0,0,36.9016,58.5689,93.6715,,,,1.13161310574083,0.3175882619381825,0.5359544134359026,0.3393691898742066,24.70241482796263,1961.0508267968528,35.042833738505294,7.913817736729979,0.3117922713288397,238.0,Lower Gangetic Plains moist deciduous forests,Tropical & Subtropical Moist Broadleaf Forests,Indomalayan,,0
r20c21,25.5,89.5,25.0,26.0,89.0,90.0,True,40.0,0.2850289846977724,0.6179833131304707,0.0969877021717687,4710,3.673020907128896,4585,245,0,0,36.8584,59.3017,98.5662,,,,1.132129195532193,0.3563788777955458,0.4941701550335936,0.3029354111018612,24.655668521180875,2296.3091262127464,29.327575110394218,11.47432040539649,0.4239681790998609,238.0,Lower Gangetic Plains moist deciduous forests,Tropical & Subtropical Moist Broadleaf Forests,Indomalayan,,0
r20c22,25.5,90.5,25.0,26.0,90.0,91.0,True,10.0,0.8022025021248277,0.190913264562206,0.0068842333129772,63420,4.80222623769107,62808,409,0,0,38.7888,64.1669,110.2308,166.34187214939965,208.0710277695543,0.7732373522506837,1.7959922777413824,0.6733781532701704,0.6584087277838474,0.4115638038081663,23.27882355301366,2554.0701644562832,234.7021430619378,230.02769081404372,0.2646037741634684,244.0,Meghalaya subtropical forests,Tropical & Subtropical Moist Broadleaf Forests,Indomalayan,,1
r20c23,25.5,91.5,25.0,26.0,91.0,92.0,True,10.0,0.8373223880563948,0.1504427334142495,0.0122348785293557,66681,4.824002104221735,66032,505,0,0,41.6611,72.361,134.2806,248.73183150698415,299.9491349882352,0.6799687058451549,2.1067234935596155,1.0076529441385442,0.6174600589492076,0.3706671677924687,20.54419377875777,3408.6867852599785,727.1197777584093,586.1610668915407,0.3231959745946672,244.0,Meghalaya subtropical forests,Tropical & Subtropical Moist Broadleaf Forests,Indomalayan,,1
r20c24,25.5,92.5,25.0,26.0,92.0,93.0,True,10.0,0.8970567363374293,0.0985527192072093,0.0043905444553602,7485,3.874191804679071,7387,362,0,0,40.2633,68.2961,121.4334,196.3792388510037,244.29979658606737,0.7353116755800683,2.238773720750016,1.054642625625945,0.6717227440280992,0.4148255153533689,21.33629325186353,2484.92157575198,673.7216985363974,403.95155183018073,0.2464858811754718,244.0,Meghalaya subtropical forests,Tropical & Subtropical Moist Broadleaf Forests,Indomalayan,,1
r20c25,25.5,93.5,25.0,26.0,93.0,94.0,True,10.0,0.9233317267800296,0.0766279247867235,4.0348433246603e-05,22176,4.345883212931713,21974,438,0,0,41.0905,70.6504,128.5605,222.30661931802268,270.8116192966797,0.7062518839379576,2.5233459444153987,1.207971115878789,0.7214091862908765,0.4586368750317003,20.84168021942313,1765.2519497131243,667.5921500969256,543.8256817755831,0.2251836481437066,249.0,Mizoram-Manipur-Kachin rain forests,Tropical & Subtropical Moist Broadleaf Forests,Indomalayan,,1
r20c26,25.5,94.5,25.0,26.0,94.0,95.0,True,10.0,0.9844391028151308,0.0151310036171503,0.0004298935677194,81118,4.909117234399623,80919,419,0,0,39.7014,66.4024,114.6894,171.6419695520612,212.20901831342053,0.7655800132236232,2.3663133080468666,1.1192259580795207,0.6824364657288678,0.4103384756191998,18.07426150234762,1938.508185680787,1350.58300074144,483.8225406554498,0.2913889706053224,304.0,Northeast India-Myanmar pine forests,Tropical & Subtropical Coniferous Forests,Indomalayan,,1
r20c27,25.5,95.5,25.0,26.0,95.0,96.0,True,10.0,0.9855610374040232,0.0076964234756028,0.0067425391203742,4108,3.61363043492524,4021,381,0,0,42.8758,75.3061,140.1755,258.06354618684134,315.509832125234,0.6700854138040279,2.510741842218509,1.0401093979805862,0.7169085177844577,0.4274168411675018,22.163374693326485,2719.5376085136068,488.6542136018819,589.3320281054846,0.2893330465428635,249.0,Mizoram-Manipur-Kachin rain forests,Tropical & Subtropical Moist Broadleaf Forests,Indomalayan,,1
r20c28,25.5,96.5,25.0,26.0,96.0,97.0,True,10.0,0.8759946925469883,0.1116389450978306,0.012366362355184,13241,4.121920785563038,12880,456,0,0,43.0693,75.4267,138.0278,240.3885646010325,296.0812238620945,0.6894608538148428,2.5511611057280934,1.1339850002819925,0.6857194829368523,0.4340996955535983,22.63077547405039,2557.227549511741,451.2635467512557,298.0734655589464,0.3033817883678343,259.0,Northern Triangle subtropical forests,Tropical & Subtropical Moist Broadleaf Forests,Indomalayan,,1
r20c29,25.5,97.5,25.0,26.0,97.0,98.0,True,10.0,0.9258515624616808,0.0616800412780964,0.0124683962602249,3102,3.4916417934775863,3058,386,0,0,43.6095,77.2619,145.3002,282.9956333411418,342.69604050382725,0.6515337586167862,2.6914616736746564,1.335456977177032,0.7108167057649581,0.4571546068034849,21.04773265905398,2609.6763997121384,613.039275880056,570.1866493738598,0.2900351736629503,249.0,Mizoram-Manipur-Kachin rain forests,Tropical & Subtropical Moist Broadleaf Forests,Indomalayan,,1
r20c30,25.5,98.5,25.0,26.0,98.0,99.0,True,10.0,0.9293727630850152,0.066222295957,0.004404940957984,90103,4.9547392511539305,89457,624,0,0,42.6266,74.2001,135.2599,249.0820351344844,317.15406013637744,0.693905838733643,2.197409645486424,1.2474245478378168,0.6509578413740421,0.3733870972467529,14.045891561309894,2072.421239458893,1981.9352768357687,601.2551793797179,0.3303900456840088,256.0,Northern Indochina subtropical forests,Tropical & Subtropical Moist Broadleaf Forests,Indomalayan,,1
r20c31,25.5,99.5,25.0,26.0,99.0,100.0,True,10.0,0.8643100366461716,0.1284267082098594,0.0072632551439684,4186,3.621799224002668,4137,386,0,0,41.4594,71.2582,128.9212,240.85115024261736,313.0384283480906,0.7077641617481526,1.8541096757426083,1.1146534752282564,0.6069433244335357,0.3426085405379169,13.906823159206594,1274.1330392804473,2151.505456673758,418.7985218753594,0.2945357535373519,643.0,Yunnan Plateau subtropical evergreen forests,Tropical & Subtropical Moist Broadleaf Forests,Palearctic,,1
r20c32,25.5,100.5,25.0,26.0,100.0,101.0,True,10.0,0.7682214499058038,0.2059969317787952,0.0257816183154023,22358,4.349432951816721,22024,471,0,0,41.1343,70.1341,124.4504,209.75865256338304,269.10962418767684,0.731188358198374,1.7012556739642926,1.021217664195169,0.5612705457435192,0.314643955445,15.288319701715611,1016.7385243363492,2115.0494184462013,369.8253979653953,0.3056516529950752,643.0,Yunnan Plateau subtropical evergreen forests,Tropical & Subtropical Moist Broadleaf Forests,Palearctic,,1
r20c33,25.5,101.5,25.0,26.0,101.0,102.0,True,10.0,0.8361102986625846,0.1585644341741476,0.0053252671632707,6817,3.833593293998456,6781,271,0,0,37.875,60.7641,97.6359,124.8700326718682,165.14667524981598,0.8293768077604893,1.6924420081237406,0.951204179371852,0.5913380863412616,0.3256783910972997,16.44221443685533,1105.856776588304,1955.0423713205023,330.45091541463546,0.2431531937854948,643.0,Yunnan Plateau subtropical evergreen forests,Tropical & Subtropical Moist Broadleaf Forests,Palearctic,,1
r21c00,26.5,68.5,26.0,27.0,68.0,69.0,True,40.0,0.4176786097675655,0.5651789961533928,0.0171423940790417,27,1.4313637641589874,27,22,0,0,,,,,,,0.383306215775044,0.0395498409558885,0.3042580115654664,0.2115172391701464,27.19863094603241,273.4261054665219,38.8560221370391,10.164776843090324,0.3067118053178863,318.0,Thar desert,Deserts & Xeric Shrublands,Indomalayan,,0
r21c01,26.5,69.5,26.0,27.0,69.0,70.0,True,60.0,0.9604215146242964,0.0180859402666992,0.0214925451090051,310,2.4913616938342726,298,96,0,0,37.9611,59.8132,90.3444,,,0.8706817973348375,0.1713363349453631,0.0121767248115508,0.1140372261446792,0.0811260566364269,27.61180546609564,240.85633157943795,53.34935488891107,14.390627366750724,0.2418018060793517,318.0,Thar desert,Deserts & Xeric Shrublands,Indomalayan,Thar Desert,1
r21c02,26.5,70.5,26.0,27.0,70.0,71.0,True,60.0,0.9016901501408678,0.0982493101440113,6.053971512146779e-05,114273,5.05794362902884,112919,305,0,0,36.2546,56.8769,89.4245,107.21397381743724,137.423357597209,0.849350321425144,0.1631948598824268,0.0097974691250821,0.144802057037995,0.1050321447118824,27.05314347452978,246.0791050741678,162.4129047872266,62.39235583344569,0.4061062246559531,318.0,Thar desert,Deserts & Xeric Shrublands,Indomalayan,Thar Desert,1
r21c03,26.5,71.5,26.0,27.0,71.0,72.0,True,60.0,0.5692192345240361,0.4307404049600061,4.036051595617384e-05,10380,4.016197353512439,10180,241,0,0,37.1388,59.6999,98.0781,127.06027238150148,155.0463219413334,0.8178048031394725,0.1853715401502437,0.0145894264741193,0.1770868204976586,0.1284996001447189,26.624021647209315,304.63392321932577,243.48016524740808,33.903034826788264,0.4123732919498177,318.0,Thar desert,Deserts & Xeric Shrublands,Indomalayan,Thar Desert,1
r21c04,26.5,72.5,26.0,27.0,72.0,73.0,True,40.0,0.4004755734955777,0.5993025101391274,0.0002219163652994,17575,4.244895333691861,17119,280,0,0,38.994,64.0673,107.1429,,,,0.2851401606794113,0.0515770053332756,0.2381946531972932,0.1671623263648332,26.4966298463332,342.0486589739567,241.1593050792743,52.54573075053503,0.3944620450301682,318.0,Thar desert,Deserts & Xeric Shrublands,Indomalayan,Thar Desert,0
r21c05,26.5,73.5,26.0,27.0,73.0,74.0,True,40.0,0.1620718605627119,0.8375447212415172,0.0003834181957692,33436,4.524214316559021,32570,294,0,0,37.5619,60.3,98.2186,,,,0.4602699927841079,0.1718869263088604,0.301270666415863,0.2071031796021913,25.8907408377519,388.4729196476993,281.22402270478307,40.50176605667457,0.39199388933622,314.0,Aravalli west thorn scrub forests,Deserts & Xeric Shrublands,Indomalayan,Thar Desert,0
r21c06,26.5,74.5,26.0,27.0,74.0,75.0,True,40.0,0.2426736074977442,0.7550232721750418,0.0023031203272151,84699,4.9278782828567325,81689,302,0,0,39.5298,65.2305,108.6402,,,,0.5971146088820277,0.248477257363937,0.3483437845770948,0.2313917210401009,25.09073315173603,516.031388147955,402.76211094928215,58.7322856703799,0.3801104175930144,314.0,Aravalli west thorn scrub forests,Deserts & Xeric Shrublands,Indomalayan,,0
r21c07,26.5,75.5,26.0,27.0,75.0,76.0,True,40.0,0.2043254162421961,0.7852255872016032,0.0104489965562002,212341,5.327033858295056,207147,362,0,0,39.4504,65.333,110.6161,,,,0.6274882583082301,0.268049292577348,0.3724311143515179,0.246154077727601,24.915613941659075,605.6514401610381,339.03051248515635,41.96688495493126,0.3758996184733105,295.0,Khathiar-Gir dry deciduous forests,Tropical & Subtropical Dry Broadleaf Forests,Indomalayan,,0
r21c08,26.5,76.5,26.0,27.0,76.0,77.0,True,40.0,0.2792613740682249,0.7175155617487393,0.0032230641830335,237458,5.375586805618727,232902,375,0,0,40.7614,68.6906,117.7431,,,,0.6769574677868588,0.2792697362813482,0.4080304601151854,0.2726102322081293,24.80386114742754,709.5676967527928,285.6346870814113,54.86788351992651,0.3884578547591757,295.0,Khathiar-Gir dry deciduous forests,Tropical & Subtropical Dry Broadleaf Forests,Indomalayan,,0
r21c09,26.5,77.5,26.0,27.0,77.0,78.0,True,40.0,0.4762879221205525,0.5146571581687297,0.0090549197107186,87426,4.941640608576343,85166,346,0,0,41.2846,69.9835,120.3046,,,,0.6627387838776356,0.2451393382762913,0.4100256466718349,0.2709557195916918,25.02251298239593,765.1498448152837,233.2437540502443,58.879509519196816,0.3731646816953939,287.0,Upper Gangetic Plains moist deciduous forests,Tropical & Subtropical Moist Broadleaf Forests,Indomalayan,,0
r21c10,26.5,78.5,26.0,27.0,78.0,79.0,True,40.0,0.2482099634276832,0.742386518115141,0.0094035184571727,94768,4.976661715296868,92383,361,0,0,41.2934,69.9597,120.0069,,,,0.6941504088836529,0.269232602277658,0.4263743352612547,0.2837908153132868,25.16443216713649,806.8602355299935,169.7477392214552,35.293350418471924,0.3860583208140586,287.0,Upper Gangetic Plains moist deciduous forests,Tropical & Subtropical Moist Broadleaf Forests,Indomalayan,,0
r21c11,26.5,79.5,26.0,27.0,79.0,80.0,True,40.0,0.1221295759328505,0.8680291057882369,0.0098413182789136,9356,3.9710902131371153,9108,265,0,0,39.8862,66.1033,110.2727,,,,0.7405975289144732,0.2613128780018132,0.4498546817002761,0.3081459104364498,25.07241390725012,904.8704205586814,138.92641159227713,9.519799578334034,0.3639583717863562,287.0,Upper Gangetic Plains moist deciduous forests,Tropical & Subtropical Moist Broadleaf Forests,Indomalayan,,0
r21c12,26.5,80.5,26.0,27.0,80.0,81.0,True,40.0,0.1654332440709951,0.82473851050673,0.0098282454222724,144285,5.159221183790382,138571,359,0,0,35.5446,55.701,89.9703,,,,0.7612720805232898,0.2734629444075732,0.4608087802554373,0.3139553166998529,24.99382590466108,997.555474382408,124.31717372552762,6.230993761272145,0.3353779207790234,287.0,Upper Gangetic Plains moist deciduous forests,Tropical & Subtropical Moist Broadleaf Forests,Indomalayan,,0
r21c13,26.5,81.5,26.0,27.0,81.0,82.0,True,40.0,0.2047833225916333,0.7876737718057584,0.0075429056026094,34943,4.543360188211742,33183,276,0,0,38.9847,63.3647,102.0278,,,,0.8233946570353795,0.2955305825415922,0.4945562100880959,0.3325396462921992,24.988881038979446,1183.2856619957654,111.04312517455617,6.54493646007675,0.328125076456135,287.0,Upper Gangetic Plains moist deciduous forests,Tropical & Subtropical Moist Broadleaf Forests,Indomalayan,,0
r21c14,26.5,82.5,26.0,27.0,82.0,83.0,True,40.0,0.1419836751690541,0.844447752366133,0.0135685724648123,43002,4.633488654853184,41331,310,0,0,40.9479,69.019,117.7687,,,,0.8455020500726957,0.3181260983038679,0.4851745727466833,0.3239675778021195,25.00438628697629,1352.1588827016358,92.15261060826307,5.938393633497554,0.3465555049147102,287.0,Upper Gangetic Plains moist deciduous forests,Tropical & Subtropical Moist Broadleaf Forests,Indomalayan,,0
r21c15,26.5,83.5,26.0,27.0,83.0,84.0,True,40.0,0.0755733367309431,0.9050566481499576,0.019370015119099,3781,3.577606677362536,3645,212,0,0,35.9497,56.5783,90.2157,,,,0.8471709718748358,0.3053216763983345,0.4611174067078005,0.3036528490140953,24.99152791823345,1445.126320826755,78.76102183860519,5.505561888622344,0.402918863611461,287.0,Upper Gangetic Plains moist deciduous forests,Tropical & Subtropical Moist Broadleaf Forests,Indomalayan,,0
r21c16,26.5,84.5,26.0,27.0,84.0,85.0,True,40.0,0.151204862993085,0.8279196187691475,0.0208755182377672,2414,3.3827372657613304,2325,239,0,0,40.5589,68.4056,118.6443,,,,0.8438858192917171,0.2935428307221309,0.4585317903045489,0.2918057522795657,24.99293915113405,1548.8887496760613,71.63876360433109,7.290197727676921,0.3539837824910831,238.0,Lower Gangetic Plains moist deciduous forests,Tropical & Subtropical Moist Broadleaf Forests,Indomalayan,,0
r21c17,26.5,85.5,26.0,27.0,85.0,86.0,True,40.0,0.2132353773262768,0.7800146827969056,0.0067499398768193,20314,4.307795448115974,19233,238,0,0,31.2177,46.0231,70.0279,,,,0.9346918058300472,0.3198553280558018,0.4875271203411485,0.3126352927441641,24.765775953281523,1570.8251728985126,71.11445837323154,23.82703405723081,0.3288617008725829,238.0,Lower Gangetic Plains moist deciduous forests,Tropical & Subtropical Moist Broadleaf Forests,Indomalayan,,0
r21c18,26.5,86.5,26.0,27.0,86.0,87.0,True,40.0,0.3473012384902275,0.628521227773323,0.0241775337364477,25115,4.399933182495568,24126,431,0,0,40.8241,69.4343,123.6191,,,,1.0914016447412471,0.3794179250329451,0.5237368950607006,0.3303026887473522,23.78010717577114,1697.6379378868908,157.4600343796577,235.1951472979312,0.3084084462987929,311.0,Terai-Duar savanna and grasslands,"Tropical & Subtropical Grasslands, Savannas & Shrublands",Indomalayan,,0
r21c19,26.5,87.5,26.0,27.0,87.0,88.0,True,40.0,0.3879262977535229,0.6007668397012579,0.0113068625452137,112469,5.0510328336989385,108859,619,0,0,42.9303,75.1853,138.4925,,,,1.291815104396307,0.4629567827747433,0.5600964772900099,0.3526451054851934,22.59371481192164,2140.848841531159,274.2049501364482,418.8695976058515,0.2997103660281012,311.0,Terai-Duar savanna and grasslands,"Tropical & Subtropical Grasslands, Savannas & Shrublands",Indomalayan,,0
r21c20,26.5,88.5,26.0,27.0,88.0,89.0,True,40.0,0.4895831174126823,0.4854533431795807,0.0249635394077412,372377,5.570982848782029,364979,698,0,0,44.3416,79.7667,154.9498,,,,1.4366488464113398,0.5325139231085997,0.5781498901281024,0.3585490152409717,22.756266930329915,2981.3153829837743,207.81595008250585,358.88441055079073,0.2965639917249418,238.0,Lower Gangetic Plains moist deciduous forests,Tropical & Subtropical Moist Broadleaf Forests,Indomalayan,Eastern Himalaya,0
r21c21,26.5,89.5,26.0,27.0,89.0,90.0,True,10.0,0.5883213903907084,0.382221962653246,0.0294566469560432,94063,4.973418825809898,92240,624,0,0,42.7773,74.9235,138.9808,266.5947299277173,334.4330449886423,0.6728623113403627,1.6299404538295714,0.7052262911054099,0.5974933282371376,0.3626990217447445,22.02315482993798,3680.590768104693,303.350053313241,544.3279702481663,0.2869562928600667,238.0,Lower Gangetic Plains moist deciduous forests,Tropical & Subtropical Moist Broadleaf Forests,Indomalayan,Eastern Himalaya,1
r21c22,26.5,90.5,26.0,27.0,90.0,91.0,True,10.0,0.5919566081718809,0.3340862284221607,0.0739571634059591,136875,5.1363241321841935,134559,667,0,0,43.1179,76.3681,145.4835,290.2395144528992,354.7239595264475,0.6389780129632879,1.7032126092315385,0.7816873229970636,0.5721003637413221,0.3439115321813634,22.438657336808426,3594.17673694207,238.28634450041693,409.0666354462743,0.3499895260512189,222.0,Brahmaputra Valley semi-evergreen forests,Tropical & Subtropical Moist Broadleaf Forests,Indomalayan,Eastern Himalaya,1
r21c23,26.5,91.5,26.0,27.0,91.0,92.0,True,10.0,0.5460960248979243,0.4015154920375468,0.0523884830645313,600631,5.778607743416577,584456,694,0,0,41.7295,72.2299,133.2607,263.763614754418,332.67618552717005,0.6834885539033065,1.6193690542723391,0.7450258860378566,0.5660562665975543,0.3338901427786935,22.5243371331072,2826.988664390021,233.24499836704663,392.10652153457096,0.329903521782472,222.0,Brahmaputra Valley semi-evergreen forests,Tropical & Subtropical Moist Broadleaf Forests,Indomalayan,Eastern Himalaya,1
r21c24,26.5,92.5,26.0,27.0,92.0,93.0,True,40.0,0.4481970799442287,0.4731580377663317,0.0786448822894359,280897,5.448547100930296,274458,657,0,0,42.6244,74.5742,138.0838,,,,1.5182574527300297,0.6799875517748791,0.5443625160027286,0.3273896646915821,23.292760666338644,2546.216403280657,136.55956754447345,182.13928602139387,0.3561795080912614,222.0,Brahmaputra Valley semi-evergreen forests,Tropical & Subtropical Moist Broadleaf Forests,Indomalayan,Eastern Himalaya,0
r21c25,26.5,93.5,26.0,27.0,93.0,94.0,True,10.0,0.6613750069147052,0.2737208465484352,0.0649041465368575,419518,5.622750599569882,411100,560,0,0,42.5284,73.6537,131.3155,201.8981450131565,246.73668978491517,0.7237610873207392,1.8195087091783,0.7275836786100757,0.6206907443040495,0.3870306398053738,23.078498971045832,2621.6826663933152,245.0201471133916,237.22689294799727,0.3140244168126179,244.0,Meghalaya subtropical forests,Tropical & Subtropical Moist Broadleaf Forests,Indomalayan,Eastern Himalaya,1
r21c26,26.5,94.5,26.0,27.0,94.0,95.0,True,10.0,0.7888288716618012,0.1832188150617301,0.0279523132764725,59022,4.771013921772672,57439,512,0,0,41.5239,71.3033,128.255,218.77873778935947,272.1415442076723,0.7149137214959644,2.1569138401745818,0.985965288627764,0.6745831774063734,0.4196346877975331,21.42031938811053,2212.336828372546,560.0742304922352,542.6192679704689,0.259323242840746,249.0,Mizoram-Manipur-Kachin rain forests,Tropical & Subtropical Moist Broadleaf Forests,Indomalayan,Eastern Himalaya,1
r21c27,26.5,95.5,26.0,27.0,95.0,96.0,True,10.0,0.9930852218185744,0.0054787980902018,0.0014359800912239,500,2.6989700043360187,494,180,0,0,39.6757,67.8037,125.1281,,,0.7007842337441204,2.542150489030115,1.217033503820133,0.7057130773006757,0.4407660829359134,18.988201395426408,2893.465191066401,1077.6132940918185,598.3039238317739,0.3051084933449396,259.0,Northern Triangle subtropical forests,Tropical & Subtropical Moist Broadleaf Forests,Indomalayan,Eastern Himalaya,1
r21c28,26.5,96.5,26.0,27.0,96.0,97.0,True,10.0,0.983816001765038,0.0105539040858917,0.0056300941490703,3434,3.5358002908248976,3374,395,0,0,42.8617,75.2569,140.8338,280.3291826799798,343.8798816956132,0.6603241374083929,2.797100096740334,1.3835876931602655,0.7269381584078297,0.439753718685116,21.26559310043834,3099.7528233743965,513.9105607372587,397.670842826995,0.2836877196886654,259.0,Northern Triangle subtropical forests,Tropical & Subtropical Moist Broadleaf Forests,Indomalayan,Eastern Himalaya,1
r21c29,26.5,97.5,26.0,27.0,97.0,98.0,True,10.0,0.9976793111039958,0.0004439578757573,0.0018767310202468,41,1.6127838567197357,41,36,0,0,,,,,,,2.9160268446819977,1.5249864555857195,0.7455986328103617,0.4646728695991025,19.068569622700856,3719.537147850168,828.7515373887684,480.817386438896,0.2926905122533982,259.0,Northern Triangle subtropical forests,Tropical & Subtropical Moist Broadleaf Forests,Indomalayan,,0
r21c30,26.5,98.5,26.0,27.0,98.0,99.0,True,10.0,0.9959523147588684,0.0014327984298333,0.0026148868112981,1599,3.2038484637462346,1591,336,0,0,44.5045,80.0489,154.1445,291.9208540421717,334.5244931679824,0.6173415143214411,2.0181643195044687,1.2095811176397095,0.6450433345683667,0.3432728006343126,11.630757104871618,2937.591005071901,2201.1963801275792,786.8639600704648,0.405373520796136,704.0,Nujiang Langcang Gorge alpine conifer and mixed forests,Temperate Conifer Forests,Palearctic,,1
r21c31,26.5,99.5,26.0,27.0,99.0,100.0,True,10.0,0.9248561138924144,0.0681620001397534,0.0069818859678312,9460,3.975891136401793,9328,389,0,0,41.6691,71.5821,127.9146,207.80718944042016,257.6292422770055,0.7229533009335074,1.543531966846041,0.9908931332898838,0.5902032585730798,0.3100319798082626,10.322302870099843,1301.628509517069,2755.2829430225743,486.0652282980242,0.3101499829828054,704.0,Nujiang Langcang Gorge alpine conifer and mixed forests,Temperate Conifer Forests,Palearctic,,1
r21c32,26.5,100.5,26.0,27.0,100.0,101.0,True,10.0,0.8282007019406542,0.1528956179634699,0.0189036800958776,12353,4.091772441419683,12204,421,0,0,41.1582,70.2322,124.377,201.90582477125125,262.53583781236574,0.7350607698499156,1.5396823921125258,0.946154363915983,0.5854939090807477,0.3138295239299117,13.866775456896187,1311.167057015933,2362.936477459468,525.9808083271556,0.2724325898240979,643.0,Yunnan Plateau subtropical evergreen forests,Tropical & Subtropical Moist Broadleaf Forests,Palearctic,,1
r21c33,26.5,101.5,26.0,27.0,101.0,102.0,True,10.0,0.8646762581615847,0.1206413189141724,0.0146824229242436,370,2.568201724066995,368,140,0,0,40.5739,68.226,117.1602,,,0.7680288430640861,1.5012150096417096,0.8168912614444881,0.5888750476561196,0.3174907128746342,16.767756291321312,1504.426605429628,1871.460506624932,467.0355312154877,0.2501302691104072,643.0,Yunnan Plateau subtropical evergreen forests,Tropical & Subtropical Moist Broadleaf Forests,Palearctic,,1
r22c00,27.5,68.5,27.0,28.0,68.0,69.0,True,40.0,0.3176456150880973,0.6517172579037078,0.0306371270081936,6442,3.809020720483673,6257,241,0,0,40.5721,67.6389,111.9504,,,,0.3450970874193395,0.0264834603606251,0.3296864116416575,0.2223601848033636,27.0407056006942,250.43230327181885,58.04594849045188,12.603851248579938,0.3871055700596467,314.0,Aravalli west thorn scrub forests,Deserts & Xeric Shrublands,Indomalayan,,0
r22c01,27.5,69.5,27.0,28.0,69.0,70.0,True,60.0,0.7240344473318914,0.2672481734123846,0.0087173792557246,80,1.9030899869919435,78,29,0,0,23.8787,,,,,,0.3548927528057144,0.0293112872130316,0.1926768418809895,0.1340322689085683,27.261591294781034,222.6760753718636,66.89773547065354,7.951595063184745,0.2819020487852935,318.0,Thar desert,Deserts & Xeric Shrublands,Indomalayan,Thar Desert,0
r22c02,27.5,70.5,27.0,28.0,70.0,71.0,True,60.0,0.9437289629383792,0.0541692790960679,0.0021017579655526,15526,4.191059581827398,15170,256,0,0,39.0526,63.7075,103.351,127.10559087683602,153.46032709788656,0.822775984713786,0.1997723833496672,0.005627883014391,0.1315701946502881,0.094964105096351,27.21688695547288,213.7084339771018,132.51811486710216,36.17163208977976,0.350922651379473,318.0,Thar desert,Deserts & Xeric Shrublands,Indomalayan,Thar Desert,1
r22c03,27.5,71.5,27.0,28.0,71.0,72.0,True,60.0,0.8530959622135752,0.1462537836224058,0.0006502541640119,7950,3.9003671286564714,7756,242,0,0,37.9878,61.5267,101.1878,132.81602334407853,163.0399417360509,0.8133157930191222,0.1766344818879089,0.0047695275319999,0.1465115104126514,0.1058967542069576,27.178745504671856,204.79953394696307,154.83219423477044,37.1996498862424,0.3660511011349284,318.0,Thar desert,Deserts & Xeric Shrublands,Indomalayan,Thar Desert,1
r22c04,27.5,72.5,27.0,28.0,72.0,73.0,True,40.0,0.4706136818195564,0.5291845795414668,0.0002017386389698,14801,4.170291058625393,14450,234,0,0,37.4206,60.6152,101.0969,,,,0.2490866112284591,0.0145993324239435,0.1868557039350936,0.1327028539706614,26.679184941998688,225.3054954469144,221.06970940221512,41.3243100344303,0.3770079749232571,318.0,Thar desert,Deserts & Xeric Shrublands,Indomalayan,Thar Desert,0
r22c05,27.5,73.5,27.0,28.0,73.0,74.0,True,40.0,0.2120301799999275,0.7878084262415479,0.0001613937585236,49436,4.694043323565274,48081,287,0,0,37.6988,60.3886,97.1383,,,,0.2728202665064992,0.0351449784795763,0.2313808984027713,0.162104269336421,26.04606934884021,288.36523007075255,295.1753747301975,24.246214519141315,0.4309560982749492,318.0,Thar desert,Deserts & Xeric Shrublands,Indomalayan,Thar Desert,0
r22c06,27.5,74.5,27.0,28.0,74.0,75.0,True,40.0,0.0507265289782867,0.9487325646296906,0.000540906392023,117496,5.070023081863098,115229,336,0,0,40.2651,66.9268,110.9893,,,,0.3926544362735171,0.1133782342124803,0.2833409817820269,0.1934450237384866,25.38087908543042,374.6272542499991,343.6698088338676,35.635524466377014,0.4320055979122579,318.0,Thar desert,Deserts & Xeric Shrublands,Indomalayan,,0
r22c07,27.5,75.5,27.0,28.0,75.0,76.0,True,40.0,0.1891095614322717,0.8106514334177529,0.0002390051499636,74589,4.872674784690566,73062,304,0,0,38.1189,61.5696,100.5621,,,,0.6060875064305682,0.2324241048003256,0.3765932696742568,0.2481566831019732,24.37046477072882,508.8118042919643,448.5375262640615,59.34955062125419,0.3541240951837924,314.0,Aravalli west thorn scrub forests,Deserts & Xeric Shrublands,Indomalayan,,0
r22c08,27.5,76.5,27.0,28.0,76.0,77.0,True,40.0,0.2863369962181744,0.7133200360483928,0.0003429677334215,133155,5.124357478935977,129255,303,0,0,36.2704,56.3791,86.4687,,,,0.6958879370692016,0.2668373426406327,0.43209012610483,0.2855165837319381,24.513339222107096,649.9687256528767,339.16997567895777,93.668296034539,0.3776972878866763,295.0,Khathiar-Gir dry deciduous forests,Tropical & Subtropical Dry Broadleaf Forests,Indomalayan,,0
r22c09,27.5,77.5,27.0,28.0,77.0,78.0,True,40.0,0.0455788502590598,0.9495821122541832,0.0048390374867574,706559,5.8491484327161904,689925,420,0,0,41.8766,71.4162,122.265,,,,0.7076642223896767,0.2452242560096771,0.4460032411204755,0.3130624010950365,24.688984957862164,731.5938922312653,186.96180312254955,14.2651011351509,0.4247481547126241,287.0,Upper Gangetic Plains moist deciduous forests,Tropical & Subtropical Moist Broadleaf Forests,Indomalayan,,0
r22c10,27.5,78.5,27.0,28.0,78.0,79.0,True,40.0,0.0466769737151269,0.948420690869718,0.0049023354151545,102453,5.010524679812569,99408,352,0,0,39.1982,64.6119,107.775,,,,0.7195452082195972,0.2461764074693812,0.461983370921349,0.3227660008978728,24.481577384923124,831.9877117662678,169.79145772136957,8.63065018924181,0.3489269649695259,287.0,Upper Gangetic Plains moist deciduous forests,Tropical & Subtropical Moist Broadleaf Forests,Indomalayan,,0
r22c11,27.5,79.5,27.0,28.0,79.0,80.0,True,40.0,0.0551482665056491,0.9343154632493637,0.0105362702449872,5407,3.732956369575625,5260,240,0,0,41.1529,69.298,116.4386,,,,0.7261061312687892,0.2585190972319877,0.4636339291270639,0.3225204603411133,24.392361159296296,930.4085950925148,149.8625147598129,8.261118040456621,0.3418684341575924,287.0,Upper Gangetic Plains moist deciduous forests,Tropical & Subtropical Moist Broadleaf Forests,Indomalayan,,0
r22c12,27.5,80.5,27.0,28.0,80.0,81.0,True,40.0,0.1359920848840173,0.8625207454550664,0.0014871696609161,7488,3.874365835730049,7082,252,0,0,39.2616,64.6022,107.3838,,,,0.8188205474175699,0.2921725512393861,0.5134215387119765,0.3441914865237421,24.375917778673696,1116.5906087558928,139.9721864147139,8.491631262782942,0.2979258729601391,287.0,Upper Gangetic Plains moist deciduous forests,Tropical & Subtropical Moist Broadleaf Forests,Indomalayan,,0
r22c13,27.5,81.5,27.0,28.0,81.0,82.0,True,40.0,0.1679350540108957,0.8065808986182571,0.0254840473708496,6599,3.8194781283621215,6344,268,0,0,40.2259,67.2482,114.5011,,,,0.8377147295367012,0.2806703146702194,0.4875061231460324,0.3226228140191901,24.39088407910718,1341.7677724070998,122.47986969283058,17.331932681933974,0.3367712229812108,287.0,Upper Gangetic Plains moist deciduous forests,Tropical & Subtropical Moist Broadleaf Forests,Indomalayan,,0
r22c14,27.5,82.5,27.0,28.0,82.0,83.0,True,40.0,0.3837100216188509,0.6111324984212662,0.0051574799598793,8536,3.931254406416413,8354,347,0,0,40.7944,69.2589,122.7423,,,,0.9873005971571944,0.355355968193904,0.5445555027543171,0.3468796372510402,23.54216293294713,1688.4731794773998,208.4448693600675,217.514040337116,0.3075528495638611,233.0,Himalayan subtropical broadleaf forests,Tropical & Subtropical Moist Broadleaf Forests,Indomalayan,,0
r22c15,27.5,83.5,27.0,28.0,83.0,84.0,True,40.0,0.4811473513031504,0.5083188586613986,0.0105337900354392,46801,4.670255132771604,45468,499,0,0,41.1191,69.9661,123.4782,,,,1.1346003529905424,0.3956688731604653,0.5704105815811026,0.3504231230553924,22.53991529067413,2095.483488901928,355.9114237895153,415.15919739362766,0.3153386102767324,233.0,Himalayan subtropical broadleaf forests,Tropical & Subtropical Moist Broadleaf Forests,Indomalayan,,0
r22c16,27.5,84.5,27.0,28.0,84.0,85.0,True,10.0,0.6724971212181651,0.3168513662494759,0.0106515125323428,263980,5.421571024526401,257706,685,0,0,42.6274,74.1225,134.1764,230.91539140997887,294.4769533103556,0.7038560507805078,1.278134745224565,0.4088966805343859,0.6020976234729426,0.3531007035057147,22.06347015290052,2210.2137826322246,426.5849079442476,378.5041885491272,0.2685995760036569,233.0,Himalayan subtropical broadleaf forests,Tropical & Subtropical Moist Broadleaf Forests,Indomalayan,,1
r22c17,27.5,85.5,27.0,28.0,85.0,86.0,True,10.0,0.8430509780882522,0.1546321129780662,0.0023169089336752,669865,5.825987286786528,653595,678,0,0,38.7049,64.3509,113.3241,200.7584228997686,260.3660721439151,0.7481725230284779,1.5140186448452475,0.7063851257136968,0.6081975559669471,0.3471899841269462,17.624014650135308,2723.604398406219,1098.8761970035127,747.6778444059555,0.2765979843908486,306.0,Eastern Himalayan broadleaf forests,Temperate Broadleaf & Mixed Forests,Indomalayan,,1
r22c18,27.5,86.5,27.0,28.0,86.0,87.0,True,10.0,0.8805915216787279,0.029107875584113,0.0038331690885649,17869,4.252100248832793,17800,429,0,0,39.0294,64.8999,112.4524,183.851815736289,243.15526845036524,0.7626712919691029,1.3672313847933113,0.7943380425554354,0.4787117214987557,0.261591943455967,8.885638226115974,2851.2420657935872,2574.721167405165,1609.1390775303348,0.4630668813187242,309.0,Eastern Himalayan subalpine conifer forests,Temperate Conifer Forests,Indomalayan,,1
r22c19,27.5,87.5,27.0,28.0,87.0,88.0,True,10.0,0.9085451191283732,0.0119869676122282,0.0027126809765967,10592,4.024977972095625,10540,420,0,0,42.8467,74.9605,137.845,243.0844598617835,294.3316971664629,0.6843404304931711,1.4012196059411195,0.8444989287907585,0.4643203325855188,0.25677671227045,6.796529075081371,3603.626997942862,2829.128028674268,1589.23636368615,0.5214541007221475,0.0,Rock and Ice,,,,1
r22c20,27.5,88.5,27.0,28.0,88.0,89.0,True,10.0,0.8551487176119741,0.0013167830903658,0.0027891845620553,460637,5.663358819104673,459831,622,0,0,42.6002,74.4289,137.427,242.76596585737727,290.8961463660645,0.6806161290392905,1.2376949136566702,0.7344545753685651,0.38119803380869,0.2041398314946725,4.937409398966935,3787.796704156453,3389.0034392690504,1673.9438753976842,0.638435970600548,302.0,Himalayan subtropical pine forests,Tropical & Subtropical Coniferous Forests,Indomalayan,Eastern Himalaya,1
r22c21,27.5,89.5,27.0,28.0,89.0,90.0,True,10.0,0.9796356694418742,0.0043183111885027,0.0026269996704877,193036,5.285638309750678,192033,624,0,0,41.4211,71.1239,128.6664,231.2158668622443,289.4663971005872,0.7076274367827697,1.1452831637971204,0.7277439578344261,0.4951766626214863,0.2458497137468789,5.620973026841113,3082.684983586232,3373.939618406614,1076.6526210722404,0.4745703316712575,751.0,Eastern Himalayan alpine shrub and meadows,Montane Grasslands & Shrublands,Palearctic,Eastern Himalaya,1
r22c22,27.5,90.5,27.0,28.0,90.0,91.0,True,10.0,0.9787045123714831,0.0016214818215629,0.003605552137306,211026,5.324335966960689,210344,615,0,0,43.8829,78.2012,148.4096,271.09527002320254,320.4670798675969,0.6410541127588094,1.376735123011219,0.8538627026924028,0.5348610626283588,0.2611469564656967,5.69815913156415,3320.9514001979733,3158.223116689797,1202.1272954890314,0.508582524673893,306.0,Eastern Himalayan broadleaf forests,Temperate Broadleaf & Mixed Forests,Indomalayan,Eastern Himalaya,1
r22c23,27.5,91.5,27.0,28.0,91.0,92.0,True,10.0,0.984768890984158,0.001513039792274,0.0020753763592536,146324,5.165315564763215,145869,586,0,0,43.4892,76.9358,143.975,248.960634509438,293.3665315648272,0.6616233590935047,1.545506971530753,0.9461334809450244,0.5671962934873324,0.2859553327813376,7.022032518717492,3503.281376539804,2816.68126792801,1114.9401956273032,0.4718025404672299,306.0,Eastern Himalayan broadleaf forests,Temperate Broadleaf & Mixed Forests,Indomalayan,Eastern Himalaya,1
r22c24,27.5,92.5,27.0,28.0,92.0,93.0,True,10.0,0.9354370376840192,0.0009163842671465,0.0031171938625434,461053,5.663750852254083,459025,592,0,0,43.8808,78.1136,147.6352,264.2598097575961,310.25873763022184,0.6465955826154921,1.6426679128473771,0.9842828097290384,0.4766434651131589,0.2548351972513207,7.82742390162635,5128.7132145076575,2783.684588677338,1531.267939849531,0.5798618468863542,309.0,Eastern Himalayan subalpine conifer forests,Temperate Conifer Forests,Indomalayan,Eastern Himalaya,1
r22c25,27.5,93.5,27.0,28.0,93.0,94.0,True,10.0,0.9698931293554776,0.029078363024106,0.0010285076204107,24790,4.394276526767821,24563,473,0,0,42.6537,74.5396,137.3641,245.77165448897065,300.33339332876034,0.6827894149665877,2.182788175114953,1.1686283657158745,0.6659999651880423,0.3731181686564734,15.660908851227662,4391.766774446902,1428.9338730466827,735.6059556814212,0.3670142843488073,306.0,Eastern Himalayan broadleaf forests,Temperate Broadleaf & Mixed Forests,Indomalayan,Eastern Himalaya,1
r22c26,27.5,94.5,27.0,28.0,94.0,95.0,True,10.0,0.613747879074213,0.3143667894846184,0.071885331441156,33111,4.519972297270452,31773,415,0,0,38.6394,63.9802,110.4114,174.350321662716,224.6223122205124,0.7694264733233762,1.7998141761081323,0.8425986444862049,0.5981829009583052,0.3439627531749377,21.65813752410177,2940.87236615474,412.7826759040263,487.2634265125674,0.3648642633951483,222.0,Brahmaputra Valley semi-evergreen forests,Tropical & Subtropical Moist Broadleaf Forests,Indomalayan,Eastern Himalaya,1
r22c27,27.5,95.5,27.0,28.0,95.0,96.0,True,10.0,0.6871880061444545,0.2365835917261115,0.0762284021294214,374004,5.572876247036411,364836,605,0,0,43.1242,76.0011,142.2346,257.3882950784154,303.93379929871685,0.6618661154634704,1.7945958394437926,0.7456217664488943,0.6189313038679043,0.3711006779278963,22.85862508674218,2344.185218939442,248.2965988914412,295.2492903098649,0.3311662006800155,222.0,Brahmaputra Valley semi-evergreen forests,Tropical & Subtropical Moist Broadleaf Forests,Indomalayan,Eastern Himalaya,1
r22c28,27.5,96.5,27.0,28.0,96.0,97.0,True,10.0,0.9760894618301398,0.0194419877600817,0.0044685504097786,128240,5.108023509346088,127599,587,0,0,42.8416,74.9558,137.829,239.0773928016028,290.7558432292285,0.6849495885451193,2.367946750740994,1.2896991999891163,0.6821944852994082,0.3814084783949775,15.894486273829155,3223.2842012899373,1362.3011011801063,965.0196239384408,0.3464159700613644,306.0,Eastern Himalayan broadleaf forests,Temperate Broadleaf & Mixed Forests,Indomalayan,Eastern Himalaya,1
r22c29,27.5,97.5,27.0,28.0,97.0,98.0,True,10.0,0.98042626145233,0.0147675277365832,0.0021831668696614,15727,4.196645886787088,15657,499,0,0,42.5773,74.241,136.1543,240.60487391718263,303.5534816900019,0.6889092520808517,2.321329309383823,1.3594246779820645,0.6475973968538542,0.3687339340858789,13.915545967879392,5318.728563393642,1557.935312996241,957.861238194536,0.4519403514838718,307.0,Northern Triangle temperate forests,Temperate Broadleaf & Mixed Forests,Indomalayan,,1
r22c30,27.5,98.5,27.0,28.0,98.0,99.0,True,10.0,0.997177695973622,0.0004236660236384,0.0023337629066827,5903,3.7710727832211943,5853,348,0,0,42.328,73.1451,130.5627,207.92159858794653,255.4384331147343,0.7217432800729003,1.544639325870023,0.9807859149667442,0.5616252272432722,0.2870309101969273,8.448773191270373,3706.713249697189,2598.5445351044777,774.0610657664075,0.5371560958954037,704.0,Nujiang Langcang Gorge alpine conifer and mixed forests,Temperate Conifer Forests,Palearctic,,1
r22c31,27.5,99.5,27.0,28.0,99.0,100.0,True,10.0,0.9657532442144326,0.0263294240077047,0.0079173317778624,11378,4.056065929431753,11286,420,0,0,40.9642,69.8893,124.8992,211.2620109931567,266.47451164920625,0.7247835042529249,1.29690083605549,0.8784871613421913,0.5722531706278217,0.2814790205812655,6.982718003174031,1364.537281759138,3150.7128632590875,611.5296666901781,0.3489229595208867,704.0,Nujiang Langcang Gorge alpine conifer and mixed forests,Temperate Conifer Forests,Palearctic,,1
r22c32,27.5,100.5,27.0,28.0,100.0,101.0,True,10.0,0.9573027686161474,0.0319244834834315,0.0098447174895042,3334,3.5229655954919865,3317,328,0,0,40.971,69.9906,125.7725,218.2047660042671,272.18211885131365,0.71864602935701,1.307666922621942,0.8752284566283106,0.5796382585101434,0.2777640246252896,9.783949584117662,1360.9188851928266,2966.7120898617814,585.0122611535226,0.2896332413118053,697.0,Hengduan Mountains subalpine conifer forests,Temperate Conifer Forests,Palearctic,,1
r22c33,27.5,101.5,27.0,28.0,101.0,102.0,True,10.0,0.9101700536412736,0.0799392779717921,0.0098906683869341,106,2.0253058652647704,104,74,0,0,41.3017,71.8337,,,,,1.441146286542286,0.8919527800867271,0.5843911191651882,0.2996863254416796,11.060506908679518,1805.4917910617,2672.7706828870428,575.1324575901932,0.3100901279734026,643.0,Yunnan Plateau subtropical evergreen forests,Tropical & Subtropical Moist Broadleaf Forests,Palearctic,,0
r23c00,28.5,68.5,28.0,29.0,68.0,69.0,True,40.0,0.4000651046560516,0.5880299535223339,0.0119049418216153,18,1.255272505103306,16,15,0,1,,,,,,,0.2846526833409382,0.023957799636379,0.2353628374337289,0.1569153997534444,26.77167712278897,292.6680013121545,122.1757413649295,146.17624343970823,0.454317905210486,314.0,Aravalli west thorn scrub forests,Deserts & Xeric Shrublands,Indomalayan,,0
r23c01,28.5,69.5,28.0,29.0,69.0,70.0,True,60.0,0.5040750828849496,0.457810141066006,0.0381147760490393,53,1.724275869600789,53,39,0,0,37.4498,,,,,,0.3700452216027992,0.032147534037646,0.2471857890176279,0.1727891267185516,26.424785257713527,249.47889255753267,157.75205324029824,143.27718657934076,0.3719627088813569,314.0,Aravalli west thorn scrub forests,Deserts & Xeric Shrublands,Indomalayan,Thar Desert,0
r23c02,28.5,70.5,28.0,29.0,70.0,71.0,True,40.0,0.4077303708715393,0.5734638711442415,0.0188057579842214,574,2.7589118923979736,556,122,0,0,34.0945,53.0365,86.2379,,,,0.4296118029485841,0.0207055002165098,0.3230248554187991,0.2284137223425916,26.62244244263428,242.0644770350561,88.5153960535277,8.10858914911657,0.3214468696890993,314.0,Aravalli west thorn scrub forests,Deserts & Xeric Shrublands,Indomalayan,Thar Desert,0
r23c03,28.5,71.5,28.0,29.0,71.0,72.0,True,60.0,0.9212449417003284,0.0785408612021004,0.0002141970975699,390,2.591064607026499,379,123,0,0,39.2916,64.2132,104.3012,,,0.8202901593439968,0.3992300716329376,0.0249700475282182,0.1488977201720565,0.1042257620895162,26.930064080870167,218.86174048384865,109.72675229793806,7.8579243883165155,0.3573776809172253,318.0,Thar desert,Deserts & Xeric Shrublands,Indomalayan,Thar Desert,1
r23c04,28.5,72.5,28.0,29.0,72.0,73.0,True,60.0,0.8371942447807816,0.1621197472420629,0.0006860079771571,2544,3.4055171069763763,2490,169,0,0,38.7438,62.8312,100.2736,116.48703346392588,136.7474510445516,0.838532190586873,0.2376186612571179,0.0266917237333294,0.1579214972423116,0.111809254012038,26.90652394851459,225.12851828252167,141.77191547025157,20.16454477242908,0.3451946869329543,318.0,Thar desert,Deserts & Xeric Shrublands,Indomalayan,Thar Desert,1
r23c05,28.5,73.5,28.0,29.0,73.0,74.0,True,60.0,0.6953583181286644,0.304359202991776,0.0002824788795605,7872,3.896085085423285,7662,243,0,0,36.0351,57.9505,96.7874,129.98070789165112,161.20033841723088,0.8118223426963389,0.1791654950021955,0.0070163005194968,0.1788674297049546,0.1265945292175531,26.37729398440073,271.6589864138943,200.99837576243937,22.410021363913277,0.4002135825510099,318.0,Thar desert,Deserts & Xeric Shrublands,Indomalayan,Thar Desert,1
r23c06,28.5,74.5,28.0,29.0,74.0,75.0,True,40.0,0.1695579601863096,0.8303815086347911,6.053117889811893e-05,1270,3.103803720955957,1243,183,0,0,37.9951,61.4643,101.6007,,,,0.2360408368453574,0.0185460506054394,0.2250648483455352,0.1554383101721853,25.790544744273586,350.7419410347105,248.5272643979606,37.71030920286783,0.4387169754953998,318.0,Thar desert,Deserts & Xeric Shrublands,Indomalayan,,0
r23c07,28.5,75.5,28.0,29.0,75.0,76.0,True,40.0,0.074759103673151,0.925059302761417,0.0001815935654318,5238,3.719165494089213,5135,207,0,0,35.255,54.758,85.6156,,,,0.4435234971503066,0.1249847435721767,0.3252149499188203,0.2205178317222305,25.147481144270817,462.1198255036735,269.05436330710273,47.959339391661565,0.4274523923495632,318.0,Thar desert,Deserts & Xeric Shrublands,Indomalayan,,0
r23c08,28.5,76.5,28.0,29.0,76.0,77.0,True,40.0,0.0632618902533833,0.9355908457208816,0.0011472640257359,783145,5.893842179516168,762434,416,0,0,42.2428,72.5972,126.4992,,,,0.6580544003847695,0.215417929768941,0.433449321739869,0.2909041164215159,24.61361886571132,645.4061031667857,240.95878207909257,31.619137595897424,0.4007454448453086,314.0,Aravalli west thorn scrub forests,Deserts & Xeric Shrublands,Indomalayan,,0
r23c09,28.5,77.5,28.0,29.0,77.0,78.0,True,40.0,0.1145602277407465,0.8800218000499688,0.0054179722092874,1263310,6.10150993390422,1231596,437,0,0,37.4939,60.8497,102.3046,,,,0.7131078266134817,0.2052925757478075,0.4559556608472508,0.3025364906454561,24.14446755557997,829.7487264717203,210.241105936054,17.347035417246186,0.2981969374716431,287.0,Upper Gangetic Plains moist deciduous forests,Tropical & Subtropical Moist Broadleaf Forests,Indomalayan,,0
r23c10,28.5,78.5,28.0,29.0,78.0,79.0,True,40.0,0.098399492202713,0.8931745670279602,0.0084259407693268,13641,4.13484620892477,13079,268,0,0,38.9307,64.0578,106.8999,,,,0.7660319561287635,0.2326746223564981,0.5148891318364917,0.3481670930405083,23.925253191601627,964.5862849269148,194.39920690058284,12.162719806262734,0.265583260090779,287.0,Upper Gangetic Plains moist deciduous forests,Tropical & Subtropical Moist Broadleaf Forests,Indomalayan,,0
r23c11,28.5,79.5,28.0,29.0,79.0,80.0,True,40.0,0.1519653632136301,0.8452121726303599,0.0028224641560108,50729,4.705256301332535,48868,392,0,0,38.2327,61.8695,101.2904,,,,0.8451794802256095,0.263112327034048,0.5252023529014803,0.3469183639513777,23.715640544847968,1148.8706226679112,180.93957950188792,15.609571871308358,0.2952426658693862,287.0,Upper Gangetic Plains moist deciduous forests,Tropical & Subtropical Moist Broadleaf Forests,Indomalayan,,0
r23c12,28.5,80.5,28.0,29.0,80.0,81.0,True,40.0,0.4465371427486284,0.5305613437213038,0.0229015135300654,90508,4.956686968180912,88417,499,0,0,42.4531,73.578,132.189,,,,0.9478608573014562,0.2262422555486153,0.5786563864191,0.3603378059330026,23.02387429490817,1481.3293950126745,241.3571821446816,238.6662311993324,0.2707061940212595,311.0,Terai-Duar savanna and grasslands,"Tropical & Subtropical Grasslands, Savannas & Shrublands",Indomalayan,,0
r23c13,28.5,81.5,28.0,29.0,81.0,82.0,True,10.0,0.7554547265117696,0.2259594221916582,0.0185858512965729,53403,4.727565654909628,52567,541,0,0,42.568,73.9537,133.7271,230.357801157357,290.2762185122619,0.7051883541793917,1.2492859189014174,0.4786796552944813,0.6100000247729409,0.3565952114541353,20.17599532071057,1756.434570285701,674.4246760565889,635.7982997455746,0.2571313783104412,233.0,Himalayan subtropical broadleaf forests,Tropical & Subtropical Moist Broadleaf Forests,Indomalayan,,1
r23c14,28.5,82.5,28.0,29.0,82.0,83.0,True,10.0,0.9439639446173652,0.05216182194288,0.0018161730315277,3675,3.565257343420213,3634,357,0,0,40.1071,68.1064,122.414,226.9431701927732,296.0397504368358,0.7226237550843624,1.5005252621004188,0.8664420212246333,0.5906901706451803,0.3229039281621295,12.3633545274904,2072.608485561795,1947.5336070140536,1004.3167760458314,0.3109159261352877,302.0,Himalayan subtropical pine forests,Tropical & Subtropical Coniferous Forests,Indomalayan,,1
r23c15,28.5,83.5,28.0,29.0,83.0,84.0,True,10.0,0.8739160764019075,0.0174023592444252,0.0030174597253989,145597,5.163152426509515,143251,637,0,0,42.7881,75.1051,140.5836,276.233928270191,338.1881875789504,0.6608776144471433,1.2545127064462644,0.7553043730600227,0.4082353288953386,0.2235006824142029,5.2140634121580645,2324.875466605691,3131.07109733092,1636.3569865137422,0.4924953359988006,308.0,Western Himalayan broadleaf forests,Temperate Broadleaf & Mixed Forests,Indomalayan,,1
r23c16,28.5,84.5,28.0,29.0,84.0,85.0,True,10.0,0.8394089497847541,0.0166548584701799,0.0019836029331591,36459,4.561804752622913,35617,533,0,0,41.6309,71.5849,129.3674,237.35197705403783,301.22276034563686,0.7072180696591754,1.0211326030901744,0.6101347613157005,0.315813462743916,0.1680515676560183,1.750185454230729,2509.5093468366254,3601.893953551797,1823.311588901006,0.5967428897328503,0.0,Rock and Ice,,,,1
r23c17,28.5,85.5,28.0,29.0,85.0,86.0,True,60.0,0.8369413984862283,0.0004596395713754,0.0310624580559115,34657,4.539790966345741,34548,472,0,0,41.6881,71.4587,126.4614,198.2706427702464,247.21993289321765,0.7338340002093067,0.4737988809609565,0.3127848706782989,0.1730304513329022,0.0881934142364407,-3.288899176482905,1407.8700799104329,4602.003708100151,1004.0969756401628,0.7288455116082067,0.0,Rock and Ice,,,,1
r23c18,28.5,86.5,28.0,29.0,86.0,87.0,True,60.0,0.8803229868347046,0.0,0.0037927527251806,1247,3.0958664534785427,1247,154,0,0,32.6968,50.4426,80.6974,100.81951587562948,147.7817291759048,0.8520579005202203,0.0944249294976876,0.0658332856798306,0.1022687282607498,0.0578318183699764,-3.317717389430201,737.5240888362073,5068.565148558264,542.327037272512,0.4878698539612034,751.0,Eastern Himalayan alpine shrub and meadows,Montane Grasslands & Shrublands,Palearctic,,1
r23c19,28.5,87.5,28.0,29.0,87.0,88.0,True,60.0,0.9632432199796888,0.0008242803448733,0.0117570114263974,422,2.625312450961674,422,78,0,0,32.7413,48.0423,67.6393,63.71200376545692,76.78358023657907,0.9200825922032636,0.1023448153093936,0.071490048771142,0.1151070678490695,0.0688200229034468,-1.1757109661047134,830.3895384016816,4893.94916603346,494.4737222834042,0.4514625586240473,770.0,Yarlung Zanbo arid steppe,Montane Grasslands & Shrublands,Palearctic,,1
r23c20,28.5,88.5,28.0,29.0,88.0,89.0,True,60.0,0.9821456557720162,0.0007839326170794,0.0093158947816701,4773,3.678791434366244,4765,149,0,0,25.2176,34.9983,51.7681,47.01905666399384,72.01396040675476,0.9130543166499931,0.1127041315379689,0.0791758501603585,0.1280489007366981,0.0786585533828206,-0.3503088164674364,953.6863602656606,4921.771446835636,380.33544763109927,0.4284596737971446,751.0,Eastern Himalayan alpine shrub and meadows,Montane Grasslands & Shrublands,Palearctic,Eastern Himalaya,1
r23c21,28.5,89.5,28.0,29.0,89.0,90.0,True,30.0,0.9472651242073148,0.0089517367600315,0.0103246670897112,737,2.867467487859052,737,143,0,0,36.7725,59.2215,97.2731,120.63241426815208,,0.8241767721610336,0.1286336049198496,0.0901953220236632,0.1433392144681564,0.0840190445963537,-0.8629220319745272,845.4194366879569,4797.023810324336,365.8830270496219,0.4757886675722301,751.0,Eastern Himalayan alpine shrub and meadows,Montane Grasslands & Shrublands,Palearctic,Eastern Himalaya,1
r23c22,28.5,90.5,28.0,29.0,90.0,91.0,True,30.0,0.8114933857050739,0.0004640069823359,0.0787580847184189,889,2.9489017609702137,888,152,0,0,38.2705,61.9187,100.038,122.03321408209544,146.65398222267285,0.8283086215600644,0.1318843019884066,0.0925632540729285,0.1243214983495198,0.0658236515666981,-2.529778900389046,942.9807391369126,5067.756028261159,509.3012651605067,0.7301881418531245,751.0,Eastern Himalayan alpine shrub and meadows,Montane Grasslands & Shrublands,Palearctic,Eastern Himalaya,1
r23c23,28.5,91.5,28.0,29.0,91.0,92.0,True,30.0,0.9606709092747364,0.0002565595951627,0.0111378350800429,967,2.9854264740830017,965,171,0,0,37.7616,61.3556,102.207,139.00597973344367,,0.8047719538901775,0.1666370465581603,0.1162947822841222,0.181236586191161,0.0975060244019262,-2.1364479496125512,1078.8266746894656,4849.060644528819,428.9450007505996,0.5911480212607582,751.0,Eastern Himalayan alpine shrub and meadows,Montane Grasslands & Shrublands,Palearctic,Eastern Himalaya,1
r23c24,28.5,92.5,28.0,29.0,92.0,93.0,True,30.0,0.9587093220735228,0.0020347121786926,0.0015086885667276,23,1.3617278360175928,23,13,0,0,,,,,,,0.2215899655945676,0.1534552582433943,0.2088259294110906,0.1085112586587516,-0.6925999044797903,1384.3746591098427,4706.747958171215,499.3499297357828,0.5775390475036873,751.0,Eastern Himalayan alpine shrub and meadows,Montane Grasslands & Shrublands,Palearctic,Eastern Himalaya,0
r23c25,28.5,93.5,28.0,29.0,93.0,94.0,True,10.0,0.9445923447471396,2.017421662330122e-05,0.0018323726714207,455,2.6580113966571126,455,143,0,0,37.5959,62.0289,108.3147,,,0.7697997216754997,0.983273663983058,0.6275421043424992,0.4023545753292094,0.205077517130123,4.243272472817082,3014.027301361766,3373.335206720559,1212.532682259965,0.7951498092730871,751.0,Eastern Himalayan alpine shrub and meadows,Montane Grasslands & Shrublands,Palearctic,Eastern Himalaya,1
r23c26,28.5,94.5,28.0,29.0,94.0,95.0,True,10.0,0.9928220279535226,0.001845994794918,0.0029579902880769,10703,4.029505525426577,10669,354,0,0,41.6955,71.2271,124.6081,185.89794937782187,226.19431897066067,0.7455115987269649,1.7704203653194868,0.999908405243794,0.6191216902958065,0.3295686832451718,12.600984193789118,4859.940815250039,1865.3085574531333,1041.3042181471417,0.4878756793455857,306.0,Eastern Himalayan broadleaf forests,Temperate Broadleaf & Mixed Forests,Indomalayan,Eastern Himalaya,1
r23c27,28.5,95.5,28.0,29.0,95.0,96.0,True,10.0,0.9756918094895723,0.0152822459931632,0.0090057703006417,209380,5.320935195468596,208629,600,0,0,44.1009,78.7639,149.7992,282.7652729275944,335.465772538754,0.6360026021346963,1.8239647607553988,1.005002717631351,0.6454926022276022,0.3430583826676486,13.010906738593626,4826.285487484425,1718.6460020761776,1028.1382769483473,0.4139928754067555,306.0,Eastern Himalayan broadleaf forests,Temperate Broadleaf & Mixed Forests,Indomalayan,Eastern Himalaya,1
r23c28,28.5,96.5,28.0,29.0,96.0,97.0,True,10.0,0.9570632559775492,0.0003631231725668,0.005137045770687,4817,3.682776646314434,4796,334,0,0,40.4178,68.3964,120.952,203.13389836633883,255.45498734495476,0.7375080058627924,1.0594367660039712,0.6621691754902355,0.4100502880723565,0.2066545590573428,4.638969158884327,3140.5010657820826,3161.6824193555144,1024.6383554672634,0.8764443807422158,751.0,Eastern Himalayan alpine shrub and meadows,Montane Grasslands & Shrublands,Palearctic,Eastern Himalaya,1
r23c29,28.5,97.5,28.0,29.0,97.0,98.0,True,10.0,0.9562600567700442,0.0006657375086005,0.0044742465595848,28364,4.452767476702499,28314,332,0,0,39.0792,64.2869,107.6993,149.72790505491227,186.5322096426845,0.7939431329777866,0.5525652136153825,0.3710787766596033,0.2892375154904194,0.1369697646243571,0.3019268382081959,1797.1988870325854,3959.961498569512,800.1268353668645,1.004496311228943,751.0,Eastern Himalayan alpine shrub and meadows,Montane Grasslands & Shrublands,Palearctic,,1
r23c30,28.5,98.5,28.0,29.0,98.0,99.0,True,10.0,0.9641702748187164,0.0002824390327262,0.0046486933120336,2263,3.3546845539547285,2232,263,0,0,40.4973,68.1862,118.2583,186.18657778351567,230.9277831313599,0.7560197087427676,0.6475266065721857,0.4422353580811944,0.3706863514851544,0.1715146220605288,2.2410522288622587,1552.3584572678924,3799.388999385583,795.9598305823517,0.7011947932313886,704.0,Nujiang Langcang Gorge alpine conifer and mixed forests,Temperate Conifer Forests,Palearctic,,1
r23c31,28.5,99.5,28.0,29.0,99.0,100.0,True,10.0,0.9954425272929784,0.0019452801068072,0.0022894164468215,1034,3.014520538757924,1013,194,0,0,39.8903,66.2667,112.2179,162.6770842617603,,0.7803762933870538,0.7549333189139747,0.5235842455258305,0.4749344956631237,0.2119794741709511,3.4735166421359134,1196.710349792034,3757.771427493274,621.4525982668229,0.3835828197861294,697.0,Hengduan Mountains subalpine conifer forests,Temperate Conifer Forests,Palearctic,,1
r23c32,28.5,100.5,28.0,29.0,100.0,101.0,True,10.0,0.9955600112880668,0.0011701044715791,0.0023216961340745,715,2.8543060418010806,713,129,0,0,33.1544,51.7219,83.7608,107.21296156048751,,0.8424554891814182,0.8336986870908191,0.5751965383039344,0.5206216811191556,0.2303568212209312,4.19165300113294,1336.552604756954,3848.222010094751,645.9349064294641,0.3362981642015374,697.0,Hengduan Mountains subalpine conifer forests,Temperate Conifer Forests,Palearctic,,1
r23c33,28.5,101.5,28.0,29.0,101.0,102.0,True,10.0,0.9883365003662548,0.0032798747036914,0.0082625817466721,215,2.3324384599156054,214,110,0,0,41.3567,69.6616,,,,,1.1017786751880427,0.743341425513694,0.5711144544305654,0.2539608826682925,5.860916485416246,1662.784974174955,3416.0117155245853,728.5887326366421,0.3255765620701388,697.0,Hengduan Mountains subalpine conifer forests,Temperate Conifer Forests,Palearctic,,0
r24c00,29.5,68.5,29.0,30.0,68.0,69.0,True,60.0,0.9143936496412398,0.0855861743639537,2.017599480709456e-05,0,0.0,0,0,0,1,,,,,,,0.1631193966796323,0.0390730953664639,0.1589261704223214,0.1164870060289727,23.52919952007624,371.060606166716,643.4842173224296,383.6535087406403,0.2407769510299071,814.0,Baluchistan xeric woodlands,Deserts & Xeric Shrublands,Palearctic,,0
r24c01,29.5,69.5,29.0,30.0,69.0,70.0,True,60.0,0.9428437057586944,0.0570150622888294,0.0001412319524751,56,1.7481880270062005,54,38,0,0,35.8922,,,,,,0.2122711602026894,0.0575260599923347,0.1805594610193208,0.1247340214400815,22.04439398268772,431.56948996866817,904.2941107186488,300.62197081553137,0.2344824540856753,814.0,Baluchistan xeric woodlands,Deserts & Xeric Shrublands,Palearctic,Thar Desert,0
r24c02,29.5,70.5,29.0,30.0,70.0,71.0,True,40.0,0.3306561016254168,0.6364997733723065,0.0328441250022846,100,2.0,94,62,0,0,39.8328,,,,,,0.3906487928693147,0.0350482360411543,0.3303176213967523,0.230497636601568,25.9919430304722,363.8396070595731,157.3258962731978,167.70219900533203,0.3707217365666411,314.0,Aravalli west thorn scrub forests,Deserts & Xeric Shrublands,Indomalayan,Thar Desert,0
r24c03,29.5,71.5,29.0,30.0,71.0,72.0,True,40.0,0.1604441613952978,0.8314187558882291,0.008137082716471,427,2.630427875025024,413,88,0,0,32.7271,49.4387,74.8497,,,,0.4820376413101108,0.0289037141486289,0.4289121549694816,0.3023407290958484,25.94780829979728,268.14606415663803,114.3148498166143,7.149488644963568,0.3279910121519303,314.0,Aravalli west thorn scrub forests,Deserts & Xeric Shrublands,Indomalayan,Thar Desert,0
r24c04,29.5,72.5,29.0,30.0,72.0,73.0,True,40.0,0.4231238474170926,0.5741325028459522,0.0027436497369571,45,1.6532125137753435,45,33,0,0,,,,,,,0.4508002920435011,0.0304276227619495,0.3120479783069971,0.2229723934102982,25.86819018721016,255.2829528695245,138.60268301519133,7.784269398328883,0.345060536602966,318.0,Thar desert,Deserts & Xeric Shrublands,Indomalayan,Thar Desert,0
r24c05,29.5,73.5,29.0,30.0,73.0,74.0,True,40.0,0.206891313331563,0.7925841107619482,0.0005245759064897,642,2.807535028068853,630,184,0,0,42.1353,72.5202,127.9853,,,,0.4159600287005887,0.0583244622239561,0.3474444271459685,0.2473353664622725,25.259881605958093,285.58211571586,166.86430101487966,11.438221980135358,0.431198722750901,318.0,Thar desert,Deserts & Xeric Shrublands,Indomalayan,Thar Desert,0
r24c06,29.5,74.5,29.0,30.0,74.0,75.0,True,40.0,0.0943816346874538,0.9043472777402688,0.0012710875722765,4964,3.695831772826692,4833,235,0,0,40.4871,67.5812,112.7866,,,,0.4831732816697673,0.06004539578932,0.3789854676496403,0.268046139042866,25.19172838784408,379.0434653581966,191.34688543652487,7.622134384009967,0.4472186399023971,314.0,Aravalli west thorn scrub forests,Deserts & Xeric Shrublands,Indomalayan,,0
r24c07,29.5,75.5,29.0,30.0,75.0,76.0,True,40.0,0.0237111455834905,0.9759256865099816,0.0003631679065277,9569,3.980866554582079,9329,251,0,0,40.4862,67.557,112.5779,,,,0.6543180460043599,0.0992176787624325,0.4630756490823552,0.3246673788928039,24.70458533930702,570.8264333994506,213.90103416433163,7.416306498185434,0.4310758573288748,314.0,Aravalli west thorn scrub forests,Deserts & Xeric Shrublands,Indomalayan,,0
r24c08,29.5,76.5,29.0,30.0,76.0,77.0,True,40.0,0.0239081034548239,0.975524426833437,0.0005674697117393,24489,4.388971051219083,23744,275,0,0,39.3624,64.6996,106.2457,,,,0.7572964961285182,0.1632397639685228,0.4986951254565521,0.3458622139772211,23.919417200458994,764.5573373729766,233.5922108131369,9.469107317227788,0.4361829434008535,314.0,Aravalli west thorn scrub forests,Deserts & Xeric Shrublands,Indomalayan,,0
r24c09,29.5,77.5,29.0,30.0,77.0,78.0,True,40.0,0.2156362783304546,0.7810380643096508,0.003325657359895,27694,4.442385687867871,26768,324,0,0,39.1089,64.0203,104.7395,,,,0.8125580201999612,0.1791329847983765,0.5412986235425209,0.3504314253032262,23.39664283231804,956.3276580450488,245.774486241232,15.012575209228908,0.2446634107485819,287.0,Upper Gangetic Plains moist deciduous forests,Tropical & Subtropical Moist Broadleaf Forests,Indomalayan,,0
r24c10,29.5,78.5,29.0,30.0,78.0,79.0,True,10.0,0.5228569599862247,0.4616435092901507,0.015499530723619,592290,5.772534400239321,582133,597,0,0,43.027,75.5682,140.3546,254.88431401003373,306.16536777438193,0.6706201885654556,0.9304778364224956,0.2679356507054859,0.5773366861809408,0.3517129671875443,21.67204200174789,1112.1910247264311,444.9149306382395,395.54338863983054,0.2407464980377162,287.0,Upper Gangetic Plains moist deciduous forests,Tropical & Subtropical Moist Broadleaf Forests,Indomalayan,,1
r24c11,29.5,79.5,29.0,30.0,79.0,80.0,True,10.0,0.8741836095251359,0.1241619298401082,0.0016544606347558,1203170,6.080326994626484,1194119,659,0,0,42.9425,75.265,138.9841,253.36945100572848,312.4984955068854,0.6783474144349814,1.314656239531174,0.568350567926183,0.6240788685186806,0.3491780476317743,18.115670420036487,2067.3388562209925,1110.2118601010814,598.6180620796869,0.2261289132863194,302.0,Himalayan subtropical pine forests,Tropical & Subtropical Coniferous Forests,Indomalayan,,1
r24c12,29.5,80.5,29.0,30.0,80.0,81.0,True,10.0,0.966355893233359,0.0246197406061426,0.0036392108112316,34445,4.537126189088166,34254,474,0,0,42.5725,74.2222,135.8757,232.70598958836308,282.50456053077096,0.6917707144985137,1.448190976000742,0.7510923825939161,0.6152272000559301,0.3331212863082239,13.876274233096858,2307.09067936012,1662.231604685888,845.6118029022903,0.2687925200797307,302.0,Himalayan subtropical pine forests,Tropical & Subtropical Coniferous Forests,Indomalayan,,1
r24c13,29.5,81.5,29.0,30.0,81.0,82.0,True,10.0,0.9378835880036972,0.0164138161309516,0.0016727380334468,3448,3.5375672571526757,3434,292,0,0,41.0077,70.2595,126.3908,204.0699628473877,240.67895143859923,0.7197973285753042,1.2123798371785903,0.7687986973090543,0.4854423494405472,0.2508546656708341,7.045578088172651,1846.2712648147767,2819.330703908987,1185.97006397249,0.4898363438022993,310.0,Western Himalayan subalpine conifer forests,Temperate Conifer Forests,Indomalayan,,1
r24c14,29.5,82.5,29.0,30.0,82.0,83.0,True,30.0,0.895070022971362,0.0016176401822295,0.0042082381204326,4277,3.631139250256811,4265,303,0,0,40.9587,69.6718,122.6042,187.1814589906194,228.5884251903599,0.7432037524127187,0.4618842369317587,0.3162468380309376,0.2560000628624929,0.1241852457736806,-2.267384066670428,1254.3071203376132,4223.174354897147,929.9121282511668,0.8137480031220554,769.0,Western Himalayan alpine shrub and meadows,Montane Grasslands & Shrublands,Palearctic,,1
r24c15,29.5,83.5,29.0,30.0,83.0,84.0,True,60.0,0.9576982214189456,2.0175993210738733e-05,0.0137811528214385,2295,3.36078268987328,2293,136,0,0,30.6698,44.7241,65.9248,65.92484462870306,90.97414380680414,0.9000953615463912,0.0872697403579315,0.0609025515820625,0.1127104910228328,0.0665435890762167,-4.673003558948544,604.9125228062344,4963.426036117992,461.044200113455,0.6704870106569746,750.0,Central Tibetan Plateau alpine steppe,Montane Grasslands & Shrublands,Palearctic,,1
r24c16,29.5,84.5,29.0,30.0,84.0,85.0,True,60.0,0.9760582942248708,2.017599480709451e-05,0.0083940841767822,109,2.037426497940624,109,42,0,0,27.9006,40.3034,,,,,0.0772007046929382,0.0538292320418123,0.1183413398767441,0.0721603279157799,-4.26591231858555,603.8682651903231,4993.747080462119,391.7059573453416,0.5001526360899681,750.0,Central Tibetan Plateau alpine steppe,Montane Grasslands & Shrublands,Palearctic,,0
r24c17,29.5,85.5,29.0,30.0,85.0,86.0,True,30.0,0.9749401319995564,4.034844920735489e-05,0.0212877626871941,92,1.9637878273455556,92,47,0,0,33.5107,,,,,,0.0764850027157101,0.0536726248847468,0.1307160827752319,0.0774338567296115,-5.085468466798552,627.3895907506222,5150.301385865851,381.8385701445088,0.4891582273827742,750.0,Central Tibetan Plateau alpine steppe,Montane Grasslands & Shrublands,Palearctic,,0
r24c18,29.5,86.5,29.0,30.0,86.0,87.0,True,30.0,0.9900085059074164,0.0002420991228179,0.0074091034491925,36,1.5563025007672873,36,29,0,0,,,,,,,0.0842783955108962,0.0590940686529629,0.1413157138205704,0.0841877993995942,-3.1853974594187604,613.5023473615969,5163.018115101599,368.4412952656526,0.3987443050963382,770.0,Yarlung Zanbo arid steppe,Montane Grasslands & Shrublands,Palearctic,,0
r24c19,29.5,87.5,29.0,30.0,87.0,88.0,True,30.0,0.9868874231709984,0.0041386108249987,0.0085704461078606,209,2.3201462861110542,209,57,0,0,31.5436,45.0152,,,,,0.1119579198804437,0.0784817472671998,0.1617121417706086,0.0921402287888034,-0.1303635189934961,701.0140892816175,4905.699995601917,485.51135842442176,0.3655691942435842,750.0,Central Tibetan Plateau alpine steppe,Montane Grasslands & Shrublands,Palearctic,,0
r24c20,29.5,88.5,29.0,30.0,88.0,89.0,True,30.0,0.970771869411794,0.0197451764145329,0.0069407790291201,1022,3.009450895798694,1016,106,0,0,33.2473,50.0567,74.1749,74.88706119081618,89.35659636063004,0.8969190674407965,0.1519196566915829,0.1065937031711685,0.1792896408764586,0.1041240109420308,1.3379731357714555,761.8244326442717,4729.572501127209,528.7316887494824,0.3956470428918854,770.0,Yarlung Zanbo arid steppe,Montane Grasslands & Shrublands,Palearctic,,1
r24c21,29.5,89.5,29.0,30.0,89.0,90.0,True,30.0,0.9666717858312448,0.024546275467547,0.0067612533202371,185,2.2671717284030137,185,48,0,0,31.3564,42.9344,,,,,0.182941449441018,0.1277771875397412,0.2072104929068692,0.1194687320698926,0.1026531284170579,726.5755832055854,4734.512320064588,538.1906376777868,0.4795019856453001,768.0,Tibetan Plateau alpine shrublands and meadows,Montane Grasslands & Shrublands,Palearctic,,0
r24c22,29.5,90.5,29.0,30.0,90.0,91.0,True,30.0,0.9537009754275804,0.0118917028522236,0.0250033231633984,1727,3.237292337567459,1727,127,0,0,33.493,50.6149,76.5074,81.60909701878096,100.72318950686696,0.8822456484742918,0.241117165944126,0.1687659099701466,0.222590471192253,0.1298695533595262,0.4887851014198812,931.6296294927846,4740.587378478355,562.1145840600353,0.5093328294395698,768.0,Tibetan Plateau alpine shrublands and meadows,Montane Grasslands & Shrublands,Palearctic,,1
r24c23,29.5,91.5,29.0,30.0,91.0,92.0,True,30.0,0.939518330678456,0.0362887800564647,0.0241928892650788,8229,3.915347062324192,8218,203,0,0,33.6969,51.1963,78.0792,86.10412110330475,112.47064752101004,0.8754837122783979,0.3241609886918347,0.2245629691696475,0.274260232402269,0.1538043926424461,1.3124086211214612,934.7260797964258,4407.977786872586,529.3173236158052,0.4841373400806572,765.0,Southeast Tibet shrublands and meadows,Montane Grasslands & Shrublands,Palearctic,,1
r24c24,29.5,92.5,29.0,30.0,92.0,93.0,True,30.0,0.9872816067244456,0.0016407435463322,0.0049599716175182,309,2.4899584794248346,309,66,0,0,27.7793,40.0947,60.5447,60.94781658047186,,0.8987441049536959,0.2418287912374341,0.1664266211198599,0.2538038473660267,0.1313311035697051,-3.405158378156192,1128.365101932161,4799.281182382582,521.508815301011,0.6633038678904559,765.0,Southeast Tibet shrublands and meadows,Montane Grasslands & Shrublands,Palearctic,,1
r24c25,29.5,93.5,29.0,30.0,93.0,94.0,True,10.0,0.9746901170541435,0.0013718951378422,0.0106287061541442,60,1.7781512503836436,60,34,0,0,30.1944,,,,,,0.3087056051820601,0.2098514154681652,0.3074219682674561,0.1459893304343234,-2.4938127574731954,1338.205364978398,4545.222671644813,588.4303542293302,0.748227117652168,765.0,Southeast Tibet shrublands and meadows,Montane Grasslands & Shrublands,Palearctic,,0
r24c26,29.5,94.5,29.0,30.0,94.0,95.0,True,10.0,0.9040748856417103,0.0040553034040258,0.0202129835378655,5034,3.701913211212344,5019,309,0,0,37.1515,60.0106,99.924,148.55505793398152,210.44541967952887,0.8044824143848555,0.5640782472420783,0.372991382391789,0.3423904105604923,0.1663137512505972,1.0798819134763749,2686.9274478688144,3925.7257213189,775.3447744922832,0.8748609334789634,702.0,Northeast Himalayan subalpine conifer forests,Temperate Conifer Forests,Palearctic,,1
r24c27,29.5,95.5,29.0,30.0,95.0,96.0,True,10.0,0.8632019787064358,0.0003228215872694,0.0085902982618273,25159,4.40069337512328,25035,431,0,0,42.644,74.1704,134.0501,215.635263722956,261.8369549009755,0.7072740763039824,0.7900050047755264,0.5182715911631095,0.3626866323353358,0.1786921049563361,3.069130381606913,3514.908355375442,3349.836265736539,985.579395723143,0.91872112924573,702.0,Northeast Himalayan subalpine conifer forests,Temperate Conifer Forests,Palearctic,,1
r24c28,29.5,96.5,29.0,30.0,96.0,97.0,True,100.0,0.7520792973814003,2.017563882599938e-05,0.0083652154580206,1479,3.1699681739968923,1474,140,0,0,31.0226,47.4255,74.6178,84.82753063532925,113.83292589858658,0.8705069177829956,0.2347230487109643,0.1584599613882304,0.1291525078970053,0.0601461879860981,-4.450929650044834,1731.2581013084846,4563.11286944412,679.4682582186596,1.057440916195293,702.0,Northeast Himalayan subalpine conifer forests,Temperate Conifer Forests,Palearctic,,1
r24c29,29.5,97.5,29.0,30.0,97.0,98.0,True,30.0,0.933814903999452,8.070397922837809e-05,0.0029456952418358,172,2.2355284469075487,172,51,0,0,33.1383,45.875,,,,,0.2101183531144316,0.1455117985264022,0.2020564194392346,0.0941673892296749,-1.6052114788777154,943.4950304535922,4526.663750860242,665.9315680203067,0.7207345238662544,704.0,Nujiang Langcang Gorge alpine conifer and mixed forests,Temperate Conifer Forests,Palearctic,,0
r24c30,29.5,98.5,29.0,30.0,98.0,99.0,True,30.0,0.99149570837184,0.0024816909521337,0.0036216151207099,167,2.2227164711475837,164,57,0,0,35.5168,50.5454,,,,,0.4516739439579811,0.309396648233198,0.3881187675628995,0.1884486276972379,1.5724950921812697,944.6119319469564,4185.378764821754,566.9363556302803,0.4304352916326803,704.0,Nujiang Langcang Gorge alpine conifer and mixed forests,Temperate Conifer Forests,Palearctic,,0
r24c31,29.5,99.5,29.0,30.0,99.0,100.0,True,30.0,0.9894884913399822,0.0006984727594041,0.0036796412122347,216,2.3344537511509307,216,75,0,0,33.6181,51.3121,,,,,0.5306592183636988,0.3633361283667682,0.4396506804690585,0.2108504802544198,0.7906179991406381,1063.0376001320883,4150.561684511789,574.5010473641485,0.3896634523977511,697.0,Hengduan Mountains subalpine conifer forests,Temperate Conifer Forests,Palearctic,,0
r24c32,29.5,100.5,29.0,30.0,100.0,101.0,True,30.0,0.9940520117839384,0.0013518155036503,0.0045961727124112,727,2.8615344108590377,724,162,0,0,38.3616,62.6237,104.2478,148.21483741381854,,0.8015922474342759,0.4883563433572028,0.3345166957095553,0.4234513802942922,0.209934555979282,1.4213352568964204,1196.90097624779,4261.422457208594,362.0414903039539,0.3673716607566366,765.0,Southeast Tibet shrublands and meadows,Montane Grasslands & Shrublands,Palearctic,,1
r24c33,29.5,101.5,29.0,30.0,101.0,102.0,True,30.0,0.967737772962956,0.0008095937292048,0.0033657516298087,626,2.7965743332104296,625,139,0,0,36.8946,59.0625,97.0081,125.09311593882306,,0.8185493092198852,0.5508218004328362,0.3753917589401492,0.4278218102922123,0.1977369381430141,1.695981930899889,1423.059343240976,4164.150282882095,592.1460492743935,0.4574275083707455,697.0,Hengduan Mountains subalpine conifer forests,Temperate Conifer Forests,Palearctic,,1
r25c00,30.5,68.5,30.0,31.0,68.0,69.0,True,60.0,0.9173522341247494,0.0825267205563599,0.0001210453188927,0,0.0,0,0,0,1,,,,,,,0.1979241996522386,0.0913712256983449,0.1443867383273387,0.1055659450985272,17.145365498290047,332.3906688738861,1606.581801984933,346.28955480426714,0.2023313299314688,814.0,Baluchistan xeric woodlands,Deserts & Xeric Shrublands,Palearctic,,0
r25c01,30.5,69.5,30.0,31.0,69.0,70.0,True,60.0,0.9267279514584577,0.0728483899589357,0.0004236585826068,8,0.9030899869919436,8,8,0,1,,,,,,,0.2340293744491107,0.0969980454655542,0.1847403985353702,0.122507511959264,18.473071354170152,440.42732548066505,1409.6509176698191,213.0929627155875,0.2191569335568561,814.0,Baluchistan xeric woodlands,Deserts & Xeric Shrublands,Palearctic,,0
r25c02,30.5,70.5,30.0,31.0,70.0,71.0,True,40.0,0.5844863097744355,0.3865712006762056,0.0289424895493585,94,1.9731278535996983,92,53,0,0,36.7487,,,,,,0.3161313343719955,0.0598980935774053,0.2833484408420414,0.1880439666961328,23.69503099855604,524.7184852380972,498.5043424806955,482.3717436451424,0.3206234628831755,814.0,Baluchistan xeric woodlands,Deserts & Xeric Shrublands,Palearctic,,0
r25c03,30.5,71.5,30.0,31.0,71.0,72.0,True,40.0,0.2705175205086421,0.7088866935086102,0.0205957859827546,344,2.53655844257153,329,124,0,0,39.4286,65.5041,110.7356,,,,0.4008584688972301,0.0388835663917637,0.3731418967855948,0.2563321645009651,25.5246613728748,374.3304256685018,133.7832274445093,8.548838301410738,0.3296901634631106,317.0,Indus Valley desert,Deserts & Xeric Shrublands,Indomalayan,,0
r25c04,30.5,72.5,30.0,31.0,72.0,73.0,True,40.0,0.0662460640198191,0.9272407842427404,0.0065131517374404,18,1.255272505103306,16,10,0,1,,,,,,,0.4914523808430716,0.0346348889262505,0.4631148746611076,0.3204072989058943,25.172186811404654,345.6543855565954,149.75944811270304,9.438974007700589,0.2636026283124519,314.0,Aravalli west thorn scrub forests,Deserts & Xeric Shrublands,Indomalayan,,0
r25c05,30.5,73.5,30.0,31.0,73.0,74.0,True,40.0,0.0507176721576937,0.9440549897016544,0.0052273381406521,5273,3.722057771331464,5038,165,0,0,32.5647,48.8718,73.8606,,,,0.5054342521147285,0.0386850414570148,0.4634201834629469,0.3197766034938977,24.87988239114307,384.62243719180793,170.51593347887854,8.82413829956856,0.2861021836122759,314.0,Aravalli west thorn scrub forests,Deserts & Xeric Shrublands,Indomalayan,,0
r25c06,30.5,74.5,30.0,31.0,74.0,75.0,True,40.0,0.034748231690216,0.9639263617300624,0.0013254065797223,23467,4.370457573334345,22562,252,0,0,33.8314,53.0607,85.8499,,,,0.6126215202136875,0.0274507402093127,0.5018008913316637,0.3486685436752386,24.40439741519755,515.3526824035556,195.22577932807417,8.783823620514614,0.4114147275161359,314.0,Aravalli west thorn scrub forests,Deserts & Xeric Shrublands,Indomalayan,,0
r25c07,30.5,75.5,30.0,31.0,75.0,76.0,True,40.0,0.0233206860753737,0.9763134880719724,0.0003658258526535,80962,4.908281227981833,78607,299,0,0,33.0034,51.3238,82.7657,,,,0.6812691737343614,0.063065646103497,0.5269446245004487,0.3697611579904922,23.553984851212608,755.8204481455634,229.8353260845929,11.948323102869542,0.4187068499207035,314.0,Aravalli west thorn scrub forests,Deserts & Xeric Shrublands,Indomalayan,,0
r25c08,30.5,76.5,30.0,31.0,76.0,77.0,True,40.0,0.1227033325941267,0.8760243243634541,0.0012723430424189,208284,5.318655909512809,201397,467,0,0,37.8522,61.5658,103.3313,,,,0.7649432503517688,0.201457407208141,0.5278852628942726,0.3517302069408012,22.83877352657662,914.5213835516364,296.1165508184527,130.73676161908,0.3642964968131321,314.0,Aravalli west thorn scrub forests,Deserts & Xeric Shrublands,Indomalayan,,0
r25c09,30.5,77.5,30.0,31.0,77.0,78.0,True,10.0,0.699707242382436,0.297528804790778,0.0027639528267871,733018,5.865114639313287,723520,583,0,0,40.1659,67.5715,118.4082,193.0802741112523,243.4516538359802,0.7472538997372259,1.0680835428676332,0.4414677324098881,0.589017666972415,0.3393088398952925,18.603045190561776,1446.5088402766085,910.1178561084632,690.7590450277071,0.2391847925560149,314.0,Aravalli west thorn scrub forests,Deserts & Xeric Shrublands,Indomalayan,,1
r25c10,30.5,78.5,30.0,31.0,78.0,79.0,True,10.0,0.9317482665763644,0.0317009922853893,0.0063754227488635,582611,5.765378680075724,576543,566,0,0,39.3642,65.3664,112.4678,176.78421313117764,229.57877934311125,0.7676272174399614,1.374453280024713,0.7592274386892842,0.5810662806244734,0.3029393813186264,11.483248036540454,1685.6090966629995,1943.4467843432265,1123.5321841251164,0.3207783290224729,302.0,Himalayan subtropical pine forests,Tropical & Subtropical Coniferous Forests,Indomalayan,,1
r25c11,30.5,79.5,30.0,31.0,79.0,80.0,True,10.0,0.78497165235208,0.0027437418673726,0.0013315217885779,193786,5.287322398399114,193499,430,0,0,41.351,70.23,121.3705,169.99095474146228,202.6206733589148,0.7609066804290214,1.102971869088908,0.7013859873013597,0.3285970519375306,0.1646667711563419,0.8284475019581042,1658.6187680165358,3591.622065294039,1508.0097999837246,0.635636639903131,308.0,Western Himalayan broadleaf forests,Temperate Broadleaf & Mixed Forests,Indomalayan,,1
r25c12,30.5,80.5,30.0,31.0,80.0,81.0,True,60.0,0.8679543077014261,4.034772779397575e-05,0.0014928659283771,147424,5.168568190572586,147317,343,0,0,37.7415,61.0517,100.3334,129.7894995671592,159.41441222436535,0.8159089153863611,0.3528246460276666,0.2355769029699469,0.132631172347512,0.0681514557259039,-5.669730500484441,1025.751182839959,4576.74580219472,833.4397934934925,0.9267618864293476,769.0,Western Himalayan alpine shrub and meadows,Montane Grasslands & Shrublands,Palearctic,,1
r25c13,30.5,81.5,30.0,31.0,81.0,82.0,True,60.0,0.8804799776070159,6.0523717662632985e-05,0.0656582650516358,693,2.8407332346118066,688,117,0,0,35.8202,55.6891,85.0214,92.09264578650668,115.38502373735145,0.8734870109915097,0.1059811952305091,0.0744397851790917,0.0904458942791339,0.0503505112644723,-6.868271558204616,715.0953137438062,4903.713384786737,508.3961310392701,0.927821605885904,769.0,Western Himalayan alpine shrub and meadows,Montane Grasslands & Shrublands,Palearctic,,1
r25c14,30.5,82.5,30.0,31.0,82.0,83.0,True,60.0,0.925473583876574,0.0,0.0159835992295505,40,1.6020599913279625,39,27,0,0,,,,,,,0.0677737758377955,0.0474117131674362,0.0832680504503021,0.0500907995111609,-8.010647200178633,553.490691885004,5229.320379085472,372.86556878437887,0.8661886502749512,769.0,Western Himalayan alpine shrub and meadows,Montane Grasslands & Shrublands,Palearctic,,0
r25c15,30.5,83.5,30.0,31.0,83.0,84.0,True,60.0,0.96092261842365,0.0,0.0177514923976823,30,1.4771212547196624,29,26,0,0,,,,,,,0.0686611877251704,0.0480740273317976,0.1014254798599452,0.0676635010680035,-6.509008221405339,479.89818424712087,5215.924575645341,406.0661077080695,0.5914185913717195,0.0,Rock and Ice,,,,0
r25c16,30.5,84.5,30.0,31.0,84.0,85.0,True,60.0,0.9510950803859588,0.0,0.0392742217616699,1,0.0,1,1,0,1,,,,,,,0.0688929131544343,0.0484838673553907,0.1091886967277193,0.0702884459978644,-4.968466554943283,458.13767631500986,5280.774308568278,365.6583789584167,0.5153686676760532,0.0,Rock and Ice,,,,0
r25c17,30.5,85.5,30.0,31.0,85.0,86.0,True,30.0,0.8993855832188894,0.0,0.0968784545269643,1,0.0,1,1,0,1,,,,,,,0.0823103069402597,0.0581018250169203,0.1060432841263475,0.0656709742309661,-2.277880133822339,494.415482287854,5083.605200517925,350.51938121798145,0.6345211281038073,750.0,Central Tibetan Plateau alpine steppe,Montane Grasslands & Shrublands,Palearctic,,0
r25c18,30.5,86.5,30.0,31.0,86.0,87.0,True,60.0,0.9115792719937664,0.0,0.0771229664820418,1,0.0,1,1,0,1,,,,,,,0.09673049793356,0.0686360047200298,0.117500606939427,0.0762073099553177,-1.8893755268260484,510.3545059192643,5087.1241897183245,343.6329670594781,0.5369825228317604,750.0,Central Tibetan Plateau alpine steppe,Montane Grasslands & Shrublands,Palearctic,,0
r25c19,30.5,87.5,30.0,31.0,87.0,88.0,True,30.0,0.977721806844266,0.0,0.0219957540783175,0,0.0,0,0,0,1,,,,,,,0.1039746890113905,0.073177582743253,0.1506899585507617,0.0935231727455268,-2.187737212512028,560.5039294195755,5150.324587427327,266.2979918115268,0.3960529105022395,750.0,Central Tibetan Plateau alpine steppe,Montane Grasslands & Shrublands,Palearctic,,0
r25c20,30.5,88.5,30.0,31.0,88.0,89.0,True,30.0,0.9707110699891096,0.0,0.0213604622506754,20,1.3010299956639813,19,19,0,0,,,,,,,0.115107732432031,0.0809280366903125,0.1584477933238151,0.095762923024861,-1.944571352642754,618.7892021968313,5118.623579339634,268.69080101918007,0.4487202377882365,768.0,Tibetan Plateau alpine shrublands and meadows,Montane Grasslands & Shrublands,Palearctic,,0
r25c21,30.5,89.5,30.0,31.0,89.0,90.0,True,30.0,0.9766463231416338,0.0,0.0217599134929454,3,0.4771212547196624,3,3,0,1,,,,,,,0.145372729451481,0.1018994086549963,0.1860668674086431,0.1119572181792967,-2.258245749968759,670.3187909592245,5091.88287948599,253.16609739888992,0.4985744168838557,768.0,Tibetan Plateau alpine shrublands and meadows,Montane Grasslands & Shrublands,Palearctic,,0
r25c22,30.5,90.5,30.0,31.0,90.0,91.0,True,30.0,0.7526797568259869,9.090425045015098e-05,0.1911917341532509,497,2.696356388733332,492,72,0,0,30.299,43.132,59.5446,53.46148958132156,66.41283519873176,0.929661979762412,0.1753045866332034,0.1235161570343067,0.1367077555896882,0.0834722127456392,-2.577639298629361,810.9347716523979,5007.543207414265,399.2280787612797,0.9272944692362776,768.0,Tibetan Plateau alpine shrublands and meadows,Montane Grasslands & Shrublands,Palearctic,,1
r25c23,30.5,91.5,30.0,31.0,91.0,92.0,True,30.0,0.9773813011382728,0.0007568759054999,0.0121862796048486,1533,3.185542154854375,1533,100,0,0,14.4299,25.176,47.5396,52.68926405538885,74.05096818291372,0.8851165213462774,0.2464766237282545,0.1704503779327452,0.2307095398031653,0.1313204062185206,-4.128456712776783,902.882123229984,4919.481197682,370.7090438818129,0.7216474851656686,765.0,Southeast Tibet shrublands and meadows,Montane Grasslands & Shrublands,Palearctic,,1
r25c24,30.5,92.5,30.0,31.0,92.0,93.0,True,30.0,0.994886824613654,6.052265465812863e-05,0.0035273236051407,45,1.6532125137753435,45,19,0,0,,,,,,,0.1869893630415162,0.1289588513213956,0.1961603402492506,0.1070437061301722,-6.502813938294012,963.0667075039372,5063.9752591299975,270.98830477147465,0.9193053011227998,765.0,Southeast Tibet shrublands and meadows,Montane Grasslands & Shrublands,Palearctic,,0
r25c25,30.5,93.5,30.0,31.0,93.0,94.0,True,60.0,0.8550576427095846,4.034914510842186e-05,0.0063386924645914,352,2.546542663478131,352,105,0,0,35.5975,57.0322,91.8869,,,0.8454343410636764,0.1857256555888723,0.1265880029709168,0.1703528827003736,0.083060666769302,-6.935316832938296,1079.329246959814,4940.022616487029,469.322220502258,0.9405258567273476,765.0,Southeast Tibet shrublands and meadows,Montane Grasslands & Shrublands,Palearctic,,1
r25c26,30.5,94.5,30.0,31.0,94.0,95.0,True,60.0,0.7366958707739795,0.0003833034140427,0.0092054527659831,79,1.8976270912904412,79,55,0,0,38.208,,,,,,0.2622176854112297,0.1762329691811199,0.1708021113304155,0.0809603942170548,-4.089572142671633,1294.139014576782,4557.69161543362,725.8270934661623,1.0106828940882076,765.0,Southeast Tibet shrublands and meadows,Montane Grasslands & Shrublands,Palearctic,,0
r25c27,30.5,95.5,30.0,31.0,95.0,96.0,True,30.0,0.8328989207236616,0.001250823498361,0.003964659528771,615,2.788875115775417,607,175,0,0,40.2484,67.3889,115.979,,,0.7626962321263081,0.2802448205491459,0.189575526500973,0.21438625247978,0.1031997372543634,-4.045846896089404,1257.67825682499,4466.92024705387,632.7764841214216,0.9629215508507416,702.0,Northeast Himalayan subalpine conifer forests,Temperate Conifer Forests,Palearctic,,1
r25c28,30.5,96.5,30.0,31.0,96.0,97.0,True,30.0,0.9910457316178322,0.0001613909111759,0.0027941988195204,3,0.4771212547196624,3,3,0,1,,,,,,,0.1921985552120755,0.1335320758618463,0.2085723408392288,0.1064300314655943,-4.144082632636339,857.0741418463,4619.909206998985,489.4392129339631,0.8409225091123698,704.0,Nujiang Langcang Gorge alpine conifer and mixed forests,Temperate Conifer Forests,Palearctic,,0
r25c29,30.5,97.5,30.0,31.0,97.0,98.0,True,30.0,0.996927901695386,0.0005447038919231,0.0021642584847421,4,0.6020599913279624,4,4,0,1,,,,,,,0.2996902514047945,0.2074909816993085,0.2934451814892709,0.1519491089493304,-0.6008274912140251,945.8354085105556,4410.382071844808,507.27136814558855,0.5340616138386493,704.0,Nujiang Langcang Gorge alpine conifer and mixed forests,Temperate Conifer Forests,Palearctic,,0
r25c30,30.5,98.5,30.0,31.0,98.0,99.0,True,30.0,0.9983513021540432,0.0005447135020592,0.0011039843438975,0,0.0,0,0,0,1,,,,,,,0.4992497679008886,0.3379087977223577,0.4013692396248633,0.2141933069542586,0.5304560254519667,1135.650566066915,4267.857873661148,391.7025391277817,0.4521011260492309,765.0,Southeast Tibet shrublands and meadows,Montane Grasslands & Shrublands,Palearctic,,0
r25c31,30.5,99.5,30.0,31.0,99.0,100.0,True,30.0,0.9909720772363104,0.0002926396962939,0.0026831238982993,285,2.45484486000851,284,90,0,0,35.2686,54.9069,85.7184,,,0.8639963100987522,0.4249052793926309,0.2874039031202882,0.3600992251490152,0.191151995388954,-1.5123321298139525,1075.9582566786885,4455.764888726971,421.46762950837217,0.6146051114195454,765.0,Southeast Tibet shrublands and meadows,Montane Grasslands & Shrublands,Palearctic,,1
r25c32,30.5,100.5,30.0,31.0,100.0,101.0,True,30.0,0.9966711161492164,0.0005495395766599,0.0027793442741235,81,1.9084850188786495,80,39,0,0,30.4516,,,,,,0.5880502928566367,0.395961045205768,0.4893328556475647,0.2381772546950136,1.7123714038788898,1274.341366549359,4136.616652710648,441.8677142483819,0.3697327760295588,765.0,Southeast Tibet shrublands and meadows,Montane Grasslands & Shrublands,Palearctic,,0
r25c33,30.5,101.5,30.0,31.0,101.0,102.0,True,10.0,0.9915837901805188,0.0037101576959427,0.0038471050469252,2112,3.3246939138617746,2103,219,0,0,37.7612,61.5157,103.1261,145.06693995357182,184.53872446162657,0.7989757094574899,0.6375375100907289,0.4282588980204967,0.4749966085787384,0.2329691076444005,2.0274874951854995,1271.4837735798103,3930.956151534483,540.9193474530889,0.4383503388107749,765.0,Southeast Tibet shrublands and meadows,Montane Grasslands & Shrublands,Palearctic,,1
