cell_id,elev_mean,elev_sd,ndvi_cv,npp
r00c00,,,,
r00c01,,,,
r00c02,,,,
r00c03,,,,
r00c04,,,,
r00c05,,,,
r00c06,,,,
r00c07,0,,,
r00c08,0,0,,
r00c09,0.016436527642316043,0.23483948259146045,,0.38514950133570797
r00c10,0.03243180633578503,0.3548010414313044,,0.39068714285714284
r00c11,0.008166381902310506,0.140197104039841,,0.32157
r00c12,0,0,,
r00c13,,,,
r00c14,,,,
r00c15,,,,
r00c16,,,,
r00c17,,,,
r00c18,,,,
r00c19,,,,
r00c20,,,,
r00c21,,,,
r00c22,,,,
r00c23,0,,,
r00c24,0,0,,
r00c25,0,0,,
r00c26,0,0,,
r00c27,,,,
r00c28,,,,
r00c29,,,,
r00c30,,,,
r00c31,,,,
r00c32,,,,
r00c33,,,,
r00c34,,,,
r00c35,,,,
r00c36,,,,
r00c37,,,,
r00c38,,,,
r00c39,,,,
r00c40,,,,
r00c41,,,,
r00c42,,,,
r00c43,,,,
r00c44,,,,
r00c45,,,,
r00c46,,,,
r00c47,,,,
r00c48,,,,
r00c49,,,,
r00c50,,,,
r00c51,0,,,
r00c52,0,0,,
r00c53,0,0,,
r00c54,166.93287649903743,312.0882218720927,0.20993658394934167,0.9636131207591709
r00c55,503.1873385609878,479.17803322991915,0.217055739189301,0.991316705287213
r00c56,285.8997662321803,488.7182370377185,0.2835652615238644,1.1310646622453098
r00c57,65.00591829643191,113.2939410132697,0.2146954503598503,0.8471025552037654
r00c58,14.681718065856312,47.34899796898952,0.31013443157168996,0.6247465566217018
r00c59,1.4909388447976544,7.317409659851621,0.43032574341405905,0.4047337716117839
r00c60,0,0,,
r00c61,0,,,
r00c62,0,,,
r00c63,,,,
r00c64,17.54483974463501,73.32579452842117,0.3461882308240425,0.6179173845423939
r00c65,302.41442664225326,378.41133643689676,0.16263950837045718,0.9541338980616229
r00c66,544.5346115299087,395.4847758898488,0.16143822232935945,1.2791870564044887
r00c67,699.0659462343622,450.0281869346876,0.2405813946423506,1.2077649988427732
r01c00,,,,
r01c01,,,,
r01c02,,,,
r01c03,,,,
r01c04,,,,
r01c05,,,,
r01c06,,,,
r01c07,0,,,
r01c08,0,0,,
r01c09,0.008715261581266169,0.16465853674924613,,0.3077
r01c10,0.07017423955494519,0.5767969658077857,1.0309898152414143,0.43398196078431384
r01c11,0.0003216693816112346,0.022065086969929888,,0.08852000000000002
r01c12,0,0,,
r01c13,,,,
r01c14,,,,
r01c15,,,,
r01c16,,,,
r01c17,,,,
r01c18,,,,
r01c19,,,,
r01c20,,,,
r01c21,0,,,
r01c22,0,,,
r01c23,0,,,
r01c24,0.41545513425125946,2.4889906633549352,0.2265590463610665,0.7010363381384282
r01c25,1.4556803315470301,7.663572697866764,0.24549498327368452,0.8863110817149205
r01c26,0,0,,
r01c27,0,,,
r01c28,0,,,
r01c29,,,,
r01c30,,,,
r01c31,,,,
r01c32,,,,
r01c33,,,,
r01c34,,,,
r01c35,,,,
r01c36,,,,
r01c37,,,,
r01c38,,,,
r01c39,,,,
r01c40,,,,
r01c41,,,,
r01c42,,,,
r01c43,,,,
r01c44,,,,
r01c45,,,,
r01c46,,,,
r01c47,,,,
r01c48,,,,
r01c49,0,,,
r01c50,0,,,
r01c51,0,,,
r01c52,0,0,,
r01c53,0.00024310117012696695,0.02005317107962684,,
r01c54,19.259531120790356,62.27907757690672,0.3496451430174289,0.6996354985010352
r01c55,19.69984657421889,70.30048622509379,0.2909931859018841,0.6873407774584943
r01c56,0,0,,
r01c57,0,0,,
r01c58,0,0,,
r01c59,0,0,,
r01c60,0,0,,
r01c61,0,,,
r01c62,0,,,
r01c63,0,,,
r01c64,16.868724770929855,84.72780488161756,0.31456778671606545,0.6224161615748717
r01c65,191.01789888144768,216.03071758889877,0.14057948568109158,0.8543222207010318
r01c66,512.4207553606448,235.7660422535404,0.18110348284574598,1.2310861162999784
r01c67,413.9230083222038,339.94368369886604,0.23762785813037074,1.0262510437902608
r02c00,,,,
r02c01,,,,
r02c02,,,,
r02c03,,,,
r02c04,,,,
r02c05,,,,
r02c06,,,,
r02c07,0,,,
r02c08,0,0,,
r02c09,0.009981380241791033,0.2202977740942398,0.6902417904504444,0.5214066666666667
r02c10,0.04854756670389265,0.4946266804144578,0.8290891170152496,0.4567447368421053
r02c11,0,0,,
r02c12,0,0,,
r02c13,,,,
r02c14,,,,
r02c15,,,,
r02c16,,,,
r02c17,,,,
r02c18,,,,
r02c19,,,,
r02c20,,,,
r02c21,0,0,,
r02c22,0,0,,
r02c23,0.07869244452405112,1.0812150606012942,0.3103380077733539,0.7495293256679065
r02c24,96.05177235794986,138.69062600704498,0.2362672335444849,0.8757955847912674
r02c25,177.72910403647396,231.80931509463392,0.19545799858952514,0.919225108055492
r02c26,32.447150715078244,35.99074093889068,0.2178611472795048,0.8734561807171344
r02c27,1.5106418988110646,6.6174557062370365,0.3417256269180696,0.9849951453642898
r02c28,0,0,,
r02c29,,,,
r02c30,,,,
r02c31,,,,
r02c32,,,,
r02c33,,,,
r02c34,,,,
r02c35,,,,
r02c36,,,,
r02c37,,,,
r02c38,,,,
r02c39,,,,
r02c40,,,,
r02c41,,,,
r02c42,,,,
r02c43,,,,
r02c44,,,,
r02c45,,,,
r02c46,,,,
r02c47,,,,
r02c48,,,,
r02c49,0,,,
r02c50,0,0,,
r02c51,0,0,,
r02c52,0,0,,
r02c53,,,,
r02c54,0.01196970465847961,0.8690035425433381,,0.30179
r02c55,0,0,,
r02c56,0,0,,
r02c57,,,,
r02c58,,,,
r02c59,,,,
r02c60,,,,
r02c61,0,,,
r02c62,0.017654593991805228,0.5878755162819795,1.0918026435978734,0.31838
r02c63,17.363026540758543,64.64849449760317,0.48712612623630397,0.6526263529411764
r02c64,15.000546859151683,35.73679165501758,0.314421380170575,0.5510965134128651
r02c65,176.03548323398925,131.55814025340845,0.17784576913010625,0.8444683513411234
r02c66,290.13020445026035,239.87667245450558,0.19684598541967577,0.9991940019596021
r02c67,104.07101737894543,159.86927242791793,0.2635500558723634,0.7318765418827616
r03c00,,,,
r03c01,,,,
r03c02,,,,
r03c03,,,,
r03c04,,,,
r03c05,,,,
r03c06,,,,
r03c07,0,,,
r03c08,0,0,,
r03c09,0.026604024781224374,0.3926732989813036,0.8188293988769729,0.38701
r03c10,0.0881022931071967,0.7616451816221845,0.7573015343153483,0.43999859649122813
r03c11,0,0,,
r03c12,0,0,,
r03c13,,,,
r03c14,,,,
r03c15,,,,
r03c16,,,,
r03c17,,,,
r03c18,,,,
r03c19,,,,
r03c20,,,,
r03c21,0,0,,
r03c22,0,0,,
r03c23,3.087311091433736,6.9180788099440775,0.2418598504675649,0.7331432108270023
r03c24,170.73875489010646,228.15928666767613,0.24083211153501383,1.0810418592534101
r03c25,919.4832528632357,596.8892182679074,0.18746417597948514,1.108998243618484
r03c26,317.3736624732959,336.864824522211,0.13889008495626562,0.9622962022231659
r03c27,30.51144881143904,33.47442582941854,0.22285467685991983,0.9713469869120899
r03c28,0,0,,
r03c29,,,,
r03c30,,,,
r03c31,,,,
r03c32,,,,
r03c33,,,,
r03c34,,,,
r03c35,,,,
r03c36,,,,
r03c37,,,,
r03c38,,,,
r03c39,,,,
r03c40,,,,
r03c41,,,,
r03c42,,,,
r03c43,,,,
r03c44,,,,
r03c45,,,,
r03c46,,,,
r03c47,,,,
r03c48,,,,
r03c49,0,,,
r03c50,0,0,,
r03c51,9.144547667600895,29.936734839511807,0.462080910618084,0.9182433959178709
r03c52,0,0,,
r03c53,,,,
r03c54,0,0,,
r03c55,0,0,,
r03c56,0,0,,
r03c57,,,,
r03c58,,,,
r03c59,,,,
r03c60,0,0,,
r03c61,0,0,,
r03c62,3.925194930462991,32.3028621031042,0.602462988624709,0.8101658426966293
r03c63,18.316895212995476,53.43677682629404,0.2935878730052079,0.4410107223952883
r03c64,116.1575710103651,145.67277689345391,0.214455617401984,0.5676482158267909
r03c65,83.85865069100217,87.23874420437512,0.21983256294433517,0.4620720900699066
r03c66,38.05187282276861,88.93000068885493,0.26217367823833376,0.5921173859189965
r03c67,14.643111365081822,65.30098491221062,0.3629045020150814,0.6027134637583408
r04c00,,,,
r04c01,,,,
r04c02,,,,
r04c03,,,,
r04c04,,,,
r04c05,,,,
r04c06,,,,
r04c07,0,,,
r04c08,0,0,,
r04c09,0.01039971336456696,0.23447452598173707,0.630944609539126,0.4839394475138122
r04c10,0.0016661534766278046,0.07801317192618248,0.7862299595461946,0.05516000000000001
r04c11,0,0,,
r04c12,0,0,,
r04c13,,,,
r04c14,,,,
r04c15,,,,
r04c16,,,,
r04c17,,,,
r04c18,,,,
r04c19,,,,
r04c20,,,,
r04c21,0,0,,
r04c22,0,0,,
r04c23,7.207365761468783,11.951820395752264,0.22441160405669955,0.7134070705527218
r04c24,170.9291316306783,193.00088735484704,0.21628264877356543,1.09964240636362
r04c25,734.5014648276764,411.7150317303846,0.2052982184602918,1.2308497646024446
r04c26,266.88874517660963,240.01454198251852,0.1620410916415462,0.8750364785193362
r04c27,39.83831766885352,57.69424461739413,0.2947783644752828,0.6972126848335883
r04c28,0,0,,
r04c29,,,,
r04c30,,,,
r04c31,,,,
r04c32,,,,
r04c33,,,,
r04c34,,,,
r04c35,,,,
r04c36,,,,
r04c37,,,,
r04c38,,,,
r04c39,,,,
r04c40,,,,
r04c41,,,,
r04c42,,,,
r04c43,,,,
r04c44,,,,
r04c45,,,,
r04c46,,,,
r04c47,,,,
r04c48,,,,
r04c49,0,,,
r04c50,0,0,,
r04c51,29.813584880094055,71.02948464811871,0.44309884581695685,0.9570184562070694
r04c52,0,0,,
r04c53,,,,
r04c54,,,,
r04c55,,,,
r04c56,,,,
r04c57,,,,
r04c58,,,,
r04c59,,,,
r04c60,0.024310437748482697,0.8748507761817153,0.4437356956240856,0.348356418455916
r04c61,0.000564878244212845,0.03926524983985678,,
r04c62,7.37359809853094,29.708010961865234,0.33290201983168627,0.5135568997001102
r04c63,134.47656676214936,216.66466742788757,0.2427607253232054,0.5870417803531356
r04c64,65.47114399299704,123.38544673494422,0.3947261412440328,0.5315698280965107
r04c65,4.911564059689546,21.25985475472811,0.4670126546277683,0.525625119707593
r04c66,0,0,,
r04c67,,,,
r05c00,,,,
r05c01,,,,
r05c02,,,,
r05c03,,,,
r05c04,,,,
r05c05,,,,
r05c06,,,,
r05c07,0,,,
r05c08,0,0,,
r05c09,0,0,,
r05c10,0,0,,
r05c11,0,0,,
r05c12,0,0,,
r05c13,,,,
r05c14,,,,
r05c15,,,,
r05c16,0,0,,
r05c17,0,0,,
r05c18,0,0,,
r05c19,0,0,,
r05c20,0,0,,
r05c21,0,0,,
r05c22,0,0,,
r05c23,12.009272556839475,17.681078276257757,0.2573614055846437,0.6461054773652233
r05c24,96.24393808303473,44.92330450703455,0.20382137594874367,0.6958442331205262
r05c25,232.5804019273564,171.74915561719027,0.19311534312969694,0.941598446971823
r05c26,64.90479917411211,37.15058426674999,0.22111163930592898,0.6418845870650729
r05c27,6.918364644589217,16.39080105768165,0.39726056132314946,0.5866129866288067
r05c28,0,0,,
r05c29,,,,
r05c30,,,,
r05c31,,,,
r05c32,,,,
r05c33,,,,
r05c34,,,,
r05c35,,,,
r05c36,,,,
r05c37,,,,
r05c38,,,,
r05c39,,,,
r05c40,,,,
r05c41,,,,
r05c42,,,,
r05c43,,,,
r05c44,,,,
r05c45,,,,
r05c46,,,,
r05c47,,,,
r05c48,0,0,,
r05c49,0,0,,
r05c50,2.7051043968980895,15.348081001282178,0.44317937515076633,0.8266382836165242
r05c51,0.8463329699794538,7.829584869875948,0.4656338403686712,0.8943049700398606
r05c52,0,0,,
r05c53,,,,
r05c54,,,,
r05c55,,,,
r05c56,,,,
r05c57,0,,,
r05c58,0,0,,
r05c59,0,0,,
r05c60,8.876779701688092,40.278883548749846,0.4481614325306647,0.6163953682040818
r05c61,1.7102129776553452,12.562751705810099,0.4518051779388697,0.5824773001930187
r05c62,51.295401258175175,64.37917432372475,0.23574579049666092,0.48890042042706666
r05c63,101.47548001201262,127.36003976404209,0.22817405232928092,0.5430283639454536
r05c64,4.386949866017993,8.403890736813882,0.6475562548226518,0.527265883155327
r05c65,0,0,,
r05c66,0,0,,
r05c67,,,,
r06c00,,,,
r06c01,,,,
r06c02,,,,
r06c03,,,,
r06c04,,,,
r06c05,,,,
r06c06,,,,
r06c07,0,,,
r06c08,0,,,
r06c09,0,,,
r06c10,0.01812643377965017,0.3945418948805315,0.6708063770242174,0.2545
r06c11,0,0,,
r06c12,0,0,,
r06c13,,,,
r06c14,,,,
r06c15,,,,
r06c16,0,0,,
r06c17,0.7110766596918369,4.7941435183942565,0.19175391976600184,0.7121611814127468
r06c18,116.83871573139625,261.53941873556266,0.17942020339983492,0.8373061790581409
r06c19,47.0142203728232,96.83405403309962,0.28208896592903315,0.6328095238724915
r06c20,0.5935914372425554,2.8865578847530706,0.3912529812393937,0.6397696474441358
r06c21,0,0,,
r06c22,0,0,,
r06c23,12.129034718534218,20.017367019716527,0.28070630090406107,0.8577808971003025
r06c24,84.60210685277805,21.861841236831506,0.20571793524719223,0.7227241223391112
r06c25,122.6206970106186,36.928369494818895,0.21194220593006455,0.72741779480023
r06c26,21.517092491494513,18.749419765750016,0.27573089726909655,0.7049308828585077
r06c27,0.0009244289642553079,0.05553146548132829,1.0784418020201272,
r06c28,0,0,,
r06c29,,,,
r06c30,,,,
r06c31,,,,
r06c32,,,,
r06c33,,,,
r06c34,,,,
r06c35,,,,
r06c36,,,,
r06c37,,,,
r06c38,,,,
r06c39,,,,
r06c40,,,,
r06c41,,,,
r06c42,,,,
r06c43,,,,
r06c44,,,,
r06c45,,,,
r06c46,,,,
r06c47,,,,
r06c48,0,0,,
r06c49,0,0,,
r06c50,2.916342865606168,14.77367617917826,0.4789790981526863,0.6935656485773087
r06c51,1.1318509344064933,6.684812448810543,0.7449794542341923,0.558962221963749
r06c52,0,0,,
r06c53,,,,
r06c54,,,,
r06c55,,,,
r06c56,,,,
r06c57,0,,,
r06c58,0,0,,
r06c59,0.0193972814322508,0.8538917378411464,0.9484833369115354,0.42981
r06c60,28.741868905001628,70.9281798994388,0.28281089474949683,0.5559536098720387
r06c61,63.473708811875056,105.91073229556395,0.23530399560626566,0.7397606260662873
r06c62,69.38896515538744,43.9490333133127,0.16471341783314788,0.4793592907809072
r06c63,150.69295360845044,245.0851900004719,0.22894134723406911,0.6101431008654321
r06c64,2.591320832344332,4.695469613157208,0.30723512188448365,0.5594505617224963
r06c65,0.0071820233907061975,0.4878150776945816,,0.4069000000000001
r06c66,0,0,,
r06c67,,,,
r07c00,,,,
r07c01,,,,
r07c02,,,,
r07c03,,,,
r07c04,,,,
r07c05,,,,
r07c06,,,,
r07c07,,,,
r07c08,,,,
r07c09,,,,
r07c10,0,0,,
r07c11,0,0,,
r07c12,0,0,,
r07c13,,,,
r07c14,,,,
r07c15,,,,
r07c16,0,0,,
r07c17,37.12481557738902,43.87168335854041,0.22629539762651257,0.7640670120948573
r07c18,403.30275596319507,404.1478250513915,0.24896750821893604,0.8946748213468695
r07c19,69.43180276220515,54.31229451884031,0.30432736198266236,0.5320830055745935
r07c20,5.422388552809959,10.79461226655191,0.43626582209275655,0.455272792052984
r07c21,0,0,,
r07c22,0,0,,
r07c23,2.3817203960977293,7.206686628584379,0.36600900534572334,0.7583080073331131
r07c24,61.00581155437701,23.37523824108163,0.21589688457147244,0.9020814472659027
r07c25,75.93702572463314,36.36225430080354,0.21549522978945027,0.7915360955797507
r07c26,8.379543679146469,19.364120922235923,0.31035986726352754,0.8645162055687547
r07c27,0,0,,
r07c28,0,0,,
r07c29,,,,
r07c30,,,,
r07c31,,,,
r07c32,,,,
r07c33,,,,
r07c34,,,,
r07c35,,,,
r07c36,,,,
r07c37,,,,
r07c38,,,,
r07c39,,,,
r07c40,,,,
r07c41,,,,
r07c42,,,,
r07c43,,,,
r07c44,,,,
r07c45,,,,
r07c46,,,,
r07c47,,,,
r07c48,0,0,,
r07c49,0.017187997420297356,0.6887808806498535,0.6366579986415262,0.6990550000000001
r07c50,0,0,,
r07c51,0.2727961510176012,5.750460934503021,0.6102798854862249,0.41701801229508195
r07c52,0,0,,
r07c53,,,,
r07c54,,,,
r07c55,,,,
r07c56,,,,
r07c57,0,,,
r07c58,0,0,,
r07c59,0.16640168558349058,3.9540406987893917,0.5265950762054467,0.40043181818181817
r07c60,64.38567835538588,123.84008362041754,0.23584082509714585,0.7257010511211094
r07c61,205.8826793773254,173.83959551754108,0.19485013397818865,0.8756848049910384
r07c62,90.06400810864595,152.6466219923401,0.1626112569886559,0.49868836329571364
r07c63,242.66069636123805,293.0210767860785,0.2738761715010472,0.7356230978357972
r07c64,0.057744592091492804,0.5408875622565471,0.5792577715499606,0.26477023867173993
r07c65,0,0,,
r07c66,0,0,,
r07c67,0,,,
r08c00,,,,
r08c01,,,,
r08c02,,,,
r08c03,,,,
r08c04,,,,
r08c05,,,,
r08c06,,,,
r08c07,,,,
r08c08,,,,
r08c09,,,,
r08c10,,,,
r08c11,,,,
r08c12,,,,
r08c13,,,,
r08c14,,,,
r08c15,,,,
r08c16,0.8239231796886953,2.3208507188211334,0.3504902993046227,0.5749378072225924
r08c17,82.92685853785426,96.46566474997537,0.21479940753718937,0.9747101516595007
r08c18,588.5756165265308,436.2491833493709,0.27409849607591835,0.9438407224287568
r08c19,107.15731797002924,29.08555463410057,0.3219093906494354,0.48938373546879355
r08c20,36.91885880037598,24.149369306139004,0.351861955862917,0.3924334471670554
r08c21,8.821858660862457,10.648618767647,0.353426720761937,0.4739791605945827
r08c22,0.33390325507273266,1.5027592559538203,0.664177902311638,0.5119555116371564
r08c23,0.36760978653931703,1.7106167583627334,0.5903717328880653,0.6051611322340671
r08c24,25.190761701271175,22.809688373829754,0.2791954293947486,0.8322308980368968
r08c25,23.731756181164883,27.317522355626824,0.29814551914769727,0.8684349657038916
r08c26,0,0,,
r08c27,,,,
r08c28,,,,
r08c29,,,,
r08c30,,,,
r08c31,,,,
r08c32,,,,
r08c33,,,,
r08c34,,,,
r08c35,,,,
r08c36,,,,
r08c37,,,,
r08c38,,,,
r08c39,,,,
r08c40,,,,
r08c41,,,,
r08c42,,,,
r08c43,,,,
r08c44,,,,
r08c45,,,,
r08c46,,,,
r08c47,,,,
r08c48,0,0,,
r08c49,1.2805857057235657,6.783234787195703,0.3942720817096935,0.7033835756385071
r08c50,0,0,,
r08c51,,,,
r08c52,,,,
r08c53,,,,
r08c54,,,,
r08c55,,,,
r08c56,,,,
r08c57,0,,,
r08c58,0,0,,
r08c59,0.9142957867045132,10.75825246054763,0.6507266817654437,0.553904
r08c60,39.261709498861336,120.07562246977045,0.3267607317300464,0.782272514073495
r08c61,308.1629627332392,225.56836623611537,0.26047520412331315,0.9629720712136844
r08c62,19.34698413080166,23.8747827797312,0.2216303978500213,0.4793736999952636
r08c63,36.01498979141085,82.15742800291137,0.29434781623013273,0.5097513056146393
r08c64,2.2663672444026863,27.487976089206107,0.47016748630147326,0.6345039538877782
r08c65,0,0,,
r08c66,0,0,,
r08c67,0,,,
r09c00,,,,
r09c01,,,,
r09c02,,,,
r09c03,,,,
r09c04,,,,
r09c05,,,,
r09c06,,,,
r09c07,0,,,
r09c08,0,0,,
r09c09,0,0,,
r09c10,0,0,,
r09c11,0,0,,
r09c12,0,0,,
r09c13,,,,
r09c14,0,0,,
r09c15,0,0,,
r09c16,4.674493699720232,9.294992052542751,0.36258557456637003,0.6379568398101391
r09c17,258.3785905914729,319.1789287448129,0.23897443718338895,1.1438038347388015
r09c18,799.1852633504336,333.4641874113873,0.24736051945777443,0.972540357931218
r09c19,259.33872880572477,205.62653913099567,0.24376666932057345,0.6323997743087832
r09c20,99.28393938847299,27.515249644660337,0.2492366175595598,0.4428201378515363
r09c21,39.393210755020036,25.94722454678887,0.32397248904858583,0.43347246659053035
r09c22,1.52207566330472,4.4039705376083,0.4620116094667146,0.4505033172030552
r09c23,0.6205009048530259,2.080856597967688,0.6423807155374601,0.5678255188912348
r09c24,2.425895124454769,4.035787808514224,0.4564491329070764,0.5828401394205105
r09c25,0.04896283080074578,0.6680371806542751,0.7998320492964938,0.6417235207155723
r09c26,0,0,,
r09c27,,,,
r09c28,,,,
r09c29,,,,
r09c30,,,,
r09c31,,,,
r09c32,,,,
r09c33,,,,
r09c34,,,,
r09c35,,,,
r09c36,,,,
r09c37,,,,
r09c38,,,,
r09c39,,,,
r09c40,,,,
r09c41,,,,
r09c42,,,,
r09c43,,,,
r09c44,,,,
r09c45,,,,
r09c46,,,,
r09c47,,,,
r09c48,0,0,,
r09c49,0,0,,
r09c50,0,0,,
r09c51,,,,
r09c52,,,,
r09c53,,,,
r09c54,,,,
r09c55,,,,
r09c56,,,,
r09c57,0,,,
r09c58,0,0,,
r09c59,0.23884429130133006,5.708781803456443,0.8021962247331283,0.5529285714285715
r09c60,13.671375989604991,64.0357968428085,0.5330964620310318,0.8422709628534036
r09c61,209.14545260060515,177.78901228899133,0.2696061886362853,0.8096938705588606
r09c62,14.889560800183832,31.177233622272368,0.3245522557265704,0.42525815151515495
r09c63,5.425239210980359,36.82503367722055,0.47682167031512274,0.7057929431058417
r09c64,8.29437009369459,47.890648204344465,0.5587085226452806,0.7545967709936275
r09c65,0,0,,
r09c66,0,0,,
r09c67,0,,,
r10c00,,,,
r10c01,,,,
r10c02,,,,
r10c03,,,,
r10c04,,,,
r10c05,,,,
r10c06,,,,
r10c07,0,,,
r10c08,0.002420480109348747,0.09359270110574056,,0.34048000000000006
r10c09,0,0,,
r10c10,0,0,,
r10c11,0.013913632695323844,0.374020257481507,0.8926492461789236,0.42000000000000004
r10c12,0,0,,
r10c13,,,,
r10c14,0,0,,
r10c15,0,0,,
r10c16,31.165050144415822,82.94100125622168,0.2647790958450448,0.7127724343527995
r10c17,544.1157057377287,404.5965588334541,0.2795994555927475,1.1744443175552586
r10c18,1221.446907474554,646.3959677921893,0.25117172305287294,0.9884759462892081
r10c19,489.2894100955888,391.2774177572358,0.2206244569947014,0.6984359319976691
r10c20,288.5839139228527,158.58726651984585,0.21979556077701906,0.5028586141418173
r10c21,99.90121945160367,31.457374866057712,0.23038285482144463,0.4505871081462214
r10c22,20.07734335788848,20.092910239284077,0.2977749874602478,0.5115547671965335
r10c23,0.6808443647197983,1.7893041821640439,0.511024347584701,0.4462822442275332
r10c24,0,0,,
r10c25,,,,
r10c26,,,,
r10c27,,,,
r10c28,,,,
r10c29,,,,
r10c30,,,,
r10c31,,,,
r10c32,,,,
r10c33,,,,
r10c34,,,,
r10c35,,,,
r10c36,,,,
r10c37,,,,
r10c38,,,,
r10c39,,,,
r10c40,,,,
r10c41,,,,
r10c42,,,,
r10c43,,,,
r10c44,,,,
r10c45,,,,
r10c46,,,,
r10c47,,,,
r10c48,0,0,,
r10c49,0,0,,
r10c50,0,0,,
r10c51,,,,
r10c52,,,,
r10c53,,,,
r10c54,,,,
r10c55,,,,
r10c56,,,,
r10c57,0,,,
r10c58,0,0,,
r10c59,2.088179111506081,16.666353876260352,0.6156125393882023,0.7068792151428085
r10c60,6.240606802653117,34.616378645692194,0.5860813629971214,0.7518283478733643
r10c61,128.26363081678898,124.70886078967973,0.2770177417850684,0.6740424483927075
r10c62,17.577117723120633,38.15042916321815,0.3189151287847663,0.40862754416519415
r10c63,0.7082763972108675,10.597224222510329,0.5602569680557691,0.58832325
r10c64,0,0,,
r10c65,,,,
r10c66,,,,
r10c67,0,,,
r11c00,,,,
r11c01,,,,
r11c02,,,,
r11c03,,,,
r11c04,,,,
r11c05,,,,
r11c06,,,,
r11c07,0,,,
r11c08,0.015412564982449821,0.35853106804821816,0.8103402835299359,0.20177333333333333
r11c09,0.012023418372238916,0.3480116340108812,1.1041905336707836,0.5028900000000001
r11c10,0,0,,
r11c11,0.028149855951661126,0.6388748635824248,0.7439950969834709,0.15018823529411768
r11c12,0,0,,
r11c13,,,,
r11c14,0,0,,
r11c15,2.155234530232271,8.491517917480088,0.2475939106962573,0.8071627382732974
r11c16,60.83206168951884,56.05055069324266,0.2447373500662255,0.7735690589113253
r11c17,306.84999666124565,299.82629137499083,0.2310609102420828,0.8709868842284983
r11c18,348.1497327760044,46.601672660302896,0.22357557152714158,0.6257747382041411
r11c19,239.70206858490704,51.13495386454973,0.302381652603433,0.49156407932316887
r11c20,183.01685868834937,84.52330782575208,0.2941317972891663,0.46948900542733885
r11c21,91.44174807822705,24.489770987361762,0.26140155155871986,0.45106093475419623
r11c22,38.749584109024994,18.137333417887227,0.2437994288443137,0.4868125795634808
r11c23,5.5620810816546165,5.5672562932278415,0.3620338406985909,0.5133069357133114
r11c24,0,0,,
r11c25,,,,
r11c26,,,,
r11c27,,,,
r11c28,,,,
r11c29,,,,
r11c30,,,,
r11c31,,,,
r11c32,,,,
r11c33,,,,
r11c34,,,,
r11c35,,,,
r11c36,,,,
r11c37,,,,
r11c38,,,,
r11c39,,,,
r11c40,,,,
r11c41,,,,
r11c42,,,,
r11c43,,,,
r11c44,,,,
r11c45,,,,
r11c46,,,,
r11c47,,,,
r11c48,8.297907296840796,26.535931853272206,0.26456183054757276,0.9756499541182895
r11c49,4.499245336235102,17.335359429088303,0.35394073167634793,0.8407778334084943
r11c50,0,0,,
r11c51,0,0,,
r11c52,0,0,,
r11c53,,,,
r11c54,,,,
r11c55,,,,
r11c56,,,,
r11c57,0,,,
r11c58,0,0,,
r11c59,2.4179804700862935,21.36459091243404,0.5748486188533385,0.8343257944187843
r11c60,8.849316347286956,30.52690047691148,0.5480129800682046,0.7617393914703524
r11c61,127.47324866383346,121.67454351924876,0.28990106410451005,0.7077642267333071
r11c62,80.32325638282265,104.47636852620982,0.22731343654765954,0.4680506270319586
r11c63,0.10300580617477233,3.0370541900789565,0.694954613006788,0.500486758544653
r11c64,0,0,,
r11c65,,,,
r11c66,,,,
r11c67,0,,,
r12c00,,,,
r12c01,,,,
r12c02,,,,
r12c03,,,,
r12c04,,,,
r12c05,,,,
r12c06,,,,
r12c07,0,,,
r12c08,0.000242013935573676,0.020143285006035,,
r12c09,0.031690939763291,0.5759213696746074,0.8213637276631703,0.3731795428571429
r12c10,0.008230660983832277,0.282338959481716,1.2266899444416197,0.43563826086956525
r12c11,0,0,,
r12c12,0,0,,
r12c13,,,,
r12c14,0,0,,
r12c15,20.220039386581668,36.47983841668121,0.24520828829182972,0.9940116933085381
r12c16,403.1652601639713,526.9305301621897,0.25653783677431735,1.1626074744291521
r12c17,1199.3366013299385,705.4493903170178,0.2483347585390165,0.9903817699727047
r12c18,324.9338596695527,66.66475986480624,0.25345266203998784,0.5884689587760755
r12c19,215.58236411791816,46.94406202315834,0.21208296185938147,0.5370659339774541
r12c20,296.27078640520443,273.54731101302696,0.24650932509756932,0.4910760347493632
r12c21,205.92512915450297,172.72760141851137,0.2730198738433279,0.4876392022321206
r12c22,58.792096491716535,25.493136844105287,0.24527574351452183,0.4745212202345028
r12c23,6.4206262226456685,5.8454752948562465,0.35415435780682425,0.5067714643961229
r12c24,0,0,,
r12c25,,,,
r12c26,,,,
r12c27,,,,
r12c28,,,,
r12c29,,,,
r12c30,,,,
r12c31,,,,
r12c32,,,,
r12c33,,,,
r12c34,,,,
r12c35,,,,
r12c36,,,,
r12c37,,,,
r12c38,,,,
r12c39,,,,
r12c40,,,,
r12c41,,,,
r12c42,,,,
r12c43,,,,
r12c44,,,,
r12c45,,,,
r12c46,,,,
r12c47,,,,
r12c48,0,0,,
r12c49,4.071262255250969,25.796272724967807,0.42836180229565174,0.8947247902272949
r12c50,0,0,,
r12c51,0,0,,
r12c52,0,0,,
r12c53,,,,
r12c54,,,,
r12c55,,,,
r12c56,,,,
r12c57,0,,,
r12c58,0,0,,
r12c59,0.1756232804447118,3.758789032503862,0.5481367280636227,0.46964200329760925
r12c60,5.2754694889536005,27.116468048493175,0.6521641378735418,0.724332565062446
r12c61,58.657557200647126,88.6759224794633,0.3022575836738632,0.8497310611083776
r12c62,210.90295033389845,157.55304984307392,0.23424037484041108,0.9286523181339916
r12c63,3.427217259799805,13.49945371060834,0.36157870378358953,0.6958157334765593
r12c64,0,0,,
r12c65,,,,
r12c66,,,,
r12c67,0,,,
r13c00,,,,
r13c01,,,,
r13c02,,,,
r13c03,,,,
r13c04,,,,
r13c05,,,,
r13c06,,,,
r13c07,0,,,
r13c08,0.0005664945602240842,0.045041462064777674,,
r13c09,0.005828628979160164,0.2188772633268812,0.7155217406826929,0.47000000000000003
r13c10,1.5231316093598999e-05,0,,
r13c11,0,0,,
r13c12,0,0,,
r13c13,0,0,,
r13c14,3.3708844186873987,10.190141136180545,0.27009120560532823,0.9413010357153184
r13c15,332.4390009296016,395.113638184668,0.27552133279681784,1.1301341256660327
r13c16,833.0552827508271,118.87283941635228,0.2869725690929819,1.0346425160022261
r13c17,859.3498187040592,189.60168040289025,0.25877620948709185,0.8351462765795453
r13c18,808.4608012597505,307.52813794449406,0.25118683318734497,0.8596468952572799
r13c19,391.0971173162263,241.90733313898247,0.28887749237695304,0.6669165103257672
r13c20,492.2028975325193,252.51915602059145,0.22337024568645045,0.58433572635294
r13c21,376.0509424145714,269.35458046273743,0.21506976305509048,0.5808923157744489
r13c22,78.52157724132393,25.806751753051405,0.2303686142055555,0.47723778145266643
r13c23,15.894353132050671,19.750905153653314,0.26291556419049317,0.5262927850139169
r13c24,0,0,,
r13c25,0,0,,
r13c26,0,0,,
r13c27,,,,
r13c28,,,,
r13c29,,,,
r13c30,,,,
r13c31,,,,
r13c32,,,,
r13c33,,,,
r13c34,,,,
r13c35,,,,
r13c36,,,,
r13c37,,,,
r13c38,,,,
r13c39,,,,
r13c40,,,,
r13c41,,,,
r13c42,,,,
r13c43,,,,
r13c44,,,,
r13c45,,,,
r13c46,,,,
r13c47,,,,
r13c48,0.8146587871523205,6.9851570614953875,0.4163070772787048,0.9078624338624343
r13c49,26.065001188301128,51.699241622918834,0.3627367358991274,0.8874919871101705
r13c50,0.5635657506561984,4.965155512467747,0.5176284676654633,0.6525179974400752
r13c51,0,0,,
r13c52,0,0,,
r13c53,,,,
r13c54,,,,
r13c55,,,,
r13c56,,,,
r13c57,0,,,
r13c58,0.8644301707641118,11.610317043519878,0.6029369242367382,0.7672397288067498
r13c59,2.4254259918395005,23.425302674319916,0.7531101214952296,0.7856358321098543
r13c60,23.1092132749234,63.21421827890803,0.5732780607767637,0.7695803066553091
r13c61,63.26568162333661,95.82390764633797,0.3861627070150382,0.7459547199545727
r13c62,185.1134522710945,151.2419039930919,0.2519439423212284,1.097192650870499
r13c63,120.45596830859922,194.8320574784107,0.2754995495127652,0.9283374457576763
r13c64,0,0,,
r13c65,0,0,,
r13c66,0,0,,
r13c67,0,0,,
r14c00,,,,
r14c01,,,,
r14c02,,,,
r14c03,,,,
r14c04,,,,
r14c05,,,,
r14c06,,,,
r14c07,,,,
r14c08,,,,
r14c09,,,,
r14c10,,,,
r14c11,0,,,
r14c12,0,0,,
r14c13,0.03928614356839655,0.9500980282094573,0.40584171685092757,0.5819395952072538
r14c14,128.7670704781336,188.499962690361,0.263651974511432,1.0146008441366587
r14c15,769.7036385548262,315.96797195429286,0.3087250003627885,1.1119945459072942
r14c16,804.8068380460785,63.05615514356041,0.2921146342305437,0.8487885697100523
r14c17,706.500563393649,41.12838344619699,0.27799916696625504,0.7207830012778071
r14c18,651.2518876877591,108.70270542102345,0.2714483838224212,0.7584894803615742
r14c19,643.5911915632634,215.59361908481105,0.2800768990547378,0.7879125374643398
r14c20,478.54511999149264,99.15034481307252,0.2440581690542836,0.6242050209011126
r14c21,362.4135388455732,194.56468161057677,0.23107438995484436,0.592400573377406
r14c22,143.10345101361122,48.91897069754185,0.20857251476037325,0.49084106882904743
r14c23,38.4087458975124,25.91487579723549,0.23555924352977808,0.5182594448942701
r14c24,0.9652665354597207,3.7979510050976004,0.4684574096107061,0.5092558336346376
r14c25,0,0,,
r14c26,0,0,,
r14c27,,,,
r14c28,,,,
r14c29,,,,
r14c30,,,,
r14c31,,,,
r14c32,,,,
r14c33,,,,
r14c34,,,,
r14c35,,,,
r14c36,,,,
r14c37,,,,
r14c38,,,,
r14c39,,,,
r14c40,,,,
r14c41,,,,
r14c42,,,,
r14c43,,,,
r14c44,,,,
r14c45,,,,
r14c46,,,,
r14c47,,,,
r14c48,0,0,,
r14c49,18.342199872598265,32.62453882824042,0.3542536042330099,0.842310832051341
r14c50,1.6355276973797868,9.592936522244125,0.5780184126344734,0.7395033923048149
r14c51,0.419476940767061,8.640458433361697,0.7186503932004561,0.40315090909090917
r14c52,0,0,,
r14c53,,,,
r14c54,,,,
r14c55,,,,
r14c56,,,,
r14c57,0,,,
r14c58,0,0,,
r14c59,4.1556635732877485,25.67838996802024,0.6501648682564107,0.7239228775473612
r14c60,22.082504452413247,63.52726185390621,0.5752421833229211,0.7516602701095333
r14c61,57.407763481598124,94.11359583109947,0.35699540956007547,0.6345967778116862
r14c62,280.55504048469555,212.27152535836152,0.2676491200784019,1.107641121571107
r14c63,182.01582679447756,191.9210315342116,0.2321083694870445,0.8931984093062878
r14c64,0.14568674201594833,3.1874828424942967,1.2010242237684912,0.4949410112806904
r14c65,0,0,,
r14c66,0,0,,
r14c67,0,0,,
r15c00,,,,
r15c01,,,,
r15c02,,,,
r15c03,,,,
r15c04,,,,
r15c05,,,,
r15c06,,,,
r15c07,,,,
r15c08,,,,
r15c09,,,,
r15c10,,,,
r15c11,0,,,
r15c12,0,0,,
r15c13,11.407572622019904,25.130433606054893,0.28420182679553685,0.6985489007830432
r15c14,118.076385638482,65.63438108083466,0.25577297608193394,0.8959169892939135
r15c15,774.4407548440503,330.41259389050435,0.3202163135078285,1.1285942368242934
r15c16,860.851388967125,48.70205204812523,0.2781103659659828,0.7832707626160909
r15c17,792.9737289425633,85.73864231519318,0.2600271898555741,0.7075973383773728
r15c18,741.6772869127963,75.85847681468191,0.26443127498816127,0.7135985774133687
r15c19,861.1425961099696,61.435994753872436,0.25515889226260996,0.6619533944290104
r15c20,689.9188891772495,116.6321453614009,0.2393762781937393,0.6662084688940162
r15c21,508.56376160493045,172.5900192394255,0.21599294258204485,0.6171946359358316
r15c22,213.5667612521492,126.03846190206784,0.2183031639773664,0.4913272260936186
r15c23,70.55178580583583,26.016429049610252,0.24479541614178046,0.4737247457772571
r15c24,10.229450694673641,16.006864255302336,0.3210861353776242,0.4754783202879246
r15c25,0,0,,
r15c26,0,0,,
r15c27,,,,
r15c28,,,,
r15c29,,,,
r15c30,,,,
r15c31,,,,
r15c32,,,,
r15c33,,,,
r15c34,,,,
r15c35,,,,
r15c36,,,,
r15c37,,,,
r15c38,,,,
r15c39,,,,
r15c40,,,,
r15c41,,,,
r15c42,,,,
r15c43,,,,
r15c44,,,,
r15c45,,,,
r15c46,,,,
r15c47,,,,
r15c48,0,0,,
r15c49,30.231200003544252,50.660693108904,0.33798097785558967,0.9312632430652885
r15c50,0.0031039310552605868,0.4292495313557514,0.1777574864250509,0.19598
r15c51,0,0,,
r15c52,0,0,,
r15c53,0,0,,
r15c54,0,0,,
r15c55,,,,
r15c56,,,,
r15c57,0,,,
r15c58,0,0,,
r15c59,1.9959805232123828,19.742480520007188,0.6603393538030862,0.8150399903687398
r15c60,16.190895301953482,68.27609389996671,0.6060999946031641,0.8526285064451337
r15c61,113.09787544586513,142.60435110278792,0.30005249964899106,0.9237984702936944
r15c62,499.6670735265519,241.95960179075385,0.2750111555332205,1.305447359664147
r15c63,135.5482844315437,130.3677467663434,0.23570441846042134,0.8135778048365888
r15c64,0.08564881041296946,0.6095240812326312,0.851726069993896,0.5348815718184573
r15c65,8.516597604916956,22.770664855408338,0.31300921359970674,0.5581767287034969
r15c66,51.20874450509531,62.55735002915807,0.2245514513370197,0.5154304733265148
r15c67,33.69035884806306,71.33531844746369,0.2125401001860662,0.5359423539236866
r16c00,,,,
r16c01,,,,
r16c02,,,,
r16c03,,,,
r16c04,,,,
r16c05,,,,
r16c06,,,,
r16c07,,,,
r16c08,,,,
r16c09,,,,
r16c10,,,,
r16c11,0,,,
r16c12,0,0,,
r16c13,24.256244675585776,31.559459003723987,0.2750570201081101,0.7379028516251799
r16c14,574.8777376599814,378.73799492291397,0.32789835266940787,1.0834023073763823
r16c15,992.1575608399189,147.6804875134692,0.2915864790916514,1.06624082496309
r16c16,872.1011486170478,78.12089559768566,0.27610203674064177,0.7323905441819166
r16c17,811.3024744671312,38.561105413909424,0.26021715962254244,0.6955550382164256
r16c18,857.1242877314824,54.46800817034772,0.27275133149717085,0.6795643568259796
r16c19,900.7638549443308,41.513661741990504,0.2665363494487653,0.6270933745707438
r16c20,837.3613358309125,49.842599619659616,0.23825891949030553,0.6443721878750236
r16c21,635.6110326969972,130.56597757093837,0.22419865691254864,0.6184206489790265
r16c22,293.92444903801425,87.15771691772491,0.22762156755939286,0.5110256962958359
r16c23,105.80518794972323,89.40949402338121,0.2300270055854525,0.49932015974379357
r16c24,9.67673479385261,10.7535490697761,0.3690509619961508,0.45078847287374224
r16c25,0,0,,
r16c26,0,0,,
r16c27,,,,
r16c28,,,,
r16c29,,,,
r16c30,,,,
r16c31,,,,
r16c32,,,,
r16c33,,,,
r16c34,,,,
r16c35,,,,
r16c36,,,,
r16c37,,,,
r16c38,,,,
r16c39,,,,
r16c40,,,,
r16c41,,,,
r16c42,,,,
r16c43,,,,
r16c44,,,,
r16c45,,,,
r16c46,,,,
r16c47,,,,
r16c48,0,0,,
r16c49,19.05699162619433,45.600332153211404,0.2909222794748919,0.9830833054955439
r16c50,6.260072750012514,41.88257557801318,0.41750140853176954,0.8323547629268974
r16c51,0,0,,
r16c52,0.5855366485726313,13.801845451758213,0.7038474773644718,0.9085439999999999
r16c53,0,0,,
r16c54,0,0,,
r16c55,,,,
r16c56,,,,
r16c57,0,,,
r16c58,0,0,,
r16c59,0,0,,
r16c60,7.00628613164927,40.05415363032236,0.5084972007261984,0.8806812172447814
r16c61,270.47647254103856,278.8939723299881,0.2897585583545914,1.192167069175428
r16c62,520.4458514532083,217.90139703045122,0.236476759475094,1.2012697333164988
r16c63,122.86613592390374,167.15193471309303,0.2191490242862303,0.7031221425844406
r16c64,0.551902207453121,1.5677633801558206,0.42479669418743815,0.4683380567349433
r16c65,3.97152254149007,13.807684428897133,0.3357750016863738,0.4535263189871777
r16c66,82.76667648742581,72.79439321214346,0.19797761720330342,0.5395055438296353
r16c67,125.626220267284,78.8335412920496,0.19629476014698594,0.6520012482427436
r17c00,,,,
r17c01,,,,
r17c02,,,,
r17c03,,,,
r17c04,,,,
r17c05,,,,
r17c06,,,,
r17c07,,,,
r17c08,,,,
r17c09,,,,
r17c10,,,,
r17c11,0,,,
r17c12,0,0,,
r17c13,166.76609425491344,244.79790267573082,0.34121942317293896,0.9778970833836373
r17c14,656.9379690902414,98.71243359539669,0.3219895208076536,1.0336486953811603
r17c15,741.8063608435724,150.4034203337357,0.30347119572482506,0.9109058665404486
r17c16,730.9424888705507,45.645958944969806,0.30178421355968904,0.628097117399402
r17c17,679.2817834190897,58.982935584746656,0.2696228045377942,0.5640686785470824
r17c18,716.3018918136363,76.38316044722899,0.29052519282165024,0.5597981347966042
r17c19,750.4019617832961,90.18459154206599,0.29599263053536096,0.5603483395889823
r17c20,672.9113517235631,107.86085680780272,0.3004516974409096,0.5601918193840018
r17c21,539.5690273302978,115.47815466866199,0.27334748368231654,0.5186843430425889
r17c22,455.94705959600594,207.04213404968496,0.22737516445030329,0.481427686058358
r17c23,99.83177672720615,123.47997779811928,0.2559408735472138,0.46572507407661784
r17c24,2.1373821510384423,4.491812142238805,0.5739915898768265,0.38538986731651914
r17c25,0,0,,
r17c26,0,0,,
r17c27,,,,
r17c28,,,,
r17c29,,,,
r17c30,,,,
r17c31,,,,
r17c32,,,,
r17c33,,,,
r17c34,,,,
r17c35,,,,
r17c36,,,,
r17c37,,,,
r17c38,,,,
r17c39,,,,
r17c40,,,,
r17c41,,,,
r17c42,,,,
r17c43,,,,
r17c44,,,,
r17c45,,,,
r17c46,,,,
r17c47,,,,
r17c48,0,0,,
r17c49,0.3196500472772266,2.8717254946262485,0.5106130802756111,0.8272303390809702
r17c50,0.5247063819849123,4.743027485105243,0.5368257364611789,0.8870213295774654
r17c51,0,0,,
r17c52,0,0,,
r17c53,0,0,,
r17c54,0,0,,
r17c55,,,,
r17c56,,,,
r17c57,0,,,
r17c58,0,0,,
r17c59,0.6101488144684738,8.760978647167079,0.6959716955406133,0.7635496103896103
r17c60,115.48124780266939,226.71595551499075,0.37599031121653426,0.986336776109211
r17c61,539.2876296727882,233.39704068321845,0.2737077266636796,1.3447562430553253
r17c62,256.59243709977244,207.95879040992014,0.2115689110063976,0.8729369763138425
r17c63,37.17644841831827,39.862471422149355,0.20780497738913972,0.5999348818146328
r17c64,5.514718201390402,1.7625608831858786,0.19557411478628042,0.4742388250628368
r17c65,4.619538594543716,2.0330560113937164,0.23637647613335505,0.4371172981650107
r17c66,13.03885591685046,17.16025495244853,0.25303971157873983,0.4728256526024009
r17c67,48.390894479162014,26.063643107547556,0.20581476259560205,0.5685007867638948
r18c00,,,,
r18c01,,,,
r18c02,,,,
r18c03,,,,
r18c04,,,,
r18c05,,,,
r18c06,,,,
r18c07,,,,
r18c08,,,,
r18c09,,,,
r18c10,,,,
r18c11,0,,,
r18c12,4.555240011468456,17.44318741382516,0.3205871177268734,0.8761854747193369
r18c13,418.9907432811106,217.19822058148196,0.35975838849333286,1.0698171349750218
r18c14,633.7646065806041,44.02405170270125,0.3033749382091106,0.829188941488833
r18c15,606.1572363266287,46.0896463987347,0.3136222430137451,0.6578319921202348
r18c16,708.6001754553698,66.95166938137208,0.3239039525156717,0.5721243417645387
r18c17,585.1270390118036,38.12772202382735,0.29453101151517697,0.4477789258745586
r18c18,598.8769659191604,67.75781281085534,0.2953809306778295,0.4397415536901297
r18c19,496.053072973084,111.22018461882016,0.31273468871140897,0.45556258886878687
r18c20,427.0486551933548,141.05487759770517,0.3212267989460049,0.444602984417548
r18c21,366.9983265685103,137.6906254891511,0.3006529640169433,0.4028437920690858
r18c22,224.9317837753683,137.80434146620902,0.3375896507718566,0.40547597794340773
r18c23,45.38313713955911,27.310180616395062,0.29126787391361764,0.45262079436195235
r18c24,2.4189208261552566,4.275210064781714,0.43932295769493135,0.40574562038536965
r18c25,0,0,,
r18c26,0,0,,
r18c27,,,,
r18c28,,,,
r18c29,,,,
r18c30,,,,
r18c31,,,,
r18c32,,,,
r18c33,,,,
r18c34,,,,
r18c35,,,,
r18c36,,,,
r18c37,,,,
r18c38,,,,
r18c39,,,,
r18c40,,,,
r18c41,,,,
r18c42,,,,
r18c43,,,,
r18c44,,,,
r18c45,,,,
r18c46,,,,
r18c47,,,,
r18c48,0,,,
r18c49,0,,,
r18c50,0.19064112552824897,2.704660245486324,0.5444813258156334,0.6413942372881355
r18c51,0,0,,
r18c52,0,0,,
r18c53,0,,,
r18c54,0,,,
r18c55,,,,
r18c56,,,,
r18c57,0,,,
r18c58,0,0,,
r18c59,2.918909775839944,25.64172158055816,0.5073838776561542,0.7498122439013655
r18c60,228.5243086815712,249.40398692194486,0.28070456432166185,1.0377349749054448
r18c61,422.9154116190246,197.6035136447748,0.2430449556263139,1.2902519831822052
r18c62,260.9075495801854,204.65452730531385,0.2502626263398853,0.803136546987269
r18c63,49.09950371556718,56.203457991411064,0.254590748204276,0.5483757779311462
r18c64,5.829234314663102,1.3842112501202173,0.31553184486914354,0.41667462197130906
r18c65,8.394232241927762,15.847385140880712,0.19720262907959,0.5315148748282316
r18c66,216.3464989074671,315.0259807798982,0.21314079641498967,0.730913136343345
r18c67,325.8225114581697,265.6666004869701,0.19191604692181555,0.8414500612736591
r19c00,,,,
r19c01,,,,
r19c02,,,,
r19c03,,,,
r19c04,,,,
r19c05,,,,
r19c06,,,,
r19c07,,,,
r19c08,,,,
r19c09,,,,
r19c10,0,0,,
r19c11,0,0,,
r19c12,114.72949253147519,171.34090724748296,0.36557818455501573,1.0610297581086765
r19c13,477.10936514034694,147.76005965292535,0.30207974797040993,1.0089686811543657
r19c14,583.4462175539414,33.22076253569507,0.31955302187379614,0.6455814680454088
r19c15,568.702664231625,35.905480177285746,0.3331216180461397,0.5290552355536483
r19c16,627.5992608164705,44.753005587479414,0.3548996674967777,0.48710731883701236
r19c17,570.5401163193662,77.03820701120632,0.32879500383279736,0.4045557872403537
r19c18,462.9018808382602,46.33210590881415,0.3241246773921711,0.392741200725214
r19c19,333.31055401756754,47.94676568746049,0.32264058486053204,0.40109338395878225
r19c20,248.0290674178391,64.58879619656476,0.38440916191111446,0.3171848742098808
r19c21,218.81226844328404,118.12060172672483,0.33453286140713845,0.37049337980859737
r19c22,186.87528912430645,126.90855382514756,0.2939514509095142,0.3919118248811752
r19c23,50.20469406575356,24.67968044214427,0.281219428538524,0.4420842151807098
r19c24,1.838485645288749,3.739187382304391,0.5002764555051677,0.4116757704593566
r19c25,0,0,,
r19c26,0,0,,
r19c27,0,0,,
r19c28,0,0,,
r19c29,,,,
r19c30,,,,
r19c31,,,,
r19c32,,,,
r19c33,,,,
r19c34,,,,
r19c35,,,,
r19c36,,,,
r19c37,,,,
r19c38,,,,
r19c39,,,,
r19c40,,,,
r19c41,,,,
r19c42,,,,
r19c43,,,,
r19c44,,,,
r19c45,,,,
r19c46,,,,
r19c47,,,,
r19c48,,,,
r19c49,0,,,
r19c50,0,0,,
r19c51,0.06268983401666983,1.2575960879506594,0.4825249362396188,0.5672168
r19c52,0,0,,
r19c53,0,0,,
r19c54,0,0,,
r19c55,0,0,,
r19c56,0,0,,
r19c57,0,,,
r19c58,0,0,,
r19c59,29.45554598762421,86.56167557076482,0.3124795788717268,0.8374380435962313
r19c60,344.1679663085732,261.39939990801446,0.26987602706181885,1.1250389068823554
r19c61,467.12906801913147,247.70906154622935,0.25593280006526226,1.2263272937940155
r19c62,404.56761339416516,224.9400149502065,0.3485021861631191,0.8850448900663087
r19c63,90.48866731181988,79.41733004193468,0.28709473632622323,0.57568167383735
r19c64,11.497744125326347,3.3703585515215697,0.23420154647289576,0.5139955229493506
r19c65,51.6754000746209,61.88510808500837,0.26564075616035693,0.5121455367994214
r19c66,277.4951070784472,171.65922458530886,0.2576428084446997,0.7101802601168686
r19c67,327.8021090168209,118.09423344869172,0.24421867635778774,0.709570878614928
r20c00,,,,
r20c01,,,,
r20c02,,,,
r20c03,,,,
r20c04,,,,
r20c05,,,,
r20c06,,,,
r20c07,,,,
r20c08,,,,
r20c09,,,,
r20c10,0,0,,
r20c11,7.911252750813788,25.921740515053674,0.3478531424302776,0.7483727219157075
r20c12,351.71401996989147,271.48880796047604,0.3465798302470426,0.9432359214577887
r20c13,555.4105870524847,88.42091952315117,0.3055106352692712,0.7466682844130469
r20c14,627.4927848947997,33.416317399951865,0.3645789516822749,0.5252169261612781
r20c15,604.6307564555905,61.22334861200457,0.36413109971676494,0.4419135269340336
r20c16,538.7164086924483,61.98746051235463,0.4412849429340149,0.44914814223174515
r20c17,493.954536319768,112.55952528509985,0.3771536919305756,0.4006426440397097
r20c18,440.5803399271471,26.527110915487874,0.3735495620526802,0.3702550139814939
r20c19,425.1067040425023,73.96756815420696,0.35656349132643433,0.38599260066142493
r20c20,261.1635286604285,93.20679467044062,0.36439423474845106,0.3581016660242251
r20c21,313.2490944523689,132.44657658476248,0.3395150153424304,0.4499816582215738
r20c22,232.54631303928474,130.14713439794352,0.3023502867420912,0.41325813469623673
r20c23,58.11550844291938,39.92494711989968,0.29067605137256364,0.4325221090268693
r20c24,1.8451610677809402,4.444708118073922,0.48791533496173123,0.408817988984383
r20c25,0,0,,
r20c26,0,0,,
r20c27,0,0,,
r20c28,0,0,,
r20c29,,,,
r20c30,,,,
r20c31,,,,
r20c32,,,,
r20c33,,,,
r20c34,,,,
r20c35,,,,
r20c36,,,,
r20c37,,,,
r20c38,,,,
r20c39,,,,
r20c40,,,,
r20c41,,,,
r20c42,,,,
r20c43,,,,
r20c44,,,,
r20c45,,,,
r20c46,,,,
r20c47,,,,
r20c48,,,,
r20c49,,,,
r20c50,,,,
r20c51,0,,,
r20c52,0,0,,
r20c53,0,0,,
r20c54,0,0,,
r20c55,0,0,,
r20c56,0,0,,
r20c57,0,,,
r20c58,0,0,,
r20c59,53.94397828514187,119.10794790218652,0.2781658413141275,0.8763498738081533
r20c60,358.53677340383337,199.6368152867335,0.24309514008294208,1.116113946579753
r20c61,801.9651557457797,288.6331426794319,0.2753956895758957,1.4296721898956086
r20c62,558.5653409063963,265.9052369332999,0.2187566014349626,1.1147529272469852
r20c63,91.17156306616417,62.90260600911834,0.24386774386125357,0.6006395863053456
r20c64,32.34673354111348,27.567120297476308,0.2703305761637938,0.4974201141059329
r20c65,89.97643619106908,67.1219606548588,0.2856351321138664,0.506336949151567
r20c66,150.01240263761878,103.76955330243264,0.2699383463765925,0.6104124286917432
r20c67,234.57902876771203,32.84847914745424,0.28666810110154123,0.5666861137396205
r21c00,,,,
r21c01,,,,
r21c02,,,,
r21c03,,,,
r21c04,,,,
r21c05,,,,
r21c06,,,,
r21c07,,,,
r21c08,,,,
r21c09,,,,
r21c10,0.011016509854456165,0.6087795438835684,0.4136487929108337,0.5193224772313298
r21c11,54.22097362632573,93.34894566479188,0.29447746220682974,0.677213162410169
r21c12,598.7781651541582,271.6405840572665,0.3401693240573434,0.7807429612578978
r21c13,707.1717232833059,54.228702571803254,0.34185465863780395,0.5899493899618058
r21c14,616.4378616099897,40.69602598030078,0.3605199854026439,0.48785145220724485
r21c15,595.6401456416977,36.060015783516036,0.3544100399410433,0.42536848208714534
r21c16,586.923571018999,53.87706153482556,0.33036404175323536,0.42289461069394213
r21c17,410.2020893937201,35.59026679769781,0.3799917434069254,0.3753023928645669
r21c18,384.8930056922534,37.138407666321605,0.3769446044324332,0.39554525763083864
r21c19,348.7159662079052,43.797967515571564,0.3546088520554294,0.396405994301018
r21c20,310.6929353510295,57.71971641434459,0.40812307360622924,0.3886265672602436
r21c21,431.836717532473,174.085653977764,0.36157427334280895,0.527906382880698
r21c22,220.67242104956637,115.76031111087228,0.3211690639874377,0.4192341817990724
r21c23,85.1083752930796,46.54751583639346,0.2876128162501343,0.4294578906603286
r21c24,14.101832103197244,18.642897220589724,0.3670814455432406,0.3893185609781549
r21c25,1.8302354716632354,2.4910183354103994,0.4242395414296158,0.42667239341709906
r21c26,0.23975090059284365,1.0104432204647043,0.7061457445743078,0.34010492623561567
r21c27,0,0,,
r21c28,0,0,,
r21c29,0,0,,
r21c30,0,0,,
r21c31,,,,
r21c32,,,,
r21c33,,,,
r21c34,,,,
r21c35,,,,
r21c36,,,,
r21c37,,,,
r21c38,,,,
r21c39,,,,
r21c40,,,,
r21c41,,,,
r21c42,,,,
r21c43,,,,
r21c44,,,,
r21c45,,,,
r21c46,,,,
r21c47,,,,
r21c48,,,,
r21c49,,,,
r21c50,,,,
r21c51,0,,,
r21c52,0.3824224292771953,2.103410541039509,0.5458826939348415,0.48907860405406284
r21c53,1.7233820366800283,2.846692402821229,0.5016190759877321,0.41514412102877
r21c54,2.5793179245518805,3.283107214365468,0.45359747839778325,0.42782814252849033
r21c55,0.41756115984714653,1.3604814930413656,0.46446254860743136,0.4353546148194599
r21c56,0,0,,
r21c57,0,0,,
r21c58,0,0,,
r21c59,48.81389999218339,93.12938078245212,0.2807911879429887,0.7672590090803247
r21c60,179.0237000104106,171.25331802565015,0.22501732781167227,1.0440320978501962
r21c61,664.1880674296887,258.90127823868323,0.2723284499825427,1.418592336998355
r21c62,563.0974980720416,384.08108688197825,0.2610444386093254,1.0350653457861052
r21c63,78.62225992165425,53.262326335986195,0.272993892042677,0.5483740672195232
r21c64,35.95608352516631,19.402465461700018,0.32428259300649553,0.44688664714094123
r21c65,98.63931896725461,63.59709671199209,0.3191658887316014,0.4803573154054791
r21c66,234.93326947425024,174.73910412218433,0.25893759953136625,0.6300010895737762
r21c67,273.87075233577923,111.61332396763702,0.26558720906034883,0.6348757018043867
r22c00,,,,
r22c01,,,,
r22c02,,,,
r22c03,,,,
r22c08,,,,
r22c09,,,,
r22c10,9.691993377716672,26.128788779425783,0.3194549175971249,0.6360982043974409
r22c11,250.92347337254733,256.047524616328,0.3246430118548097,0.629436396783766
r22c12,684.568871858604,94.70309500343825,0.3321329589955264,0.6575863098050123
r22c13,636.9508287093466,57.296236050784444,0.3213410776430242,0.5750690402448206
r22c14,588.6317515232427,41.98143227168402,0.300310545958276,0.513154387613169
r22c15,550.0580264451585,32.14307284850892,0.4636143551221937,0.4325354750831299
r22c16,522.8917253406883,34.86846994851908,0.4002305520203758,0.3983960365738771
r22c17,447.82062352381325,53.62200891185582,0.36382793964487437,0.3861263999275929
r22c18,376.60034006608583,22.833229067641472,0.38742664807345556,0.37688109970203937
r22c19,343.0137295433449,33.44265795552158,0.36160522089289515,0.38209710413159376
r22c20,386.6013967070036,71.20636421117418,0.346776102955089,0.42319334198011094
r22c21,535.7897670847623,136.21283598994205,0.33373628711000763,0.5251659269818414
r22c22,307.3013295687414,139.5089166427222,0.3296087858896566,0.4365475888194157
r22c23,144.02742050995155,64.43622720487423,0.27951269786016136,0.4312199484792869
r22c24,46.99658541494314,33.19931094181389,0.3189821635062646,0.4114574365591814
r22c25,11.511754056126343,7.384224728288827,0.3542589884078288,0.4227410527330226
r22c26,3.778932510483431,3.25737465472649,0.40621162107199155,0.37135896153347553
r22c27,2.64642598098969,4.5116659788463345,0.3214152938081032,0.44125172079628644
r22c28,0.13402910392222045,0.9581405547409939,0.5328968505100309,0.3524999936212292
r22c29,0,0,,
r22c50,,,,
r22c51,0,,,
r22c52,33.483938475443,55.80068661330866,0.31396289113072184,0.7713779546782344
r22c53,8.072282556755136,13.395137425882389,0.4849726133789814,0.45310416293927674
r22c54,5.123250319159482,1.840687719060968,0.46464227444124867,0.38934126001187636
r22c55,3.7304591149866395,2.678804562776781,0.46579087038107925,0.3626455741472563
r22c56,1.1319039805830464,2.2397499554211167,0.5613827703945258,0.3792969687761964
r22c57,0.0048661453731239255,0.14493608816924153,0.4283569501159853,0.40139382160392806
r22c58,0.26680251166623525,1.4680936222415804,0.5223393226389823,0.4255739902790144
r22c59,22.89889491974477,42.79783445027284,0.3567321863922206,0.5776255004606305
r22c60,260.3871540633885,380.64728094134307,0.26886712708851906,0.967985304263619
r22c61,743.6286248034278,322.8682586071483,0.2994840168980576,1.2386042054893658
r22c62,517.8417511294364,456.6330463199516,0.2635037343011268,0.8617116887274567
r22c63,63.14104808523595,16.553034315630455,0.2547267937154159,0.5298011475860556
r22c64,36.92710151119505,4.240498117177589,0.2639688506375183,0.48455885465676307
r22c65,190.15942071638608,246.03603085679114,0.2615544875622718,0.5695290195604076
r22c66,366.3376421254209,276.06447267948965,0.21860180094845877,0.8341661558808031
r22c67,514.127313195104,294.7139273357,0.23681023624762082,0.8675090532274934
r23c08,,,,
r23c09,,,,
r23c10,39.507517869252936,63.2864474003023,0.30682282297562075,0.7015928859602922
r23c11,363.5641981555551,275.89572959947407,0.3347686710940578,0.6162002791201281
r23c12,590.8896100034476,58.26327232148469,0.298510019002231,0.58896429668071
r23c13,575.4489866247194,43.019849712429505,0.2962581796695637,0.5302610320598418
r23c14,595.8366808928445,53.57073374111579,0.35632061421880057,0.4514874342398294
r23c15,588.2022256370396,37.66453871887705,0.42368079135100795,0.3751260040451522
r23c16,523.2943741368911,44.578486305887424,0.4348711147422456,0.3951632153449998
r23c17,437.51126961637044,39.101890815496105,0.401252898597352,0.4020912900951672
r23c18,439.2495643310627,81.77902057918035,0.36140453600858463,0.3988881980927399
r23c19,475.68773868036357,80.29296047708587,0.34268515820594386,0.42482351856342476
r23c20,525.7248299273444,57.18469965246389,0.3255409562721483,0.44486569580180874
r23c21,400.5889287661633,94.4635632050559,0.3296773121917618,0.45541879438288696
r23c22,191.7578361841012,54.64930352581062,0.38449539144302425,0.4127459083486743
r23c23,104.35119635515836,25.64812481889828,0.3638690313058354,0.39029113275811345
r23c24,62.79905850603958,37.90976917754935,0.29103919169344256,0.42003676210884733
r23c25,83.43947484923653,59.0226886766563,0.25740222818281877,0.4342210650898923
r23c26,31.95984509454988,34.88688588408974,0.29039398120024035,0.3764040383245434
r23c27,15.274553777684378,9.631471237288512,0.3329656951350563,0.4081672149019021
r23c28,4.188140568415257,4.287695701415461,0.4445214879719725,0.41075408229610416
r23c29,0,0,,
r23c50,,,,
r23c51,0,,,
r23c52,19.864642205713487,45.31790923887795,0.29115733442873115,0.809536843057239
r23c53,17.35522484694224,27.50101127152202,0.31840045012124835,0.53681653465446
r23c54,5.434105745240774,1.8647463851373154,0.33404806393230185,0.4223679011389268
r23c55,6.498599355564289,4.667199858227273,0.38864069458919326,0.32590565337104593
r23c56,7.082439897167269,4.949619906938115,0.42503575900540663,0.3785873158739277
r23c57,3.3836444172149465,3.4566940356219944,0.48083877869805325,0.40299564237169
r23c58,17.801403317571097,68.66396109291793,0.47789071498697344,0.45996477574740585
r23c59,19.264245528602412,38.046152810943354,0.3698376888631014,0.6290501084947019
r23c60,253.4763751458427,266.3784235999204,0.30632978432111757,0.9523992552412504
r23c61,523.7824569331616,248.89384355733105,0.2985535632616956,1.0853257963961263
r23c62,217.21020675399726,201.2011932669924,0.25444122518707496,0.6774419707332846
r23c63,90.88657868380098,109.50143295607796,0.27689311752899304,0.519130433266663
r23c64,58.52167071800244,59.14453995698504,0.26150971546532586,0.518567922030246
r23c65,442.74192260139927,283.0229861439757,0.19646657405099247,0.763302940970093
r23c66,492.26089812802326,356.52918602828856,0.2377670778162971,0.9000330519134611
r23c67,588.8449635978012,260.579282085311,0.21500295341864004,0.9123899582390336
r24c08,,,,
r24c09,,,,
r24c10,72.06270668851229,82.39523504363164,0.32360543946238857,0.7336837098596258
r24c11,540.2151779633338,323.5764175344406,0.36338632706579027,0.6326629968881029
r24c12,647.164438141781,69.02181967047234,0.3058867023295488,0.5891425627123853
r24c13,688.4008467755846,80.47582753311058,0.35034418966996894,0.4573498613538671
r24c14,568.7589479410636,61.5436935777628,0.3733008442277693,0.3708106985809726
r24c15,487.3644240841839,43.866673041162315,0.3835355389293071,0.38350056335320104
r24c16,445.5763031594575,24.404205887439353,0.38859344588351535,0.4183302678655645
r24c17,445.64691437808926,40.41603096913298,0.4174917611572253,0.39967898409505537
r24c18,456.9014783033014,41.20600441700415,0.42132499418505814,0.42297259984381785
r24c19,569.5193607666913,64.91902016860966,0.35837577944189564,0.4627759464129084
r24c20,603.1603514957408,39.9846600887941,0.3224083062012005,0.4544524254675377
r24c21,472.150479625225,98.33309249210579,0.3066786689959564,0.4546617178951042
r24c22,259.578779283944,42.95104370130282,0.3169390230535916,0.42368704369944793
r24c23,176.63867746081218,29.50960372126316,0.3121123851534947,0.41586630502087885
r24c24,128.8805814129023,43.314912167075434,0.27421289133838617,0.4455176244895025
r24c25,164.5548088543793,68.82762946915734,0.27173825854034606,0.42475109415510526
r24c26,179.62388567203953,121.73792536665157,0.24763918482477726,0.45765784414095917
r24c27,133.35021292810322,128.66046756021873,0.2720461063278372,0.5085047664170135
r24c28,95.2961274364913,115.4385749250686,0.26405603737989813,0.5755878132958497
r24c29,14.664598010925715,45.18687789604022,0.23799281351897478,0.5982990481834418
r24c30,0.0032855481632575283,0.16581906270768446,0.9239793438612801,0.3184722586359611
r24c31,0,0,,
r24c32,0,0,,
r24c33,,,,
r24c50,,,,
r24c51,0,,,
r24c52,0.5109994575904727,3.412512564364779,0.34922062985375085,0.6719466363723569
r24c53,59.46263513560523,66.86791172951601,0.33874122100016657,0.6355577522848345
r24c54,8.265512228065646,2.6047439916994573,0.3961851660719324,0.42999057253585404
r24c55,10.140272809209462,6.499104810470635,0.37987900147190296,0.3854115867831684
r24c56,30.907539429121666,26.036741649932925,0.2898145305668993,0.3365603462384904
r24c57,9.459313558412866,8.053927168732262,0.4437850478282709,0.4049286256908908
r24c58,76.33599422020535,121.32898085101976,0.3487480501956101,0.6780696146662576
r24c59,106.6718525455059,177.563672125632,0.31871647414144455,0.8870849762098434
r24c60,577.3073505328351,376.9380070400345,0.34733900357543385,1.1597279941672143
r24c61,624.5527622892239,282.0294967145895,0.3437441293021045,1.0988529087952024
r24c62,259.64829267582445,159.13484567143718,0.2551363331869441,0.7345768950567665
r24c63,76.40572846666736,36.33476690517182,0.26408464795694364,0.5463843505567385
r24c64,112.1674744829737,93.59390689557932,0.28565219619262344,0.5858497653655595
r24c65,487.4284618887544,268.9105516670034,0.21788431275988934,0.8827698865052196
r24c66,639.8896389653817,224.56942346900382,0.21880670864506618,0.9348829083070592
r24c67,429.21061077983575,255.5606892580012,0.20821168989123917,0.7471923962162855
r25c08,0,0,,
r25c09,0,0,,
r25c10,119.77714144271756,100.73746399619289,0.32882874558071923,0.6660529261384661
r25c11,693.6952717715333,317.8869843510332,0.39773334024569584,0.6333489116136944
r25c12,743.9189464603213,102.16155078861546,0.33612678298680154,0.5180913532293467
r25c13,630.8817397749103,92.15833279238728,0.3381145655185499,0.4116553059983228
r25c14,492.9781116831425,27.902024387364477,0.27600456437211074,0.4535647933357237
r25c15,474.8935395966986,22.84383162912074,0.33314950191748105,0.3950472142871808
r25c16,543.4280663745293,55.48992982513694,0.38885652741638876,0.40636812917979803
r25c17,575.7372529472248,52.640273820829805,0.41052077380131563,0.4305134583816501
r25c18,598.9719209742693,45.07192830174089,0.409623293153984,0.45078166673954173
r25c19,580.9699278980966,45.529993837145426,0.40017414382230143,0.4610513676150373
r25c20,537.9519548486459,40.98937767705978,0.3357150620737054,0.4381175584530269
r25c21,533.6731489523482,53.783463880082536,0.30703268452551363,0.4466145284337999
r25c22,360.0163093217287,64.12902142187747,0.29370803817459473,0.4331720389141162
r25c23,240.05374042981492,27.461350500906207,0.2934832023505099,0.43372122153423887
r25c24,258.9142638515381,72.78700008988467,0.29827243516033936,0.44988957878658137
r25c25,133.5258364421022,76.59869847518002,0.29756357061750627,0.43239261771374277
r25c26,129.54341261175685,106.64619724065258,0.28241414412566596,0.4738745566385915
r25c27,501.1057161754197,268.0339791473434,0.26777572604618716,0.5670872550291086
r25c28,606.2949121068156,307.47682063458274,0.24080335642477013,0.6601922856799164
r25c29,240.436895621958,310.5375307883551,0.19720795802373478,0.6487820691345692
r25c30,46.10352959260262,59.47549716582525,0.2399204441614849,0.5555558676617149
r25c31,0.4189176615940832,4.405326095070117,0.44264418019194757,0.5548647588094431
r25c32,0,0,,
r25c33,0,0,,
r25c50,0,0,,
r25c51,0,0,,
r25c52,0.3288813951516035,4.023341740068808,0.31492980228125217,0.6582728259835032
r25c53,253.8735176302085,197.52574528231702,0.271162984838154,0.7633890082832377
r25c54,26.69109685520985,40.33060671858206,0.36161818279265245,0.4971455541486394
r25c55,34.17700773008443,35.175666191605316,0.34231206124081176,0.3821455531566673
r25c56,112.88998007261473,69.47396998750867,0.2760424365459897,0.4130598654026414
r25c57,27.521560765350472,30.873818834444393,0.3649135982779365,0.48440766898954696
r25c58,292.25361522190803,248.52197229250024,0.32593108583900665,0.9454415495233692
r25c59,421.5233269680766,276.44283830416606,0.3426338561524623,1.203039026326757
r25c60,939.0619059086916,277.45811807183406,0.3447816445793811,1.2858323441694515
r25c61,621.4530161295083,246.943539971499,0.26546732180997806,1.0460261347283775
r25c62,451.4793583744679,214.80090142610518,0.23383583666657695,0.8928699427719267
r25c63,237.2292434869679,152.16651640782965,0.18835790683733308,0.7752533799811414
r25c64,243.82839554660706,202.94896939438192,0.26818880079545987,0.7431808478352948
r25c65,499.6098083749458,290.022636362471,0.26962447168961734,1.0019365161103968
r25c66,542.7367028136001,255.44799902514998,0.2334781148352783,0.9673852920525431
r25c67,344.7236571482105,94.49515632738336,0.1812908336400095,0.7229811980993393
r26c08,0,0,,
r26c09,7.627710014129352,35.189337959473434,0.45482907937434686,0.5274045790067725
r26c10,170.210269344021,203.02165488171323,0.3656279801115314,0.5522624918355434
r26c11,713.3714562650879,213.63960659338807,0.4075251837337117,0.5930809227114173
r26c12,631.8270786405219,83.6892924468251,0.3250222281182307,0.4731669276453116
r26c13,539.2775100025448,28.46866861960466,0.31581415469701457,0.46188336035969924
r26c14,531.7194504510001,28.52235975830221,0.39803515882348406,0.4325171565763898
r26c15,560.8984717715199,71.4623610552657,0.3946409272514371,0.4113433824871231
r26c16,647.2491041377386,27.770958013577946,0.3931286817793517,0.433807627854606
r26c17,607.16535637149,23.33236766841831,0.39706936339100674,0.44355187424275316
r26c18,557.9526430160213,52.48688100799265,0.41774222656534044,0.43712080507576345
r26c19,456.4195215758581,57.691803592498566,0.40594608702597795,0.4193274438111172
r26c20,515.4155547763918,47.88748811284912,0.33834885648048224,0.4083081535434139
r26c21,442.4671456157555,71.9456500693775,0.34462926313582976,0.3989519843323999
r26c22,300.7914587549185,61.454098822109636,0.32966333624131383,0.3846074334536565
r26c23,222.10414772531266,33.94799877838833,0.3011898952441156,0.4070080770723561
r26c24,189.7306166233411,72.24531218619397,0.2880673136799432,0.46212674092814676
r26c25,184.03637371664792,135.72004120984457,0.30617927156380415,0.46628515354754646
r26c26,234.157875465526,127.22622347244632,0.26955437395454385,0.5427132676639339
r26c27,231.4770765587246,132.56365128383808,0.2749820441323034,0.5372367637989008
r26c28,613.1539493886867,269.7501084770137,0.3262205390345923,0.6638789808730788
r26c29,977.1539313024815,225.7830638344235,0.29430870004057985,0.6743735338092265
r26c30,227.0123060058868,250.35898014331255,0.21688037993328027,0.5959674682034877
r26c31,40.63033474405442,41.79446729538557,0.24253041834981953,0.5395781115507722
r26c32,3.053448557946538,8.58161581202503,0.3513927085748213,0.5546175969323416
r26c33,0,0,,
r26c34,0,0,,
r26c35,,,,
r26c50,0,0,,
r26c51,0.00080696917567624,0.045929942254050324,,0.33838
r26c52,10.198496611759737,33.921691257184605,0.3101262780496379,0.872249069015257
r26c53,509.32363390455174,252.39227044823946,0.29927508399614094,0.8701680688677829
r26c54,49.35489322218927,55.199754039172916,0.36545286536595484,0.513776488968068
r26c55,101.17976413730057,124.19354538695049,0.32692740056924263,0.4078170130671413
r26c56,202.73298707660624,94.51641857681977,0.28164238851264395,0.47833134381741044
r26c57,179.7455183952535,303.1644945031714,0.3406020828643642,0.629736383480786
r26c58,717.7818456724561,332.4755881625694,0.36399111557155084,1.0466377199196846
r26c59,487.2874128078313,179.52590382356968,0.31422072881770113,1.1623388752930432
r26c60,897.2075356224758,228.34013906696052,0.3318923997027343,1.2394901237999942
r26c61,528.7044791205532,273.0241301333905,0.23055849023039232,1.0218888371458252
r26c62,428.2580285024004,199.34547244457025,0.22971831574202703,0.9057998291997856
r26c63,373.4669475662864,149.75342906527953,0.23469209360259763,0.8513776336635462
r26c64,389.7779122069541,227.27023024237178,0.23552227340841053,0.8827174955359623
r26c65,467.312948425721,193.31007642251345,0.23729538322070687,0.9841431018851863
r26c66,535.0978189496966,190.2817192835991,0.24975734677381528,1.0030453544176507
r26c67,362.52499340975595,104.74989557091585,0.19360221779113662,0.9489773150336137
r27c08,0,0,,
r27c09,5.906146136035031,26.802362844816322,0.4734856143317364,0.445934517248425
r27c10,242.72569704982618,265.35204012489083,0.40132342276150623,0.47079777144150914
r27c11,662.4464768805136,96.75813589835421,0.3830403122568512,0.5297990760800775
r27c12,598.7636667345246,60.49339098289675,0.30405989802107997,0.5048847336500226
r27c13,617.8018014083809,59.762444873521574,0.3681082945812242,0.4362265529529526
r27c14,630.5391286948399,80.05044314773421,0.40249344696302525,0.41721402969546384
r27c15,681.3472000577199,63.699226516933585,0.41775108351011137,0.42865601516436624
r27c16,610.3788451126131,84.69871740618207,0.4110595751433603,0.43985020544365044
r27c17,518.9695724155488,83.12901767524642,0.4013773364680959,0.4361587353607619
r27c18,449.8260131692695,51.83081686226922,0.40276938943555085,0.4274305689046582
r27c19,367.0979811551688,19.880482599721972,0.400004919671237,0.38967076693013075
r27c20,379.189673772529,50.75124816598682,0.4222703606112483,0.368941379005276
r27c21,353.6996629442576,82.46376484759993,0.2975973687937835,0.38864742361769555
r27c22,222.96773851581187,55.046464970479214,0.33202656789554347,0.36370981789362156
r27c23,156.32383093146663,36.27080772665625,0.3169836926287017,0.36412019735063333
r27c24,171.44063309585783,80.48482566794569,0.29103518213348323,0.44222975874469367
r27c25,280.57649543493125,88.18238670261024,0.2687064868485859,0.5159174896245484
r27c26,478.91105101068115,143.8230139933623,0.2725908485967364,0.5838184317348444
r27c27,473.1395485498328,180.64711299571917,0.28405596415209744,0.5765650884177321
r27c28,528.7125113498349,168.0812556588697,0.28962193494268995,0.6286885382266827
r27c29,878.8967706369639,135.07055305182948,0.3190200289608617,0.6199576198541883
r27c30,411.8655789508999,343.24670599696003,0.2346596108590719,0.6237683376970081
r27c31,194.67594849702874,177.2146752667798,0.22885232306549003,0.475785745142655
r27c32,166.0471355293223,227.78958298259684,0.24666146370280093,0.5843821398665673
r27c33,4.25319502712202,18.041771804461376,0.29717872750000707,0.5841324312098559
r27c34,0,0,,
r27c35,0,0,,
r27c50,0.010828883139898274,0.2756780688232886,0.7389254942719277,0.48440543560606053
r27c51,8.791085778619534,23.884513191136907,0.4922016729233473,0.7332126440834968
r27c52,99.3902747521903,157.58813008277306,0.3064543008767657,0.8948655780749903
r27c53,468.12353065149625,279.8312602654089,0.32346693175458663,0.7759858174730113
r27c54,54.765846026483835,27.541138066141535,0.378675613394667,0.47846096874194377
r27c55,204.3093982132125,135.914594137962,0.34376142822678635,0.44473538650178085
r27c56,167.11788854429562,107.7531193282454,0.29234376910682097,0.5310015337750145
r27c57,472.59463799215916,448.39637323573515,0.3006923310140629,0.8993232079983824
r27c58,755.6854525656503,470.1866960845674,0.36107223724915494,0.9315747974645961
r27c59,624.1316315044503,159.83002895633794,0.30882954769753396,1.1584906241963389
r27c60,1061.125928021514,280.2407203002882,0.320555080237262,1.3939861315982423
r27c61,699.4395056540068,343.52446866480864,0.22727912376023995,1.2049761544615614
r27c62,584.2918622707032,298.16053150557843,0.21577427646696568,1.0704881464336333
r27c63,524.0373879420285,193.76252757713246,0.23047085137419604,1.031182774787481
r27c64,490.3992983240103,178.00556024332656,0.23459602548198072,1.0209897433581145
r27c65,381.9032658625548,169.51899072658412,0.21271173707945673,0.9300377349717447
r27c66,778.8092740572763,278.94567190946935,0.2578849544985569,1.2060242595773891
r27c67,494.37094462516194,185.81610247927426,0.2064351895434742,1.08583312777636
r28c08,0,0,,
r28c09,17.808762526335634,54.321910152746035,0.4273051492187287,0.45573401931827806
r28c10,72.84361084237557,74.97987941520013,0.4118558547024201,0.4371899131529348
r28c11,644.907502344959,308.26278979174907,0.3962473712595919,0.5557118201088935
r28c12,711.0647185671803,93.00951513670726,0.36839534221774173,0.4685726202435316
r28c13,618.5785938677334,99.94027668563038,0.3439290855797882,0.4413986250710404
r28c14,545.3346162413375,85.48217302071713,0.4313787099354274,0.44776934283962444
r28c15,469.0672186123108,35.314719969236336,0.3559723930206212,0.447243642459687
r28c16,430.2117070556259,22.359229940548996,0.3732424267226601,0.44820600778490427
r28c17,402.29698963525425,18.20323132843698,0.3701585176089685,0.44160548841874436
r28c18,396.3426741600835,35.826924339885764,0.320450469955184,0.43200045543079985
r28c19,421.4796040978836,41.43184430323878,0.37463203091944236,0.4293059455300997
r28c20,410.1563242813528,64.62733115323698,0.40756489451615463,0.4040849183303485
r28c21,345.2833354795982,106.10806194754086,0.3465785947662765,0.4345824288087404
r28c22,316.9360927881645,114.73964478376219,0.3422718500766382,0.4167429436614216
r28c23,170.53880554135287,34.12760820188671,0.3317554850435772,0.3767973952697871
r28c24,219.1664542703375,70.98333569483873,0.27581370056930826,0.4572362902303886
r28c25,365.79461153437205,150.8423943680766,0.2689724393909627,0.5296700001235287
r28c26,544.325467204682,154.162382964282,0.26910793123667126,0.6360284355870786
r28c27,590.0337072393643,59.05480128860173,0.31869281166314706,0.5886051432456498
r28c28,579.9015911023048,21.965256696315798,0.32644222595754757,0.538966640678468
r28c29,652.3223212420802,158.53975602958033,0.33742855793229687,0.567753144469539
r28c30,637.8193394375826,260.6525170016183,0.2616347036117613,0.6206686176707715
r28c31,346.52798255113765,191.79192199219096,0.21183460430238282,0.5248657269018162
r28c32,543.0287800013166,255.79250292829605,0.21656848241078175,0.5942752949548116
r28c33,50.50015189998407,84.11309500808632,0.2685130127326234,0.5465082094943748
r28c34,2.2437591967605193,14.131126899699048,0.3402115203391048,0.51454047449202
r28c35,0,0,,
r28c36,0,0,,
r28c37,0,0,,
r28c48,0,0,,
r28c49,0,0,,
r28c50,0.1757795118900765,2.7114759994571034,0.44144760268130423,0.6907573951904661
r28c51,12.835760722334783,27.03931146646844,0.4320379134409693,0.6225436321090232
r28c52,251.6423849191122,259.5333312993719,0.3022552936388215,0.8637811690088796
r28c53,313.6168875237644,257.57972376232465,0.3423263978236033,0.6772587262628715
r28c54,99.12115596224007,44.42581893657191,0.3683400619701432,0.48767403622819155
r28c55,276.60441286746186,104.29328263061436,0.3125225487947695,0.5571281720823519
r28c56,168.67266713987732,153.93140450112233,0.2883231685029857,0.5835163050162763
r28c57,837.1952098525855,326.5216159462138,0.30344182600872505,1.2223850206826532
r28c58,768.4951349267874,369.92071835878653,0.34775096896022445,1.0017186349919238
r28c59,537.245656852847,207.68464920962992,0.2981399177392265,1.1633465572587482
r28c60,924.6017853955682,272.3645461669578,0.29467772232591377,1.238279184394482
r28c61,883.3936761775285,333.99195173815275,0.24368118773988223,1.3860532166334494
r28c62,762.9734317350187,271.7801446920966,0.22500730103257813,1.2368701775630904
r28c63,573.6149813985719,199.37768632505225,0.25553946724999327,0.981403078399902
r28c64,516.5949218783376,180.3149485076439,0.24418604269195526,0.9605042309424545
r28c65,589.9532964363942,284.64048194690986,0.21970943699216097,1.100866664685083
r28c66,1020.5633975353618,311.25729028344944,0.2813334226151224,1.2859147972195772
r28c67,626.2448686050228,290.46356095829265,0.22111848192696315,1.1573125405624132
r29c08,0,0,,
r29c09,30.493981582604437,54.84954302785048,0.38063274115129814,0.494419808383657
r29c10,228.8140342837754,170.7076112825261,0.4208875706931629,0.40515859493154166
r29c11,678.8278681495075,174.04020053002296,0.4089950198000023,0.5100452265641121
r29c12,583.6207687180887,65.82937371416246,0.32358008000782407,0.47527569366186406
r29c13,508.01931439942285,21.633519415838567,0.3338413807946139,0.47096917226712215
r29c14,536.5188355925877,77.24082158905703,0.4946022074937872,0.44607190190942
r29c15,523.7851169708618,48.62882134367673,0.41560574976832354,0.4420189966376565
r29c16,493.40037721144034,45.61017299390355,0.45012481468266,0.43397054470542645
r29c17,486.71372509180145,47.0241185735025,0.47684234979200707,0.4220422664819779
r29c18,473.4983955218329,34.00036844559822,0.45563247607520163,0.43117391347349365
r29c19,367.72037871197733,62.560974219877444,0.38332759272617556,0.43125487900253
r29c20,336.95558919978106,78.72467563388162,0.38723915879131104,0.4131386831220032
r29c21,303.9575350236885,99.5020194396592,0.3823231134180565,0.4099285269508038
r29c22,253.8987222679685,94.00937515583118,0.3502805598652552,0.40140709761889476
r29c23,184.61396940226265,20.96374598437351,0.3378008316316451,0.4001123551141547
r29c24,260.76797562258446,47.842636974988444,0.2916608507943395,0.479194353678495
r29c25,441.47079349572925,151.43076466293968,0.2831531548897533,0.5526369337583801
r29c26,598.5861803121932,101.67783614191382,0.27766308386669614,0.6359408686685122
r29c27,627.6895704488625,29.932342601034645,0.2840387003535448,0.6029308898136625
r29c28,577.9327581884223,114.20380493938917,0.3082692132250277,0.5263664062532196
r29c29,334.4491563239152,163.8969547155751,0.2949513285786437,0.48359918425368414
r29c30,532.2951133168915,224.05636770577817,0.2691962133086122,0.5813194111076988
r29c31,540.8402298326773,215.38666516393383,0.2371658031796972,0.5883641643766416
r29c32,510.41870661608766,278.4037096227533,0.21659112726969854,0.5626636913318983
r29c33,110.70113456629723,83.76446259777148,0.21895718022984056,0.49511534029666926
r29c34,58.31867319161485,98.562002498701,0.3396313031073452,0.4473156088454903
r29c35,3.75697625844183,4.812363254807821,0.3247335712269712,0.49481622189661234
r29c36,1.197675342253761,2.8569358761853767,0.3742660625611617,0.527031675428199
r29c37,0,0,,
r29c48,0,0,,
r29c49,0.49442305537957026,7.158825808179131,0.5267561461737783,0.6100608586858685
r29c50,8.420852922784034,37.1447295645499,0.6247067116621806,0.677037705599105
r29c51,40.65703544949764,74.32377613775454,0.4469911442238145,0.6346634045253631
r29c52,488.96802916732946,348.7349510387505,0.2676818163669566,0.848332003776157
r29c53,261.0812603217941,124.62559098947793,0.35862113905438503,0.600526337353667
r29c54,137.43154655755643,57.13996613140935,0.37726797954148883,0.4475786180951612
r29c55,234.0052493604496,64.79023310513408,0.2973401301903866,0.5494410091541696
r29c56,278.43875536990015,240.59513320956717,0.2905358116101909,0.6857464119821456
r29c57,1024.238811062003,351.96012986673344,0.311259732224194,1.2739186161382046
r29c58,882.1202364323328,223.477695351239,0.38803088605888314,0.9575350873782988
r29c59,751.1961888233237,327.30792439707227,0.32537057671371933,1.0635760345084448
r29c60,995.3226793393544,279.1289026150725,0.3075497289756147,1.257507763858954
r29c61,951.7539690024493,269.9681925140398,0.2724485477277961,1.2868020124027821
r29c62,796.3376927587653,276.3078762838354,0.2192142170300586,1.1258198134580208
r29c63,556.7623728035868,226.04163089071056,0.22800299393029136,0.8939557864098568
r29c64,543.1151220460122,224.7468459467277,0.2464931458881699,0.917199699260356
r29c65,695.5402064889806,209.71587629337117,0.22947127186715693,1.2224069016430519
r29c66,804.0146289224703,252.81423308904135,0.24238048029823175,1.2862605813749992
r29c67,701.4373762406832,245.72214619924938,0.2332783318762073,1.2885232248772127
r30c02,,,,
r30c03,,,,
r30c04,0,0,,
r30c05,0,0,,
r30c06,0,0,,
r30c07,0,0,,
r30c08,0,0,,
r30c09,22.36386442912848,40.2611494072502,0.3560963790101937,0.47609066290545965
r30c10,253.01394442294261,153.50861220801906,0.390773546299562,0.41420333280525395
r30c11,642.1202018300148,102.60467162907376,0.39354630768211996,0.507597271752379
r30c12,612.8545999831016,89.05447866384254,0.35748313214623983,0.4445730623356188
r30c13,525.5724664281088,92.98469506598033,0.4318751171777782,0.39335228542188666
r30c14,619.3493981392436,129.4973808043159,0.41213420313129195,0.4476504468870685
r30c15,612.8887921966628,42.9484692640241,0.4604356988328186,0.44607056274594886
r30c16,584.6234044875398,43.59280937584813,0.45106523436469215,0.429701492109747
r30c17,492.80338831145355,69.00722296933228,0.44915571056723774,0.4209608986151091
r30c18,469.6017261757132,58.37934573975579,0.4469682562872794,0.41620951471121836
r30c19,366.19718115088125,45.667026578748185,0.43252529270527756,0.4134727873131287
r30c20,328.4792694365643,49.06829775673782,0.4240923884432161,0.3969826957560464
r30c21,248.82504441031162,44.89337069807463,0.4195427214810207,0.3983961084131961
r30c22,230.36990947076134,26.594047810662065,0.3546986791299793,0.3937805857249826
r30c23,223.34332374207722,28.363053357302046,0.33209196126935986,0.39971716594101014
r30c24,268.4729151101415,49.61856753914626,0.30693181762502636,0.49084983304166313
r30c25,373.38839238260516,47.039053574129206,0.3008345487219426,0.5524112030618272
r30c26,471.5332766009143,123.24826489282567,0.2980475818343351,0.5681580161517567
r30c27,507.5053368834502,106.221599589733,0.3034094304208702,0.5671506929586897
r30c28,523.2684020811299,131.4327396652036,0.2853442794352552,0.6079853904728616
r30c29,292.5254133500506,88.53653489813738,0.29432149534094393,0.4702772517802559
r30c30,216.59209434048233,44.66863619432104,0.2793570567603343,0.42507710634080204
r30c31,463.6054708045076,187.96135316461553,0.24150550067814036,0.553754790019018
r30c32,643.219863935937,158.35345453497047,0.24606200277019213,0.5324091901651256
r30c33,242.56505604441435,141.07202769609088,0.2103732396400333,0.4565776254173461
r30c34,97.49631940163606,77.16614786780576,0.258203522742424,0.41155211234602757
r30c35,35.34334490409266,29.24246018668006,0.27472019339143006,0.44073675103806575
r30c36,10.188906617586072,4.745361644579537,0.3058932946063279,0.4854657447259694
r30c37,1.0914821877799754,1.9186523977728205,0.41715101218182593,0.47375417157809485
r30c38,0,0,,
r30c39,0,0,,
r30c46,,,,
r30c47,,,,
r30c48,0,0,,
r30c49,6.952163613372295,24.869289730896313,0.5199875912580693,0.59715593941097
r30c50,29.735045204500103,66.24069551346457,0.507240389049889,0.5560504438958033
r30c51,343.2255931381653,237.5588925080889,0.24380031087223603,0.8623995226351068
r30c52,508.73179826865186,363.7334957100051,0.3135747737910717,0.6890081359235428
r30c53,93.21336078407998,45.07962014689057,0.39833421062609514,0.4715075311158656
r30c54,173.52025096416904,61.25112196557058,0.32888946876114794,0.41816084432070216
r30c55,293.1919487919661,73.45217252682428,0.34867336908230356,0.5147659523948426
r30c56,442.86199828865153,325.4155887260987,0.3112433956218723,0.7475465290344054
r30c57,1156.5857312704836,309.79824018486084,0.32949887855441023,1.1510179890652452
r30c58,1136.3013391416162,232.75820827767078,0.33877285596286705,1.0324207053081913
r30c59,863.7642638085794,339.34850758628056,0.3031807902881101,1.0600357271410623
r30c60,857.9515854795036,277.89552425842555,0.28117868390683753,1.1118277714413445
r30c61,886.464941314369,297.9589040845264,0.2707903628020656,1.270329614043478
r30c62,958.056570033125,322.73500446743344,0.23916680265293147,1.337427973451747
r30c63,681.08654677741,263.85072269536647,0.2226176476337849,1.026397063617903
r30c64,495.1528220834803,172.5402575678917,0.22893543727049978,0.9675504665280203
r30c65,655.5393772635839,205.01054005169587,0.22089475462323793,1.3027864662471824
r30c66,813.204644941285,228.25547541997312,0.24551969197855994,1.353079768131761
r30c67,915.501063617016,242.03241615012794,0.26677227062905357,1.3419427317022625
r31c02,0,0,,
r31c03,0,0,,
r31c04,2.2959321023285915,8.154190913896679,0.29471569502012357,0.625661346505188
r31c05,25.602944708704825,37.524709688586036,0.344685623932801,0.5651302020945841
r31c06,14.815066830367742,27.34683126498318,0.3909492236692769,0.49152275210645807
r31c07,0.12657520373447215,0.8627507678448942,0.921895599267017,0.2645984122426878
r31c08,0,0,,
r31c09,3.5757128304577295,6.661068156595108,0.31194952069448173,0.3801615907522657
r31c10,109.65863150309443,98.77733953169498,0.31657856911954574,0.4165144604159443
r31c11,514.4082810214668,218.78705476541361,0.40980020160168296,0.44702779598256187
r31c12,584.0779831277507,120.78265076804324,0.3656025101978227,0.4123380392455118
r31c13,360.2621379197492,70.66686587483554,0.4146059201921988,0.3684039596576388
r31c14,268.3365584751985,39.46828622589781,0.405631322548297,0.39399184948139193
r31c15,332.2895205949452,104.66474862979335,0.43676857806400426,0.4000680888937286
r31c16,341.7521643381134,106.3476193431286,0.4348249328555415,0.4107900198248582
r31c17,289.1182881557076,39.19029540478336,0.4641884100318057,0.3951566759257162
r31c18,301.13753423495484,31.559640590365138,0.47666537994055536,0.3938891353861113
r31c19,331.2181360410362,35.181338431456595,0.4543157302003615,0.39689009565833394
r31c20,290.50624678529056,32.39672877932778,0.47185953161924227,0.3924706587779504
r31c21,269.85753708786586,47.382283955422416,0.4134378831733275,0.4076268853909828
r31c22,274.3701817044671,25.87981984898087,0.39419232553168454,0.38240291445997243
r31c23,247.3499824834065,23.240675536766005,0.35458610807210633,0.36536433168749943
r31c24,306.3577118271018,66.58015707343618,0.3194835704502899,0.4589419381584561
r31c25,371.5167474532217,36.22667395566501,0.32327186727660256,0.46856278435869897
r31c26,344.41636680116994,40.33951597164019,0.3667910406018318,0.43143998443690434
r31c27,336.2785777498121,45.32321939078797,0.38042302847405074,0.4160650113689121
r31c28,392.74837973247844,95.32010555683543,0.30281831110127433,0.5002911524224263
r31c29,335.1433226611555,91.25759551021794,0.2938406782103018,0.4551016423337257
r31c30,228.58985852094332,49.01498121565715,0.2646109398871007,0.42309198467723824
r31c31,174.5567067577499,82.99487208331264,0.2776870515875822,0.39961244519030636
r31c32,225.5689088855473,167.8368491638603,0.2866410092535503,0.4506207931740095
r31c33,259.1511234431421,132.51602420122052,0.23270599572056094,0.43442858469142787
r31c34,151.67051269108876,105.42777797962225,0.23988426681337732,0.36769519891228253
r31c35,74.61607215758102,52.4105214280419,0.2631793643028051,0.3988289738706148
r31c36,19.904071760095892,18.673614222114786,0.29312445124970116,0.4092689771842549
r31c37,3.857729164141572,2.489233615937332,0.3954722915973129,0.4344574060763013
r31c38,0.03565441856623445,0.42670979766384987,1.0029666645759232,0.2913007034834325
r31c39,0,0,,
r31c46,0,0,,
r31c47,0,0,,
r31c48,12.611557287579416,46.93110827674224,0.34452500303462824,0.7762640635225518
r31c49,84.26353176547109,110.40871330482969,0.2910751266256212,0.8044458810408538
r31c50,177.96922143094267,216.62549939872318,0.2814186237095288,0.7742149307323561
r31c51,870.2237718684403,330.0630630231775,0.24625528314891446,1.0171373750653385
r31c52,405.6398159098172,254.98511304139888,0.2954119926078119,0.5930220374984649
r31c53,144.9985791022321,85.814674496407,0.4013084502118835,0.417921939938653
r31c54,330.489197151391,108.20262973579162,0.3352179316197887,0.4429419366893144
r31c55,288.4989005848965,64.5535956297551,0.32460276715075737,0.464556390899992
r31c56,405.44457816569707,274.78738475310405,0.2949198568737165,0.6581892201637363
r31c57,1212.7622610614758,210.99572915884548,0.34388824122916795,0.9784696085015325
r31c58,1326.5075690496126,248.88394287696102,0.31228314962018294,1.1467352614329536
r31c59,1095.6560613545598,192.01254591265297,0.29442854438132077,1.0676613772113637
r31c60,796.385629438719,202.82489073752996,0.2507792314311151,1.1304642164203202
r31c61,786.9049907574993,264.7172428190903,0.24087450936723104,1.420014580564041
r31c62,1017.0430946720044,268.6265719753296,0.25511354136268816,1.4707294509702722
r31c63,974.0313078723424,362.8307127090477,0.24989202301537147,1.3435568682245649
r31c64,785.4871856950666,260.6666506608176,0.22440608383446586,1.349370640571954
r31c65,798.1391910627037,235.99390123651872,0.23174166740245858,1.4410328032726227
r31c66,904.6166479903488,249.3475085511684,0.24429990838455798,1.470593181717492
r31c67,858.197290323841,150.65360164111559,0.23862843956655727,1.4663546030068964
r32c00,,,,
r32c01,0,,,
r32c02,0,0,,
r32c03,0.9759240653336836,2.427749500457073,0.5676406359407457,0.33506081848843106
r32c04,45.19296488070937,39.64750687802984,0.40563440834309744,0.5016998555402014
r32c05,193.5410987362683,80.61318488665168,0.3814614204726708,0.4385648378096336
r32c06,165.8058669838237,73.39734648216334,0.4013671207111837,0.38537678806235776
r32c07,70.77403932574285,55.849291022659045,0.4146408764967999,0.4041592672605504
r32c08,6.763439574012012,16.422471927159773,0.3912477474741191,0.4139863050309814
r32c09,8.596682556539628,7.7283726947709415,0.3115921137137952,0.4000832294099773
r32c10,66.54268311786207,45.08367403602972,0.3080572676783626,0.37510222120982206
r32c11,191.427631886937,109.06628236072387,0.6416250157009289,0.37132800590396725
r32c12,333.89230983935687,166.54061239147597,0.41833388015201733,0.3666263019901391
r32c13,204.79828583303902,57.32628001721586,0.40414698096438495,0.3651091527675151
r32c14,255.19062093252026,100.99234999110742,0.40086911079356413,0.3830862184231021
r32c15,397.4559351354562,209.16631253703915,0.38694837496852036,0.4010752006660141
r32c16,333.91389846405974,110.76760703793641,0.3689480151013913,0.3958771960742745
r32c17,409.3284756332776,131.91954964193314,0.4075066985981213,0.4051797583010681
r32c18,500.6453722205111,211.32973015423792,0.4086706536565006,0.40845513088897195
r32c19,430.3478977141121,135.42729731874618,0.4096293584127534,0.4336113672267533
r32c20,391.15039305715516,59.949768348009414,0.4148290780741565,0.41825229562634014
r32c21,404.8090679888728,60.909254102238,0.3872168034324096,0.40773168900666934
r32c22,301.74084771164297,31.797963254725545,0.3664025883805808,0.39509185213365633
r32c23,279.4412452258288,30.509447023697515,0.31922778680132086,0.38041192390979944
r32c24,322.4883025261353,36.067592700173684,0.3183738092804192,0.4001662085446636
r32c25,389.97576520117696,91.52774590821613,0.332478929635,0.4415202225741931
r32c26,298.65260139442756,12.488018119792578,0.3711954673221996,0.3723151809948582
r32c27,287.9047582279458,12.954354012041081,0.394352015158396,0.33328431176960177
r32c28,305.2999956013808,36.26860360823844,0.36054161315973365,0.38738210794193134
r32c29,291.20239223562976,45.881991714525284,0.3170015593937558,0.39758133780651145
r32c30,245.72300673020115,68.27155306151647,0.31059757252355585,0.3840095552711786
r32c31,168.24529948664107,33.31407683281273,0.3163664858585675,0.27322783241284626
r32c32,260.03961742711084,110.73348877200633,0.26886762386037705,0.4449150429965612
r32c33,224.7461893418023,100.39517868201786,0.3295359998167553,0.44038760722288606
r32c34,175.3423326721689,110.41485962160606,0.3073877607727754,0.43576176351222395
r32c35,317.97005070294796,183.5645387069467,0.24394700024696547,0.4598711862874914
r32c36,110.04464403821041,97.27986629390283,0.29452150113768394,0.4188163050762677
r32c37,33.777572368329345,75.45248782144428,0.3435413422636638,0.4016106023377673
r32c38,0.11236631684474203,0.8436247351071895,0.49249970723610326,0.34723373178061545
r32c39,0,0,,
r32c40,0,0,,
r32c41,0,0,,
r32c42,0,0,,
r32c43,0,0,,
r32c44,0,0,,
r32c45,0,0,,
r32c46,0,0,,
r32c47,0.11390804801391363,1.3800174207457112,0.48528006474085533,0.5635656475282345
r32c48,69.03151894019344,99.86733764325882,0.21839284940352893,0.9124688287405012
r32c49,234.557937383943,166.51599948783544,0.21531939904467495,0.9720882963043307
r32c50,496.47741072471285,350.41425995742037,0.19582837154214738,1.0602492392118619
r32c51,1423.902170050186,509.68160313499976,0.2434823657465172,1.1434108947099653
r32c52,480.0871299623687,299.6080648070351,0.2822947835152372,0.6416283037792989
r32c53,178.1509988819911,79.93061416303402,0.36456404925324304,0.404060176385342
r32c54,184.78194180773087,103.86293081993703,0.38318621917689494,0.38968696047213497
r32c55,206.58251573668446,50.695901616507044,0.306230417394465,0.4291229367095224
r32c56,409.9754237467812,401.18851025064896,0.2932706485875315,0.5610984257492816
r32c57,1105.3347743793984,290.9405560108792,0.3037155423356546,0.9492336825369069
r32c58,1075.4288890513326,286.5232650302229,0.2843894660459145,1.1650144146173407
r32c59,1114.9838368872142,168.86870340278466,0.2741409006240318,1.1361059153113617
r32c60,859.3897130582623,202.41718688061664,0.2572158055755498,1.215582295861932
r32c61,842.6224154446893,305.1857049844793,0.26119636427477017,1.3664837186635104
r32c62,1168.804130839559,321.3066443107728,0.27394342837039803,1.424024640270176
r32c63,1196.6945623298116,331.5304697063043,0.25812202093980263,1.2955346184791523
r32c64,990.7298010294073,326.3644596832625,0.2254932081156298,1.4356204455889379
r32c65,920.5550637261541,274.81594961825425,0.23203762400886674,1.4366715031468034
r32c66,907.4043046310469,246.27684584611788,0.22886270063574263,1.4019244495506864
r32c67,952.0585201017464,165.9218875071967,0.2449414476970927,1.5488257888223882
r33c00,0,0,,
r33c01,0,0,,
r33c02,2.904043167457446,7.023302575115328,0.5947045924586865,0.38255459465280606
r33c03,48.150949199751835,56.798315380135215,0.43788943201433134,0.42631713410342864
r33c04,73.69946483719959,39.24918404748353,0.4137388692470001,0.4047450154277907
r33c05,134.24905564249036,53.202228323223736,0.43671410874480604,0.3599346635414227
r33c06,144.12335467137996,30.91864663937867,0.4246339197515897,0.3346370998347456
r33c07,65.86837494801941,33.13264486005515,0.4123217458072529,0.3032253438984077
r33c08,20.234403969769133,37.00998928978909,0.528984617125033,0.2684290445030298
r33c09,8.26480996555471,5.69840932122811,0.42687836827964426,0.29684935510562876
r33c10,66.00330255881818,61.19916170974361,0.3244408408816989,0.3543680108175283
r33c11,260.02925429490256,173.1034132923806,0.41995752627253635,0.3595970671098094
r33c12,377.9139226822501,238.07611990896754,0.4186332142888783,0.3923591264436567
r33c13,387.13004840059585,153.9357648678875,0.422344137944684,0.36314174177595626
r33c14,383.10339009118275,131.59237428065356,0.442985068713332,0.3692669173715151
r33c15,354.21131755083553,142.91913488230693,0.4433383889274485,0.3802130006524907
r33c16,359.21355444981793,67.91106006107465,0.44836014041809613,0.36283579707614777
r33c17,341.5730890864557,53.24080534835579,0.4511049978796213,0.38709075566994056
r33c18,506.26318730767645,125.79421817556269,0.42297337276644964,0.43300308790302583
r33c19,649.4307624198468,93.57612860494466,0.4115394030584527,0.43803374084519264
r33c20,673.4184190814278,96.13710217790263,0.4005429903918089,0.4380641454742536
r33c21,517.3785572286349,119.07451011664664,0.37226222639325646,0.4725582970808538
r33c22,506.09531740295523,86.61479637356717,0.3507633326915745,0.44529401817633735
r33c23,405.1845126524803,107.11611239056067,0.30822315327461836,0.41860662835280854
r33c24,375.66672584232634,132.12702550516917,0.30269339857918265,0.42538845316084045
r33c25,562.0148192263222,107.91531361740203,0.2994753013118235,0.4893442090062094
r33c26,332.56491752964985,78.46747888192954,0.37288829038198135,0.4179527894689982
r33c27,269.60219570112645,11.627956405326119,0.3733039613740598,0.34733861923708165
r33c28,254.81297105170853,18.589836697705692,0.4109897273763762,0.3309879662933901
r33c29,249.37522947189706,34.7338556296009,0.4016391402689874,0.3363922283943724
r33c30,231.06806907664452,38.41010466883537,0.3806158921083853,0.3468024515446991
r33c31,243.6404258389459,66.43377848020553,0.5388551182012948,0.38726926296254555
r33c32,253.90804190669925,52.27641319037842,0.31236208683130395,0.4148211383900852
r33c33,328.5554835110344,147.66669227620795,0.2731059585398521,0.47191784745091386
r33c34,518.1023824050235,193.52170561868326,0.257365126695025,0.4997981014402724
r33c35,417.9972078884176,90.64603969156835,0.27521509926333787,0.4702805647793674
r33c36,599.0805471817159,251.95946461055794,0.23257442238983947,0.493964447842088
r33c37,80.60109383168275,133.0074350837203,0.2586652144958572,0.4230217496319872
r33c38,14.753917300932473,14.695465213692291,0.318679883184465,0.43998551128640684
r33c39,3.4349041700369374,3.2138898911228266,0.3349629910008711,0.4632340764950228
r33c40,2.5832541660152883,2.501889647081358,0.5591606437076252,0.4692957090265199
r33c41,2.530719436571936,2.3994627211662256,0.6722708839919225,0.418237656330791
r33c42,2.929576613471052,3.5735466031236522,0.6396903443402259,0.18592556954461045
r33c43,2.366498285013387,4.315051579333409,0.5479875760693835,0.10433390959667657
r33c44,1.7987113633688194,3.335221870265601,0.5372150818261251,0.4995313491287197
r33c45,0.45404436837926176,1.8941648836590055,0.7274678676736117,0.46561769586666013
r33c46,0,0,,
r33c47,2.186424850233363,6.323712492266568,0.5230394731119224,0.5922946120232416
r33c48,119.2357399889171,132.94583259633572,0.20460027911324544,0.9089495408344911
r33c49,339.52549489190767,205.22991069907314,0.20219210050659106,1.0639849558999794
r33c50,903.5475994422715,472.9658274040333,0.20655828062053422,1.2030196135029056
r33c51,1365.952133451769,574.3264968742819,0.28198977090068933,1.0245388403047746
r33c52,458.1449800527382,178.8071305405771,0.2916962609997119,0.6832979295793103
r33c53,252.92161252675464,83.30576010760278,0.31636991132773895,0.44553714678813017
r33c54,99.26096045757353,40.06747296722879,0.39692982237371094,0.3663034724884296
r33c55,134.72091764046093,60.0767426770233,0.3427810652520305,0.4003317178596393
r33c56,322.4226993404905,313.4513892650759,0.29833689445083345,0.4994201640434727
r33c57,800.8279330779264,250.53826269745198,0.2974496908052639,0.8676868180975517
r33c58,913.2443162903262,310.98642292399853,0.25822593922636583,1.0663859439575114
r33c59,1133.044969371573,114.65709816197197,0.26850613937023354,1.1650304615720364
r33c60,908.2958688110397,164.3023483641904,0.2599429636296588,1.2643699579311167
r33c61,949.7079374703703,349.4753610864982,0.26862282665856824,1.526247202031988
r33c62,1261.547681787036,291.83622371427987,0.27615659351904925,1.4180216740401395
r33c63,1174.1947771624953,244.28198928984,0.2501245773279651,1.3848724111214419
r33c64,1301.418296748393,284.73178532811073,0.24848377755050333,1.3692458396846598
r33c65,975.6339276531651,360.20070703362205,0.21130021564398743,1.3307687087044835
r33c66,933.3746516312058,248.76596699925307,0.23048916410977868,1.465599233143242
r33c67,1059.8593386715602,193.4724237803604,0.2615247652663705,1.6016927091612279
r34c00,0,0,,
r34c01,0.2892615721122375,1.6356552975848402,0.5134842762672381,0.48657611239551846
r34c02,13.93073852971332,15.630237134508919,0.5765664106513598,0.39479827529463185
r34c03,48.61120001570505,41.19776079588045,0.5164721116493293,0.37605656642923097
r34c04,97.06046522667926,48.017975463072325,0.43301626538006216,0.3730358589636938
r34c05,140.98136596428407,36.96556010273438,0.42067250623489455,0.33713175108679655
r34c06,194.2437330965295,40.04436507730292,0.40025819178099536,0.3142574017785418
r34c07,63.022248420705964,36.41960187237424,0.3875391201044789,0.2829741818429861
r34c08,6.298771575635686,3.6014875670659516,0.4972060258861795,0.16769864952876598
r34c09,15.829342971722829,9.997943386438763,0.3292812862257409,0.3315339720911701
r34c10,41.131990956530565,17.543742285041453,0.3009925175541724,0.339373351790427
r34c11,118.11924128332191,56.32308185939551,0.341180114444874,0.3730828247670553
r34c12,277.8994164494199,83.07676260283708,0.37985885356320304,0.3787738972059263
r34c13,251.89253106623065,74.28539376195666,0.42422802554209965,0.3832114647028388
r34c14,269.4721109353233,130.80922989423541,0.4163138783296798,0.3982940829203014
r34c15,302.8746675709812,161.43864778880885,0.4170050412210881,0.39893438243897983
r34c16,251.56521152974074,37.79363399349298,0.43082704793665155,0.3752461430013298
r34c17,277.2399503478506,22.85353365145216,0.7057791831601818,0.314228668597011
r34c18,371.2577284971753,94.40721796405414,0.42018721239091394,0.340829227008739
r34c19,479.3697737090638,99.06343181802971,0.3787074409575361,0.41221830200889686
r34c20,614.3929962813509,184.42346957075205,0.34846449974214094,0.45719462073763345
r34c21,774.6577487726896,130.65194130002791,0.35738138975045586,0.4893843529863774
r34c22,682.9969739015239,82.56279940528844,0.42191173377594,0.4420639077774544
r34c23,511.4447948588351,63.91369301275997,0.3896580046231913,0.4431082410996174
r34c24,482.925273384266,91.11974574077307,0.313042712330729,0.485442015016267
r34c25,644.4596427123572,84.12392038581186,0.2878159196461862,0.5048069911965374
r34c26,548.7681459925212,198.09874474667612,0.2942445969069031,0.5024974371145292
r34c27,354.0791034545181,93.28815091759235,0.3277581295839263,0.4250282024063303
r34c28,320.78793042991697,75.93600770967605,0.3460822385867147,0.3915789319435866
r34c29,317.5738516406528,84.47546126141305,0.34276340631639424,0.40761847187072314
r34c30,330.73982511267167,83.45070308111077,0.29835451508009786,0.4673479277790351
r34c31,382.6515666787627,93.14901654480664,0.30399642603685545,0.47434357661900545
r34c32,305.59719579169337,64.29480533090172,0.2995261772979938,0.45260467382518066
r34c33,272.55077905333167,85.1109279860166,0.2836128618822257,0.44769953740938406
r34c34,404.8119241840765,128.72205377433792,0.24386107915644636,0.4835083921646002
r34c35,387.79113544073317,76.13756388873327,0.2635320281046487,0.46159254074238515
r34c36,320.44571581747914,115.73814645555669,0.244353142974922,0.44008525371010127
r34c37,89.87179543170149,39.63476697703316,0.24193433311487733,0.404913495553195
r34c38,40.3896869546836,19.937389242730706,0.2963805121940546,0.4029115515855803
r34c39,7.913778016052514,4.248765090551838,0.2920782406498669,0.4152133062192381
r34c40,5.559523658818772,2.3641742922236513,0.35100908604430003,0.45565015156302996
r34c41,3.8783760561771135,1.7728588821945128,0.4421894839089575,0.38126364810718205
r34c42,4.703526228340815,3.1424945322857254,0.5457022340170872,0.264602778363565
r34c43,8.165108055283355,4.3406393612977086,0.4381714310871689,0.2583818662635539
r34c44,5.67231448715166,2.159160771542333,0.4196750335064248,0.5266737141128024
r34c45,3.6770814640533467,3.1035108350963925,0.5954983363228873,0.5579930594909446
r34c46,1.1911231594534235,2.5497232701267443,0.6289537746487203,0.5771357585911742
r34c47,5.253756334928539,10.550781901892554,0.31765286979986773,0.6546048425827233
r34c48,116.31159069179748,118.5169369577812,0.18625415268280346,0.824311345227555
r34c49,365.2283416174489,234.7088548686543,0.17806361210369914,1.0886601586848588
r34c50,1204.3499771501004,411.06161710512896,0.22440286626860448,1.2308400233411592
r34c51,1087.5244117414288,556.1149194680273,0.27368040661476684,0.8998133369951786
r34c52,501.52715719863863,254.59263949523023,0.28392399169171467,0.6711007466824606
r34c53,227.304225118548,129.60055333177183,0.3128732785107371,0.486387391296884
r34c54,143.91583099928752,51.44328202825374,0.32977349474014417,0.38822757169595956
r34c55,96.96279897915976,22.09131740635393,0.36619097019979874,0.3729976610816557
r34c56,401.3921793444827,393.99165557479904,0.35263511420549415,0.5963862959441809
r34c57,884.8124004074934,220.44874591895953,0.2952311809453499,0.9643073589609029
r34c58,746.8739543055967,165.19653713191497,0.2780328883839648,1.031737001565763
r34c59,956.1200508394124,164.63379517347002,0.28531630730709745,1.163596919707493
r34c60,1049.751006214824,193.52573155864755,0.278748616991161,1.271407053755599
r34c61,1050.5944101291552,321.62210627993244,0.28568161687433796,1.5890536352721967
r34c62,1184.3131938589684,368.22615996524837,0.2618621846802895,1.4360006502790224
r34c63,1294.421723163854,202.83057879443447,0.25704185487944636,1.4303276377711003
r34c64,1425.2811336101454,309.1207270734687,0.2602821245273086,1.4474428114855065
r34c65,1093.2458476838947,284.3319316628753,0.2257146074129394,1.4924401416305784
r34c66,1112.3142446365487,203.30246966591525,0.24094499520012147,1.635930202206711
r34c67,1106.190779333801,218.7914446168504,0.2681202226920021,1.6524278742558483
r35c00,0,0,,
r35c01,0.07573781219878199,0.7448779305495015,0.39251777169970475,0.41291117553425666
r35c02,8.86379354267047,16.990511891049987,0.3538862293659388,0.31103431821712413
r35c03,11.557778210958942,19.943964377259455,0.3991454050524047,0.2798232199827379
r35c04,8.310051055572542,12.455587775036276,0.5287027497675835,0.2885235396065706
r35c05,53.667832458831064,31.288999154558464,0.436220758115747,0.29740732434919476
r35c06,100.86100414689591,28.7678791170925,0.32399964858295294,0.2871401517195214
r35c07,49.494301809919996,26.446585534484235,0.34521871397624926,0.2513322463310369
r35c08,17.08015958503839,7.32869534170558,0.422053902131388,0.2498085607078517
r35c09,35.08494742544817,11.484052123971948,0.2923243551617312,0.3259766457827804
r35c10,65.93416462735613,15.944727141310793,0.29066437137209,0.3481023780667523
r35c11,165.32118207021819,47.63548969669258,0.3363473644244797,0.35475715587793916
r35c12,333.0567229530133,61.647403669213574,0.39792457287332234,0.37370403393982465
r35c13,427.9334550768371,71.59310132221611,0.4614165467710929,0.38476708074182836
r35c14,523.6663376554158,30.50043854513012,0.5008644038064419,0.3763900907491265
r35c15,545.0613936603928,28.693136069044986,0.447105901937978,0.382049408226125
r35c16,500.64378510191904,76.66421651818315,0.4382572062042716,0.39226826035100065
r35c17,411.77503890992875,99.0303728853679,0.43619223663885476,0.37800128922626186
r35c18,358.56846703077184,81.96654944553708,0.43525307223696547,0.3410600995141073
r35c19,365.3838280881174,81.67321516703406,0.40870288859950593,0.32954372793006464
r35c20,370.9506043247842,103.53344421914994,0.3929074594366215,0.3293001336362362
r35c21,453.8137168217246,149.51493011270142,0.3173609731080409,0.430303216705068
r35c22,498.3291409342321,116.98187099020295,0.3539215696534255,0.4329242755016807
r35c23,520.9734845751829,68.41976534185414,0.45353373420684945,0.42269524054446594
r35c24,514.8001134780379,66.5196632050066,0.3934922824014,0.4766572592292808
r35c25,622.5072399974221,93.68133490613323,0.3474835229326522,0.5075474891607143
r35c26,792.99647104954,88.17823163312454,0.310672887744193,0.5189739896311741
r35c27,725.1206641975336,175.42942643469638,0.2842633909390146,0.4960714234209343
r35c28,522.3100281511541,112.8014163464824,0.2846578745571673,0.49516162489916415
r35c29,497.56493045985314,121.54231251698408,0.3085637540496398,0.5059631397614557
r35c30,654.3250343978254,205.58998165104816,0.30308392827357866,0.534335795431205
r35c31,560.0640233318511,130.55981551528185,0.30314121184592746,0.5495193500100065
r35c32,578.7112339251042,151.87550896067802,0.29087220968356187,0.5193579226224282
r35c33,518.4435255518574,87.73719422202164,0.2743492931617925,0.49676856482425935
r35c34,451.1268166057658,108.67225097247892,0.2479982295735641,0.5227921045892625
r35c35,298.80347211717793,123.55215564367278,0.26029351238837384,0.43605376100484405
r35c36,203.9859248841931,76.1409320081078,0.25554344145971597,0.38536857747134734
r35c37,147.11524539070808,57.236494011555905,0.25029229556187416,0.4093095998860194
r35c38,61.545750366130186,20.9630609827058,0.24466723781433503,0.45833948326276214
r35c39,17.108974032373226,8.447636922794736,0.29514342376149866,0.41210014804319023
r35c40,10.022747979175861,4.0550892173941815,0.2519620625328693,0.40812173223284537
r35c41,6.76866659240707,3.4350521080599297,0.24795344014074913,0.40381868330780357
r35c42,4.929330092377408,2.444901627159742,0.4641070344155017,0.33161748523373596
r35c43,5.82990863534005,1.9541600486048745,0.29639384367547944,0.35035985995422175
r35c44,6.769071644931042,2.267073299076771,0.2899218929418791,0.4441638805793981
r35c45,4.898137039485591,3.8110232937695896,0.7308605167108329,0.4551132288090155
r35c46,6.572630664248228,3.6253362529725437,0.37455996202843733,0.5540413509425297
r35c47,42.762753066929456,49.626120152732874,0.2147428521920177,0.6859844123195994
r35c48,93.81463886388933,80.39504828162812,0.2649349530048991,0.7047353741736683
r35c49,466.52728281906894,290.47199268964926,0.1633021385416888,1.1133847811800994
r35c50,1172.253068221445,405.7154867225603,0.223078986190348,1.3048424171873798
r35c51,1165.423481466466,508.79636015160173,0.27612166969398966,0.839882370388054
r35c52,374.2777809070919,256.36107306046887,0.286654651203333,0.7096988089556528
r35c53,199.23942250884048,100.14806295907526,0.3012754096335926,0.6236881601457563
r35c54,144.87897772512054,44.04910188226794,0.35209197071821247,0.46474786699028814
r35c55,137.08342695224852,36.78133206187775,0.3646318916644533,0.42980039435153145
r35c56,620.8401973364689,366.3240598412425,0.278169001590693,0.8804103451013643
r35c57,1049.3893637698804,222.0210788183973,0.2575438934241196,1.3540767429944938
r35c58,895.9810543010964,338.14422079938487,0.26347282211715534,1.2670892587232532
r35c59,783.7298707932038,199.95136360203887,0.2617775261967947,1.2314558615637468
r35c60,1153.5176278597853,292.75862384666766,0.2892289725056839,1.3638433141831716
r35c61,1044.887524355435,332.55618735441357,0.27214646673667076,1.5796117629291082
r35c62,1232.8958727046577,294.9881200679134,0.27333817806827476,1.548488106393569
r35c63,1538.6972627942955,323.55209115620687,0.28376062811677816,1.3704611660706985
r35c64,1305.3035558820193,333.08105113696126,0.2654551617516442,1.2389869014934327
r35c65,1247.2983177973579,222.216024718991,0.24628887405727198,1.3410591747246818
r35c66,1387.3026686324495,255.63035308807684,0.2779295784541889,1.5898703350193437
r35c67,1208.7688977089451,286.76516552876365,0.2678541553755109,1.5119254870045358
r36c00,0.03639556302793308,0.2804126829635201,0.7029886049710485,0.2790717586661216
r36c01,21.09464506714684,22.855579014962572,0.45223192798210626,0.2535786546139447
r36c02,111.29566170343908,46.10110151877633,0.3677231766462579,0.21616952631894423
r36c03,97.56530744115243,57.25103536936448,0.3546340681614214,0.18177401488352898
r36c04,26.637915893585163,27.03735317076769,0.44004600931071597,0.13958111963134573
r36c05,29.141995953903763,40.259022221020054,0.5594211156012633,0.17489042149043885
r36c06,11.324968332860038,13.601439801310837,0.5145441255619181,0.148563684774772
r36c07,18.49432538509586,9.621418795616355,0.3648060965797883,0.18384628437770917
r36c08,49.96743848691698,18.000602609648524,0.31660080116549577,0.29441018322635315
r36c09,83.82937157030362,20.123172302801006,0.2752076565024304,0.34095651013901696
r36c10,119.19278955031902,26.011561027525513,0.32124898981581856,0.3517755238687201
r36c11,149.26552775179425,38.63789110406317,0.37041277741234485,0.3487557086168051
r36c12,256.1186285077035,64.89551669692449,0.413193167267632,0.37029367083996906
r36c13,401.3058471106376,56.96941521584794,0.4553655864825985,0.38887949608489997
r36c14,488.1380280780874,25.47735875497297,0.4497113696443677,0.4038569090838397
r36c15,497.64667323278945,15.142233986572561,0.46870499205587407,0.4008474200035156
r36c16,486.7165296871861,29.42946150472767,0.444759348913177,0.4048171779799659
r36c17,475.299278087726,16.864770308701736,0.45647433741421917,0.39710630171558214
r36c18,499.03027450210936,25.69483353071444,0.43969791245360507,0.3974352734299657
r36c19,451.739853434276,38.936305095649466,0.4174447855042834,0.39138408123211904
r36c20,429.6689204841052,88.09092084571604,0.42898386843961506,0.37960547814928614
r36c21,424.2352272518706,86.65710048562065,0.37659215236171006,0.3803226058204986
r36c22,417.6188173510226,57.41693629105578,0.36148738983540035,0.4130838058898198
r36c23,408.9745554787964,61.299142843101855,0.35600430868382105,0.39204640602320684
r36c24,486.15883628249657,84.07020934591009,0.34169066579081747,0.4451274148960386
r36c25,630.157550558782,117.86236745314106,0.3282739940190502,0.4851042023917755
r36c26,595.305704091638,164.1130342573315,0.3004109827867543,0.5298440577826382
r36c27,529.1162482124685,69.55889537476331,0.30170722056113414,0.4844463776581535
r36c28,574.729957409346,109.15428492877042,0.3047403461725449,0.5131339327114545
r36c29,551.0332107339902,76.48590152075076,0.3273801293856935,0.4904939587054867
r36c30,607.5453671484692,69.05654243428611,0.3151729029050251,0.5134710729526095
r36c31,891.3958557264184,141.7374220877144,0.2933806104487241,0.6313656567254583
r36c32,805.2472461781296,131.63987689503227,0.27663742897321375,0.6153382851109338
r36c33,649.207801722009,67.69479109831933,0.31211533479012554,0.49678741867923054
r36c34,626.6944543246319,65.31404032060972,0.30471485579864627,0.46989317245572104
r36c35,325.3072920853143,113.79234144631906,0.2918446898270327,0.441075776842467
r36c36,268.8228503349817,76.76296817615459,0.30460223181416,0.40183450795361164
r36c37,162.599554632092,34.32704012145824,0.2667298271788776,0.4165527343276774
r36c38,83.2610971951184,21.310227962381248,0.2733241315781617,0.38473970575809857
r36c39,38.07795986799883,10.400881523988298,0.3653021293668927,0.335714123386978
r36c40,15.462708091461629,4.79649482406476,0.2986422874683594,0.3521395982408406
r36c41,11.664266519497607,2.4064091755428207,0.20341347849034147,0.40627550283991537
r36c42,9.295180873495333,2.474770825679221,0.25657155615405136,0.3557548908199219
r36c43,7.305675831932269,2.3722932591584023,0.23336103859504517,0.38002993610888747
r36c44,6.585795056648829,2.9368074258757706,0.3793279995467806,0.44574333204270056
r36c45,7.906305278878635,3.6742897452222194,0.40725376314826767,0.4502262280778669
r36c46,18.228675250404745,14.536236138715436,0.23998904531726398,0.5745349115051461
r36c47,79.43417570115716,43.1279140698044,0.1927634234522992,0.7600986827427064
r36c48,148.64580045462483,126.79039610428711,0.1645572952233259,0.9418532473783636
r36c49,652.6439170604374,245.03956245349536,0.17515039834145554,1.2252570231738016
r36c50,1082.8513244096355,313.48290878380436,0.20275152715553296,1.3780285680952757
r36c51,1213.622177784438,532.216802126811,0.31393681397987955,0.9675472127031849
r36c52,230.36036858513816,143.58523476456924,0.29349125703501827,0.7514006626985921
r36c53,368.2182444459579,85.4652204867822,0.2589707560642679,0.9633010391674354
r36c54,195.23336844966786,50.780771201585914,0.40562794246946804,0.636825242663878
r36c55,210.46869246392617,61.94043972256826,0.352837617680655,0.5113329089632953
r36c56,289.5833721508682,266.89412929562326,0.2768870137312178,0.7479072033532621
r36c57,444.2589189844356,307.04926327587424,0.22651167134695224,1.0918230500365462
r36c58,1169.6628067481836,388.666138303128,0.27621501543077925,1.4546364441669801
r36c59,931.8876471768403,255.8744480556731,0.2450127513912323,1.4413789142794267
r36c60,1137.9935963727623,339.96523369154096,0.2653742270462982,1.4758544500282822
r36c61,1007.7154519991191,369.9929290115738,0.24279905262626916,1.5342911707706968
r36c62,1427.42052851144,400.5756306499263,0.2822380258801129,1.5058294584586227
r36c63,1606.8915813630388,385.8226012528223,0.28044994484272207,1.2047785787067773
r36c64,1395.0299867525914,309.1674921342911,0.2381893678165446,1.1918857720939862
r36c65,1325.3629838203685,286.21555266654497,0.24887768314204853,1.2503859520834095
r36c66,1460.2540521878645,308.0944181930461,0.2754413931571786,1.2575082165903153
r36c67,1413.1640184900398,313.3254461231378,0.27423787280171896,1.1639823832217218
r37c00,1.2938031730159167,1.4194044139133715,0.6870294576786261,0.11307478187400709
r37c01,34.829742586489665,41.068156092753014,0.5482854458483467,0.18761097268919918
r37c02,12.17465175346384,24.69999599351655,0.724621788557044,0.14498001972388116
r37c03,18.78338961875697,45.00614115751474,0.6512296764671165,0.09128856647432367
r37c04,10.035095063169802,22.803513968896848,1.0684729278795668,0.13123556558000027
r37c05,27.455658284924834,31.504219380289236,0.5234423000922158,0.15868022596386053
r37c06,10.912763581817728,9.123380370496632,0.41955013622584775,0.12401708411534113
r37c07,35.20289961938209,13.573457813028153,0.3302002811712651,0.22192518560166735
r37c08,89.34606239683683,28.212027702037865,0.2975481732448062,0.314567968700703
r37c09,155.09186942241706,35.46394580270632,0.28961899179426753,0.35898911823102175
r37c10,244.09413909549193,86.13991713371104,0.33432643245491733,0.37916769516678556
r37c11,263.0874271746057,59.92967327491585,0.3644224363060273,0.3610991814580339
r37c12,194.15728542156216,39.1549498531988,0.3456190581030513,0.37787751280704357
r37c13,417.3911496461798,102.22500463765445,0.4648632716710129,0.38825644156716277
r37c14,467.87468943563744,21.75703811359612,0.44143966442365185,0.4010017505719113
r37c15,464.8553609853188,22.286863966246308,0.44418389755104526,0.40431694026605425
r37c16,430.8833682902106,29.78917891823734,0.4373307972658825,0.38532850602921326
r37c17,435.05987000069166,18.554997713881246,0.46862396103236365,0.3884818093170756
r37c18,470.0491580819063,28.621446737326153,0.42871561398141395,0.4234422019705701
r37c19,436.62189612681254,24.688161274361978,0.4759604201790119,0.3847520938833216
r37c20,471.80938740990126,46.50312785671487,0.4395105968831867,0.4021262153361994
r37c21,512.1540680885573,40.34165318935901,0.40233867646284105,0.411688518371751
r37c22,390.66791071811116,31.307783013892916,0.4115729884652464,0.4024968857111634
r37c23,397.3374930735163,58.378216991015464,0.38681615101972133,0.41238039413528715
r37c24,430.8841560374758,49.637734127350356,0.34413785825376497,0.4291268830972473
r37c25,414.4926555749776,42.968603262234446,0.31206903325155666,0.44264631508848784
r37c26,423.52474363603613,43.90214996935547,0.27975349878042405,0.44041370183435163
r37c27,495.05104757264377,77.17076734743802,0.256461772049843,0.49912566659247837
r37c28,606.6387304894422,129.77532507562594,0.249791667157554,0.556150810788713
r37c29,479.1785655638256,135.94671734257255,0.27126908093832813,0.5503735286712557
r37c30,502.3458721350468,92.68823469065394,0.2891891119948512,0.5251339066428863
r37c31,488.2770756974609,140.2350376546069,0.2802162312567606,0.568956161938643
r37c32,461.5002299070281,178.0041701974248,0.2612176675295119,0.5829381644351912
r37c33,547.0803345988086,118.59526534853416,0.28486010986547794,0.528140155773772
r37c34,513.6835621089709,103.9490660829005,0.30272504288686547,0.49105212341475024
r37c35,387.08941943491345,103.89285808078644,0.3209953564728726,0.45386125611454037
r37c36,244.72877363192737,88.2203623375695,0.2863405461982601,0.41236067045081354
r37c37,160.5849425473955,33.525847346857404,0.32809122667190554,0.38065417420268033
r37c38,99.37325538601391,26.622641530549807,0.30164991591058055,0.360301314728911
r37c39,41.44931269982382,12.55894631479661,0.34230933660501073,0.3240883752159539
r37c40,17.813874417954185,3.1485877732675362,0.2733789260387399,0.3426704867135824
r37c41,16.102412783964017,2.5265007643558985,0.20608419367341146,0.40599559900792287
r37c42,12.429547973985885,2.7505846447571587,0.30006724052784794,0.37545707330527833
r37c43,9.52263072753763,3.6209548407136456,0.41095495306308844,0.3905718452113371
r37c44,8.982032756091339,3.4964701847069493,0.3089664667919635,0.425982538239443
r37c45,8.104909295118189,2.5263278484543665,0.2997914995274441,0.47272812305643724
r37c46,27.670566035586383,21.28751808230394,0.24763395758179169,0.5579887163145694
r37c47,118.8059007292217,53.90785201912301,0.1779269866302187,0.7830343222795504
r37c48,271.95787938694536,186.47393540980858,0.16282890836589162,1.0100894451656472
r37c49,600.5011659503905,307.69265579407966,0.1783230027333236,1.2186803680938787
r37c50,1048.6473909745425,313.6431203764166,0.21646306639572344,1.4381089123799389
r37c51,1309.450666508863,393.15628032310434,0.296546828480529,1.1730771891640959
r37c52,367.76152469364825,258.10855876523397,0.26031745350282043,0.8599951561903418
r37c53,315.8471163573873,102.93742985626689,0.2327778189837898,1.073296770204099
r37c54,281.07904846022484,85.10027155462186,0.300350444078642,0.8480277459420005
r37c55,273.5182919226555,129.71034071610657,0.32492622548694206,0.6577373078561175
r37c56,159.61541148906198,88.94091813907028,0.3599973474320391,0.6946253860364158
r37c57,234.571341590578,127.39957888517846,0.20886733019353004,1.029496123238219
r37c58,680.4098451180447,451.3131082107337,0.21646771823762564,1.4018698702904029
r37c59,1183.6621745425236,322.3746819031724,0.2739629215076245,1.4353869446630503
r37c60,1276.1605719466459,276.0407282444995,0.2561653139724719,1.5268493790162856
r37c61,1283.4861244067606,333.77980379880825,0.2641821240091365,1.3338227947929182
r37c62,1477.3463725478125,546.7002316608696,0.2880944271885347,1.300395487292321
r37c63,1708.2511740989164,457.14494472094964,0.31896863276987414,1.2000707923037153
r37c64,1605.4322133586224,462.3613337112956,0.26239658671482674,1.140000042166791
r37c65,1600.5843938276344,297.6807932426789,0.26715109379464735,1.1366268303458258
r37c66,1514.7295719764384,355.64149150101775,0.2815268775513425,1.004867313675848
r37c67,1416.566400092662,540.1692033188343,0.2841546102567911,0.9751833606902653
r38c00,4.8173599165833565,1.9381794727167347,0.4724228036664082,0.10809525779751239
r38c01,2.2883613271718817,2.498234454150722,0.5953075715594135,0.07495305826676665
r38c02,8.916729529964032,9.900675015741916,0.5842993075130101,0.05080593541024446
r38c03,14.603733514094401,15.443867645957313,0.5632203400387565,0.03737069301269752
r38c04,10.377657787931584,14.236063220661741,1.0329286731886025,0.03503732383886028
r38c05,15.946781190851963,28.114535002123834,0.6207593377173695,0.05598828351844071
r38c06,10.088651390375794,7.628380183295825,0.5696771054056762,0.13831727433071847
r38c07,66.17572793779736,26.842788248291217,0.2769029445375286,0.24552544660025902
r38c08,164.1433109892679,56.544195784182186,0.29884658475343584,0.31079871359721917
r38c09,314.1165939978764,115.56438403051949,0.34876524719971086,0.3665743283722174
r38c10,445.1131024434295,151.5486213297618,0.3405603321909969,0.37868922658455706
r38c11,436.3845796390912,148.96165912585278,0.36575231422231175,0.39714205174033523
r38c12,369.50065936444923,95.05578215397286,0.35243436517417764,0.3914757692799495
r38c13,463.41368391438937,58.744035537153366,0.3972637425997888,0.4044305673546805
r38c14,431.264747321244,23.20705193411085,0.6215517365291517,0.37253932322847216
r38c15,413.2388241924852,32.56432015754685,0.4690896728797216,0.37409724826076823
r38c16,369.18322561616804,28.747960902764525,0.4084470213649249,0.3597535212191778
r38c17,386.72229583913077,39.585092713930855,0.4302677431201515,0.36853253485066884
r38c18,465.93939661490595,45.71029600200401,0.4308641449239561,0.3938127372120692
r38c19,469.9248740178713,38.8926152167901,0.45648748441698644,0.3874548823527722
r38c20,414.6787209943703,21.023573065493437,0.44698789438780967,0.38369676750041765
r38c21,439.5118408689507,47.5172621505976,0.41027957598363807,0.4251959334646341
r38c22,422.8680295686091,55.185237200812985,0.3850685439787376,0.4093798967988434
r38c23,370.3550132885553,62.75285299454385,0.39897709058814723,0.3891129107552318
r38c24,383.7192083603246,57.895118708260426,0.3780173931935582,0.3997212625191443
r38c25,411.2856363013224,84.6488968072079,0.3884425105986897,0.4049990243485303
r38c26,354.7429898748343,54.5757568772425,0.4729054344434329,0.38130481512796033
r38c27,351.93794533622446,57.4808908226372,0.2890903872793683,0.43383205261274504
r38c28,364.0858276592321,65.50144610014432,0.298315522996511,0.4265573572968632
r38c29,319.82037823170754,60.01086634990111,0.48397489753879375,0.3850023960424958
r38c30,281.0271739663602,55.7523781688398,0.31442427519141486,0.4351171154602362
r38c31,240.77763047879986,63.266148165063846,0.3046534180108053,0.42593291689300283
r38c32,269.55479638034853,51.78135125264088,0.30848964689731234,0.4146831147694717
r38c33,333.19097916343026,113.78024236028087,0.29687621608160764,0.4646055411902431
r38c34,435.1313337586531,110.08216121333085,0.2851401255062553,0.47946732529350505
r38c35,385.59221858422825,71.38162195459894,0.31181027835290404,0.4409842118737176
r38c36,313.5422176664674,41.04095514633026,0.31837893959277,0.3972472940747894
r38c37,232.2217253823767,33.57524229171906,0.3051569660341772,0.3921482271281419
r38c38,168.70225156987132,46.93688016768091,0.29072217757700997,0.41169797278989634
r38c39,59.297392101300645,36.73298760070334,0.32862296207547875,0.34635357586559395
r38c40,23.38913566478538,5.3588345232936385,0.31623444137049356,0.3426706042148261
r38c41,18.377366515473415,2.758742361292278,0.32227064237878617,0.3826736503516611
r38c42,14.186431242883426,2.518143452475681,0.2906034700599242,0.38652657186308925
r38c43,12.85708544252928,3.069868918936004,0.4472144727699645,0.37558762069646817
r38c44,16.317420217647495,5.125518136563115,0.26206936428942673,0.42396039971663896
r38c45,11.758383809357115,3.1490904515515834,0.3233122293677796,0.4364317185127738
r38c46,14.077556042409208,17.797160882518376,0.539142718782258,0.43979678159032515
r38c47,47.826884280340465,40.746620761662655,0.22723822486619868,0.5957095264719844
r38c48,98.27061783077879,86.07848559419669,0.17294852860072385,0.7379630178106816
r38c49,262.4394486914923,214.40940528780888,0.16169783171566668,1.010313599548609
r38c50,674.475876945221,360.1233745821839,0.18890405323657158,1.2832144105898464
r38c51,1017.4109835844054,234.00830040713137,0.2652038763896931,1.1356155455905577
r38c52,598.3003333573847,406.22151049167985,0.2420690954086194,0.9806922633447548
r38c53,229.68930136089784,128.25510216049943,0.22738749240415632,0.9073320644316422
r38c54,340.412605360614,88.92254387631884,0.24768654032035112,0.9176976302884786
r38c55,429.1701637603158,263.4159081254516,0.2662161075848247,0.8308754958792264
r38c56,216.41240099203338,165.7829421167847,0.3187232920166465,0.7702025337367409
r38c57,179.48334484227505,100.74343828135899,0.28171784016306495,0.8390094876920626
r38c58,313.598451315882,317.5731595758025,0.26886084883977485,1.1180390740596375
r38c59,1242.5921390213061,320.71086867395593,0.30063624437496983,1.3838878808416186
r38c60,1247.8359561932966,314.6773427738451,0.2757578881572925,1.441220300490483
r38c61,1577.6173711438562,480.9596393428583,0.29106597539198537,1.3102126284812847
r38c62,1386.3838466341329,398.57690742203926,0.2920632334490682,1.0985663049085586
r38c63,1729.170747290963,477.2073306764415,0.31551783180098103,1.1152249692856613
r38c64,1767.3981957433348,390.09126568865236,0.30819565385655406,1.0716024437607512
r38c65,1701.6711886462315,395.589513035796,0.30204968688323824,1.0718176245362412
r38c66,1744.4284197997915,544.5678260808315,0.3125960893812908,0.99700426936099
r38c67,1456.2600181653604,413.8273021089381,0.26418638307283404,0.8829368269335299
r39c00,11.03935666538918,2.950646568745565,0.4671351149364379,0.13234949920028088
r39c01,10.637412444780043,2.6212900757575115,0.4660228919370806,0.11863265945511314
r39c02,13.33681065151473,9.768578407511276,0.37880152718067306,0.08344412703505424
r39c03,49.09102097326711,16.075480601229533,0.45299093856154143,0.026393299779372898
r39c04,75.23467863048806,21.05200550229779,0.4517710011986459,0.02463860841359992
r39c05,65.66862470027438,33.105930119700496,0.4545000637205463,0.030405965503521086
r39c06,28.543532612564093,23.140759930127356,0.4063712947077657,0.07212579715284888
r39c07,58.9857688198312,28.493575959402833,0.33440514413048195,0.18326204559545212
r39c08,221.80907817596014,91.59065209513852,0.3130418977610177,0.2606012011335646
r39c09,369.9207826448423,198.2677856506951,0.3324208525587683,0.3248144810572919
r39c10,593.0313162410247,180.0623147946375,0.3369003519178372,0.37982750702651463
r39c11,635.9776208290168,118.03001927657847,0.32365715296471514,0.42750992799641585
r39c12,464.0411884815311,23.118362516131974,0.30972707930906246,0.40797191764913204
r39c13,469.6829152397604,45.41254304696413,0.3420556399593679,0.39768626467338275
r39c14,456.89846268651485,55.710283064544925,0.38169140084095343,0.3619151977817394
r39c15,394.55604209276476,52.04289780837026,0.5299068232799217,0.3252423106469675
r39c16,301.02252674623946,34.9499094427026,0.39725444355117223,0.3150931040151154
r39c17,333.9228591113659,39.57706036434668,0.4295625284089814,0.35449178155237226
r39c18,448.0313684760647,38.843772899995116,0.41248021813899854,0.3812949225424152
r39c19,472.1351103316399,21.769653031155002,0.4526021924117487,0.3807899463480861
r39c20,378.6090553089288,38.34269989769466,0.5022898887785561,0.3911600633543329
r39c21,344.42752739596693,23.695159221377736,0.4058024697075645,0.39985443027572526
r39c22,303.9187532584872,43.01418357597501,0.3765360268214874,0.40155903138945115
r39c23,298.1040542276845,70.84798737326389,0.3538558427984225,0.3923886113227663
r39c24,321.5096003954467,101.72524050737084,0.3535477304407571,0.37322250994079215
r39c25,342.49600740277924,44.88683175907946,0.3576587199650911,0.37038134601171196
r39c26,289.53452074719706,64.39096574690416,0.33843861132916486,0.363006042229557
r39c27,296.04183772412,96.12593924561213,0.33642996246039353,0.3646424601647751
r39c28,244.6101395138058,92.55845655109178,0.35974197795792656,0.3505468501220932
r39c29,261.977425468931,54.752768949595584,0.35950156050685866,0.355894913502838
r39c30,311.2340773164839,94.60258996474663,0.3576272336166942,0.3702384575118421
r39c31,284.2106913462104,161.87605044572888,0.3526031103675079,0.3755992565354346
r39c32,132.18316726592255,44.303866566045706,0.3848501069031387,0.35332646455120487
r39c33,127.35296398008354,44.213892701456196,0.3366942003678861,0.3648053448310884
r39c34,135.5881489097508,55.26244335443252,0.32223611707514765,0.39618250862532106
r39c35,188.55511932004626,104.37967303604646,0.30070850252439263,0.4218455768967888
r39c36,195.76899203224426,94.27053842466991,0.3094552933712271,0.3937510048723868
r39c37,173.4548057847328,63.6740090162166,0.30721451689407736,0.3809013188864155
r39c38,157.09391153218374,75.46806439865478,0.2807798301126576,0.4023244666993679
r39c39,70.50360949193039,61.27495604727948,0.34129226749572644,0.3728442654080676
r39c40,28.25117346822525,6.678910225472822,0.31556512836736744,0.3410257859983885
r39c41,19.264494024786643,4.547367249935959,0.3393473618781273,0.3061325482576268
r39c42,18.08714621081554,2.8934868824073727,0.3527836219530255,0.327452033708507
r39c43,17.45713838293561,2.8150872575942905,0.46315783971521185,0.38224404301944087
r39c44,17.363485585640998,3.3204325706785403,0.28742960329526734,0.4202325578565732
r39c45,11.974827138332431,2.325734592547018,0.368963117081376,0.3954195962392767
r39c46,8.187680341673708,1.6687201330679244,0.8008449776874705,0.33559026956164906
r39c47,15.51600234685487,7.8549109766130565,0.3426108868608415,0.4621020963079824
r39c48,25.555827438033678,16.297492186986606,0.3316575800915159,0.5260087459244356
r39c49,44.10687113248428,48.00735268761311,0.24849820045722415,0.6680625380127921
r39c50,357.0187925868957,298.2122778242807,0.17917450461170512,1.1942130236579218
r39c51,904.6640495692593,301.270973881269,0.30415466288240534,1.1364252518109994
r39c52,957.6571717543217,310.32519521647384,0.2750115138184822,1.1401990657688068
r39c53,383.24040981337095,335.32202306907334,0.2626179202342466,0.9721346888431096
r39c54,219.78443070755432,71.4946763413695,0.2345041489290007,0.8129778050070161
r39c55,408.3715406739015,201.06727686197104,0.27292547355260954,0.8607701003820156
r39c56,445.4781006040262,254.14837468290122,0.29882118911826705,0.9944422600155636
r39c57,302.17689411752986,205.96112007067748,0.2422803129116415,1.028558149378327
r39c58,232.35728279956967,141.1525352570779,0.24464720513830987,1.195259071742673
r39c59,1332.6301622475,601.6734556896133,0.33239008375236323,1.3617607175786914
r39c60,1499.6431865082511,377.06115066645316,0.2754977628543418,1.426803663244914
r39c61,1671.8622205653328,403.9575189500818,0.2849536857159301,1.3127354050533762
r39c62,1658.0314790664306,398.44744469128824,0.28432532748054656,1.0574357131524883
r39c63,1867.5059554287593,340.8649801603869,0.3017776530358822,1.134580363506857
r39c64,1792.3311421276167,395.0117657006097,0.31625958629930184,1.0360440484983584
r39c65,1952.5736007871074,389.01902198067944,0.3222456679484992,1.0741362278171684
r39c66,1810.8003406991259,374.5175792992363,0.2771014598150782,1.035303726858054
r39c67,1772.4585711207003,238.4794020843128,0.2575896584651805,0.9933461030843485
r40c00,40.40155952822936,26.032659049864673,0.3261266175469705,0.09920909256953259
r40c01,18.19502919803425,2.4601250334465727,0.2802141081779203,0.1325936659256228
r40c02,12.389292968362987,1.9841536603500667,0.30415717270838843,0.09070632454098702
r40c03,28.1453205501248,19.14614354156426,0.43661435931252374,0.03945296880268813
r40c04,88.86417012602445,22.90411899956301,0.4626477732360545,0.014844442532996755
r40c05,145.64712172208098,26.147228531845954,0.4500123560611795,0.021993386257518528
r40c06,115.38940230702723,42.678579707844094,0.3640676908085615,0.02883604829986456
r40c07,64.74261734397514,17.344768398786254,0.3696954012978529,0.06938401531808804
r40c08,131.6715981827061,55.463528165166466,0.31253414297501614,0.18962114611924638
r40c09,208.23494865193499,57.21889400378229,0.3514374402600053,0.2294153280365579
r40c10,321.58294656854724,133.13455995825817,0.3565604391956893,0.29958915084463705
r40c11,612.2239188432554,177.51447817252787,0.33778418446962427,0.367740438508251
r40c12,498.6900251995836,37.70379961941224,0.3222000102962071,0.3540538013878983
r40c13,407.892420897673,30.16691863346021,0.30699662625903706,0.36398396767137137
r40c14,411.6374416643669,69.80811779077675,0.34258441011930707,0.3225274202953135
r40c15,301.67234563142785,75.83801346121223,0.38338911880682713,0.27594863250059176
r40c16,246.6150429019022,16.13205800491735,0.456105624396978,0.28615938200579544
r40c17,299.8817619624637,57.97702691002748,0.41334742503033267,0.3322411107181881
r40c18,407.9760921005651,57.511371563344866,0.3716596900965087,0.37204219711237996
r40c19,432.86833514552217,36.927621150841226,0.38399142363570055,0.36447783067369166
r40c20,321.5558629773106,40.74374019116093,0.40109349770280145,0.37631522469471573
r40c21,264.47005007003264,36.349186858053784,0.36057424745928784,0.3517453110477143
r40c22,209.33700823680923,24.833062773507933,0.40422983577845256,0.3309468952417878
r40c23,205.24287675837687,31.984026714736704,0.37995516842011673,0.32664368290701246
r40c24,149.95740049948063,20.66266843684929,0.3661257394615732,0.3100369141894854
r40c25,160.0979785194543,62.47064074087639,0.3527034077342914,0.3274961990819185
r40c26,135.7886360896016,43.802334424262625,0.3545858659719187,0.31709732050696643
r40c27,102.591642500642,14.275787605206931,0.3608859846897814,0.3112779447767736
r40c28,100.33317943447021,21.352259932430872,0.3696951802070259,0.31723553014344225
r40c29,89.92435913989068,19.104805297506473,0.35033712910446374,0.3180102407017467
r40c30,80.62376905923068,11.291946828895716,0.4103418686333116,0.3242874733088083
r40c31,76.99545091193775,8.38837754578114,0.4505114193749664,0.3016958604424124
r40c32,84.69505530585187,9.188055171134051,0.447894778649427,0.2908143593124501
r40c33,72.97968629304971,7.752903183983539,0.3855258511079753,0.31284096206076567
r40c34,62.58545595623378,15.333595629024735,0.340077487239067,0.321206293529466
r40c35,50.83008404499507,9.237335677274611,0.41816991777749246,0.3264281647990296
r40c36,78.97887862368437,73.01111456459117,0.4249272589976974,0.3230522974890993
r40c37,47.848197073242424,28.55080088063706,0.45001785822350526,0.3313780424830115
r40c38,46.59046708583276,27.223864593109507,0.4407339235714079,0.3411202559535832
r40c39,54.53134409692718,56.73136437926348,0.39096864941030635,0.3340639757382463
r40c40,30.231808869313397,4.770668849879222,0.3030227707711898,0.3496110120385877
r40c41,28.27518675933501,4.75542902287512,0.3234749307031009,0.3141903094622725
r40c42,25.12195677683209,2.7841967520511948,0.3233881268058006,0.33802553077863945
r40c43,28.16554496652606,18.461103054188932,0.5125058047881446,0.393041422235577
r40c44,136.06211670322722,229.3766720250576,0.30022226399493424,0.563153227022429
r40c45,218.6287041558432,220.94122105378463,0.3267688075308013,0.7611082519225167
r40c46,524.0331953201221,557.5406207764452,0.4513251212607016,1.0373835255369654
r40c47,737.1703081310454,686.551592551661,0.3503131260129037,1.0001953245513528
r40c48,709.7922267057304,498.6936526109008,0.30553316052043283,0.9968133808085012
r40c49,768.7474034700966,347.7449878312484,0.2420493035089652,1.2005104655194738
r40c50,645.9146113227498,377.2293455567464,0.21455225115273058,1.2935769763972342
r40c51,1247.0333287552337,452.33931392910426,0.28136827984593854,1.402463792938984
r40c52,1412.67314381516,330.6709767105601,0.2905746056122015,1.1551925640498524
r40c53,1366.4108262346292,583.2447335447534,0.3372034536310075,1.0890855971141804
r40c54,268.11060790709143,163.56823100206577,0.25680645132143726,1.0517827847763503
r40c55,261.23479402045587,103.39497036494646,0.2556135363233148,0.8632081796015345
r40c56,355.3527730126058,193.8462524715641,0.3097280386173496,1.055338768452214
r40c57,335.59616382676575,228.82422973405394,0.2981835991083167,1.0407787925145215
r40c58,179.8033096588564,78.88969261386805,0.29333943162213905,1.0355407141932333
r40c59,974.2614736703503,734.035958606896,0.3040762394523914,1.453248067265914
r40c60,1966.5820188900182,385.8579721937069,0.32612822007266756,1.3268049607049135
r40c61,1786.933470971584,547.1902001659048,0.31153524966432766,1.1430471465612322
r40c62,2019.3521769192814,388.4794455320975,0.30072937007531675,1.0943671780616637
r40c63,1925.9209837209894,317.3057667702398,0.2846406345337514,1.1304122035521655
r40c64,2068.04067867519,305.31982169204105,0.2867266008837273,1.104338295051586
r40c65,2016.2710969075379,273.8203721441591,0.2778622200449255,0.9434581244187876
r40c66,2104.68005091003,196.94948624966,0.24270719346747455,1.0543391152584551
r40c67,1954.5256616197958,208.35859428614276,0.25080994620892527,0.9706629367743506
r41c00,63.13183501975831,43.06915227056604,0.36261832147400597,0.07718963096337726
r41c01,22.751690976280294,2.2477621191291934,0.27084981375219364,0.10110449974682571
r41c02,16.46830262159769,4.662640424219633,0.32992959034142877,0.06582349131672159
r41c03,32.50390873592902,13.863230077942672,0.41678368448294245,0.012576304214725127
r41c04,82.60466001658291,25.505402508841634,0.435187667051993,0.010219971058581563
r41c05,177.22310765415557,30.157085200881088,0.4711009174720725,0.01629891297618141
r41c06,210.62427305549755,45.688952666265145,0.44550862492985027,0.01997121223783577
r41c07,135.84329733325708,28.591320415029926,0.44440614954439894,0.018908697322128024
r41c08,146.32104378073907,74.49307346133676,0.39740380144291604,0.07881029761291447
r41c09,163.1299409425507,27.26006059466117,0.39936494034614334,0.14738695727597548
r41c10,215.14238379472903,22.686082315407123,0.3776904815682524,0.21353806318182486
r41c11,352.78535101407283,125.85216831827906,0.3394203661949133,0.2994128529124356
r41c12,512.5735537101152,64.29318368159574,0.3439020536226477,0.318771092559634
r41c13,398.68205699290763,24.681122643153365,0.3352573666174291,0.3137227200313708
r41c14,340.5630864775352,22.94122855447066,0.4167304856595971,0.30489640786864
r41c15,294.148179747103,27.232914871152072,0.41419344607346936,0.3066323799313256
r41c16,255.80823481458873,47.09778349274401,0.4225735179853251,0.29935429834247035
r41c17,263.60994888836,63.051930514883196,0.4040307166863202,0.29663608601469754
r41c18,364.25315026425557,73.40912651647025,0.3435537243822711,0.3324393733133751
r41c19,365.0776446507615,54.79895282588193,0.3693258857536763,0.31934247770426927
r41c20,231.5546316752526,22.858687063203707,0.39134235941191187,0.30662285050140964
r41c21,185.63419636680226,17.575034288964506,0.42281254865369094,0.2897171873461508
r41c22,159.00653170137747,16.313997215720185,0.4040363837782802,0.2801125102227564
r41c23,137.43701447626847,12.998319707103212,0.3991490401595713,0.2804311407563483
r41c24,118.21628089344999,8.1860079865232,0.40187304722956885,0.2730290205228623
r41c25,113.99402494894642,6.452088760385534,0.38516514739738655,0.27949722127651216
r41c26,108.11720990584719,5.894141319368535,0.3433438413350907,0.28962313190674166
r41c27,100.79175891431896,5.022950603225717,0.3383127037973019,0.30602626641735947
r41c28,92.68459499008145,3.8736190298499147,0.3424071747624192,0.31579739522261074
r41c29,84.33909561211637,2.903956434652357,0.3599303193517291,0.31670480638834647
r41c30,77.04774534465919,3.196767246527601,0.3754232817139639,0.31702879919424215
r41c31,68.97241051273377,3.783749542937704,0.38698679506097805,0.31120503280967066
r41c32,62.20567898398009,4.133986424462745,0.4379678014312189,0.28719193116567876
r41c33,57.47963637663967,3.0787982469450768,0.3987001262137988,0.28326728259024314
r41c34,53.62234360863163,3.4368288232352757,0.3816147299565394,0.2691674433048608
r41c35,49.50574803583204,2.8707550221198423,0.35802754612388926,0.2962778372245422
r41c36,44.296767706943676,2.942716629016346,0.35211436266547813,0.30154152210046276
r41c37,43.365612301117494,3.9779305588658764,0.3307147728687143,0.29172832259784687
r41c38,42.05591724992563,4.772102278386923,0.28079903965486586,0.30304890719533817
r41c39,37.95809404274409,4.136053631726604,0.29696572169610297,0.31266100572748573
r41c40,40.313936395343504,6.098480623747576,0.29740981188767035,0.3065550980417146
r41c41,41.350828314039134,5.679761068403523,0.3232617247740674,0.29977745201934225
r41c42,34.58485420719463,4.3981007757976025,0.3101987643184949,0.33745823221388566
r41c43,29.438152933000456,10.522771009337557,0.5497721798767305,0.36202823415335916
r41c44,247.10629904315488,215.44948997211182,0.2347367730408214,0.6257306518629088
r41c45,337.02159537937746,208.25804481449651,0.1966907419241301,0.744790494991412
r41c46,723.2498353625111,533.9019886920224,0.24657158398256115,0.9943033161745034
r41c47,924.0319271614192,477.3789769324284,0.24457945891878355,1.0023731875061535
r41c48,879.3982792280971,224.8206153363666,0.22726324928499214,0.9975075893730894
r41c49,336.9532780818069,258.0022703020241,0.21109978011936023,1.0234599629114969
r41c50,233.7109924420736,94.62198364077882,0.17892519086753447,1.0568210840748502
r41c51,543.6899743374769,537.3593531774168,0.22589248152557723,1.0782430694028835
r41c52,1260.205664415479,487.27300254987523,0.2651405879303119,1.1056428449946596
r41c53,1363.0397525548346,485.8527257699236,0.27263882584398536,1.1269706491761167
r41c54,1161.3087537711215,858.6187681739084,0.37792248383268623,1.1819892488546824
r41c55,263.9784664646723,106.83160923820894,0.2669912482943969,1.0644116425006211
r41c56,629.2521087996606,320.17913556417807,0.328133426952651,1.22411308793145
r41c57,484.85769120856463,328.46281654763095,0.2774821011713253,1.2118757177038386
r41c58,721.7920317015418,539.3434991019951,0.32427425168624896,1.3043865538776316
r41c59,576.3143815503245,362.8846584400532,0.23845407220951054,1.5371882841364428
r41c60,1984.34453996916,737.164686662228,0.35174182227136797,1.3596293066984695
r41c61,2189.8893565254757,610.797015664314,0.33215350485964157,1.1595695664962817
r41c62,2336.6466758903694,435.8199993560765,0.3007700819924986,1.1201634950880384
r41c63,2324.1147825899684,356.8874225460337,0.29200240874617733,1.112966216330695
r41c64,2296.759440221695,444.0124960807433,0.40472151757040226,1.0331758313203832
r41c65,2079.1412328522897,368.57158354220473,0.25329748880173186,1.0046753616584532
r41c66,2140.2383631125826,237.11218837126418,0.23579892875987477,1.0274262189271293
r41c67,1620.7079430734188,359.377884395188,0.24329729899209673,0.7559333598238293
r42c00,33.91252555492959,5.466589563664289,0.34858170784567505,0.04855741969315599
r42c01,28.809005963025584,5.674518646798725,0.3135546762552644,0.04897872667207392
r42c02,37.50050304596786,12.522120278299814,0.3959622660419191,0.017852243531087223
r42c03,53.189025355022125,10.205128851267704,0.19751002880927299,0.0034588899550157216
r42c04,99.25397368901564,25.008278208818403,0.4679304207275798,0.0065695849523222955
r42c05,196.02367984657596,34.9255387597323,0.4310091485763687,0.011886496652858639
r42c06,250.52075166356323,27.202185419829366,0.4310011066291354,0.017950743632594742
r42c07,211.63585831428318,26.045139391072038,0.4351839143553293,0.015789462957963726
r42c08,199.12917283211476,44.515410404134215,0.4044690530411791,0.024735270543510924
r42c09,205.3813539207433,40.860168548995915,0.4030832105672155,0.08829892639396153
r42c10,227.0720218179075,22.446006721856374,0.3872432115304386,0.15780616778286943
r42c11,283.41720188450734,22.5122598791743,0.39335166207310285,0.22557263247176665
r42c12,396.9404776371441,57.03153908400938,0.360545963538093,0.27515779064830925
r42c13,429.72426248028194,51.365326858070084,0.358107750580724,0.27632937356344744
r42c14,343.59006915104084,23.820845922304528,0.3632109891037175,0.2840944944558565
r42c15,291.3835103750406,16.555625697001766,0.39305265689093283,0.28536413986912784
r42c16,267.28643529369333,29.635892909770146,0.4068698778311596,0.29143619286202843
r42c17,273.8775731732665,62.19564780577692,0.3747253479697802,0.25977688207281346
r42c18,251.41862885740872,62.28808132303855,0.34877229034890883,0.21600093010875795
r42c19,242.87432201169355,67.10413213271244,0.3666205920908404,0.24480119844236875
r42c20,209.9397539156189,43.36267540647402,0.3826034491254202,0.27977428545889566
r42c21,161.73886779721943,25.729738798558728,0.4042151740747664,0.2697918913376045
r42c22,140.88249742728385,9.797492767583357,0.3768399872230719,0.2676635563206488
r42c23,129.82449787973826,8.681375432891993,0.37404900347022496,0.26275374490074993
r42c24,124.2598205428021,5.313051741850057,0.3494198889676132,0.2688055906920069
r42c25,118.9999389213829,5.255683843439906,0.3543150392191996,0.2804974725461294
r42c26,114.44634371806586,3.5190963877987005,0.34316433106910876,0.30224558199218404
r42c27,105.5433393542706,4.7375766526522565,0.3325072670915787,0.3089410825486888
r42c28,95.53469377292217,4.206085258975055,0.32311188755489517,0.3176453193358593
r42c29,87.77937944406494,2.9728765333659535,0.3583448403699964,0.3316010593712327
r42c30,78.56975810968969,3.2044950192185544,0.3829295073201888,0.30765807321564326
r42c31,72.30932438051725,3.449264522889481,0.4398031256881536,0.30212203525302034
r42c32,68.1641012219001,4.1065718327163285,0.3870804143803467,0.30567058387500395
r42c33,64.16094160788134,3.273286602199547,0.35092620083795073,0.27775033161761
r42c34,60.3510450988011,3.404299424830294,0.31359056674423963,0.2852606457810823
r42c35,56.287800785702665,3.222398138706615,0.3514154940185575,0.30318244519493837
r42c36,56.87869995132861,6.7010181626644165,0.32589900978759556,0.32309958177396586
r42c37,61.20477318313266,7.460739986831557,0.3259977157984441,0.30677488130654684
r42c38,61.52742015718576,8.034200600970198,0.29159916503118516,0.3278244744183165
r42c39,59.08218147569225,11.671217521255738,0.3262579320079959,0.34186301208878594
r42c40,65.98256821100428,11.39837152956531,0.29980327615174296,0.33339954755693246
r42c41,65.58993020438699,9.448733038870204,0.32297313911768016,0.3053246670909988
r42c42,49.34743366478132,7.668850407038515,0.3054079684438556,0.37939827578271734
r42c43,39.19757544419698,7.7225528197527,0.2714322560425758,0.45067988597441877
r42c44,45.25092117804458,27.562411450372327,0.4494148129912385,0.4732586406391153
r42c45,50.78515935659213,36.442310941622374,0.42858625079070767,0.4645846047972354
r42c46,45.905360427127725,5.337526646471271,0.44417922950883193,0.4152064350680581
r42c47,97.99239197679803,92.22926658194298,0.32526251676593787,0.5338373111239547
r42c48,118.83034506940372,132.29354700948326,0.4211593274119777,0.5447313009973481
r42c49,113.97683257786787,113.42548414465902,0.27664733903032634,0.5712846273313122
r42c50,395.52832206847256,261.2056571790076,0.2449993441704089,0.7964794825145709
r42c51,330.1576956511972,276.1016551066927,0.24101472819439448,0.7895198792732063
r42c52,512.4729744525772,328.04893857749437,0.20432153710911136,1.1149278018302275
r42c53,1266.8598777753953,473.7826446096501,0.2684284132895327,1.2319625546523907
r42c54,1475.7680454864612,566.3152489052757,0.33705283129885555,1.2374339595006283
r42c55,595.8825287802978,384.39517115220644,0.27421479186263537,1.2965359521107105
r42c56,405.0824905287318,235.19996628509557,0.2935245281438369,1.3599193914770775
r42c57,311.49163742854677,178.75817096917848,0.2512531590978914,1.331438190600206
r42c58,746.1547724190951,438.2669720027194,0.3109762733416218,1.40070409724032
r42c59,631.4523977096013,289.9663177805967,0.23977689054685566,1.6155426458690436
r42c60,1760.6097464497752,772.0014690130025,0.36890917289098646,1.4265810543318018
r42c61,2572.0560780107817,659.9494998742031,0.3930484914342871,1.0656356487767353
r42c62,2638.233707395112,519.9039071226406,0.31441379602848357,1.0053744372694298
r42c63,2666.556159266652,377.26933550400105,0.27965870063751186,1.0169232271718611
r42c64,2233.682579909306,557.6536659138172,0.260794496737407,0.9536852312303277
r42c65,2161.647927080414,493.07087626206913,0.27341583571169825,0.911987260202164
r42c66,2097.463986400359,500.8054191253732,0.23764106885274772,0.9120344056650899
r42c67,1749.4563127596339,318.9164641095869,0.2515754992833662,0.6848131471705861
r43c00,42.95400154455403,3.145363064641646,0.3222963906589397,0.029235476873713504
r43c01,49.75061798565314,9.049748979437368,0.2424255025720275,0.011296496665685996
r43c02,57.11261497330289,8.803404522811393,0.2134408143982921,0.0042355242290748945
r43c03,65.59536861743412,8.57739520436591,0.16031230532168958,0.0014328673835125446
r43c04,123.58475085304354,33.115725399343866,0.36545570222103707,0.007460897102254455
r43c05,230.79422087067542,37.12275465744327,0.36002242208143176,0.01083873068985309
r43c06,258.66268752126206,34.13773401942801,0.3774156502005398,0.01620365843838436
r43c07,253.10079446581355,25.10435141635131,0.40589867427390103,0.008977744352814605
r43c08,263.6394111595263,17.394565211446512,0.39780392691006417,0.027033390973378573
r43c09,296.4929670307412,21.89170237332249,0.37249202880138305,0.05918569236798599
r43c10,293.17978671224677,23.327511432081426,0.3948832816732153,0.12198316453123233
r43c11,321.2434889516536,17.65707591818056,0.39249653151275665,0.18155219503519102
r43c12,348.6402941277981,36.19078219587523,0.42365678378946653,0.2084275624995037
r43c13,435.7335746223153,42.7036704741267,0.3781285352073722,0.2335527096132585
r43c14,365.2253001823889,25.753908030154456,0.414914944561784,0.25114184309272874
r43c15,355.93391527904964,47.529977431902786,0.33243346726270734,0.24947935527222442
r43c16,334.62587350402305,47.44324222138863,0.35948429026356665,0.27961756334021814
r43c17,266.7432309518154,42.44653391051275,0.4127515250550124,0.28628600844618274
r43c18,252.1867414689935,40.71755952941166,0.37176331261578593,0.2517906547720711
r43c19,186.5013088180486,28.914795696681175,0.40549949099658733,0.2680458964094199
r43c20,158.44832749025107,10.73470738893307,0.4034894067971959,0.2610042717077321
r43c21,148.865058054187,9.267104610634702,0.3539295173072019,0.26668944247781395
r43c22,144.8998583215738,7.410293859335966,0.34949967829074274,0.25878203092790664
r43c23,140.09886539348807,3.444993715027537,0.3554526777691668,0.25611816908727775
r43c24,128.78288682122042,5.8138434054614985,0.34522938280819615,0.2680959429914372
r43c25,125.22624932989898,4.070873362342607,0.29254654305599886,0.276280776539796
r43c26,117.22350994635084,4.073088678111956,0.3118295970902803,0.27302289029715626
r43c27,106.95934490579478,4.862679181349374,0.32499547719898114,0.29778363126167945
r43c28,97.58999219613791,4.569697474111726,0.31908782149230347,0.3002191112829181
r43c29,87.70594760150883,3.6687975143976477,0.38568055448553873,0.32266121547844956
r43c30,80.84161895002902,3.6243504220284084,0.40950398710849256,0.30890615511532943
r43c31,83.32301178880209,4.333202264172768,0.379437713855294,0.3026875832403482
r43c32,80.0943468417287,4.133015349875664,0.343204734662641,0.2890677504217544
r43c33,74.13510459263307,4.68050155397292,0.33473081471115596,0.30173099562331435
r43c34,76.99107397719051,8.888516946424746,0.33965807727139746,0.32963677205064645
r43c35,90.82664026889728,37.629371942040294,0.31078260018403575,0.36099934743856926
r43c36,150.1030987735853,108.46112509167791,0.29162171390993236,0.4235855194301711
r43c37,361.64222585375506,384.30016972473857,0.2901231861881085,0.46412886934530656
r43c38,398.86370773936596,421.80314708852234,0.29034100149461783,0.5483304346048322
r43c39,577.3655979280071,569.9907305920161,0.2906435339112176,0.6349025459508868
r43c40,515.8469209434345,586.0697463896636,0.29106725762972996,0.745888453841021
r43c41,183.86010296287174,185.84522895361138,0.2724123048740828,0.7515230995438646
r43c42,377.02961141973833,467.58568354024254,0.2794747718072671,0.9337931445682068
r43c43,747.7996828454864,792.309852450793,0.2915270257757117,1.0524784848566509
r43c44,405.239706162045,487.0225205333941,0.2610524849585251,1.090600115727142
r43c45,451.8598459625914,533.4202638875015,0.2609082319455651,1.0326262747739596
r43c46,403.32962549691746,488.4474590011213,0.261592133291801,1.01089075145878
r43c47,385.7569492660365,513.0276489875586,0.2885599459702933,0.9650900968842582
r43c48,217.5297057276541,300.1777473882343,0.3322145022534018,0.8791443400901819
r43c49,95.92757279888177,57.40092355192069,0.39467828771119534,0.7194984809750625
r43c50,146.99040053622505,125.58838241145887,0.3664295461154583,0.7364827380540252
r43c51,107.38597476725205,78.84365931123955,0.4036377573707151,0.5761574426107953
r43c52,116.31087977306099,77.91916452600424,0.3512139513675856,0.6112092708039438
r43c53,344.7078038324992,302.58929723016024,0.21332196650648833,0.9610738352493805
r43c54,978.6831734054099,531.9892008718133,0.2730905813074057,1.1237019162206143
r43c55,1260.1224290032658,495.70233334893237,0.33607580579794366,1.2105877448003544
r43c56,651.6723719878727,403.7130253275757,0.2891372490959195,1.422914624899102
r43c57,687.4293947014102,530.1966963675512,0.30084921448224317,1.420180682226022
r43c58,1198.23403775918,589.4229533785451,0.3649569688995163,1.4236318490544135
r43c59,739.1429261331872,335.13283193668923,0.25505069677586184,1.6600924295734054
r43c60,1853.163275975281,620.2604652222072,0.4057164476191959,1.3193653282733782
r43c61,2618.951179197058,662.7504796445671,0.4538040809571611,1.0259985071029283
r43c62,2838.159332323603,530.4114200508077,0.3389705201933083,0.9291536153574074
r43c63,2878.1522392754728,454.58155438838924,0.30755117145550764,1.0125612177859136
r43c64,2592.144989859943,462.13324871105215,0.26038209408691043,0.9770585945515697
r43c65,2464.253437764531,466.8354829226238,0.2951315960018993,0.9419808765653659
r43c66,1937.877327155217,481.3809202916018,0.24824170324654796,0.8984104889527236
r43c67,1701.048270145969,435.3764777523962,0.2630676393034678,0.7726053188276532
r44c00,49.69958319264103,2.2843195394293763,0.43448914949139333,0.028235528723348426
r44c01,66.63461109432191,19.53590144910986,0.2604672071129108,0.020256833510180733
r44c02,60.806131662120805,7.951919630631575,0.23763994248205716,0.014726126193690334
r44c03,70.34707203380026,8.343702429080322,0.2554277425015046,
r44c04,125.58426322685193,31.06213189172659,0.3367937466187088,0.022328207047889504
r44c05,176.50238815331699,29.82679777160526,0.3560952103613166,0.004037132154183435
r44c06,161.5580289584664,19.069699143388466,0.34834695909436697,0.005211489596875641
r44c07,203.5186123961104,25.70033865442676,0.3832402862187728,0.005205731735326162
r44c08,224.93712256402202,26.80113068935977,0.3616946947202941,0.017900801770267736
r44c09,259.75395414896064,25.980314534093843,0.4386574317974268,0.019964485732871642
r44c10,303.6704943666836,10.933090238971008,0.42223909209507837,0.0310304058387001
r44c11,302.7802313500786,12.643855248548666,0.4586249915888907,0.06266413532277018
r44c12,321.74549299937894,21.676025004497653,0.47818880386708673,0.12580022296432275
r44c13,388.95697401307837,31.352657060516748,0.3836020080436958,0.17721341245345307
r44c14,437.64552523038157,36.445110221192806,0.3839234859151043,0.22979220205681752
r44c15,473.7402351222618,37.91197265302616,0.32766399179734906,0.2690349829601786
r44c16,436.6966211420171,84.10578822938575,0.33630943134947416,0.27031126477317474
r44c17,268.26451523063554,53.79284831904085,0.40708425919424696,0.2691052939055145
r44c18,196.62115277567236,14.565729005305922,0.4799349284447386,0.264352530241368
r44c19,173.94591629292947,4.709014222546347,0.40097630332002854,0.25279886052133294
r44c20,166.40040210629496,6.338224782560666,0.375803807022499,0.25324586038265434
r44c21,162.27707729008466,4.381890261408472,0.3691631675421344,0.2535960819718917
r44c22,154.02028466698948,3.861448035402735,0.30578485094488145,0.2533904337102271
r44c23,140.05230959599442,5.90141603288505,0.3543156107370915,0.2467500624840949
r44c24,138.48499987658136,4.436021004592674,0.3341023410236293,0.2940466075999976
r44c25,131.03435504037537,5.120470271027975,0.28108442938068307,0.3111092568957094
r44c26,119.61620666191922,6.455011764014704,0.34337368062853874,0.25470274697620504
r44c27,110.6710139611951,4.542926945715605,0.3137578498907438,0.30815159096630723
r44c28,103.83299820378168,4.603515209539117,0.2927013392630139,0.32331528542311705
r44c29,92.89330894830223,4.2359088649551575,0.42184746465827844,0.34272265071058206
r44c30,90.29078634532677,6.354755074334786,0.40104258540150867,0.3324635733498404
r44c31,104.28885890866714,31.67937018654239,0.3435016303972968,0.2780011632814806
r44c32,167.20849676346603,114.96598801375771,0.29525058652604813,0.22208584144484436
r44c33,251.75228926079123,190.77703591775358,0.2713655047473659,0.27810761891606195
r44c34,450.09842517691567,423.3633833898094,0.2564664280778822,0.40182535458035334
r44c35,741.4207946422978,531.7046784844238,0.2678221466683784,0.5386988604362379
r44c36,1210.001856410186,645.5764476822901,0.28260708225925885,0.813826358341815
r44c37,1636.522211258702,706.7986530774257,0.3110252289358821,0.9434486070984808
r44c38,1417.3474590914113,699.5696303896511,0.29355974338851293,1.0494297686547662
r44c39,1803.9668336781795,697.9984542933527,0.3078121679670969,1.0625997031810512
r44c40,2027.3555118405545,1028.4432985630187,0.41415982761615505,1.0045711384814016
r44c41,2225.089159622574,1149.9605805267588,0.45069844943968573,1.0052764095621114
r44c42,2837.7485377526,848.8470892444143,0.3839158857897903,1.0012787987248886
r44c43,2706.062470806707,713.8730997093807,0.33702839646091887,1.0554905512073554
r44c44,2368.748231709578,913.9971585623158,0.3618225337751907,1.138966193555053
r44c45,2306.7777561516014,932.7187969784792,0.3425672934823248,1.2081372468302516
r44c46,1861.4947039104447,751.8516154656949,0.31186014626985614,1.2708754734223335
r44c47,2516.218187554714,832.6485021228558,0.362199515856171,1.1310298862486183
r44c48,2397.1215788041245,720.8697111858993,0.4169536080581478,1.1540193106210326
r44c49,1153.7486149407005,628.0764912999254,0.3434598024687303,1.4102608759333952
r44c50,1450.678474882768,689.213373277697,0.37445530526942433,1.1850862231890131
r44c51,808.3604886417482,632.7572782460015,0.30033524358508945,1.12528013343045
r44c52,140.02098594544532,199.11383164304894,0.3144316481657723,0.690058672968732
r44c53,99.84412082001975,5.054220451182566,0.43561542693373334,0.5224336320146751
r44c54,152.42536364732507,89.64869926282455,0.23793632172480336,0.6800905740262186
r44c55,527.73329847949,473.26035285951826,0.26903729626043005,1.0327352578607236
r44c56,794.1750844073675,371.82675024646414,0.24812266761607155,1.4705693180859196
r44c57,1584.8159596260718,626.026028779296,0.36947432174803485,1.3528055123045946
r44c58,1395.8524680899282,766.8459735054021,0.4022197031791126,1.3706409523839727
r44c59,807.1483827458305,384.47727610425414,0.29916931069858965,1.6689282422183596
r44c60,2052.6482365513903,585.9213365721613,0.4499430764309357,1.1984490867107003
r44c61,2715.9281734228157,668.3879340548053,0.5076795137807134,0.9894419716818288
r44c62,2864.6280679069355,494.1309002040696,0.3281556268040826,0.9601864714007761
r44c63,2998.682069118952,601.3936136792554,0.31720273291376166,0.9447381275641307
r44c64,2932.498091462321,689.8044224407845,0.3368673783264668,0.874167933010532
r44c65,2794.7210733379434,427.16840377755193,0.25408112814554795,0.9108641958503666
r44c66,2685.4485272500824,395.53593342023146,0.28505877876739666,0.9107425751290074
r44c67,2337.32736007292,612.8098687302635,0.3338200036235469,0.8961059533214462
r45c00,53.12529856801255,2.924098340675978,0.46971600295924126,0.025309388040052935
r45c01,62.723898513452575,7.26929820446609,0.3837650520309894,0.02929058187014239
r45c02,64.81543208411492,3.558729508856624,0.3488950865809797,0.032750648135391025
r45c03,71.62307507953577,5.629916733987152,0.28568026705144006,0.027547133272580505
r45c04,101.61129528995829,16.820932248495687,0.31905722346695176,0.00011138072918530184
r45c05,126.37395382057305,10.728348467349896,0.39174284036989115,2.9462738301559796e-06
r45c06,117.56071276563762,11.38216791605696,0.4086987329129977,0
r45c07,136.6955371166406,15.918871035270298,0.3239183815108698,0.0009905992802033915
r45c08,170.53219597960077,17.400910936632116,0.3258827058819946,0.0013184927623074055
r45c09,229.05707539960153,31.497384537111603,0.381796829215631,0.005122553937609592
r45c10,274.4363630376953,32.97559745070226,0.4139029103285888,0.009028630616005099
r45c11,299.8002704359354,19.774608458972928,0.42905923951594604,0.023070889918912336
r45c12,321.0266462732003,11.814951762070248,0.4330022331876535,0.04952387449463385
r45c13,342.9479789144851,21.16245941663197,0.43322939649243347,0.10044173976112604
r45c14,427.17877300322067,72.42367138927413,0.3298280415693115,0.20698341242749677
r45c15,455.5571799854625,69.1975825954136,0.37508105737136954,0.22355111456029159
r45c16,365.8001717675863,56.860596821466835,0.3847117143703549,0.2727074818438745
r45c17,285.9219881351957,62.37479216040439,0.3826837267477482,0.2551054159068766
r45c18,194.02912992186273,14.847893292037378,0.43094071799045397,0.2382463367435081
r45c19,183.2533843722417,5.62934644070453,0.38714065278727494,0.2256551542540239
r45c20,180.8854784156314,4.300252825011211,0.33542631270663864,0.23264682297920322
r45c21,169.60365955396304,5.346915559826561,0.31531547078319133,0.24509773005182744
r45c22,155.95244873237593,6.50293999918533,0.35599408341744954,0.2575508035200858
r45c23,149.4244488797844,5.518112632790483,0.3513799140711802,0.27647854575939834
r45c24,149.3582578049518,5.589919987529457,0.30043432025624145,0.2841247813756219
r45c25,141.014060069289,6.276128596358762,0.27608110023308824,0.27921294938687624
r45c26,125.06371862866764,4.8938844906059975,0.3449978366910844,0.25466382266029364
r45c27,134.57053469798117,28.44314576102637,0.3449560990866771,0.3051225931102649
r45c28,247.3642027761345,171.03130721500142,0.2659483961991722,0.33801067393339546
r45c29,389.7469617620151,316.473264245865,0.24971614264734995,0.41772495442438723
r45c30,585.1817682406048,502.6862407624487,0.2662825284794734,0.4861155184804074
r45c31,643.8678109376867,404.42003506048,0.25052898877330226,0.48756647935382225
r45c32,481.40886488587023,320.68088004875807,0.24796572162643382,0.4822668314888119
r45c33,806.0853390514144,419.5385716408626,0.25981630928201144,0.6564465338970837
r45c34,1474.2830909821027,487.05628517032915,0.2803034488871624,0.8516787353878372
r45c35,1729.7638022407295,663.7127202356521,0.30180034332946176,1.038431036872987
r45c36,3060.518657432008,1254.160632339681,0.524584376655002,0.8476155866933475
r45c37,4391.730332715969,1243.6817907930545,0.7340468465434493,0.49719328818091846
r45c38,3595.4506535269443,1337.308669996222,0.7064195333964624,0.7223269448379894
r45c39,4499.684351416953,949.2647225594974,0.7780276407406405,0.4314518220294369
r45c40,4990.339861973538,1085.3987525271755,0.842064347735395,0.2624028654609979
r45c41,4313.148798892721,1005.0532363346274,0.8468211350024069,0.39549759156798725
r45c42,4505.077075025661,513.2000865418842,0.6095031415101967,0.28666717105313855
r45c43,3446.8488852982837,1059.5458288560633,0.5678356449704667,0.5384352444451137
r45c44,3947.408009220043,933.2725567012052,0.6662526606796303,0.5078171348915013
r45c45,4009.901509337607,702.2576093528579,0.6636878347522185,0.5167696669309502
r45c46,3140.2796723125252,918.9869044667581,0.5471707904105433,0.8064329494749222
r45c47,3748.687823171785,940.6594708479413,0.6659795828133108,0.5533059767864441
r45c48,4556.252143926571,797.2019236087149,0.789082258704845,0.38207973781353766
r45c49,3027.5948566557236,1344.563761708533,0.7699518241046516,0.8884190128465383
r45c50,1941.5543351161682,631.2999529679566,0.44295095612687185,1.1618022990488037
r45c51,1515.1213099356673,484.65899425582427,0.3503128314933046,1.2021818921744047
r45c52,916.8853862745509,564.4933577726981,0.33633406604057176,1.164946039301504
r45c53,494.35917336374865,395.45643593864514,0.37307600105871075,0.9627151672593893
r45c54,166.8117506067297,117.17295359122357,0.5322790789585906,0.6217047692749832
r45c55,146.2223790448917,23.07593554278263,0.2854196846944937,0.6309766852383005
r45c56,611.645650130078,554.9027768082649,0.26668886725677665,1.299225109506683
r45c57,2458.602066410725,865.4466366749785,0.5013779396897694,1.0358290800241292
r45c58,2213.8382432239355,1140.8165120519259,0.617898410349972,1.1801203133310507
r45c59,1814.8529425074705,733.520790728617,0.48848200477236314,1.2141448233849248
r45c60,2550.643626765518,763.3266815699923,0.6017417977524294,0.906297489303859
r45c61,3074.9645265844297,695.5535933246748,0.5892607718881432,0.8284467455051221
r45c62,3101.9865487710476,618.8123112722294,0.3659886400703853,0.8901704901325699
r45c63,3637.5393682572953,403.27062638583266,0.38434495980339467,0.7194133823426356
r45c64,2978.1496982148697,685.5624700649233,0.28767869346535063,0.8188461716892168
r45c65,3161.470745248961,417.82392520822873,0.27990724888603735,0.8985861362733726
r45c66,2928.837071684533,488.95986669674454,0.30133201977496743,0.8590079670393731
r45c67,2739.4495150590124,607.1251840161483,0.32015088309711026,0.9021919431832336
r46c00,56.60421412715144,3.837589786974285,0.521916601758336,0.027687703423232412
r46c01,63.0182962984057,4.449739113124642,0.5317199748902425,0.020442091781966962
r46c02,71.19068042670017,4.700433248633685,0.5149453216681296,0.03428148376849881
r46c03,75.40669598350442,2.692031162675426,0.3873678747410606,0.029276471794829974
r46c04,80.39841637887406,4.385110627152062,0.3004614099336032,0.022196481073618463
r46c05,95.61392311531077,9.640473553307142,0.2991268149811482,0.02384080851542852
r46c06,108.27853441075236,7.979450221999733,0.33785002088900146,
r46c07,114.80417347207734,6.062751746265739,0.37909294995933523,
r46c08,132.09070944786222,12.445839156547892,0.3093167120415114,0.0004891965400326495
r46c09,167.4208307186867,18.24954043438916,0.357126458484675,0.001979918278763952
r46c10,198.6051219257531,13.699748792974349,0.38707614420334374,0.0027540046797771903
r46c11,224.87425963178868,20.222959909966846,0.4406273484281236,0.00889036307677932
r46c12,265.05715586810476,26.852769004234897,0.4322370684554174,0.02038888572174418
r46c13,293.23576106339,19.95464262601043,0.4122785996947262,0.027636234849278078
r46c14,304.0666404428133,26.16881239262455,0.4027176924772197,0.10510423080838961
r46c15,313.7106924546925,40.37307909085529,0.38839987521177394,0.2005956213753393
r46c16,275.45749779357106,31.13689939430946,0.41944517016862254,0.23894420969385585
r46c17,247.8716098266658,29.086261998682875,0.3952801341469517,0.23513665656055263
r46c18,209.97370069077311,28.718140688999934,0.3326403156641795,0.20672359768692114
r46c19,198.3232592308508,5.380863768468922,0.34173208838700364,0.22180644382407413
r46c20,190.86170198289767,6.830611423068129,0.29906934623769377,0.23491412855391455
r46c21,181.03343350293466,7.048733403669407,0.29475514066498837,0.2578481830515578
r46c22,169.32030171359497,6.748951600660702,0.30914532056548366,0.27280864045332004
r46c23,168.53936568445468,7.486676980535085,0.29568624890932665,0.2665799562848425
r46c24,169.19112719788535,8.733282994742247,0.29441352543484495,0.20471859098084028
r46c25,150.13363509755973,9.877684502916704,0.28219159597794674,0.1981447894655235
r46c26,160.19641965376996,55.631172357859214,0.28195342284095554,0.22510339846431218
r46c27,461.4919293284625,362.1330116383869,0.2503303008191592,0.3804348878977413
r46c28,1167.5268977027226,516.4578583250928,0.23999446880987152,0.7220812538188777
r46c29,1691.0141017072394,656.5323439345552,0.25033535280010377,0.9438547709450565
r46c30,1854.233111524894,625.5490241018246,0.2529219974857988,1.0368275585685405
r46c31,1714.1851739919425,877.1144382280855,0.29607932146673177,0.9832840127140712
r46c32,1789.0019671054215,1309.067460346877,0.38014764267208184,0.9272078921834636
r46c33,2611.195333415203,1462.6680547081219,0.5022801162798378,0.8297033875725008
r46c34,3551.7271990238396,1158.7900781596904,0.6315331543750684,0.6329060289497275
r46c35,4898.063733752258,897.8679431296661,0.8560766684982147,0.30803323003785804
r46c36,5106.854424118704,589.202837258558,0.7591328540600784,0.10956857882710958
r46c37,5388.738162023559,633.3516366059888,0.4881348962831122,0.04299537404625916
r46c38,4897.081330433006,539.951461664767,0.5751921610912906,0.08477484202839944
r46c39,4876.84093566624,514.2817828016723,0.4670855684184605,0.06857685660957517
r46c40,4722.73076772153,361.64457304724317,0.39807133443327725,0.06356305714720446
r46c41,5015.27337469513,274.1411754492962,0.41907343959259113,0.06548547699360714
r46c42,4770.528349618303,237.24913233575444,0.4549673089941715,0.07372406373950173
r46c43,4942.044240912585,449.5139683912101,0.5740502858625093,0.08517219880557417
r46c44,5422.685006474541,530.0299804212011,0.6042851417088898,0.06729889816615327
r46c45,4982.29874754027,550.133535152036,0.7276272707514128,0.09384925545658235
r46c46,4701.578923401707,607.8432435622541,0.64847682754102,0.12821825550792693
r46c47,4961.303630852879,348.11471856853706,0.7028534777321855,0.09881374060609414
r46c48,4713.742301279172,420.5290220495879,0.5373468115001706,0.08318805447524195
r46c49,4632.275481371876,704.3254005960356,0.6880331805861183,0.19209467432462646
r46c50,2963.372431861791,979.7148788352515,0.8104105730606657,0.7779409871057892
r46c51,2027.0400781905491,813.8079954295822,0.5207171199152236,0.9712926155328665
r46c52,1849.2076986585553,870.3009517791714,0.47235336165224134,1.0546545538698253
r46c53,966.369472257535,481.3834494584577,0.3385465171592471,1.2303217615242912
r46c54,1080.1566674778596,643.1770993196494,0.34696326779223285,1.0782458693102657
r46c55,988.8691697682239,797.0821255568724,0.3129253485820917,1.0485239328720106
r46c56,2412.1825597618877,1045.6243911444637,0.6373542164219234,0.9649376220272938
r46c57,2956.751807373044,946.9192302205582,0.7337309224280772,0.7573569814959601
r46c58,3731.1966175582893,924.0468392736658,0.9591938502380651,0.45393828101713857
r46c59,3726.2196053573975,785.7899176458774,1.0269133496789864,0.50594060039385
r46c60,3621.3923760863427,698.1932699598677,0.9185757500340447,0.5076873498517662
r46c61,3633.9858232965994,820.1591934828508,0.6247281905588157,0.5597407906076727
r46c62,3561.9612253855494,690.9457810810943,0.44751617413720135,0.5705568180218532
r46c63,3852.155251618401,454.7325959184583,0.39044121262274684,0.6125340934153416
r46c64,3895.521431150653,656.7956135311206,0.40676496306518134,0.5800671186750445
r46c65,3425.8308952644693,632.0735319860557,0.2844364374601514,0.7660024814211994
r46c66,3483.251064608122,553.8303448728212,0.29628002701699413,0.7792866173109065
r46c67,2862.578819186121,613.3429213442091,0.3029348789646489,0.9195770560020193
r47c00,91.1795923572765,29.41077137728064,0.49941497486960335,0.02745973429002218
r47c01,277.93110551381824,227.64224313126752,0.26413200073479326,0.012351960337558388
r47c02,309.5304889897102,180.7351437519762,0.25782456150982486,0.010679050697516162
r47c03,174.88804208137176,109.28962828585705,0.3277133668614053,0.03717851537875461
r47c04,87.41746140099224,4.510462751095503,0.4025885320258132,0.02395962485736831
r47c05,90.63149526910533,3.1774498155494975,0.283612888909329,0.015956184287725293
r47c06,101.70513767048011,4.358427149910493,0.3770478839493254,0.023636079020016094
r47c07,114.11833088060739,3.9449869136411695,0.33552848945277985,0.030387993930998156
r47c08,125.39109353149583,5.639268199706524,0.3356582973343078,0.005021947677000977
r47c09,142.1772122736492,9.40975008953732,0.37870134505980085,0.044249106071726774
r47c10,179.4600550467245,18.657032107648394,0.37568565017176875,0.0055176641691508975
r47c11,201.04279846694922,6.1567830316787004,0.39746485760100275,0.008361763303957959
r47c12,210.55765631537142,10.924566140891164,0.4676833118941984,0.015633342902289873
r47c13,225.2324896446903,14.780875109516142,0.4426825081427096,0.010114179869690477
r47c14,227.63156259088592,17.041275705386177,0.47031726642050325,0.021900360649464597
r47c15,230.7832117552907,15.57442452304631,0.44840564731261434,0.17236224647072912
r47c16,221.59562502591058,9.917453369301878,0.41264231985317085,0.19315942781537396
r47c17,218.8929143128411,3.454140752010379,0.3756180944782387,0.1937832095075161
r47c18,216.6093934979824,9.96831521996563,0.2618270094454746,0.18390283886211856
r47c19,216.05849923401246,5.74198005967773,0.25658840107495984,0.20055671271377165
r47c20,207.61185571137506,7.664112917172541,0.22392375778391155,0.20610921931392873
r47c21,198.09610862752947,7.691941810512186,0.2445423783579341,0.2313793315581197
r47c22,188.5286659094878,10.348381774519478,0.28385108737969206,0.2520010816886582
r47c23,197.37823878961714,12.325937674285116,0.2922652399692629,0.26119493947297767
r47c24,205.48783090483118,72.90812419278798,0.26865873447923017,0.24625333684868744
r47c25,440.6536302683602,409.1361153633806,0.23752425944931782,0.25642919802935304
r47c26,619.5101743776627,406.858252166093,0.24417043518520362,0.421393301804919
r47c27,1456.6681175224876,629.5010360146599,0.2520777677384258,0.8928303141734004
r47c28,1868.2916705300988,794.2127834618533,0.2724780599978674,1.0370246117887125
r47c29,3063.778905148051,886.3925727477977,0.4809979142051566,0.7634594415983728
r47c30,4478.20524890562,1056.5589518502054,0.7234953556866657,0.40820389137283886
r47c31,4478.463846838895,1086.5149430709064,0.6977256576138573,0.3090361032043771
r47c32,5040.699934585738,895.5029558324457,0.7050739282376912,0.20531967964036185
r47c33,4967.781300277364,698.6543904731757,0.799530493788157,0.13338413101339022
r47c34,4961.702376160293,520.2156778681372,0.7637719431122119,0.08583537535002804
r47c35,4996.572486076923,379.1129710806627,0.6640024949236585,0.05631968388042728
r47c36,4900.67061821055,347.81754584844197,0.3690000149852062,0.0527156521850688
r47c37,4877.9805928660135,373.3336897605073,0.335217260458131,0.053574299327953274
r47c38,4969.721161769803,436.55915996486516,0.35692748068735325,0.06156663611253405
r47c39,4832.1515927441105,470.71954231412855,0.40664282970693755,0.07201497516894481
r47c40,5050.5528121165,426.90465195982006,0.44110340352513083,0.08132499059316249
r47c41,4898.530423202983,350.40094090680316,0.45559053275467476,0.09871781604614857
r47c42,4725.840134740107,291.7214717723416,0.40585041125847776,0.10849430273367683
r47c43,4749.674976653281,401.5000210359488,0.4682834046762929,0.0893509878190076
r47c44,5078.103793891999,371.5947790762163,0.7703592735618665,0.09992933973589378
r47c45,4787.901314692192,320.6383649992854,0.8184807136289575,0.1058664525504326
r47c46,4923.745375672512,318.8386034978943,0.5000628501455082,0.11979494974958721
r47c47,4809.615383933799,319.5173911240153,0.5131989711016524,0.11873498360163941
r47c48,4824.62704118948,294.1224692941111,0.5326819418959738,0.15450762267634838
r47c49,4656.353742895917,465.2923014376988,0.5520943439928848,0.19046846352530925
r47c50,4410.172044222198,545.5734753277644,0.8016288976809198,0.3038325302655866
r47c51,4092.8179078130347,636.6168140551163,1.0478420405846272,0.4203807581035651
r47c52,3019.091381476999,784.8403017471821,0.7186839998237053,0.7150087052867522
r47c53,1626.5981006799748,739.5139610755434,0.42191879423032536,0.9914278460964904
r47c54,2467.37341199503,893.0973057995727,0.5865941903402789,0.9148001243608346
r47c55,2338.232367742642,709.2259434007502,0.4094960443063094,0.9779617733538897
r47c56,3495.0837057785043,721.5519807359708,0.9764841205446412,0.5426030367541483
r47c57,3782.7588947741647,774.5339045681827,1.1582077132178241,0.35750378225770346
r47c58,3897.3002145904507,746.2932932845075,0.9486558354833037,0.32989109260169414
r47c59,4485.155914403863,387.21078687125475,1.0832147294475392,0.19857826286035157
r47c60,3937.198347580832,840.4714997152917,0.6934424328513554,0.3365799145543985
r47c61,4004.992604421531,740.7260713626476,0.5680252027983266,0.3675933238918441
r47c62,3657.344382372889,643.5104311848754,0.3319978385326979,0.4721713259096303
r47c63,3959.6282490388385,590.1576786679818,0.36437563822509444,0.4391564151654627
r47c64,4282.696039876562,429.2230984357494,0.38910672877767005,0.3862191103713629
r47c65,3788.8869771988548,530.1817261284187,0.2648888563048961,0.5692497384809163
r47c66,3804.060504630899,624.0628559685157,0.3329003405628251,0.5893553207278854
r47c67,3514.158207908514,762.8583195813851,0.37019181493180736,0.6863684436511686
r48c00,225.03899938385538,161.63540637856858,0.3083937852234055,0.006306497784175551
r48c01,668.3043762718048,240.5818641134189,0.2156987456609109,0.02520754106248498
r48c02,806.2155414867447,152.07949474639216,0.2331817994248635,0.04249374027776031
r48c03,615.0809870843826,242.07515289727567,0.2523453772573478,0.020756523902707488
r48c04,124.76139566810353,45.613583156308486,0.415730120173841,0.03833337776362711
r48c05,98.46798882902553,3.291728089781079,0.38411868362225066,0.028806457102496474
r48c06,105.70991007521414,3.985747871716971,0.3402524877211647,0.029215435658056423
r48c07,118.73921932456017,4.612896577468243,0.3408226606128995,0.022686244336826998
r48c08,131.9264084657423,4.627647114240234,0.39519108772786204,0.018306574740688378
r48c09,143.91666194616204,4.431196086177001,0.38189818163017814,0.041352187637719924
r48c10,157.1494189563363,5.221311270252168,0.44263365451736325,0.056736460160851626
r48c11,178.54086236152594,12.243082612248207,0.4078767956711123,0.03428915500588913
r48c12,188.21382369183542,7.881451997872349,0.43398445386950474,0.04643028866226199
r48c13,195.69813775812875,4.652650555982668,0.4567429697616659,0.04660519532241671
r48c14,206.2562346077131,4.19759156207856,0.4535718033790699,0.11156424877146122
r48c15,215.44587241408968,3.612674945289356,0.3875100609002911,0.15970125936205953
r48c16,223.87220618657258,3.611323977070397,0.42709797682562944,0.15230219138494916
r48c17,230.79600721853046,4.409197210157859,0.42595906376785325,0.16794743950656482
r48c18,232.11412277442744,7.378872674377092,0.27298309475704147,0.17619457132579977
r48c19,236.68875535051907,6.755952533890147,0.21829201981914803,0.14974807982364935
r48c20,229.15361844103364,10.902659937155068,0.24039555386763894,0.19857287843122443
r48c21,243.43026060615327,55.46037856954538,0.2458771051469888,0.25604322453609324
r48c22,506.87270545552997,467.29680260366337,0.2501433197475485,0.2928623493085922
r48c23,1058.9566993611422,616.2073259800524,0.2229395899807134,0.36216848812417907
r48c24,1069.0110393188927,500.2466047153371,0.2220101426882849,0.5108265462967624
r48c25,1559.6102906575454,451.0504755542034,0.226934890681622,0.6835479382238496
r48c26,1703.5026516313121,683.6226243034192,0.23874679383734904,0.9421295564586499
r48c27,2624.411457499337,724.9608027959537,0.3211599627165205,0.9285457186294139
r48c28,3542.8737125685166,619.5070393959487,0.5638824228982539,0.5852759457842637
r48c29,4437.35526730816,836.257333796959,0.8893540389776176,0.23704566138109653
r48c30,4955.835637888166,423.0208465439068,0.911605433884547,0.06593860091390613
r48c31,5187.422338821806,661.3494487130258,0.6412318147177386,0.048375111633858436
r48c32,4920.413932000858,367.6912097349122,0.54946444454087,0.05248930498323106
r48c33,4878.714882057572,309.24050145243393,0.4557589238668527,0.05412276255632592
r48c34,4872.880854715915,323.54134634065156,0.45441993288483756,0.05677524879182149
r48c35,4908.167081294372,238.63311385347794,0.3946336881209623,0.06313140139563335
r48c36,5111.864666284575,322.2808520800534,0.42969784609544903,0.0561808300000848
r48c37,4844.278346277559,315.21892323239774,0.4099767578889043,0.0780515536508495
r48c38,4781.930150669045,388.03311588733857,0.4135078565302544,0.08675874757897106
r48c39,4478.038710551307,391.3547160255765,0.3926088437049354,0.102357506874492
r48c40,4433.271984806982,403.1286321705134,0.36900728471237054,0.11058374451105213
r48c41,4275.68567526191,402.8416895849097,0.37637314966963287,0.1257235171611916
r48c42,4218.433682546921,367.45395355288105,0.429648690791803,0.14118870344049075
r48c43,4706.650345540801,489.2221162372795,0.4783151846241834,0.13388665816216672
r48c44,4746.898793787588,495.3151123178225,0.5169048787673046,0.15197536222092325
r48c45,4358.047730659807,511.98642854942074,0.5202829719736595,0.21385786710035545
r48c46,4323.818644020083,516.6399307020178,0.46141728445221475,0.21481705493691067
r48c47,4359.552899169462,531.7594115770589,0.4704241206073003,0.197428472461974
r48c48,4548.746051804201,485.4651660731813,0.5284793007107547,0.1924374612917632
r48c49,4593.673517883415,656.5279041459092,0.6064958740178401,0.18190483345596847
r48c50,4597.793170212372,575.2809018558339,0.697260492688825,0.18945156592547266
r48c51,4345.230424619842,590.9000399334694,0.7130684804261707,0.2690526483131426
r48c52,3898.85199403541,620.9948562272175,0.8348887540959968,0.3833541310246387
r48c53,3412.047032665479,950.4039719003857,0.9704507924113852,0.5235532203251986
r48c54,2627.7409978663795,915.5096345093315,0.643867624900628,0.686147812968338
r48c55,3520.396054512509,676.979678845331,1.055734141090023,0.5263585112380225
r48c56,4130.010844076593,631.1062583056696,1.3124887267474181,0.2744357287583275
r48c57,4536.59490889161,746.5843808801797,0.9335867928949133,0.182447735556481
r48c58,4660.361520494044,543.7833853898819,1.0244020674226075,0.1510349221641153
r48c59,4311.050582540698,771.4591680196746,0.7495767340734598,0.14141946343781886
r48c60,4372.680858133675,654.8242463734952,0.6399113021064079,0.21937482214227838
r48c61,4014.5338060756667,498.3333244396924,0.34995890515817735,0.3856412606854581
r48c62,3807.5781631678738,587.771275625871,0.3091967726740403,0.43612958751354686
r48c63,4017.0637910312244,404.7536369930828,0.28828056994543994,0.44950193683266176
r48c64,4409.092302209911,254.34810379338558,0.40365048477243687,0.26908135532013816
r48c65,4085.772773058534,389.2913452286349,0.3035582582967642,0.4153017396844356
r48c66,4030.353221465357,661.3547129109877,0.39768148502305495,0.4205290841091808
r48c67,4295.111612152711,521.1037346281381,0.5776558847327989,0.3229225601013295
r49c00,651.1273577307924,382.04702410475204,0.21521307263024156,0.039796090006966225
r49c01,1029.6197060482134,181.6396124528813,0.22377957691531902,0.05321588339670887
r49c02,1120.6131984007911,212.7359658697645,0.21794058883496034,0.0802760540087382
r49c03,1075.5986394665447,253.1562701702777,0.23442949776026636,0.05507661621750469
r49c04,294.74257629447027,291.09312163041005,0.31159755252607063,0.041181077397335425
r49c05,111.36363262380615,4.703980036477515,0.37143803264336067,0.03437720012888453
r49c06,112.03420758773126,3.371677784795371,0.30794863996101457,0.035850506947141474
r49c07,120.77956108237488,3.8810923864643474,0.32287036628340277,0.02640112684332557
r49c08,132.7122663272667,4.359397768334426,0.29446981747176176,0.019604600157818636
r49c09,145.85702658536917,4.656157359821368,0.30860181685138766,0.037157499711767766
r49c10,159.5979575135474,4.55258157570318,0.3992030200034537,0.053306698909992054
r49c11,172.1624929021738,3.902199786576929,0.47506052017027933,0.08755224113658391
r49c12,184.33010282049926,3.9671883871843594,0.4604141928766552,0.08401670458221915
r49c13,197.14314001602213,4.566899514524807,0.43767923294271305,0.06278886634332524
r49c14,211.0102959773053,4.621197148153567,0.4319771734653168,0.050308768445432375
r49c15,222.89281392519874,4.183224670582081,0.45124111016619334,0.07578450550737977
r49c16,233.35270750799774,4.500391058693775,0.450943472431168,0.14070915256242855
r49c17,246.35325602620688,6.400437973345697,0.44074816825236296,0.19238605586234392
r49c18,255.22062648354338,8.919851067534843,0.27343383985852376,0.19723817346023295
r49c19,259.0872021123482,13.574060627434978,0.21395420285704736,0.19228752975914007
r49c20,375.42086290637906,247.11215577172197,0.24250524861794873,0.23418595005075865
r49c21,931.6367577707897,478.6433966430625,0.23420803193780787,0.3833819668383485
r49c22,1372.2790461516322,394.1452957497606,0.22259990244844177,0.7190491324486089
r49c23,1503.1999250626716,298.51058392423295,0.20881634828234555,0.9004678629913403
r49c24,1559.7054710271823,607.3053487199461,0.2303135449202564,0.9744544422370791
r49c25,2460.9063904630243,1007.3126923709892,0.39610268685420885,0.8399617861652343
r49c26,3671.1208027438875,1179.833569603402,0.7735555348165238,0.5979828306443016
r49c27,3278.803428326577,1009.8199859473526,0.6264748329307914,0.5650358190865098
r49c28,3972.2601127881553,948.2750118552659,0.8958349422691235,0.2980796943551865
r49c29,4940.430810190184,622.7479211626621,0.906314599278243,0.07752921907081277
r49c30,4888.5313023324525,327.36536064284604,0.6766188446634934,0.06284015597966888
r49c31,4821.869341646475,229.33685302934586,0.4522994161651805,0.06211649517798915
r49c32,4875.025220476618,301.1083509003151,0.4593777416202691,0.060358151937173456
r49c33,5300.682431542937,408.04919129670503,0.536168705588082,0.04885745028897346
r49c34,5399.147715377165,293.3621579003985,0.5533555212917114,0.045046194889441823
r49c35,5420.9926591167905,254.68848144786475,0.5542267841677117,0.05059267751157709
r49c36,5349.338929687378,309.30719147437526,0.4061779865918416,0.05052192795756206
r49c37,5346.582496857654,272.2784468898869,0.34912461582180593,0.05143829659131833
r49c38,5318.362619791104,296.17703077124503,0.29094811527609865,0.047697204604850656
r49c39,5044.396327878845,399.9438229557464,0.3651719546213592,0.07700818739687312
r49c40,5114.337334104639,322.2786886901048,0.4033558775839042,0.09250491376374999
r49c41,5095.075053701088,336.29765039787287,0.4338557532353418,0.0975515687190999
r49c42,4894.639887429392,431.04499161196105,0.45705324311983053,0.12016017248980569
r49c43,5118.419944982435,394.892134499786,0.5530393021628873,0.1158683307489631
r49c44,5034.072512312956,437.51425060602844,0.5116193811224008,0.13709001754087766
r49c45,4823.194414186408,570.598588311732,0.4882977808010104,0.1732730711865508
r49c46,4289.160101440316,503.31977164008697,0.46032306283219065,0.24941615991255814
r49c47,4659.221176469089,480.54870248708,0.5443829068316913,0.23647843076556835
r49c48,4997.8350830845575,264.6983115428338,0.7144341305252978,0.17218638502509873
r49c49,5057.1051947053165,373.98926629844743,0.803937392457597,0.11864372506431642
r49c50,4781.970234565203,525.1894835010021,0.8038915076936572,0.15821059357020328
r49c51,4455.891282580964,567.0723821737654,0.7786904835826078,0.2222037144834171
r49c52,4258.956192303735,548.7285330959377,0.8600260944353401,0.2638854025771769
r49c53,4133.56737054057,626.2252834220673,0.8339024706841931,0.34572610008203897
r49c54,3283.6927436744572,1069.6094706467434,0.9012403184886831,0.47292448310683877
r49c55,3967.8299985474437,714.9805455314975,1.0742505613494668,0.3369494541990518
r49c56,4540.037209770351,581.7928681902737,1.0080667883830825,0.14336385829900858
r49c57,5046.411530861661,362.06533570356316,0.9754856150748661,0.06704294715036042
r49c58,4620.62417929396,762.2835545082331,0.6340514488191844,0.10876911171997339
r49c59,4514.734736974003,479.0923515102254,0.47450790330772136,0.1792516845388412
r49c60,4223.458381341,607.3604474698594,0.3943618245908939,0.2605862776435099
r49c61,4130.947567573362,414.2886219896464,0.3373972504509676,0.37203976608745826
r49c62,4282.139174781416,622.2099066005338,0.4517552563499131,0.31360328432132706
r49c63,4495.675764212512,387.464263728593,0.5097649390659021,0.25351933950179645
r49c64,4365.156098173813,326.94897839195755,0.4234566851135986,0.2682428526726746
r49c65,4185.702599583597,361.8534998298962,0.3388490181472785,0.3849965756016082
r49c66,3994.9608728878957,517.7865177819773,0.3238225464963406,0.444737517365428
r49c67,4336.186186776317,576.8063670096118,0.5305547873934064,0.3069315902204977
r50c00,1726.8388973066826,403.391363085358,0.20707837693094558,0.09865370194268006
r50c01,1244.3665150627544,224.1830954180889,0.20340186499806248,0.07765723101525733
r50c02,1231.8921183899856,153.84656270461596,0.20617226867784919,0.09445847204208722
r50c03,1377.8186265574484,146.65416568702713,0.2259098229116139,0.09587318589960227
r50c04,814.9857713958913,470.9916579059539,0.23687090886739864,0.04963052867824335
r50c05,139.31572421663114,36.90886968003022,0.3900169115902129,0.051334055684560426
r50c06,124.81732480973724,5.208389968535763,0.2841944677771182,0.031129007729917564
r50c07,129.13368874119774,4.112216277975882,0.27766879903068226,0.04041080861074215
r50c08,141.01784925761206,5.299055380312256,0.28616288415636804,0.03788049380494735
r50c09,149.79602996733507,4.931885990676659,0.25315146359396895,0.03831421677579282
r50c10,159.00781743247543,4.05118403003248,0.2726044576558297,0.03196924121095412
r50c11,172.16468638627998,4.727107844172447,0.3993035378021105,0.051914510673331346
r50c12,188.4703221216626,5.180935258540383,0.4083110253479262,0.025645263522315272
r50c13,202.69600780661824,4.429289773887452,0.4325492895653208,0.026585198204166247
r50c14,217.96425632781182,5.336391003207593,0.42568347081615016,0.03267380251713955
r50c15,234.83280804195581,6.757682897549934,0.43046050263457797,0.07083607464177089
r50c16,247.84783504410814,6.543494400351801,0.4167809822829753,0.12643331083731157
r50c17,265.11983749367795,12.073406642477364,0.38330934871877437,0.21672053109298056
r50c18,304.13330525292446,56.5122376920943,0.29200425704472743,0.2648077187823528
r50c19,468.0749968195947,212.90769725155303,0.22256216054351388,0.3043559074701922
r50c20,1043.4125313280051,525.2856766777695,0.22503951041415593,0.45570787100495697
r50c21,1447.3378931301793,467.40247532339276,0.212269273206115,0.8883331727345996
r50c22,1884.5127828633986,516.9587222489407,0.21932652559171836,0.9398651510433206
r50c23,3487.093335118218,1282.3072869526254,0.6173829805571653,0.6981715792254808
r50c24,4047.72272934314,1141.5856621341293,0.9105251682643173,0.485168566422645
r50c25,4527.999181955031,891.9893183640327,1.0246686773630718,0.264871532630842
r50c26,4937.752102777768,654.5637733949192,0.8917844624958053,0.07559387542089378
r50c27,4903.8508885247775,626.1669108432283,1.0477625718600754,0.11680230737489226
r50c28,5161.244302720302,358.2261144807805,1.0768062597760018,0.0632076118341356
r50c29,4875.1215831796335,192.18937941029682,0.776641763866646,0.05070145078061758
r50c30,4821.885701555053,260.12902556519145,0.5876455151139726,0.05965185562422588
r50c31,5120.8250801091945,383.4065643140812,0.6023122147381771,0.05058926845244396
r50c32,5398.181258232155,283.31886283759405,0.7202877873991747,0.051356608831408364
r50c33,5529.513322577978,276.8058590943663,0.5372342358030434,0.041953251709487514
r50c34,5406.50332002708,300.6841288937467,0.4130752688180224,0.043744834350783766
r50c35,5198.8955796170785,281.93934923517196,0.3976949048589849,0.05710631822653568
r50c36,5226.170450911319,340.75090982415907,0.6310038292932619,0.05674453746073538
r50c37,5180.1492810695745,270.40891380373745,0.3053794257278286,0.04990975215486552
r50c38,5262.915455739688,228.9894539905117,0.35493002683254526,0.05927336484042678
r50c39,5267.298898496194,286.81251220611796,0.38396631543572296,0.06429459382357475
r50c40,5256.299588179397,227.3538432786844,0.41583478354524883,0.07177717191564045
r50c41,5129.55738102826,261.8221359001632,0.4789448833139411,0.08572340910316362
r50c42,5194.783899739925,250.39214182551976,0.49906969358822445,0.0938228271853335
r50c43,5221.449281161389,209.47608759222175,0.5073632270592184,0.09553451828221768
r50c44,5298.75085253921,443.18155501326726,0.5897595300979308,0.09872192121455907
r50c45,5008.3222235121775,477.9377650033065,0.5293584262847274,0.14864467661601302
r50c46,4762.528594706308,352.2013014132835,0.5463180055728861,0.20735825509068687
r50c47,4864.168843584668,397.26415269863446,0.6630539255167546,0.15964281031663344
r50c48,5055.3699441209465,290.0567468580095,0.8489340910747866,0.1253586080990728
r50c49,5030.675032982852,342.08628688833494,0.9354894442526532,0.11825633446160241
r50c50,4889.460847511423,453.9721820708079,0.8949010317493109,0.13176683711994205
r50c51,4762.218552651492,613.4441696081149,0.8490624471161471,0.179327767185653
r50c52,4448.5539833555285,623.7590523950822,1.0664294666714067,0.19827478122305636
r50c53,3956.931661124928,810.9491071262245,1.0230645617838203,0.27244658737008176
r50c54,4181.008831717569,812.5449917746262,1.0482118527348623,0.2884003871167808
r50c55,4525.954479326761,621.1149187370862,1.1989394039516943,0.16483441696283704
r50c56,4652.747886136968,478.3059338425976,1.0769011304267604,0.10428487406977004
r50c57,4625.945455178403,629.7584175346299,0.7562540255923217,0.09631743229535883
r50c58,4447.411710293612,522.1169482245161,0.5441005368796982,0.15908199103205445
r50c59,4525.847126551707,513.2455748554945,0.5326107533366695,0.20875009412790874
r50c60,4334.128146307512,239.99964522521375,0.46330355784435273,0.31506796028458683
r50c61,4212.105274250956,455.99266877169487,0.39029696222904425,0.372624431082162
r50c62,4236.799808479414,587.8488406693131,0.4848726185281396,0.3130670796053885
r50c63,4621.647460278907,268.060596058523,0.6486261012579344,0.24897137200433656
r50c64,4335.016433578616,346.78835363164313,0.42160297782095796,0.3408595424074839
r50c65,3864.1802873569527,461.90190239929194,0.26315139044437164,0.5086807658675779
r50c66,3924.985438799624,439.56016422338695,0.31238289307799794,0.4538202235617828
r50c67,4046.256970245488,433.7163758164329,0.5241542967039493,0.35050725683614026
r51c00,1825.7168614611871,223.32288288056466,0.19910835859575615,0.10893188078401637
r51c01,1629.2539983727697,150.1616336808171,0.19973635546574406,0.07648312469952152
r51c02,1576.3571170639734,143.65869460196416,0.20772623411311258,0.09169309241571719
r51c03,1452.5421112223573,231.4571483397476,0.2368196085959776,0.10482637680938968
r51c04,879.1411797954981,467.82930212869735,0.23850422358844206,0.06674700059542313
r51c05,160.49621038434788,36.10709528985366,0.4170964340867666,0.07168267832488799
r51c06,141.52643739708773,4.527051672045614,0.3792971755363276,0.05752834926655506
r51c07,139.6520839669308,5.699377974887255,0.37760364095470184,0.026103073904725188
r51c08,145.88163320975048,5.293854413391084,0.29098517981790956,0.03755970762184695
r51c09,162.3396644155118,5.1222843619434935,0.2241105238781109,0.024795626930359093
r51c10,171.64571532731415,5.188159569577775,0.22816066966644905,0.03288357705254991
r51c11,179.24622602070156,5.872914279507687,0.24434158580916696,0.038110162610238696
r51c12,187.65322615098333,3.8536468645007793,0.35528318933766073,0.03122213417634635
r51c13,202.08154786506486,6.363856585285123,0.4495147654784199,0.026310603131572536
r51c14,222.9583176818283,5.893339004658731,0.43560961640145224,0.06019434243955998
r51c15,243.58131511102695,7.624507495050324,0.3830739768366561,0.0902363379023143
r51c16,263.77685664021334,7.8571069387280215,0.37178532568367806,0.1717215725580073
r51c17,407.72496014066303,227.3087649703387,0.28530775889972115,0.2953936976290535
r51c18,1245.5323050602515,605.0936424206155,0.2156507243279755,0.4744926464407187
r51c19,1622.7527666986077,564.9788783222514,0.22652073404518142,0.7201641108422828
r51c20,1971.7526482308288,598.7727831062186,0.24396951193874633,0.9190175992994584
r51c21,3311.0704901592558,1125.712206780299,0.6018301812808485,0.7665555925138854
r51c22,4390.893350303356,1250.333538650723,0.7800174462711669,0.6071009936126049
r51c23,4603.959653452739,1027.6474124507242,0.9258445404914484,0.2714225914576838
r51c24,4949.974114612153,401.02044620532723,0.9743406206385669,0.04909891662756952
r51c25,4780.486409370536,243.83828266277476,0.7975092471666754,0.051387269797155306
r51c26,4731.252114174587,237.4563745727248,0.9590834121330838,0.059719696737645135
r51c27,5041.613927321488,328.08720260109646,0.812653049722493,0.048320084785071674
r51c28,5341.418018634938,286.93678032641367,0.8125887281444892,0.03713545748765641
r51c29,5539.496569432711,264.11215115563317,0.7987082893002198,0.042370181427743875
r51c30,5507.9052360333535,319.77612546214823,0.6080423770167305,0.03924516656712927
r51c31,5412.924212667582,232.93203024879918,0.5676743264965631,0.04188516473651124
r51c32,5142.153555109487,373.27488087161856,0.3610623998813614,0.045055814899769966
r51c33,5053.261228815443,304.30518098662003,0.44288057636739486,0.055526510443851936
r51c34,4904.690637970367,234.90552927775232,0.6240968641152279,0.0636767015963671
r51c35,4824.420177824235,223.6740603546715,1.103240647162664,0.07306584668683377
r51c36,4974.194121533899,352.15092905313156,0.7036065966340158,0.08262557604487268
r51c37,4968.033166523404,323.74956141892574,0.5079543740281309,0.08759740494157599
r51c38,4998.5744246039085,214.73600102538873,0.4329267175961586,0.08442949677712258
r51c39,5072.534399819237,218.85213072501978,0.41239063330748976,0.08547571848462338
r51c40,5079.734309522806,245.30475608703992,0.4291324061347997,0.08426164702664532
r51c41,5008.911232078397,275.71430996448805,0.470968967379032,0.08215407815787173
r51c42,5012.905270393127,219.78178843619764,0.4382824451546592,0.10257416096204304
r51c43,4938.354045651944,211.71039753309572,0.5495798935715603,0.116801610234601
r51c44,4822.947169125888,115.97792208215122,1.008636149241106,0.11796870811046789
r51c45,4900.053826084787,260.0537647253222,1.5814496714435762,0.1279765144592624
r51c46,4979.1932084716545,347.8515904118619,0.8035321443134443,0.16531456723940638
r51c47,5072.02681099617,304.80074654038594,0.8736940930476952,0.14912266884741898
r51c48,5122.923499346357,234.98310536012858,0.9460283183395853,0.12711725607550522
r51c49,5046.9329812119,180.10448462259694,0.9467713819218225,0.14515003437835586
r51c50,5028.097384376382,292.4140138392769,1.0112291620984495,0.11604195137323875
r51c51,5080.305167480852,391.40387467905447,1.0069145876870236,0.09031300840725787
r51c52,4955.840724170622,448.66326368134924,1.069701039688022,0.1136861189139242
r51c53,4869.414846567361,479.54873570030463,0.8835341327191467,0.12402157743949993
r51c54,4748.615060196736,405.44173973753493,0.8824587638598594,0.15648553289169895
r51c55,4412.094802075834,472.09934286925983,0.7220639546975375,0.1673891346544192
r51c56,4445.894673019655,444.2368087374867,0.6444075503914559,0.16016083128532194
r51c57,4755.055305219381,293.21407474695013,0.8861221960831394,0.17167697776086024
r51c58,4382.567352460459,522.4766266625005,0.5671216495850157,0.21968085296806253
r51c59,4285.706846862309,435.3525024489721,0.4924162372165341,0.2424357522625187
r51c60,4277.079571644164,292.86688321551566,0.4600543484017833,0.29910436794871503
r51c61,4248.116014915311,504.3943293000075,0.494750795456554,0.3648445510232985
r51c62,4459.628488040182,380.2585421445061,0.6624566816347934,0.30074686044775784
r51c63,4504.981863773246,262.5495553933716,0.6624713693707157,0.28690174411611574
r51c64,4127.025737508231,463.1776950130152,0.3954381535222,0.3461239705344758
r51c65,4220.254713246446,332.6473612793457,0.398743219552057,0.388191588090566
r51c66,4035.4021736137993,466.5366781213095,0.4714872085197035,0.3828668684326879
r51c67,3717.18069331604,708.5199194029748,0.44538169495489155,0.5256503255940003
