cell_id,gpp,npp,ndvi,evi,temp_c,precip_mm_yr,wc_mode,natural_frac,excluded_frac,water_frac
r00c00,,,,,,,,,,
r00c01,,,,,,,,,,
r00c02,,,,,,,,,,
r00c03,,,,,,,,,,
r00c04,0.9158005517792882,0.37725281087564977,,,,,80,0.0005363410181446624,0.0001535557181439621,0.9993101032637113
r00c05,1.001809411764706,0.4166817647058826,0.2031740681776,0.110780411147759,,,79.9999999999998,0.0020269871287263734,0.0003619619872725667,0.997611050884001
r00c06,,,,,,,,,,
r00c07,,,,,,,,,,
r00c08,,,,,,,,,,
r00c09,,,,,,,,,,
r00c10,,,,,,,,,,
r00c11,,,,,,,80,0,0,1
r00c12,2.3202278255619118,0.8192858167872199,0.6271853508829306,0.39817996279959617,26.613312314820558,2182.468745634976,79.99999999999997,0.056107491794814245,0.006211656694167953,0.937680851511018
r00c13,,,,,,,80,0,0,1
r00c14,,,,,,,,,,
r00c15,,,,,,,,,,
r00c16,,,,,,,,,,
r00c17,,,,,,,,,,
r00c18,,,,,,,,,,
r00c19,,,,,,,,,,
r00c20,,,,,,,,,,
r00c21,,,,,,,,,,
r00c22,,,,,,,,,,
r00c23,,,,,,,,,,
r00c24,,,,,,,,,,
r00c25,,,,,,,,,,
r00c26,,,,,,,80,0.0002116207255264721,0,0.9997883792744735
r00c27,2.409664803021429,0.9331680863322843,0.6919808885179105,0.45338246122175146,24.58454674747337,2642.854708484831,79.99999999999918,0.40664666415148104,0.03894748746510027,0.5544058483834117
r00c28,2.408924555772621,0.9946724812460312,0.6888204857904837,0.4621043950932301,24.93328600423403,3230.028392134217,80,0.36909735230696367,0.04617807356879283,0.5847245741242358
r00c29,1.6619455641143612,0.5813398804167329,0.5401474768444516,0.35599982335602504,26.629987607888136,2099.4597158361753,79.99999999999962,0.1634967556681423,0.07473964266478265,0.7617636016670654
r00c30,,,,,,,80,0,0,1
r00c31,,,,,,,80,0,0,1
r00c32,2.464689508131907,0.845242367391344,0.7038010895517336,0.46954118872962985,25.635336507190868,2770.7159572598357,9.999999999999911,0.5462121366308076,0.0969604611199686,0.3568274022492325
r00c33,2.839105474944101,1.1853568979112235,0.7511414922668588,0.4998959989115405,23.759357156554298,2884.3362367965624,9.999999999999922,0.9836001282311756,0.001632083490774122,0.014767788278050203
r01c00,,,,,,,,,,
r01c01,,,,,,,,,,
r01c02,,,,,,,,,,
r01c03,,,,,,,,,,
r01c04,1.4057929411764702,0.4107270588235294,0.22353699358728849,0.11227759018074177,,,80,0.0016241963764835584,0,0.9983758036235163
r01c05,1.4601067368421055,0.446697052631579,0.2147783110166862,0.11064047122917907,,,79.99999999999986,0.005491800742855778,7.734289837507101e-05,0.9944308563587692
r01c06,,,,,,,,,,
r01c07,,,,,,,,,,
r01c08,,,,,,,,,,
r01c09,,,,,,,,,,
r01c10,,,,,,,,,,
r01c11,1.757306510359627,0.7336217868032318,0.5380478032830748,0.32545641503605616,26.718312945527707,2946.104995715907,80.00000000000009,0.09299378557359901,0.05036826358551684,0.8566379508408833
r01c12,2.6612554926952607,1.002322350023282,0.7125682575128909,0.46944119912170285,24.424720238993253,2922.0048497035427,9.999999999999998,0.9044214818734134,0.037291849570471686,0.05828666855611805
r01c13,2.300301550905615,0.9417377255146179,0.6879570262230262,0.4346550962633947,26.385498674177192,1614.5625176235726,10.000000000000039,0.5587257676489595,0.05451332750439108,0.38676090484665115
r01c14,,,,,,,80,0,0,1
r01c15,,,,,,,,,,
r01c16,,,,,,,,,,
r01c17,,,,,,,,,,
r01c18,,,,,,,,,,
r01c19,,,,,,,,,,
r01c20,,,,,,,,,,
r01c21,,,,,,,,,,
r01c22,,,,,,,,,,
r01c23,,,,,,,,,,
r01c24,,,,,,,,,,
r01c25,2.5782120516992326,0.9182433959178709,0.5421507997612246,0.37064968995254255,26.98877757285858,2664.979020159466,80.00000000000028,0.10043578863498451,0,0.8995642113650154
r01c26,,,,,,,80,0,0,1
r01c27,1.42598,0.30179,,,,,80,0.00019346409989120418,0,0.9998065359001088
r01c28,,,,,,,,,,
r01c29,,,,,,,,,,
r01c30,,,,,,,80,0,0,1
r01c31,2.161033896894752,0.5164031377990734,0.5896248084673895,0.3859111986016343,26.871585936571503,2259.0045489344966,80.00000000000047,0.14680306558766604,0.005249108299898429,0.8479478261124413
r01c32,2.1690578086630166,0.6155275172393783,0.6976379693496927,0.48083909173180495,26.149875156223565,2198.8523583401934,10.000000000000053,0.7448019552690949,0.11653686734947283,0.13866117738142955
r01c33,2.4060047155718136,0.7777653494034138,0.7031576136062493,0.48381704834546985,25.901733942866468,2314.062014539646,10,0.7128400968646037,0.024504155178787568,0.2626557479566113
r02c00,,,,,,,,,,
r02c01,,,,,,,,,,
r02c02,,,,,,,,,,
r02c03,,,,,,,,,,
r02c04,1.3092506484893147,0.4840974355195284,0.24748103044744246,0.1545660368100462,,,80,0.0013795264237205175,0,0.9986204735762794
r02c05,2.3309400000000005,0.05516000000000001,0.233707224099652,0.11741168711768298,,,80,0.00010303263378967218,0,0.9998969673662105
r02c06,,,,,,,,,,
r02c07,,,,,,,,,,
r02c08,,,,,,,80,0,0,1
r02c09,,,,,,,80,0,0,1
r02c10,,,,,,,80,0,0,1
r02c11,1.9198617340842818,0.674786015766747,0.6263102541008533,0.40591677519658653,26.904817041194693,2086.504360510878,79.99999999999999,0.3254245131671183,0.03949264751877275,0.6350828393141035
r02c12,2.503575677287822,0.9918819202595797,0.6996949262885463,0.4575468489685747,25.394738758688337,1877.184014008404,10.00000000000001,0.9045390222046737,0.08143408863344964,0.014026889161877212
r02c13,1.8635077567531786,0.7266502931488128,0.6322876668437735,0.40285508239397483,26.95275245862303,1700.33639755275,10.000000000000021,0.5894289759320436,0.14842846577332056,0.2621425582946364
r02c14,,,,,,,80,0,0,1
r02c15,,,,,,,,,,
r02c16,,,,,,,,,,
r02c17,,,,,,,,,,
r02c18,,,,,,,,,,
r02c19,,,,,,,,,,
r02c20,,,,,,,,,,
r02c21,,,,,,,,,,
r02c22,,,,,,,,,,
r02c23,,,,,,,,,,
r02c24,,,,,,,80,0,0,1
r02c25,2.598123569626807,0.9335335662801185,0.5564949759815655,0.37555853473917283,26.985583294173058,2533.8043645282814,79.99999999999987,0.0969620909973007,2.8104091382602275e-05,0.9030098049113161
r02c26,,,,,,,80,0,0,1
r02c27,,,,,,,,,,
r02c28,,,,,,,,,,
r02c29,,,,,,,80,0,0,1
r02c30,2.023500783600902,0.6052671654568248,0.4780679607544314,0.3016982925711164,27.287715960933706,2319.4777430356557,80.00000000000007,0.036299804632332365,0.007293836452964008,0.9564063589147028
r02c31,2.190421150853529,0.5396493972422164,0.6974020433195164,0.4924388638831879,26.268122096287982,2223.8866046254493,10,0.6768551990574038,0.00802838820601155,0.31511641273659385
r02c32,1.7318232301635237,0.5295056577575504,0.5107091967475066,0.34667477426731846,26.847338112593068,2147.727570645468,79.99999999999994,0.3961986264417951,0.0776858300006951,0.5261155435575267
r02c33,,,,,,,80,0,0,1
r03c00,,,,,,,,,,
r03c01,,,,,,,,,,
r03c02,,,,,,,,,,
r03c03,,,,,,,,,,
r03c04,,,,,,,80,0,0,1
r03c05,1.85863,0.25450000000000006,0.216106499289449,0.11433174903227601,,,80,0,0,1
r03c06,,,,,,,,,,
r03c07,,,,,,,,,,
r03c08,2.1805211011981753,0.7621661833783724,0.655526772272494,0.414631225120169,26.2314563403643,2372.992460227339,79.99999999999997,0.3008119113453552,0.01832135013761084,0.6808667385170343
r03c09,1.6645585391115634,0.7228642966922898,0.5533151549970757,0.34872667096983556,26.571006223965906,1497.1285498393493,10,0.6103009173095509,0.1819611321635724,0.20773795052688365
r03c10,0.9581008128684256,0.4797058879066941,0.3688160739591164,0.22987547645926693,28.21975667442651,1100.079709104436,79.99999999999997,0.12671827963294965,0.06794194605945866,0.8053397743075924
r03c11,2.110308925546607,0.8304070529777459,0.5811792517349107,0.3543440939619452,27.15929545806274,1365.8806738702187,80.00000000000003,0.2062522639734806,0.026350565378375126,0.7673971706481398
r03c12,2.096648383401367,0.7864862813600688,0.6587462563877262,0.42275234705129605,26.98632375737966,1370.2277955039242,9.999999999999996,0.845023160991491,0.13229269494885795,0.02268414405965078
r03c13,1.886719755372342,0.7431844567278054,0.5914484880821511,0.36331748635119826,27.664998086760598,1463.1982421388457,79.99999999999999,0.3194431138342359,0.08456208021295011,0.5959948059528155
r03c14,,,,,,,,,,
r03c15,,,,,,,,,,
r03c16,,,,,,,,,,
r03c17,,,,,,,,,,
r03c18,,,,,,,,,,
r03c19,,,,,,,,,,
r03c20,,,,,,,,,,
r03c21,,,,,,,,,,
r03c22,,,,,,,,,,
r03c23,,,,,,,,,,
r03c24,1.9981849999999999,0.699055,0.32978542881379896,0.1698036100754595,,,80,0.00040608932266424184,0,0.9995939106773357
r03c25,2.1675570239965003,0.6398138252162652,0.41908582918438503,0.25526053580526775,27.501972562054164,2366.94673153363,79.99999999999997,0.029900633265748384,0,0.9700993667342516
r03c26,,,,,,,,,,
r03c27,,,,,,,,,,
r03c28,,,,,,,,,,
r03c29,1.5197161538461539,0.4049515384615384,0.30639018972445725,0.1584952992303716,,,80,0.0009113772475635118,0,0.9990886227524365
r03c30,2.5816617618282534,0.7646707171213756,0.7196200671379263,0.49998400887606503,26.107666166890265,2344.340979725731,10.00000000000001,0.6216018585441716,0.005409706894257957,0.3729884345615673
r03c31,2.2082783516169013,0.5762479236630811,0.7234979901228891,0.5191171514636622,25.992379711844155,2139.458686911079,10.000000000000057,0.952502628335102,0.016310432225742036,0.031186939439156267
r03c32,1.6639570333758786,0.5588595094836304,0.5785921287923951,0.3674922341883047,27.05246167628497,2107.0226105847087,80.00000000000018,0.13562537055389756,0.023134072543643726,0.8412405569024566
r03c33,,,,,,,80,0,0,1
r04c00,,,,,,,,,,
r04c01,,,,,,,,,,
r04c02,,,,,,,,,,
r04c03,,,,,,,,,,
r04c04,,,,,,,,,,
r04c05,,,,,,,80,0,0,1
r04c06,,,,,,,,,,
r04c07,,,,,,,80,0,0,1
r04c08,2.4424659268691404,0.9720170805410826,0.6608929001472411,0.4181748197590793,25.43380115234022,3055.9492718084316,10,0.6060762948551494,0.04401671277001654,0.34990699237483325
r04c09,1.6214065556428525,0.761827587062317,0.5605566935343633,0.34628187172169606,25.538535502528692,1486.383361489573,10.000000000000046,0.6334482511464501,0.3616986349573899,0.00485311389616324
r04c10,0.891675990270456,0.43138510486978776,0.4181199660891876,0.2653099831873227,28.149115620123254,1192.4296629072658,40.00000000000002,0.39972094322298213,0.45153396173195476,0.14874509504506095
r04c11,1.0785485199515341,0.5162872572771782,0.336839395561665,0.19784478437692424,27.84482908130503,1380.3445831199717,79.9999999999997,0.04925428247435197,0.028178374191756138,0.9225673433338918
r04c12,1.9609348477720474,0.7985337089495476,0.5455874884439689,0.3324279812056535,27.551402038435196,1324.2081219642166,80.00000000000024,0.39745485001918146,0.07537902033041634,0.5271661296504028
r04c13,,,,,,,80,0,0,1
r04c14,,,,,,,,,,
r04c15,,,,,,,,,,
r04c16,,,,,,,,,,
r04c17,,,,,,,,,,
r04c18,,,,,,,,,,
r04c19,,,,,,,,,,
r04c20,,,,,,,,,,
r04c21,,,,,,,,,,
r04c22,,,,,,,,,,
r04c23,,,,,,,,,,
r04c24,2.69292357563851,0.7033835756385071,0.567410685109734,0.3959259165418237,27.435307710654513,2263.177932824714,80.00000000000043,0.034872792356917176,0,0.9651272076430828
r04c25,,,,,,,80,0,0,1
r04c26,,,,,,,,,,
r04c27,,,,,,,,,,
r04c28,,,,,,,,,,
r04c29,2.0844804958677687,0.5537347107438019,0.3380876222377936,0.18165904615437167,,,80,0.004088414104897489,0,0.9959115858951025
r04c30,2.577047748163391,0.8725741898744845,0.6810156259427436,0.45951790440531726,25.482359183530594,2503.37495592127,10.000000000000007,0.5602780276040157,0.0023309527230286984,0.43739101967293875
r04c31,2.070087784317526,0.48278031692682266,0.6612685299183542,0.4606975912111733,26.769824264850413,1931.3811600482898,79.99999999999991,0.37578263456515626,0.011454502920993388,0.6127628625138394
r04c32,2.336005573365104,0.7290455919867046,0.4926385988720088,0.3238920830273397,27.454657140016536,1611.202251937015,79.99999999999999,0.04507143693511569,0.0039590223512439215,0.9509695407136391
r04c33,,,,,,,,,,
r05c00,,,,,,,,,,
r05c01,,,,,,,,,,
r05c02,,,,,,,,,,
r05c03,,,,,,,80,0,0,1
r05c04,1.3810428571428572,0.32743714285714287,0.22545823665331746,0.11759633973413604,,,80,0,0,1
r05c05,1.9392168421052636,0.17858947368421055,0.2643205613099449,0.1300612522518942,,,80,0.0009812605173894757,0,0.9990187394826106
r05c06,,,,,,,,,,
r05c07,2.056946777061817,0.8070869404105919,0.6246629110663207,0.3617041062651292,26.985137688334632,2939.0357670152453,80.00000000000047,0.10347020647896017,0.007388073510096938,0.8891417200109433
r05c08,2.0616225195457805,0.8973874516155654,0.6372675928854429,0.4002272642413324,25.24942683487212,2616.4234881666325,9.999999999999986,0.8278991301402868,0.08015393660381995,0.09194693325589275
r05c09,1.4170769433099357,0.7012028705782178,0.5342968814848503,0.32925951220620153,25.330613384146982,1455.5493357512644,9.999999999999977,0.6994499099667808,0.2964066708376485,0.004143419195571369
r05c10,1.0493765005328957,0.46871824989415284,0.4975281481015593,0.31882196892646686,27.700977622781256,1113.2072856474035,40.000000000000085,0.5150220871504582,0.48015851695508355,0.004819395894457388
r05c11,1.1658383213475525,0.49636703815708805,0.49515829162847946,0.3150388980871063,27.991465717085255,1292.7266164475675,39.99999999999999,0.25694643529594,0.40513942879814346,0.3379141359059177
r05c12,,,,,,,80,0,0,1
r05c13,,,,,,,,,,
r05c14,,,,,,,,,,
r05c15,,,,,,,,,,
r05c16,,,,,,,,,,
r05c17,,,,,,,,,,
r05c18,,,,,,,,,,
r05c19,,,,,,,,,,
r05c20,,,,,,,,,,
r05c21,,,,,,,,,,
r05c22,,,,,,,,,,
r05c23,,,,,,,80,0,0,1
r05c24,2.8409053225806464,0.9170297837646214,0.6610738006309205,0.4730253587989897,27.28536087014616,2175.99365316433,80.00000000000001,0.09492398486398582,0.0001005195745118099,0.9049754955615025
r05c25,,,,,,,80,0,0,1
r05c26,,,,,,,,,,
r05c27,,,,,,,,,,
r05c28,,,,,,,,,,
r05c29,2.2599273155859474,0.7693791993867937,0.3989488807963594,0.220790659707123,,,79.99999999999973,0.01548745340506299,0,0.9845125465949368
r05c30,2.4366764768627447,0.6962818685829671,0.6538504689703906,0.4583663664862439,26.04533457831824,2754.7439457195824,80.00000000000084,0.49003853094568506,0.0008530433798113478,0.5091084256744958
r05c31,2.1722987668262355,0.44899285924653054,0.6706939592343663,0.4793345104744348,26.389341338015,2001.2509194741806,79.99999999999906,0.3099770315283585,0.005070698890442197,0.6849522695812015
r05c32,,,,,,,80,0,0,1
r05c33,,,,,,,,,,
r06c00,,,,,,,,,,
r06c01,,,,,,,,,,
r06c02,,,,,,,,,,
r06c03,,,,,,,80,0,0,1
r06c04,1.2523628748524203,0.3950902066115702,0.2139001071180382,0.08886592894034072,,,80,0.00017404796106567573,0,0.9998259520389343
r06c05,0.9659495652173913,0.43563826086956525,0.18308830446200025,0.0917946940407409,,,80,0,0,1
r06c06,,,,,,,80,0,0,1
r06c07,2.5778647453338133,1.0729581072916679,0.6654210403344942,0.4086698406132744,25.119967964338464,3209.6094536723513,79.99999999999999,0.4992821963265141,0.00700972195501381,0.4937080817184691
r06c08,2.0585377351015053,1.0057425453936393,0.6211704999074721,0.38220815739651304,22.624475289386368,2068.1058719267617,9.999999999999988,0.8554074312732275,0.13745291097617793,0.007139657750593588
r06c09,1.3151319021875496,0.6645573564378926,0.5321032708393131,0.3342932457064963,25.827836972931657,1173.6863656018472,9.99999999999999,0.6012120260761104,0.38084668393912835,0.017941289984763062
r06c10,1.2125002775288063,0.535787883962386,0.5563014805803543,0.34489223612110437,26.435075125177,1167.403079108813,40.00000000000004,0.5072239154671769,0.491187007483236,0.0015890770495861815
r06c11,1.12057855114376,0.4909079880544254,0.5152293017517412,0.3289561185647882,27.85170211431556,1201.2000908003217,39.99999999999996,0.32050624113724346,0.48951819043970296,0.1899755684230529
r06c12,,,,,,,80,0,0,1
r06c13,,,,,,,,,,
r06c14,,,,,,,,,,
r06c15,,,,,,,,,,
r06c16,,,,,,,,,,
r06c17,,,,,,,,,,
r06c18,,,,,,,,,,
r06c19,,,,,,,,,,
r06c20,,,,,,,,,,
r06c21,,,,,,,,,,
r06c22,,,,,,,,,,
r06c23,,,,,,,80,0,0,1
r06c24,2.65722650246681,0.8890278808736194,0.5981560660692034,0.38778406365217394,27.26252091339016,2349.853315523412,80.00000000000018,0.10207377267105192,0.0007579723331841634,0.8971682549957647
r06c25,2.4753447168199996,0.6525278766352243,0.4871692899149572,0.2952415586399801,27.448609100574856,2330.0157666464875,79.9999999999991,0.025915899536426104,0.00012179197548494603,0.973962308488089
r06c26,,,,,,,80,0,0,1
r06c27,,,,,,,,,,
r06c28,,,,,,,,,,
r06c29,2.2099838816309334,0.7404281815308439,0.36346698995114907,0.20194528651904625,,,80.00000000000007,0.008352866273155998,0,0.991647133726844
r06c30,2.562013656040451,0.7878825078203323,0.5936183113563775,0.38959691466226887,26.364921547840158,2983.684988478972,80.00000000000007,0.3893838691881717,0.0010894076114702422,0.6095267232003488
r06c31,2.6112466998357693,0.9839865921565583,0.6972597318825566,0.4715439323084144,25.439212397141194,2228.9558391967607,10,0.683971082854628,0.006502093876216762,0.30952682326915587
r06c32,,,,,,,80,0,0,1
r06c33,,,,,,,80,0,0,1
r07c00,,,,,,,,,,
r07c01,,,,,,,,,,
r07c02,,,,,,,,,,
r07c03,,,,,,,,,,
r07c04,,,,,,,,,,
r07c05,,,,,,,,,,
r07c06,1.774928135596842,0.6975864509533195,0.5712458281580816,0.33958762042994256,26.80455433752496,2982.7038428961646,80.00000000000063,0.16276004538301858,0.016022700751685194,0.8212172538652983
r07c07,2.413738792757977,1.038972289671496,0.6662227976904941,0.41611438528038286,23.954053437137897,3035.287260264582,9.999999999999963,0.9156172723469408,0.027512660138649128,0.05687006751441009
r07c08,1.3602408828125796,0.7652769988096425,0.5064923044571649,0.3144516182871559,23.50834607705813,1153.143795592816,40.00000000000007,0.4809760356154594,0.5006007592685696,0.018423205115971963
r07c09,1.3557055839239285,0.7316454521908089,0.5192823610256125,0.3214872462200997,24.10160983020832,1075.8142737683302,10.000000000000004,0.6265353238519871,0.36676885741293147,0.006695818735079149
r07c10,1.2795586473763656,0.6250044765403336,0.5599666238574996,0.3491182801127559,25.547166033071626,1091.5432744997395,39.999999999999915,0.5381390751772711,0.45980300982529704,0.002057914997429384
r07c11,1.0885840468045114,0.4931186074919457,0.5266541948168197,0.3332245944395906,27.5092489827484,1207.229608640141,40.00000000000001,0.3431947100903348,0.6324337530973551,0.02437153681230943
r07c12,1.0994210630555703,0.4812830504110642,0.45511129120779986,0.2701550060241283,27.825002672305857,1244.5763701459002,79.99999999999935,0.15253791104829428,0.1370898326900134,0.7103722562617023
r07c13,,,,,,,,,,
r07c14,,,,,,,,,,
r07c15,,,,,,,,,,
r07c16,,,,,,,,,,
r07c17,,,,,,,,,,
r07c18,,,,,,,,,,
r07c19,,,,,,,,,,
r07c20,,,,,,,,,,
r07c21,,,,,,,,,,
r07c22,,,,,,,,,,
r07c23,,,,,,,,,,
r07c24,2.7368892078126543,0.8900204372435333,0.6339593641472762,0.40604270751836474,27.060484483538946,2302.732473485392,80.00000000000017,0.3232145052408176,0.0011067966891077027,0.675678698070077
r07c25,2.435324937325543,0.7224535529395449,0.4325163717056813,0.2558966735190168,27.448602617238038,2207.074564487924,80.00000000000004,0.01783682166763224,0,0.9821631783323672
r07c26,,,,,,,80,0,0,1
r07c27,,,,,,,,,,
r07c28,,,,,,,,,,
r07c29,2.1873153010291233,0.7515150268738817,0.37858004968958797,0.20402122895930216,,,79.99999999999977,0.024392397755446212,0,0.9756076022445535
r07c30,2.495029341378778,0.7773376466578028,0.6070858873085713,0.4004235518820597,25.96289702069571,3301.3828056747057,80.00000000000017,0.4235192987036616,0.023868443642721855,0.5526122576536161
r07c31,2.4452454637143215,1.0358438584602374,0.6743680361623061,0.4508728242665854,25.4069188452328,1832.9089030351859,10.000000000000037,0.9164448887518625,0.04914620744140591,0.0344089038067322
r07c32,1.3868104436608375,0.5552472955564591,0.444178832535472,0.2807540816077201,27.60165484235317,1239.2053393494584,80.00000000000016,0.05473573561197694,0.033616925631378955,0.9116473387566434
r07c33,1.669144424236518,0.5259624516157744,0.6186342437260705,0.42015867568115484,26.942884346137927,1889.62193165827,80.00000000000026,0.4381086421284263,0.05486659809296814,0.507024759778604
r08c00,,,,,,,,,,
r08c01,,,,,,,,,,
r08c02,,,,,,,,,,
r08c03,,,,,,,,,,
r08c04,,,,,,,,,,
r08c05,,,,,,,,,,
r08c06,2.047233281120348,0.8777898071643894,0.6109288908082967,0.36759823912668765,25.732517903762233,3607.602356826582,80.00000000000001,0.46663778474503775,0.0183504769112844,0.5150117383436796
r08c07,2.1032168821909143,1.0246322943171953,0.6125036113055461,0.3759953221937851,23.240025322622575,2137.505582527185,10,0.8825237232753689,0.10190601068755843,0.015570266037073378
r08c08,1.1603733384337973,0.6550846407094797,0.45966138605246865,0.2809472150010185,24.04317543201489,1033.0996795212718,39.99999999999998,0.48990027371267225,0.49988619369287435,0.010213532594450698
r08c09,1.0840013254821799,0.6063567318429857,0.4388376412901158,0.2769498864773745,23.987620813801712,992.4374790933523,40.00000000000009,0.2461689918017249,0.7485677008238947,0.005263307374381762
r08c10,1.1120613020342345,0.5853040365450656,0.4765760262495297,0.3010458188728998,24.915911799839666,982.8335137333645,39.999999999999986,0.37406185606811476,0.6232130902575419,0.0027250536743406925
r08c11,1.15062525280695,0.4894064468778602,0.5503947676228103,0.34233800117267216,27.024528147943755,1116.1208603421062,39.99999999999997,0.5924882708595393,0.4018040656589775,0.0057076634814840635
r08c12,0.9704577620183858,0.4241623985537069,0.3913844315647722,0.23503999088923766,27.986190115095763,1187.7655653417341,80,0.15267138864309307,0.23450295076644515,0.6128256605904672
r08c13,,,,,,,,,,
r08c14,,,,,,,,,,
r08c15,,,,,,,,,,
r08c16,,,,,,,,,,
r08c17,,,,,,,,,,
r08c18,,,,,,,,,,
r08c19,,,,,,,,,,
r08c20,,,,,,,,,,
r08c21,,,,,,,,,,
r08c22,,,,,,,,,,
r08c23,,,,,,,,,,
r08c24,2.8228051929607134,0.9762182845466137,0.6752677291327978,0.4413867218691583,27.157267040449018,2171.0686557136305,80.00000000000003,0.21441121521131848,0.0019148494690944338,0.7836739353195858
r08c25,2.7289446329703306,0.8419579602720115,0.5328364339895726,0.3249891651673561,27.163424433635452,2157.1048283835485,80.00000000000009,0.05167534522501804,0.000794267279028803,0.947530387495952
r08c26,2.2979673333333333,0.9085440000000001,0.3472111893754715,0.19031056227545384,,,80,0.002187684569129358,0,0.9978123154308707
r08c27,,,,,,,,,,
r08c28,,,,,,,,,,
r08c29,1.9925096103896107,0.7635496103896103,0.3497271410023848,0.16293994561605715,,,80,0.006996634723982262,0,0.9930033652760176
r08c30,2.8299063958548207,1.1955837726683378,0.6904502262210568,0.4483701435125062,24.65607716848957,3088.8405106206283,9.999999999999952,0.6306598279876402,0.022589983142759954,0.3467501888695974
r08c31,1.987579232207684,0.8479933909263373,0.6388287279412179,0.4304744998818107,26.221991067205625,1407.0502387111483,9.999999999999943,0.7334737697860103,0.24637135507753746,0.020154875136450326
r08c32,1.0735523320065425,0.45733246673683103,0.43355991579435116,0.26090585924186377,27.965450259841894,1340.9762977635892,79.99999999999936,0.2022210470128759,0.321858381391457,0.4759205715956622
r08c33,1.5611506740047656,0.5581768439012682,0.6108421401349531,0.4007649386239977,27.12945936420995,1583.098672251631,10,0.6665896881730177,0.3036114068678078,0.029798904959171143
r09c00,,,,,,,,,,
r09c01,,,,,,,,,,
r09c02,,,,,,,,,,
r09c03,,,,,,,,,,
r09c04,,,,,,,,,,
r09c05,,,,,26.661820485985118,3194.729460801704,80,0,0,1
r09c06,2.2614334913476686,1.0370110504705599,0.6139734719897754,0.3645147148772192,24.99429598703739,2584.5628479914353,10.000000000000039,0.6687892284382568,0.029267679016334803,0.3019430925454096
r09c07,1.3056961803481473,0.6654169166794761,0.4876324279366374,0.3024118605071341,24.708543416342142,1106.5694962707073,39.99999999999991,0.3321418352598466,0.6575666021080687,0.010291562632082678
r09c08,0.8741502781450045,0.47787931399432926,0.38054466867873005,0.2364981179276719,25.252153043186077,854.0438291213785,39.99999999999989,0.25567205468550275,0.7403355428086833,0.003992402505812418
r09c09,0.808820231111101,0.4222964558644361,0.38715101625060794,0.24760567281961549,26.764056625584743,782.8441681946936,40.00000000000016,0.25856264443061233,0.7293797207298435,0.012057634839544942
r09c10,0.8680581502066633,0.3838458037060203,0.4223207232483203,0.26175159838481404,27.679062290530116,855.1467101905944,39.99999999999994,0.4708202864103961,0.5099810295373914,0.019198684052209765
r09c11,1.0451508906750755,0.42281765484781464,0.4911979068622547,0.299920674728114,27.980671441414657,1005.7343853624598,40,0.5948857725767167,0.3691169455605215,0.03599728186276262
r09c12,1.0443354166290848,0.40843375893996275,0.41122816065958795,0.2512393085099373,28.280363927152084,1086.1207015006544,79.99999999999996,0.09294996618671987,0.19457556951827784,0.712474464295007
r09c13,,,,,,,,,,
r09c14,,,,,,,,,,
r09c15,,,,,,,,,,
r09c16,,,,,,,,,,
r09c17,,,,,,,,,,
r09c18,,,,,,,,,,
r09c19,,,,,,,,,,
r09c20,,,,,,,,,,
r09c21,,,,,,,,,,
r09c22,,,,,,,,,,
r09c23,,,,,,,,,,
r09c24,,,,,,,,,,
r09c25,2.368961428571428,0.619317619047619,0.3880068554637763,0.2026065966534041,,,80.00000000000003,0.004439957208580044,4.3211674676077684e-05,0.995516831116744
r09c26,,,,,,,80,0,0,1
r09c27,,,,,,,,,,
r09c28,,,,,,,,,,
r09c29,2.422083110364721,0.8291566773926435,0.628728560187052,0.40590988562603025,25.827907887713582,3978.5389085299794,79.9999999999998,0.15455693803260043,0.004300082048512469,0.841142979918885
r09c30,2.7366027967396995,1.172462475666731,0.6999481645853023,0.46707302056591704,24.658173359950414,2377.0914866500098,9.999999999999961,0.9470654639146715,0.016928315063432394,0.036006221021896115
r09c31,1.5827402088646374,0.6992485651193785,0.5704143564821367,0.3824596968130446,26.663052548682558,1306.2129329830082,40.00000000000001,0.4992129859766114,0.4645836570039577,0.03620335701943102
r09c32,1.220515139942391,0.4932139025739661,0.5288409738645806,0.3318426138641699,28.096865005676978,1299.4522280778633,40.000000000000064,0.26751319712586297,0.7147214502638651,0.017765352610274038
r09c33,1.7615674556212215,0.7486531519073397,0.6304213841109435,0.4086776223894178,25.70707381030375,1539.1365713307325,10.000000000000009,0.6362912973097777,0.3458307732578833,0.01787792943233601
r10c00,,,,,,,,,,
r10c01,,,,,,,,,,
r10c02,,,,,,,,,,
r10c03,,,,,,,,,,
r10c04,,,,,,,,,,
r10c05,1.6934714695038744,0.6918662561563875,0.5697260156188688,0.336555311082423,26.413642346681588,3338.7799558022807,79.99999999999996,0.3399939654141624,0.02078114482337934,0.6392248897624618
r10c06,1.690710231354622,0.7644365910258512,0.5576587384476558,0.3362688708897388,24.315368849892472,1996.250368032732,10.000000000000007,0.6902258769400076,0.2893173719515594,0.02045675110843374
r10c07,0.881598114016804,0.4699096494229193,0.3950403418146457,0.22982599277116209,25.146227076873192,946.0523862888821,39.99999999999985,0.14612998309488967,0.848280000398772,0.005590016506337388
r10c08,0.843649426173513,0.4112228941732515,0.39942864628000374,0.2477287140588537,26.293703351419296,809.1826702037309,40.00000000000019,0.1991373372241456,0.7893225147610503,0.011540148014804335
r10c09,0.7998720783390136,0.3870356800166619,0.394569587682652,0.24714480112561854,27.10518222474197,846.5065815364587,39.99999999999991,0.14526042578624873,0.8441547734461469,0.01058480076760556
r10c10,1.0230734341004042,0.4317667824334448,0.4577906995151807,0.28250399063701914,27.181782645968084,899.1645828571652,39.99999999999976,0.4737038687630574,0.5137492876595753,0.012546843577361355
r10c11,0.9709517393406272,0.4236093381110596,0.4557678454225313,0.2872655563745504,27.723976934103053,977.1979304729481,39.99999999999978,0.45207248321149435,0.5401687937237143,0.007758723064791278
r10c12,0.9615673007289782,0.4020547242094577,0.42297554040947155,0.25377553198778596,28.04491006578259,1162.173397129634,79.99999999999999,0.1047700179541729,0.3224943405323976,0.5727356415134287
r10c13,0.8007802400861003,0.3401049262356156,0.24724920441741335,0.11710122397538632,28.042115422601626,1272.0472470184397,80.00000000000037,0.03048624782366262,0.02239129692638574,0.9471224552499501
r10c14,,,,,,,,,,
r10c15,,,,,,,,,,
r10c16,,,,,,,,,,
r10c17,,,,,,,,,,
r10c18,,,,,,,,,,
r10c19,,,,,,,,,,
r10c20,,,,,,,,,,
r10c21,,,,,,,,,,
r10c22,,,,,,,,,,
r10c23,,,,,,,,,,
r10c24,,,,,,,,,,
r10c25,,,,,,,80,0,0,1
r10c26,1.1975019565642149,0.42578900208987863,0.39536252798875493,0.21989843838463277,27.159105923474897,2645.4347949418584,80.00000000000009,0.0970848505101622,0.07414021824199908,0.8287749312478399
r10c27,1.4312719744144538,0.42923792342998995,0.45036052213401934,0.2761671143983535,27.10024066674974,2515.0352854274006,79.99999999999999,0.15028640059443638,0.10581202318547737,0.743901576220087
r10c28,,,,,,,80,0,0,1
r10c29,2.338301285660148,0.8149962738758278,0.6623910177824417,0.4449906915156428,25.958140083550212,3591.597109268437,9.999999999999947,0.3917619248542789,0.03904841867111834,0.5691896564745964
r10c30,2.790053114070039,1.25184139034322,0.7111862029805992,0.4717708788539363,23.753351101408438,2602.130256088245,9.999999999999826,0.9864142042245341,0.009057197183643464,0.004528598591821734
r10c31,1.8282087444244817,0.8245460072095586,0.6119917216294155,0.4087960682885289,25.978963942638746,1435.3755772681463,9.999999999999956,0.5170958685103116,0.47946502091473037,0.0034391105749604174
r10c32,1.1659082529753853,0.4829776547657849,0.5225876108867249,0.3319719109362395,27.846588245856754,1391.6920438014079,39.99999999999915,0.16097758691854183,0.8307219721366003,0.008300440944854387
r10c33,1.329172291033022,0.6104593061979745,0.5353902823950627,0.35009148848270466,26.515605871703244,1350.136728269881,39.999999999999275,0.2776169130324797,0.7151230099069837,0.007260077060537851
r11c00,,,,,,,,,,
r11c01,,,,,,,,,,
r11c02,,,,,,,,,,
r11c03,,,,,,,,,,
r11c04,,,,,,,80,0,0,1
r11c05,1.526317852166731,0.6353489172832455,0.5539010006552344,0.33361403425842895,25.686100741861104,3046.3800187978422,9.99999999999999,0.6262950653776734,0.025749976861636603,0.34795495776069063
r11c06,1.160293597639549,0.5884597441830008,0.48101479244419465,0.28503331348055805,24.866034011462926,1298.6083272588412,40.00000000000018,0.36347267422251545,0.6245562610381044,0.011971064739378909
r11c07,0.858563686699313,0.44346932831841357,0.3937859865687515,0.23068374980518147,26.090070453822722,926.3666141056904,39.999999999999936,0.18751637820331513,0.7865204568851336,0.025963164911550724
r11c08,0.8232319430098279,0.3954089670873375,0.40357455772481476,0.2456624405479641,26.657283776440323,920.9132535833536,40.00000000000019,0.08988806349707584,0.8964833742091868,0.01362856229373887
r11c09,0.8666453658743423,0.39571871629088334,0.411815081686167,0.265837092382547,26.51022316856886,1011.4585259791108,39.999999999999964,0.10679638687203198,0.8702910286984435,0.022912584429524825
r11c10,0.9906780358684427,0.46232425685659734,0.4373342569357668,0.2829451477595421,26.056442631177,997.6062006126921,40.00000000000014,0.3226951112090001,0.6597912925535565,0.017513596237436684
r11c11,0.9784572085233535,0.4177534451341545,0.47312144209581947,0.3002516401887067,27.688696365266686,1054.9892695092985,39.99999999999993,0.3769905029486215,0.5888118066703625,0.034197690381017075
r11c12,1.030737641060678,0.42211214677877,0.5155053809786735,0.327958650798419,28.032634221271447,1224.4431917099223,39.99999999999993,0.24725446260314826,0.7334223485023749,0.019323188894475683
r11c13,1.0942720925957627,0.3930205685760533,0.4981555388295378,0.2924029388330171,27.796499039391833,1334.3501052676404,80.00000000000009,0.24337853948750623,0.40914174648696927,0.34747971402552613
r11c14,1.3230247529883155,0.40917301319698673,0.49438765130311196,0.29287306267623886,27.690795890593794,1382.91008400522,80.0000000000002,0.12246989435988384,0.171360855735996,0.7061692499041154
r11c15,,,,,,,,,,
r11c16,,,,,,,,,,
r11c17,,,,,,,,,,
r11c18,,,,,,,,,,
r11c19,,,,,,,,,,
r11c20,,,,,,,,,,
r11c21,,,,,,,,,,
r11c22,,,,,,,,,,
r11c23,,,,,,,,,,
r11c24,,,,,,,,,,
r11c25,,,,,,,80,0,0,1
r11c26,1.6100055574517647,0.5801077309566358,0.5349657562753551,0.35090913641883126,26.62411294225908,2594.37469139089,79.99999999999956,0.34084702336194916,0.3067457966804117,0.3524071799576628
r11c27,1.06950708884848,0.376568478637525,0.4621253111656236,0.28576755282862626,27.02270653256265,2310.6924826337918,39.99999999999997,0.17105379229352108,0.6700347390316295,0.15891146867486347
r11c28,0.9943786866224329,0.3862508165412687,0.3936100628376599,0.2522601596723321,27.25088411941816,2411.150884232448,39.99999999999998,0.08924161263681075,0.4040084262100444,0.5067499611531453
r11c29,1.5058971647459969,0.5725495226071965,0.49874851589609565,0.31956422936682344,26.865943665975852,3335.8459536263417,79.99999999999982,0.34100497066760715,0.29554900952302554,0.36344601980936675
r11c30,2.2960186835075995,1.0609260714206432,0.6367007729413128,0.41577185268737477,24.211641565168954,2370.603713824198,10,0.8402910297039348,0.15705383810592516,0.0026551321901391064
r11c31,1.5228543620701767,0.6472129267530197,0.58143365444784,0.38864937662622934,26.759867811826336,1471.6753451941895,39.99999999999997,0.40181803696912644,0.5937913391149873,0.004390623915902108
r11c32,1.458451928636687,0.5842933290633607,0.5819345803575822,0.3792462445268091,26.566475403911003,1691.7073200197428,39.99999999999992,0.39872506185287543,0.5972526027574208,0.004022335389715852
r11c33,1.9782732001376686,0.8785291716704274,0.6574747194870862,0.4269070940470428,24.530735670105678,1528.575963857969,10.00000000000011,0.7313760913362086,0.2667073579329632,0.0019165507308407583
r12c00,,,,,,,,,,
r12c01,,,,,,,,,,
r12c02,,,,,,,,,,
r12c03,,,,,,,,,,
r12c04,,,,,26.9570090967523,2371.3259056469037,80,0,0,1
r12c05,1.5158020427210142,0.657082847899083,0.5310868738711647,0.31833699980556895,24.82142625069766,2906.966001219126,9.999999999999995,0.7199772845474469,0.08349954717872284,0.19652316827383143
r12c06,0.9394129244105719,0.4937089122567807,0.40728911061554135,0.2442552672057864,25.06053220290731,1037.9820956237945,40.000000000000114,0.3828308115312566,0.6088802337766631,0.008288954692080805
r12c07,0.8005878108720879,0.4006738091754181,0.3952486952811459,0.23415553841497175,27.04105308237887,950.0218320107123,39.99999999999996,0.1496670869363037,0.8417043015330712,0.008628611530624539
r12c08,0.8056038785076222,0.4138071967346863,0.40815682295992245,0.23440853570799522,26.45320603967095,1085.935622526645,40.000000000000156,0.034938275718173754,0.9538836032884483,0.01117812099337826
r12c09,0.8897758096211925,0.44926207405427554,0.43054592725491847,0.2550954931582762,25.800286741650073,1112.5132350297126,39.99999999999999,0.14607218075434208,0.8340887871804291,0.01983903206522921
r12c10,0.9279524633100544,0.44828355044380436,0.43877743506622463,0.27920543181358665,25.71097679124987,1034.0246352484187,40.00000000000003,0.2922534330978654,0.6964213946064083,0.011325172295721348
r12c11,0.970224054155335,0.42660442506344626,0.4838666260901883,0.3088778091738861,27.123927454528598,1191.8664388508735,39.99999999999987,0.1052474843527819,0.8745658474695388,0.020186668177679973
r12c12,1.1703503680420455,0.4381721626329626,0.5406638801895327,0.3419711845800875,27.631584443043067,1413.9645961164981,39.999999999999936,0.45255063583389493,0.5297268915459938,0.017722472620108835
r12c13,1.4141750052929751,0.5017716944029523,0.6081692406371895,0.3825990885643886,26.788397183350376,1723.6970111532169,10.000000000000028,0.7879592235333152,0.19126033387485028,0.02078044259183524
r12c14,1.5944851155551527,0.6277862483156474,0.6227015298952255,0.39186222344025906,25.62414790197041,1490.8077529128166,10.000000000000007,0.626176770960932,0.17577078998066958,0.19805243905839695
r12c15,1.3831367623129178,0.5554089142591545,0.5383147949876377,0.3201487401644655,26.954270836867718,1232.6498728504014,80.00000000000053,0.23120533995122142,0.09785866007126552,0.6709359999775093
r12c16,,,,,,,80,0,0,1
r12c17,,,,,,,,,,
r12c18,,,,,,,,,,
r12c19,,,,,,,,,,
r12c20,,,,,,,,,,
r12c21,,,,,,,,,,
r12c22,,,,,,,,,,
r12c23,,,,,,,,,,
r12c24,,,,,,,,,,
r12c25,,,,,,,80,0,0,1
r12c26,2.1210141351714142,0.6988149799807127,0.6670485190148977,0.45419800215532047,25.713440136000596,2850.8849528800733,10.000000000000004,0.4872527222574916,0.07984201071843748,0.43290526702407367
r12c27,1.1277440297866925,0.42368219757174325,0.5075083919975104,0.33153225472991593,26.79404160273632,2024.6263696185154,39.99999999999997,0.22288024806362527,0.7381738355774458,0.038945916358931014
r12c28,1.3339011175191973,0.4099548389695187,0.5495617300648243,0.3580677062107147,26.701036176051506,2473.8069628997214,40,0.5171006272754425,0.41789779080594325,0.0650015819186149
r12c29,2.3137249545467773,0.9344879225376722,0.6320420252269996,0.4196368043189283,25.3829150774099,2924.4358354148553,9.999999999999977,0.8702377501447612,0.10997652562654041,0.019785724228698287
r12c30,2.296159666501622,1.1486914513909967,0.6280017546964591,0.4015930020800986,23.623738354075414,1722.3961575441144,10.00000000000004,0.9563827860974953,0.03255843253051256,0.011058781371991644
r12c31,1.7757607852064035,0.7378284930865234,0.6295165143746162,0.4141965864816877,26.606681225330917,1366.6982881936046,10.000000000000032,0.7037512993058633,0.2912558842184455,0.004992816475692964
r12c32,1.9190260429568504,0.8023852993785011,0.6361458986378833,0.41927937480688654,25.52880946520176,1520.155343588743,9.999999999999993,0.7172224559878491,0.2633175249382464,0.019460019073903462
r12c33,1.9044298402781479,0.8432907754937078,0.6565758769553094,0.43659912101585896,24.982419461490398,1300.8699583681453,10.000000000000016,0.8348650839267288,0.16008511146651178,0.005049804606762975
r13c00,,,,,,,,,,
r13c01,,,,,,,,,,
r13c02,,,,,,,,,,
r13c03,,,,,,,,,,
r13c04,1.2081956711128559,0.4742577259840471,0.42751049054594387,0.2445156905420075,26.569659019094182,2720.491602923359,79.99999999999999,0.10911378681492714,0.04737295645507955,0.8435132567299936
r13c05,1.2109436062065986,0.536570781896756,0.46224810045686976,0.27536702150335135,24.663210109891477,2131.3468083816038,10.00000000000001,0.6802468002683847,0.2845692863743971,0.03518391335721793
r13c06,0.9011783576632898,0.46913351014152505,0.4136990840500251,0.244163224173328,25.51162249233282,939.8776899007659,40.00000000000009,0.26235900196581996,0.7224924966409544,0.015148501393226694
r13c07,0.8371961449519731,0.4223302473320951,0.4030498931150656,0.23505737116814623,25.982935751683655,1098.905741550467,39.99999999999994,0.12076108283219028,0.858342045934489,0.02089687123331974
r13c08,0.8677360097323582,0.43834889012829,0.4343302222615964,0.2562307849313215,25.837025293424833,1106.618971944399,39.99999999999971,0.07983940723782847,0.909855737565365,0.010304855196807551
r13c09,0.8935148225974959,0.41841557091996684,0.45352731015559017,0.27514253363205976,26.619360261466834,1066.4170208379105,39.999999999999446,0.12581853474932098,0.8540630597011108,0.020118405549568667
r13c10,0.9443243157440045,0.39156649851172803,0.480561496801278,0.30341475207298363,26.573605253061583,1098.1418228059317,40.00000000000017,0.29795563966314215,0.6712265410432527,0.030817819293593448
r13c11,0.9623897954147953,0.3798138089256303,0.4984725900168395,0.31732182509283563,27.48237725573658,1317.3315554956268,40.00000000000012,0.2817773054730127,0.6821347356058955,0.03608795892108913
r13c12,1.3053732211841618,0.4717290076910908,0.5721834184636216,0.34927184113052073,27.39335453785778,1643.008388460752,10.000000000000028,0.817737540108408,0.16368510167389305,0.01857735821770026
r13c13,1.3961354167527082,0.5601043693264327,0.5692733333176364,0.34844697939121516,26.18005440888766,1783.64564198013,10.000000000000066,0.8152766147729043,0.18082304667399418,0.0039003385530889984
r13c14,1.4341997201946712,0.6465310748863989,0.5515246887764235,0.33495718613876185,23.516675258601342,1766.719392924568,10.000000000000034,0.738695060362436,0.2372134420420382,0.02409149759550968
r13c15,1.3226312272522298,0.56003720255124,0.5848629685302826,0.3677746634183663,26.202352186722724,1527.2141125704757,10.000000000000007,0.5473635659156924,0.3830373590919815,0.06959907499231498
r13c16,1.4166184335341487,0.5802553685030877,0.5657241096798377,0.35357314414031493,26.099722019952612,1573.2194150060986,79.99999999999996,0.2325228438975437,0.19223732227397924,0.5752398338284779
r13c17,,,,,,,80,0,0,1
r13c18,,,,,,,,,,
r13c19,,,,,,,,,,
r13c20,,,,,,,,,,
r13c21,,,,,,,,,,
r13c22,,,,,,,,,,
r13c23,,,,,,,,,,
r13c24,,,,,,,,,,
r13c25,1.7737135840650051,0.7312672929351584,0.49681419434239693,0.31708202283202525,26.750210948906172,3386.2911396814943,79.99999999999987,0.07577564518228182,0.037004375290711655,0.8872199795270068
r13c26,2.2521059477596923,0.8431518047139,0.6782560120628056,0.43909563158102166,24.63905376269867,2770.083287858069,10.000000000000078,0.6881224824202558,0.0303386456263535,0.28153887195339095
r13c27,1.2555081548344051,0.46051619101128755,0.5363816464484797,0.35205955241376125,26.407301958639973,1681.4387298418844,40.000000000000135,0.46941914315498,0.5027405774453624,0.027840279399655228
r13c28,1.7838311684933168,0.6347141982204634,0.6316719891824898,0.40516013463989314,25.184266559788327,2469.078798534609,10.000000000000021,0.7022646465800311,0.2677395891399087,0.029995764280048368
r13c29,2.3851556371953726,1.0748035192573298,0.6421515351992185,0.40564635109939773,23.482419681490384,1678.1319220460753,10,0.9796117784513416,0.016505357322560022,0.0038828642260980094
r13c30,2.3503969490663,1.2158264167724135,0.6379568784393035,0.4045217409201303,23.203627779367388,1523.8601841413165,9.99999999999983,0.9431757451320134,0.0555936059421779,0.001230648925806838
r13c31,2.060863247063179,0.9645613622429514,0.6585037590140888,0.42400696672873645,25.37339548587762,1387.6594854717416,10,0.8441362651836014,0.15181416819051707,0.004049566625881151
r13c32,2.1159569535869287,0.9546493518070518,0.6651724078419364,0.432863058147592,25.380887554943925,1388.312183021064,9.999999999999984,0.9015084488340798,0.0952531762490995,0.003238374916819404
r13c33,2.383112658108231,1.0611123853846536,0.6852700526476649,0.4582508628940334,24.20623924753751,1796.261030750555,10.000000000000057,0.9269970992638678,0.06507427474674378,0.007928625989377226
r14c00,,,,,,,,,,
r14c01,,,,,,,,,,
r14c02,,,,,,,,,,
r14c03,,,,,,,,,,
r14c04,1.208372705391284,0.48254571998858486,0.43820172680592107,0.25540312076286237,26.7027946823483,2011.4030305746994,79.99999999999996,0.25879297493871145,0.15346378634810595,0.5877432387131848
r14c05,1.1001761955656582,0.47742271424407634,0.44442483365044727,0.2660596919941791,25.0048039597363,1886.6710547174657,40.0000000000001,0.591399680479073,0.37820634658129015,0.030393972939631954
r14c06,0.9095490319809121,0.4642481670929318,0.4232078187067043,0.25383149790766574,25.120146778906232,928.8632445399044,39.999999999999986,0.26059896637600394,0.7302608210009601,0.009140212623037904
r14c07,0.9157160743736025,0.44575116029248707,0.4284628435696966,0.25638793876295823,25.87634516292801,1007.6266217419691,39.9999999999998,0.12037674726715464,0.8503476396965202,0.02927561303632436
r14c08,0.9488197371056486,0.4364535185545654,0.4540918023912322,0.27653909563439616,26.412498599682003,1106.7471339592967,40.000000000000284,0.07708191416556892,0.8956572477441669,0.027260838090265024
r14c09,0.9306756462508893,0.43092448019915675,0.47239288307590216,0.28679291126990997,26.688619906156298,1184.1301523958923,39.99999999999993,0.1922742184951248,0.7931809519197573,0.014544829585121544
r14c10,1.006169041802743,0.4154873323616431,0.4913938436972652,0.3005018409680391,26.895940360528517,1262.161503483166,40.00000000000006,0.40780985797301633,0.5780682339440916,0.014121908082890908
r14c11,1.0615216918368646,0.3987096811614642,0.5026746340047286,0.3108745317385304,27.48994679769707,1432.3299107578612,39.99999999999997,0.4780855658583563,0.49920905701918955,0.02270537712245198
r14c12,1.3799065507110206,0.5047101494966857,0.6009019147613945,0.3590148250589086,26.420773103979663,1842.9484273253718,10.000000000000016,0.8923317274748038,0.1004882776336437,0.007179994891553141
r14c13,1.3765455896208618,0.6158810559589885,0.5384477873916249,0.3227868199934039,24.800694722692484,1578.952070014131,10.000000000000034,0.7131332439007271,0.28152873257886185,0.0053380235204114465
r14c14,1.2150860133566665,0.5288595943118475,0.4988825980679307,0.31206804078378436,24.948738208983663,1590.1092918897689,39.999999999999886,0.41322576285434787,0.5750060058548772,0.01176823129077291
r14c15,1.4878285364599788,0.5788309038786896,0.617670409689577,0.3865741860466436,24.796726637927378,1670.482410251055,10.000000000000039,0.8122904119204354,0.18487335986671902,0.0028362282128479104
r14c16,1.440702736438576,0.5499543683120834,0.6162588971948956,0.392573302496779,25.354731415797602,1653.6641488513976,10.000000000000002,0.6223350208016974,0.31417067498760903,0.0634943042106893
r14c17,1.277813069888933,0.469096693480957,0.5239535139439728,0.3155953783275297,26.761490221730725,1745.9020979885402,79.9999999999999,0.20571866489092078,0.19793868886615273,0.5963426462429274
r14c18,1.1922058924638335,0.5270409842625131,0.46129052885323946,0.2642122492129482,26.8301185551517,1834.9327222576464,80.00000000000013,0.06006958638287069,0.09087605796625331,0.849054355650876
r14c19,,,,,,,,,,
r14c20,,,,,,,,,,
r14c21,,,,,,,,,,
r14c22,,,,,,,,,,
r14c23,,,,,,,,,,
r14c24,1.8361449837983796,0.6100608586858685,0.48254115603862574,0.29284719475652876,,,80,0.013710440372606755,0.00041957416019901007,0.9858699854671944
r14c25,1.6577586068829817,0.6328245837314326,0.4885448160475223,0.2927401331037063,25.844652618935868,2908.8729039961017,80.00000000000041,0.3253030120162651,0.06912838089707132,0.60556860708666
r14c26,1.9311982501418634,0.7458455336157473,0.6432847041393398,0.4216467968099949,24.84900285810803,1951.0778117955665,10.000000000000075,0.8756586288368201,0.10810713948912272,0.01623423167405812
r14c27,1.2968797360132156,0.5110767749819112,0.5219138734755171,0.33738742201221145,26.351567281630288,1285.069088647205,10.00000000000006,0.6610389169592886,0.32266314415080116,0.01629793888990904
r14c28,2.126003951822587,0.9417348249171609,0.63711804934015,0.41372030774887375,23.42938584051343,1715.9161761267162,10.000000000000068,0.8181639310956357,0.17314201002919752,0.008694058875167995
r14c29,2.0778436750606435,1.0474059539585647,0.6044831412474541,0.37626899554839116,23.323917840634767,1350.8062747504453,10.000000000000046,0.8787895162485992,0.10961334920505082,0.011597134546349863
r14c30,2.5461941411470512,1.292120288917371,0.6679509182026628,0.4092143704967539,22.430935009743877,1311.2031101715006,9.999999999999996,0.9723401730296808,0.027092871920850938,0.0005669550494681329
r14c31,2.1487445902850832,1.0600915862815725,0.6535701461223907,0.4162975768319157,24.24826296529117,1355.3695259879287,10,0.804499261702788,0.19105703084898945,0.0044437074482258825
r14c32,2.274524858206798,1.0509789761160513,0.6668266523402131,0.43941736194215547,24.34421147856467,1545.0127123959749,9.999999999999977,0.8339105736404655,0.1634222216947734,0.0026672046647599405
r14c33,2.5946799874005237,1.2545255789755967,0.6864658237592736,0.44940784266265493,22.69781388715783,1644.2782100092197,9.99999999999995,0.9649758344222988,0.027385202132998367,0.007638963444703082
r15c00,,,,,,,,,,
r15c01,,,,,,,80,0,0,1
r15c02,1.1727770816308012,0.5748060230954718,0.4747988838923584,0.29147590771524967,26.556786965911314,1096.2205371852622,80.00000000000003,0.1071376613652293,0.21699827354846285,0.6758640650863053
r15c03,1.0095253168646134,0.4846228161445041,0.3941639135026999,0.23888997335103482,26.894272808284676,959.7042396923135,79.99999999999997,0.05965161989702027,0.17422665844256668,0.7661217216604121
r15c04,1.0533555052094665,0.4374101988449155,0.4552204109983102,0.26675918620898026,26.742104582979945,1744.2197158843067,79.99999999999994,0.2173057481987504,0.11370319136560406,0.6689910604356484
r15c05,1.082747525895442,0.44601123107372453,0.47302942926591046,0.2873970302406849,25.251348597770146,1474.7794379508796,10.000000000000021,0.6280770567923384,0.35970594318344823,0.012217000024211163
r15c06,0.830658970481442,0.4049608323478853,0.3975862363266214,0.23784086690118014,25.480033753301353,963.1344949576064,40.00000000000001,0.3127363360272634,0.6767918495956581,0.010471814377079319
r15c07,0.919373294099775,0.42205524966826347,0.4435873709309146,0.2723992119565285,25.988246775052712,1043.277381364997,39.9999999999998,0.17215203173850083,0.8122786673589271,0.015569300902571097
r15c08,0.8982843085726792,0.41424207845296807,0.43955639381162476,0.2688529004413504,26.339085669795526,1128.0308465011612,40.000000000000185,0.14517184318605153,0.844956240146282,0.009871916667668795
r15c09,0.8828190297022523,0.4051758673934129,0.43830517332493296,0.2672962499478734,26.713335815101154,1219.126523915363,40,0.13659732496305357,0.8525027646563599,0.010899910380589404
r15c10,0.9164036203457344,0.3988438352142786,0.46214953571559353,0.28000620499100126,27.177408733770584,1395.1543878453706,40.000000000000014,0.19676983114353877,0.7858430503825449,0.01738711847391622
r15c11,1.0078273922711978,0.3853116844941633,0.48863980586735667,0.29502588201826674,27.141409721231305,1547.4706566159507,40.00000000000006,0.40552111949462466,0.570448927725942,0.024029952779430496
r15c12,1.2372106104099923,0.4928550107082486,0.5307672150331678,0.3176866579169695,26.407462661037542,1570.1351226338254,39.99999999999993,0.6498532874668431,0.3406348855708708,0.009511826962287067
r15c13,1.1754923299568008,0.49667332273225545,0.49923319905795194,0.30414505707497863,25.789961112447063,1466.9457303122285,10.000000000000028,0.4788297496843201,0.5032489062639338,0.017921344051747685
r15c14,1.2367944738639007,0.5083322001036001,0.5372448226893659,0.3289271042017385,25.97372657746499,1543.433954092485,9.999999999999979,0.6263267498919975,0.3660104851892334,0.007662764918765867
r15c15,1.18125162655237,0.45057039363356494,0.5496974041960487,0.3374373884279183,26.45192236176757,1601.0072921045078,10,0.5478817066484979,0.44155999830046994,0.01055829505103461
r15c16,1.3916836843599432,0.46859956261764935,0.6146671914275252,0.38135531573404396,25.69103748964838,1646.5720676801923,9.999999999999966,0.7755385314501833,0.21086016932122936,0.013601299228582943
r15c17,1.1742038519128888,0.40417701324549266,0.547014389457634,0.3430991732303949,26.455879287642706,1626.8511546287846,40.000000000000234,0.5384537846853911,0.43853815051709377,0.023008064797516145
r15c18,1.0665883636082116,0.4456166887823073,0.4693112936431025,0.28362431252976983,26.63450166105297,1552.3189476681357,39.99999999999999,0.2001496392664823,0.5477472386059055,0.2521031221276102
r15c19,1.5416762650807139,0.2913007034834325,0.1462701634439378,0.05865812896317849,,,80.0000000000006,0.00722603039772375,0.00020860364889502747,0.9925653659533812
r15c20,,,,,,,,,,
r15c21,,,,,,,,,,
r15c22,,,,,,,,,,
r15c23,,,,,,,80,0,0,1
r15c24,1.813243201608633,0.7551625726147118,0.5537425927871173,0.35626978277215954,25.529072211112474,2710.0950906200205,79.99999999999993,0.33245209298614753,0.1423788887820244,0.5251690182318314
r15c25,2.035129592665826,0.8140174353590542,0.6438859064001267,0.4257792538636641,23.667624131271168,2653.7007552184245,9.999999999999957,0.76122558572926,0.1745821379506726,0.06419227632006493
r15c26,1.3736654264614199,0.5458834462360121,0.5275204746514374,0.336280954974481,25.665263385976854,1160.7449163188796,9.999999999999947,0.6849442408594861,0.28084428171713516,0.034211477423379315
r15c27,0.9798333520813839,0.460091788766093,0.41766380210387216,0.2680402623902315,26.057403224940998,962.6273823454936,39.999999999999986,0.4280452950264421,0.5657201349330714,0.006234570040484012
r15c28,1.7360440399017936,0.8824179921595554,0.5498218034253609,0.3421337528292697,22.336535645100934,1296.77397630638,40.00000000000005,0.6201038467904596,0.3703447676731495,0.009551385536391965
r15c29,1.9038201221923656,1.0766053283508483,0.5745678994519919,0.35292946345124776,21.424418246317895,1186.5928103821204,10,0.7079410256509664,0.29164287415963985,0.0004161001893932347
r15c30,2.475953916796464,1.2331666485363497,0.679418803067167,0.4169983032010581,23.26385609415615,1196.330611584142,10,0.968949552963383,0.027829906598551238,0.0032205404380656506
r15c31,2.6041362240271986,1.2953652375168392,0.6967933444798831,0.445310981720721,22.276363890765452,1630.8353624971712,10.000000000000064,0.9280690911904422,0.07160813263063122,0.0003227761789281292
r15c32,2.640542542198089,1.266447852073187,0.706828392501334,0.470184657303028,23.409887738788505,1605.3064592685416,9.999999999999968,0.9098351537144809,0.0808776346549551,0.009287211630563655
r15c33,2.795808138017906,1.4079645502532854,0.7028818543882226,0.4695050925014811,22.281548319685406,1452.1953590349483,10.000000000000032,0.9702540118587394,0.028119011486868288,0.0016269766543922804
r16c00,,,,,,,80,0,0,1
r16c01,0.871325388272597,0.4082697329934735,0.374330863808752,0.23097761633283942,26.33122097153302,998.3154824196149,80.00000000000007,0.0902639055986687,0.3451538801559714,0.5645822142453556
r16c02,0.9714715168082146,0.4250352827902766,0.44524159279114545,0.272472389226006,26.248921516310325,961.5761615188364,39.999999999999936,0.2346838563887027,0.730110234077301,0.03520590953399766
r16c03,0.8353869973058163,0.35570853390685525,0.4124315763333706,0.24788546805170206,27.14465944513232,847.0686557962877,39.9999999999999,0.15052925447849674,0.8097988726169505,0.039671872904552076
r16c04,0.7356997470446999,0.3328921947169086,0.3429163523856258,0.199945198858123,27.292476307734148,979.6786681944657,79.99999999999999,0.14162784623286395,0.3683110367562192,0.4900611170109199
r16c05,0.9477205887456157,0.3650041154800333,0.4501738195784727,0.2732036354322468,26.582551621714632,1151.4025641743638,39.99999999999987,0.42941668754852813,0.5175573390040228,0.05302597344745191
r16c06,0.8334373327495413,0.37177213501321826,0.4054542708682536,0.24222053324409537,26.061918423335086,1022.8576678861397,40.00000000000005,0.42601817499275246,0.5548481217605075,0.019133703246743947
r16c07,0.8794579180938964,0.3832423983857597,0.4315997231282084,0.26043370910204316,26.13239427779692,1083.909213752055,39.99999999999997,0.3716680987726723,0.6183225601672386,0.010009341060086531
r16c08,0.9199437670959136,0.3877657797800936,0.4446743403894419,0.26625251914272646,26.158623938803984,1303.0360918955016,39.99999999999988,0.4068167744529468,0.5858193483328225,0.007363877214228562
r16c09,1.0094663995602007,0.42834210236849773,0.47347167003271884,0.27854586448827356,25.1188800792996,1509.022167901828,40.000000000000036,0.5033575635923679,0.49332514142668654,0.0033172949809487746
r16c10,0.9878176080311198,0.4343163004704399,0.4751196615183654,0.2845085740586808,25.318759997203234,1457.1256994645598,40.00000000000001,0.3853359541356978,0.6012769884559971,0.013387057408309231
r16c11,1.0344180608826348,0.409962821966019,0.5085163368315295,0.3075035059293127,26.00053079055071,1486.2150916993055,40.00000000000002,0.4298149508942975,0.548135505415013,0.022049543690690815
r16c12,1.1262715032606359,0.43923217774269846,0.5264038452939361,0.31906904365074334,25.524341735038757,1596.073864548784,9.999999999999995,0.5352050566624527,0.4549614892774719,0.009833454060073544
r16c13,0.8902432840625886,0.3678708668785464,0.44252174004836947,0.26549796474742665,26.107551294516938,1453.6820442711312,40.00000000000014,0.12403248090358156,0.8616891433821114,0.014278375714308596
r16c14,0.9749719136188417,0.3631246704122661,0.4629792364034561,0.2864901109054268,26.186963480420772,1521.4421053441552,40.00000000000001,0.29728791259737736,0.6844222202795174,0.0182898671231051
r16c15,1.0160373021686089,0.34623465151486005,0.4801667435951995,0.29142656277574064,26.433596837842426,1589.682715703875,39.99999999999998,0.42600694072221384,0.523432908263874,0.050560151013913035
r16c16,1.2524448882879837,0.44305966451753015,0.5538619591890368,0.33355414059404587,25.80572768333129,1649.3783845469827,10,0.7047846520876967,0.2769564937050514,0.018258854207254205
r16c17,1.2500936527404667,0.46681202322693593,0.5607114302183741,0.3445296586577511,24.84399709854989,1579.1085195827382,10.000000000000005,0.6823096653298415,0.3002729326002304,0.017417402069933485
r16c18,1.286467814044762,0.43628169073502976,0.5691351340143307,0.3552908074090976,25.296924516420084,1649.3369001572996,9.999999999999932,0.5323971593252464,0.4088743435055667,0.05872849716919108
r16c19,1.2144028750967322,0.44793931920851465,0.5039557402323543,0.30836540064130125,26.24369060692775,1635.801539334613,79.99999999999982,0.18488593348896915,0.3177283601056926,0.49738570640534147
r16c20,1.1388153714780593,0.4556194079219491,0.3864091951401716,0.22161570380463977,26.31883063447822,1807.6674582059984,80.00000000000003,0.226967436569531,0.11088858068265182,0.6621439827478175
r16c21,1.8248419816666377,0.14317302548278996,0.4401758209000942,0.2572906883232434,26.218836090912934,2018.3376415215278,80.00000000000001,0.2581764011827747,0.0005835426562477495,0.7412400561609773
r16c22,1.21884281430898,0.4939948747005275,0.3313519389144099,0.2007707012765578,26.14416717770352,2123.0964338044555,79.99999999999994,0.07734609747659248,0.09194208121868894,0.83071182130472
r16c23,1.3359075181526803,0.5906599466674881,0.3559451948218771,0.20399029123133114,25.630558330898268,2304.890441515101,79.9999999999999,0.0609929975230892,0.039030584953912546,0.8999764175230011
r16c24,2.3449040689879745,0.9668841036984022,0.7158880415351653,0.4743548422444115,24.511783159599744,1995.064474892021,10,0.9114848589711286,0.043765556894702115,0.044749584134171336
r16c25,2.4434240218484415,1.1078067736684276,0.7327708302929854,0.45868330924494005,19.994344072817174,2230.1981903750725,10.000000000000009,0.9982239254309765,0.0012435449274316658,0.0005325296415919673
r16c26,1.2671679347510965,0.544957723733658,0.5252035343060056,0.333231529303533,25.475466426693245,1202.2961153730719,10,0.7001703623336427,0.28803259589823604,0.011797041768122782
r16c27,0.8498084727981823,0.3969662079550321,0.38343319894978745,0.24814938472455172,27.15554713220425,787.2532010342214,39.999999999999865,0.2974390239367763,0.6699882979567595,0.03257267810646692
r16c28,1.623115199645053,0.7213477663898582,0.5756397674545016,0.35575417616931443,23.361538171429846,1328.1313257518605,10,0.6669362053322904,0.3213668292284674,0.011696965439241246
r16c29,2.085836695124249,1.13311734547759,0.6337269005213182,0.3815914214720416,21.457878638622656,1398.1696703331975,10.000000000000002,0.8327933103874705,0.1671058185214384,0.0001008710910968811
r16c30,2.5537022071923383,1.3432726420850123,0.6808376282692596,0.42748660264126936,22.313467942837224,1570.2746463986823,9.99999999999998,0.9147281737431027,0.08068705574898978,0.0045847705079079225
r16c31,2.5418790028086717,1.3806618831873263,0.6773354299360387,0.41263735385222433,20.50391910574835,1484.4149852422754,9.999999999999956,0.9469034978078138,0.05289476355321719,0.00020173863896987695
r16c32,2.741677657556546,1.3931843740606238,0.7193937234084661,0.46900408843809727,21.23756749889906,1535.7226191067468,9.999999999999984,0.9542106033914013,0.04195100616922633,0.003838390439372943
r16c33,2.9327077913518926,1.5044840591113722,0.7260087720034645,0.4754574230983662,21.465474203120692,1562.8694428294557,10,0.9651160840431098,0.03327211446551698,0.0016118014913732706
r17c00,0.8775368091801937,0.4706611772368673,0.28174427420814524,0.17864392262304524,26.259103180746084,797.4121880699164,79.99999999999947,0.01583789172046811,0.014831782486227185,0.9693303257933022
r17c01,0.7618825401828802,0.3545499993385759,0.31556068518228136,0.1935487861147992,26.439527004759906,837.1221709120535,39.99999999999998,0.15567953468796183,0.3654046005892347,0.47891586472280273
r17c02,0.724008832865061,0.33012173509009163,0.3540685887948733,0.21360034048094317,26.61936390298436,822.9203480224003,40.000000000000036,0.16064494018172942,0.6822725072661513,0.1570825525521201
r17c03,0.7047159864272345,0.2840266874843663,0.38977630653908496,0.2405927082368878,27.237503925251065,753.5229684289461,40.00000000000013,0.14612596496047123,0.8450373325856474,0.008836702453880952
r17c04,0.6881192690347357,0.2723871423666955,0.3821766687253711,0.23787486544835088,27.26018647719845,859.2519595030493,39.99999999999974,0.1678738730228878,0.7325492247400627,0.09957690223705212
r17c05,0.9004344090731843,0.35409548972608007,0.479868507036228,0.3051891937733029,26.811387907104784,1043.41638876309,39.999999999999815,0.3428575248742573,0.645941235979759,0.011201239145981026
r17c06,0.8795397400436923,0.38010935702319393,0.42312611657721744,0.2631503610589308,25.736744998303923,1128.430041103389,40.00000000000015,0.4013270437196418,0.5894606142531867,0.009212342027175753
r17c07,0.8734709636019743,0.3890728171788511,0.43523323818991405,0.27103081162198794,25.52115115671982,1182.878422416905,39.99999999999994,0.21754187737804306,0.7699504071085387,0.01250771551341528
r17c08,0.8804831894388452,0.3661545459773736,0.4336607025759912,0.26353285015444217,25.83318307884691,1292.2966257383118,39.99999999999978,0.34150104229488476,0.5990512422688251,0.059447715436288594
r17c09,0.9765281125153409,0.3560356108176589,0.4880849312313468,0.3048684689341725,25.5049059963798,1438.5687212070463,40.000000000000114,0.41004949233960564,0.5756003398642756,0.014350167796119428
r17c10,1.064730387126563,0.42665460085168033,0.5042534392858836,0.30544257706410255,24.608733287744396,1542.0265043992665,40.00000000000018,0.5427802177163212,0.45196872370969887,0.005251058573978502
r17c11,0.9825126920266346,0.4352789678007828,0.4588957546478364,0.27542890894917094,24.80206783167531,1371.0168369131889,40.000000000000036,0.40606275557963495,0.5746999817087107,0.019237262711655257
r17c12,1.1489512863781777,0.4937471463031647,0.5098955465879119,0.2981642698600779,24.40091189540251,1508.1743699628482,10.000000000000002,0.6343626832822524,0.3496447880357651,0.015992528681981654
r17c13,1.1499784890173559,0.48579501303470884,0.5260249958705474,0.3138955035175235,24.111862645110353,1568.8349905021953,40.00000000000012,0.5170234846434403,0.4780941830464022,0.004882332310161288
r17c14,1.0950436997622888,0.4500830716384122,0.5017977579630288,0.3012209502471556,24.87508635648879,1541.7935111685103,9.999999999999988,0.5966509964543029,0.3813732593319138,0.021975744213780225
r17c15,1.1581927250657726,0.5064036409502274,0.5096873469860667,0.3069022142505294,24.2955459174631,1542.6017803061945,9.999999999999993,0.6044011136287574,0.3890446759243331,0.006554210446911159
r17c16,1.0848523425672991,0.4794096878647771,0.49444192494402417,0.29832404834409526,24.48904535909753,1479.680437887598,40.00000000000011,0.5880683234128026,0.40109744228653493,0.010834234300660798
r17c17,1.212262534255607,0.4759882893704885,0.558033400699551,0.33623468439419385,24.779539266158622,1335.62599453058,10.00000000000003,0.682623885117015,0.31309339780417317,0.00428271707881276
r17c18,1.1167564067056561,0.41018868350209103,0.552963453368502,0.3421559468355139,25.49903661883375,1357.0018078308153,10,0.531675297670542,0.4552241208927563,0.013100581436699945
r17c19,1.1701152879231624,0.4222675945150856,0.5443745141546665,0.3449185733483389,25.983475834638366,1512.206850211318,39.99999999999999,0.3807631384453836,0.5958217320439555,0.023415129510658023
r17c20,1.1285174887568992,0.4133640627080966,0.4832245987492373,0.2914407751221179,26.002746569805904,1649.9394495121637,39.999999999999986,0.4042682347952395,0.4906234276256874,0.10510833757907388
r17c21,1.1678757131811717,0.3095966210144369,0.4554831212456664,0.2642508855339998,25.894951789344795,1746.1479721771964,39.999999999999844,0.4534213746544478,0.34134812527952535,0.20523050006602084
r17c22,1.3694761568508276,0.49163246214634115,0.4504892744965682,0.2834266849613064,25.81335423696365,1811.4537674799994,10.00000000000002,0.3927778503020276,0.3631982404297624,0.24402390926820436
r17c23,1.6189919062611244,0.6276263903279997,0.5432578306295648,0.33528415649025967,25.512004263881355,2042.9571161662207,80.0000000000004,0.4161241643699534,0.17816557169028974,0.4057102639397452
r17c24,2.295335151695242,0.9397996870840154,0.728381187290118,0.4699417885868039,23.829316863190712,1638.9586202408404,10.000000000000028,0.9377487059989609,0.033517955725594996,0.028733338275444196
r17c25,2.270639215668621,1.0688787487513798,0.694626287391846,0.42633069443739063,19.719595735676098,1700.3837163424605,10.000000000000044,0.9941806016732847,0.005436074715586967,0.00038332361112836534
r17c26,1.4825272016716584,0.6227221950171922,0.5872887014783615,0.3693244294353995,25.099618277129398,1432.563068104691,10.000000000000034,0.7228087380775357,0.26714521487002896,0.01004604705244046
r17c27,0.9906443747343123,0.4143049270098299,0.43676259162704645,0.2805072457842411,26.88058943399389,924.4920804500829,40.00000000000003,0.2859497615837879,0.6972828171096891,0.01676742130651069
r17c28,2.078202451137854,0.9526758236910355,0.6337740916659055,0.4034744096159588,22.31374260767458,1447.3521867860431,10.000000000000137,0.7472797244534265,0.24115625634894217,0.01156401919762618
r17c29,2.1955074524232807,1.1732841263136862,0.6397251419060014,0.39985857655659046,21.82966701336217,1356.1256581475004,10.000000000000176,0.7781778848234477,0.2210151322743864,0.0008069829021684297
r17c30,2.644170138485359,1.451021848445412,0.6701490605213823,0.42629931106313423,20.910276259065252,1626.1922297866556,10,0.9229406403806615,0.07536466575961143,0.0016946938597253718
r17c31,2.607790227323717,1.446356893875472,0.6816685037620693,0.43296438759565903,19.509967677229486,1483.1271273038208,10.000000000000103,0.9532678153943822,0.046147132369828266,0.0005850522357895751
r17c32,2.536460811882541,1.3800468945334416,0.6840981206417723,0.42429579592350436,20.08443678719737,1306.9326757356494,10.000000000000117,0.9302764811541294,0.053180395256091716,0.016543123589782625
r17c33,2.927133539280161,1.597567264417554,0.7123409268762712,0.4474536425989583,19.90308181824114,1812.7818462801545,10.00000000000003,0.9768105551464819,0.02038517926848278,0.002804265585035326
r18c00,0.5867855384638437,0.21635490842528907,0.20688595240019128,0.128054390093813,26.4386516644544,551.4358825301389,80.00000000000004,0.25225844367714917,0.12309700827990154,0.6246445480429506
r18c01,0.5528367952107116,0.17507900654654998,0.25363601406278996,0.1675536499168866,26.709241301059023,573.0942806695477,39.99999999999995,0.5898455941636064,0.33655153231900153,0.07360287351739132
r18c02,0.472633828860756,0.15569673739314782,0.19241727881870674,0.12596911283619236,27.246068242889404,583.6497897065728,39.99999999999998,0.4576521430272197,0.38109891205206975,0.16124894492070774
r18c03,0.47529971202079924,0.1749699589143242,0.26785633098872863,0.1769779116879948,27.422463315735374,680.80359832763,39.999999999999915,0.4041652526182647,0.5879931271314583,0.007841620250280644
r18c04,0.7898398907017006,0.3270055492393717,0.4462255595774762,0.2969146589135156,26.425063924472326,738.569855594829,39.999999999999766,0.1004330752169074,0.8968519678869201,0.0027149568961732473
r18c05,0.9008865278096566,0.3602700360094101,0.46510201539474544,0.3032297491032451,25.979470302753274,922.2925700978882,39.99999999999991,0.4018066597796764,0.5798060457571007,0.01838729446322024
r18c06,0.8771788292869459,0.3812985257220882,0.43013236942430166,0.26836021815518457,25.609806709877255,1111.8824682277716,40.00000000000009,0.33679559004116977,0.646700687446117,0.01650372251271714
r18c07,0.8572938471361664,0.40251046620954883,0.4508478466879783,0.28291651842065657,24.99714002241777,1121.4560559278502,39.999999999999744,0.0893575950000436,0.9048654359690121,0.00577696903094325
r18c08,0.8330521249990319,0.39392021951256323,0.4499971464906354,0.2796307806861056,25.131436854253153,1250.4345231830491,39.999999999999986,0.08497762441450467,0.9042638997991455,0.010758475786349324
r18c09,0.9002790521668012,0.39933760631644444,0.4599051734110054,0.2844620549715387,24.90410982828012,1319.743678689524,40.00000000000006,0.22578157952108688,0.7623381396377569,0.011880280841156547
r18c10,0.8895346230103313,0.39345542096350183,0.45135309236147886,0.2719466867192215,24.906555172743065,1318.6448254511633,40.000000000000064,0.3029938302685866,0.6870675806810267,0.009938589050385992
r18c11,0.9375518854796348,0.4051108441477234,0.46692820447121614,0.29061338997635344,25.060625135946324,1178.4681207085264,39.99999999999997,0.4068279354260464,0.5866025736867541,0.006569490887199686
r18c12,1.0225322092144369,0.4505362927991505,0.48786935180635743,0.2979181740153496,24.66283824792411,1199.5931556762334,40,0.46779388949940337,0.5273250256378775,0.004881084862719891
r18c13,1.0899699056775785,0.48837626639976206,0.5010941689889525,0.30407647815550853,24.32344438322006,1138.190835306291,10.000000000000012,0.6147500081085303,0.3768100808400608,0.008439911051411264
r18c14,1.1634504409147275,0.527548342278545,0.5158651813937889,0.3103619815728193,24.001773393340088,1222.5819710923583,9.999999999999988,0.7101040283092277,0.283277203842336,0.006618767848430474
r18c15,1.225970160634668,0.5597706708095257,0.5238566341314763,0.31875556579499453,23.451779782255933,1294.590428736842,9.999999999999995,0.6023249634469934,0.392878193587318,0.004796842965689032
r18c16,1.198645899993805,0.5558177506669844,0.527816075924341,0.3258082055278404,23.17075294667248,1232.769347470196,10.000000000000016,0.5708022083294096,0.42449793255877677,0.004699859111811108
r18c17,1.0377338121112805,0.4639248927824648,0.49162447252354136,0.3039041976638312,23.76845280897471,1293.610373714983,10.000000000000023,0.5354604043902556,0.45085018714622416,0.013689408463521468
r18c18,0.9983291827689514,0.40316717476568786,0.4934814126354492,0.3061144747552581,25.03735619604023,1376.8104571113656,39.99999999999987,0.4160485594109956,0.5646754491927455,0.019275991396257026
r18c19,1.0015949241293782,0.3513399876132956,0.4937973664489943,0.3106024033766149,25.627952338289255,1426.0405793927719,39.99999999999998,0.2402464000734103,0.7467304210112459,0.013023178915342888
r18c20,1.1644196514762035,0.37737966951668794,0.5537607579765533,0.3567823029811502,25.598358672749278,1567.063209330416,39.99999999999997,0.3150923355486508,0.6746971873229749,0.010210477128374622
r18c21,1.2086407976152778,0.3748708627620901,0.5456458516801005,0.3393778601600635,25.564327679193383,1672.9453145209131,40.00000000000001,0.3546289398066579,0.5936243163533487,0.0517467438399906
r18c22,1.253003975631806,0.4489010178082164,0.5213971306652196,0.31719342686389035,25.576414348706653,1740.7222155762968,40.000000000000185,0.3766467698784893,0.5304363263748386,0.09291690374667701
r18c23,1.754809438001042,0.6693899878227766,0.6553566061167757,0.415856138231836,25.062340599513632,1683.4221950124522,10.00000000000001,0.7663836401071621,0.23006573928374702,0.0035506206090882603
r18c24,2.5883918606503085,1.0993065426009325,0.7655963737277852,0.5088194311721236,22.736194474255626,1617.1641381162874,10.000000000000036,0.9862916820594199,0.013163671573098548,0.0005446463674816473
r18c25,2.523903568018305,1.239306749050845,0.6927345987642124,0.43141022508233345,19.52411160064325,1495.1709715890777,10.000000000000002,0.9884321743278425,0.011366101284628359,0.0002017243875291609
r18c26,2.1313388222397553,0.9125573480443007,0.6691542339744623,0.41956677268981696,24.245255520832316,1712.9312866623136,9.999999999999996,0.8799571346675313,0.11068318027732758,0.00935968505514123
r18c27,1.5552232731010576,0.664227706840955,0.5539736531466872,0.3537288877745797,25.372996842733002,1180.4317691480082,9.999999999999984,0.6268195046771983,0.3504276438692507,0.022752851453550844
r18c28,2.0840728977607625,0.8926702497890114,0.6617917851673212,0.41609485013601377,24.46651433049392,1583.528354704346,10.000000000000004,0.8002345616812481,0.1852607742576382,0.014504664061111295
r18c29,2.756575762763281,1.433304435066809,0.706098003064416,0.45202094492592415,20.463355576233955,1837.0687452698098,10.00000000000006,0.9280434666862661,0.07036960180036336,0.001586931513371283
r18c30,2.6532456947952823,1.4677066757346213,0.6972961327765906,0.44046982757472564,19.785443724844704,1633.2379651908432,10,0.9477592334599239,0.04952429034739216,0.002716476192683658
r18c31,2.338582950920997,1.3029872769718167,0.6521996672290866,0.4064740266615475,17.96338293354877,1514.7594883173952,9.999999999999957,0.8688395817853521,0.12980891196746333,0.0013515062471863403
r18c32,2.3545287722263852,1.1798649296757997,0.6812293701405132,0.40525447059014824,18.671553751588206,1443.5112176520229,9.999999999999991,0.9191539283649017,0.07186933639005118,0.008976735245047674
r18c33,2.223311780859155,1.1006841077731642,0.656947107084252,0.3931146863057203,18.750130528445222,1642.810783827386,10.000000000000004,0.9213539347041385,0.07533396671051788,0.0033120985853433552
r19c00,0.41027082188225156,0.11656924440285682,0.2240045471348191,0.14197347058645868,26.947450970289662,366.9268599262881,39.99999999999978,0.24000720639004555,0.5356840132471625,0.22430878036279145
r19c01,0.2886236313910155,0.05133884476147533,0.19213911671358083,0.13431983600488154,27.256333715324264,378.08947054439665,20.000000000000036,0.7823249535861411,0.1697145463586733,0.04796050005518627
r19c02,0.2394724423654121,0.0313863503859238,0.1485961659881745,0.10661305728579759,27.497828065901828,421.4826735345487,20,0.7671074869288914,0.15714852008456687,0.07574399298654311
r19c03,0.5332966659675606,0.17175290588691672,0.29609581731925433,0.21017508731793774,27.136860598197295,549.0902665617184,40.000000000000036,0.356434703522945,0.630057904083432,0.013507392393625948
r19c04,0.7716592153441689,0.3155116017867003,0.4331162693146795,0.2893046262838718,25.522849294709566,715.5858833051556,39.99999999999903,0.35063500522472846,0.6421548088686857,0.007210185906592901
r19c05,0.9488921685167268,0.39564454291222984,0.4640720065041349,0.29492671745072613,24.080037496498964,823.3027294569987,29.999999999999606,0.7670618535780148,0.22632856087336906,0.006609585548613443
r19c06,0.9218854385721338,0.4003870175724149,0.46522260722448283,0.29614027714464025,24.703040749497642,909.9483300397611,39.999999999999844,0.4014516513637924,0.5940382639615552,0.004510084674652208
r19c07,0.8003924035398046,0.35909788097736295,0.4051279247076486,0.2471395640792219,25.126196391012634,1026.163388272949,40.00000000000016,0.367167014526401,0.5636098338936407,0.06922315157994936
r19c08,0.8070342434445723,0.3495143031417619,0.43399287400476677,0.2707233666983742,25.46876131762348,1137.7409868904185,39.999999999999886,0.3117447357282127,0.6747672564866328,0.013488007785148746
r19c09,0.8559450271382413,0.3858451977885155,0.44466510367604434,0.27686053676689903,24.691446784218567,1169.6728110616962,39.99999999999947,0.18746174810298993,0.8068395499456634,0.005698701951345154
r19c10,0.8689413967271897,0.40008602194027354,0.45581709787503316,0.2890493820367003,24.812328732504852,1094.1646505615704,39.9999999999994,0.25084541348498207,0.7249470773492288,0.02420750916578278
r19c11,0.881763159663142,0.39811724808685767,0.4645935716975428,0.29644355823365864,25.00700326153069,1079.3051747116542,39.99999999999904,0.37447286076530306,0.6145969167962242,0.01093022243847631
r19c12,0.9006628407910889,0.38708499197962265,0.46294764835792673,0.29247867585633736,24.782792942101146,1075.2086059306469,39.999999999999574,0.4320374604318353,0.5551850620301734,0.012777477537989315
r19c13,0.8861808429568525,0.3857438432563404,0.4755478396299689,0.2959477132990502,24.954245775150422,1091.8473514692225,40.0000000000001,0.3323964254773731,0.6313318221916284,0.036271752330995354
r19c14,0.8710065479827744,0.379391566458863,0.44100109798029696,0.278065421632378,25.0457146872764,1114.4360130983137,39.99999999999997,0.46412688049761885,0.49194429317910093,0.043928826323275695
r19c15,0.9892554093774958,0.4019059030059803,0.48779427450594226,0.30955976171900523,24.98670837368257,1164.9880959609768,40.000000000000036,0.5456791844473148,0.43240798773765554,0.021912827815021064
r19c16,0.978980052568638,0.39986997504592786,0.492609056728671,0.31358029675400934,25.089340943279883,1129.152793222945,39.999999999999815,0.3447621900315099,0.6433067250479259,0.01193108492055797
r19c17,1.0268448073622343,0.43460721436002164,0.49599652818573237,0.3136390591173226,24.607047979732368,1203.954336989194,39.999999999999915,0.44806306570378185,0.54365229400208,0.008284640294141613
r19c18,0.9127305361172604,0.3910409592220468,0.4567682849643737,0.2938185827668285,24.58860108436786,1315.7086226070887,39.99999999999965,0.42484332783467654,0.5659904505338434,0.009166221631479128
r19c19,1.0033384141488273,0.3833395642492249,0.4991319555244555,0.3129533890184545,25.00152357587941,1426.8219249251674,39.99999999999907,0.3624835864029043,0.6217357838292153,0.015780629767874324
r19c20,1.087238861803069,0.3427875509546195,0.5158038476036543,0.3244104640754968,25.32571896596154,1582.3225062564545,39.99999999999917,0.32370415566097427,0.636002953873654,0.04029289046537101
r19c21,1.1434815491144086,0.3674172253348355,0.5057496550794609,0.312874777064112,25.132819966148315,1845.4149074584473,39.99999999999965,0.27884861252728443,0.6532886296416531,0.0678627578310571
r19c22,1.2368507132898787,0.4187701241004406,0.5551416606591553,0.3287677806852826,24.949085285129016,2268.2116178687497,39.99999999999996,0.40813228359364384,0.5812859276878392,0.010581788718513122
r19c23,1.3018745226141706,0.4753318831970988,0.4971678033980777,0.2947497713091236,24.82585040543185,2591.6357368274857,39.99999999999986,0.35897170356464686,0.6158901940332404,0.025138102402108228
r19c24,1.8820517675914807,0.7388721944580321,0.6586124597877079,0.4085238525018112,24.283967736500248,2123.4344938242184,10,0.7457561599892656,0.24202350804486575,0.01222033196586643
r19c25,2.512315121517937,1.1881497926327473,0.7103568424356366,0.44282569953010065,20.865669572694188,1566.6155346118003,9.999999999999988,0.8723280781736498,0.1186223199093051,0.009049601917045211
r19c26,2.275489874671157,1.000628693525498,0.6803300378407702,0.4251607626237643,22.374898185597203,1616.9328432632665,9.99999999999983,0.8610333502744024,0.1271296061296705,0.011837043595928302
r19c27,2.203456050419452,0.8555981307122197,0.6814355027677452,0.4209754799825368,23.992820785509807,1537.9588736548392,10,0.9377570275797585,0.06110194184858161,0.0011410305716601074
r19c28,2.256919765928543,0.9096851734981337,0.6694855505295679,0.4307397938786571,24.31823394117125,1778.3172771959566,10,0.7936437135242247,0.1923145570185056,0.014041729457267603
r19c29,2.5872641520820525,1.2655969699707166,0.6826252477810795,0.4421768938187204,20.897389152589835,2040.0350663265992,9.999999999999797,0.8558329792234348,0.12995383662219673,0.014213184154368485
r19c30,2.456026290345884,1.3728279370715142,0.6695400409434279,0.410848082187054,17.302953908538296,1681.523260981394,9.99999999999999,0.9006622123589235,0.092742010134934,0.006595777506141432
r19c31,1.9503528251589484,1.1014761437827372,0.6158662482378611,0.3659977366292458,17.088044379581174,1341.7727108945128,10,0.8426234677880254,0.15059483084354416,0.006781701368428956
r19c32,1.977897875638099,1.0634125799024898,0.6212924278994689,0.3577963339783386,17.01391550828682,1221.5790720231075,9.999999999999938,0.9028655595879903,0.08660281209998706,0.010531628312020768
r19c33,1.897946756343495,0.9770532261084958,0.614130158548831,0.34312586689817054,17.842575354211665,1112.6576121623286,9.999999999999813,0.9250134022465144,0.07404353530692856,0.0009430624465571528
r20c00,0.47256629684649143,0.1073428710656806,0.31301151730341353,0.2172291175965223,26.858474588703416,292.6963713405851,39.9999999999999,0.4209912860208288,0.5597860566999898,0.019222657279181023
r20c01,0.30998209257686804,0.053223225096960196,0.26381131200369234,0.18383431269707962,27.250526803301845,268.1175289896927,40.000000000000156,0.5559412123431616,0.4335527996589365,0.010505987997902396
r20c02,0.1936730960571784,0.015905972296423758,0.18054808106611783,0.12952323969310672,27.228500679035783,343.5432873527714,19.999999999999968,0.8122493383382423,0.18773049206152287,2.016960023615049e-05
r20c03,0.2500192952290048,0.03417883459408452,0.21775951245246156,0.1559902644060503,27.11757063698094,394.83595425527113,40.000000000000014,0.547514235876622,0.4518603634080526,0.0006254007153223404
r20c04,0.4373767895116272,0.1618143486204321,0.29069273273442686,0.2018631319424375,26.49367590185554,508.35268890705834,40.00000000000007,0.27547673171397996,0.724281186151829,0.0002420821341960969
r20c05,0.6795712516205907,0.2951896211090293,0.37502102414585936,0.24554036599725831,25.186712865278764,636.6409405264387,40.00000000000002,0.4512264659324775,0.5455819914419192,0.0031915426256026256
r20c06,0.7693256094918497,0.3375707404390423,0.41443772482255575,0.2678050726507898,24.76160849999577,701.4199159844757,40.00000000000009,0.4735450007474628,0.522566775213383,0.0038882240391559294
r20c07,0.7366892739012811,0.3026869604352431,0.41122693316413306,0.2658615601177819,25.351136206655173,841.2194948678015,39.99999999999994,0.38328805455821463,0.6000486917878639,0.01666325365392081
r20c08,0.7873248317922128,0.30361100867665125,0.43076696568321093,0.2822836419093099,25.441218905124465,931.2564789517465,40.00000000000011,0.317703071266606,0.6697120656410879,0.012584863092303432
r20c09,0.8474170170710561,0.34711459950302564,0.44530688867552515,0.2748393391176092,24.719088053702826,923.835072091311,40.00000000000005,0.567326451533298,0.42244299419204767,0.010230554274654554
r20c10,0.8196355849354444,0.3307032265087532,0.45604366332327345,0.2978932653245019,25.350945564657167,936.1126430452407,40.000000000000036,0.18830361019996306,0.7963910655796682,0.015305324220365865
r20c11,0.7253095452428886,0.30460417378216215,0.4352702248070736,0.28923345987852245,25.641147292844387,962.138361623942,39.99999999999987,0.13619588830510282,0.8492415721425594,0.014562539552339738
r20c12,0.724575321816592,0.29769998121563435,0.43548892248021615,0.28373429087181307,25.589665252109995,1000.3759954461682,39.99999999999986,0.12385712549012234,0.8627825286239164,0.013360345885960198
r20c13,0.7883828794834306,0.3059507942862102,0.46397744777001987,0.3107359587142835,25.494273451049036,1107.9853916483207,40.0000000000001,0.1712516657018052,0.8089189784133272,0.01982935588486808
r20c14,0.8118260094886594,0.3169177644820622,0.46622367692301014,0.31222348677708994,25.45368603124208,1165.3641555005806,39.99999999999996,0.1517598688074287,0.8331633154678136,0.015076815724758224
r20c15,0.8774381876870456,0.3135030155905166,0.4673843367419311,0.3079874183497863,25.424663948873985,1230.5482443639573,39.99999999999998,0.050436968422318276,0.9349871349599252,0.014575896617756072
r20c16,0.8651535161507631,0.2936220391102198,0.45165305836141784,0.2901989897100493,25.411873777209316,1282.9636947334689,39.999999999999986,0.092583361742147,0.8753661968600287,0.03205044139782434
r20c17,0.8527620693011938,0.3038574299338886,0.4510992284640153,0.2903160120058282,25.32378222418868,1332.3103833592716,40.000000000000036,0.15666198160090083,0.8123267323208662,0.031011286078236187
r20c18,0.9115210821484563,0.3114206715235604,0.47078362090869663,0.30638721645635436,25.099694442585196,1384.887836367852,39.999999999999794,0.17583475320561773,0.7828146320577721,0.041350614736609184
r20c19,1.0078432531424604,0.32227967117195555,0.5001858552787465,0.32213160657959555,24.88836783939003,1594.1781829752415,40,0.18492398567798052,0.7743351763013587,0.04074083802065745
r20c20,1.13161310574083,0.31758826193818257,0.5359544134359026,0.3393691898742066,24.70241482796263,1961.0508267968532,40.000000000000405,0.19698123071319837,0.7979219814245433,0.005096787862265313
r20c21,1.132129195532193,0.35637887779554583,0.4941701550335936,0.3029354111018612,24.655668521180875,2296.3091262127464,39.999999999999716,0.2850289846977724,0.6179833131304707,0.09698770217176875
r20c22,1.7959922777413824,0.6733781532701704,0.6584087277838474,0.4115638038081663,23.27882355301366,2554.0701644562832,10.000000000000018,0.8022025021248277,0.19091326456220606,0.006884233312977233
r20c23,2.1067234935596155,1.0076529441385442,0.6174600589492076,0.3706671677924687,20.544193778757766,3408.6867852599785,10,0.8373223880563948,0.15044273341424952,0.012234878529355793
r20c24,2.238773720750016,1.054642625625945,0.6717227440280992,0.4148255153533689,21.33629325186353,2484.9215757519796,9.999999999999995,0.8970567363374293,0.09855271920720933,0.00439054445536029
r20c25,2.5233459444153987,1.207971115878789,0.7214091862908765,0.4586368750317003,20.84168021942313,1765.2519497131243,10.00000000000009,0.9233317267800295,0.07662792478672355,4.0348433246603e-05
r20c26,2.3663133080468666,1.1192259580795207,0.6824364657288678,0.4103384756191998,18.07426150234762,1938.508185680787,10.000000000000167,0.9844391028151308,0.015131003617150378,0.0004298935677194782
r20c27,2.5107418422185095,1.0401093979805862,0.7169085177844577,0.4274168411675018,22.163374693326485,2719.5376085136068,10.0000000000001,0.9855610374040232,0.007696423475602812,0.0067425391203742675
r20c28,2.5511611057280934,1.1339850002819925,0.6857194829368523,0.43409969555359834,22.63077547405039,2557.2275495117406,10.000000000000117,0.8759946925469883,0.11163894509783069,0.012366362355184034
r20c29,2.6914616736746564,1.335456977177032,0.7108167057649581,0.45715460680348496,21.04773265905398,2609.6763997121384,10.000000000000123,0.9258515624616807,0.061680041278096454,0.012468396260224958
r20c30,2.1974096454864234,1.2474245478378168,0.6509578413740421,0.37338709724675295,14.045891561309894,2072.421239458893,10,0.9293727630850152,0.06622229595700005,0.004404940957984057
r20c31,1.8541096757426085,1.1146534752282564,0.6069433244335357,0.3426085405379169,13.906823159206594,1274.1330392804473,9.999999999999973,0.8643100366461716,0.1284267082098594,0.007263255143968461
r20c32,1.7012556739642926,1.021217664195169,0.5612705457435192,0.31464395544500007,15.288319701715611,1016.7385243363491,9.999999999999941,0.7682214499058038,0.2059969317787952,0.02578161831540239
r20c33,1.6924420081237406,0.951204179371852,0.5913380863412616,0.32567839109729974,16.44221443685533,1105.856776588304,9.999999999999973,0.8361102986625846,0.1585644341741476,0.00532526716327078
r21c00,0.38330621577504403,0.039549840955888566,0.3042580115654664,0.21151723917014642,27.19863094603241,273.4261054665219,39.999999999999986,0.41767860976756555,0.5651789961533928,0.017142394079041733
r21c01,0.17133633494536318,0.01217672481155082,0.11403722614467929,0.08112605663642698,27.61180546609564,240.85633157943795,60.00000000000009,0.9604215146242965,0.018085940266699213,0.021492545109005164
r21c02,0.16319485988242682,0.009797469125082134,0.144802057037995,0.10503214471188245,27.05314347452978,246.0791050741678,60.000000000000036,0.9016901501408678,0.09824931014401132,6.053971512146779e-05
r21c03,0.18537154015024376,0.01458942647411935,0.17708682049765861,0.12849960014471898,26.624021647209315,304.63392321932577,60.00000000000012,0.5692192345240361,0.43074040496000615,4.036051595617384e-05
r21c04,0.28514016067941134,0.05157700533327564,0.2381946531972932,0.16716232636483325,26.4966298463332,342.0486589739567,40.00000000000005,0.4004755734955777,0.5993025101391274,0.00022191636529949742
r21c05,0.46026999278410796,0.1718869263088604,0.30127066641586303,0.20710317960219138,25.8907408377519,388.4729196476993,39.99999999999993,0.16207186056271192,0.8375447212415172,0.00038341819576929407
r21c06,0.5971146088820277,0.24847725736393708,0.3483437845770948,0.23139172104010094,25.09073315173603,516.031388147955,40.00000000000007,0.24267360749774425,0.7550232721750418,0.002303120327215137
r21c07,0.6274882583082301,0.26804929257734805,0.3724311143515179,0.24615407772760106,24.915613941659075,605.6514401610381,39.99999999999993,0.20432541624219613,0.7852255872016032,0.01044899655620028
r21c08,0.6769574677868588,0.2792697362813482,0.4080304601151854,0.2726102322081293,24.80386114742754,709.5676967527928,40,0.2792613740682249,0.7175155617487393,0.0032230641830335053
r21c09,0.6627387838776356,0.24513933827629134,0.41002564667183494,0.2709557195916918,25.022512982395938,765.1498448152837,39.99999999999997,0.47628792212055254,0.5146571581687297,0.009054919710718664
r21c10,0.6941504088836529,0.26923260227765805,0.4263743352612547,0.2837908153132868,25.164432167136486,806.8602355299935,40.00000000000003,0.24820996342768328,0.742386518115141,0.009403518457172766
r21c11,0.7405975289144732,0.2613128780018132,0.4498546817002761,0.30814591043644984,25.07241390725012,904.8704205586814,39.99999999999999,0.12212957593285059,0.8680291057882369,0.009841318278913656
r21c12,0.7612720805232898,0.27346294440757324,0.4608087802554373,0.3139553166998529,24.99382590466108,997.5554743824079,40,0.16543324407099513,0.82473851050673,0.009828245422272428
r21c13,0.8233946570353795,0.2955305825415922,0.49455621008809597,0.33253964629219923,24.988881038979446,1183.2856619957654,40.000000000000036,0.20478332259163334,0.7876737718057584,0.0075429056026094414
r21c14,0.8455020500726957,0.3181260983038679,0.48517457274668335,0.32396757780211954,25.004386286976295,1352.1588827016358,39.99999999999997,0.14198367516905414,0.844447752366133,0.01356857246481238
r21c15,0.8471709718748358,0.3053216763983345,0.46111740670780055,0.3036528490140953,24.99152791823345,1445.126320826755,39.99999999999998,0.07557333673094319,0.9050566481499577,0.019370015119099065
r21c16,0.8438858192917171,0.2935428307221309,0.4585317903045489,0.2918057522795657,24.992939151134046,1548.8887496760613,40.000000000000036,0.15120486299308503,0.8279196187691475,0.020875518237767222
r21c17,0.9346918058300471,0.3198553280558018,0.48752712034114853,0.3126352927441641,24.765775953281523,1570.8251728985126,40.00000000000008,0.21323537732627681,0.7800146827969056,0.0067499398768193055
r21c18,1.0914016447412473,0.37941792503294514,0.5237368950607006,0.3303026887473522,23.78010717577114,1697.6379378868908,39.99999999999979,0.34730123849022754,0.628521227773323,0.02417753373644778
r21c19,1.2918151043963073,0.4629567827747433,0.5600964772900099,0.3526451054851934,22.59371481192164,2140.848841531159,40.00000000000004,0.3879262977535229,0.6007668397012579,0.011306862545213753
r21c20,1.4366488464113398,0.5325139231085997,0.5781498901281024,0.3585490152409717,22.756266930329915,2981.3153829837743,40.00000000000002,0.4895831174126823,0.4854533431795807,0.024963539407741202
r21c21,1.6299404538295714,0.7052262911054099,0.5974933282371376,0.3626990217447445,22.02315482993798,3680.5907681046933,9.99999999999997,0.5883213903907084,0.38222196265324604,0.029456646956043244
r21c22,1.7032126092315385,0.7816873229970636,0.5721003637413221,0.3439115321813634,22.438657336808422,3594.17673694207,10.00000000000002,0.5919566081718809,0.33408622842216074,0.07395716340595915
r21c23,1.6193690542723391,0.7450258860378566,0.5660562665975543,0.3338901427786935,22.524337133107196,2826.988664390021,9.999999999999988,0.5460960248979243,0.4015154920375468,0.05238848306453131
r21c24,1.5182574527300297,0.6799875517748791,0.5443625160027286,0.32738966469158215,23.292760666338644,2546.2164032806572,40.000000000000014,0.44819707994422875,0.47315803776633175,0.07864488228943592
r21c25,1.8195087091782998,0.7275836786100757,0.6206907443040495,0.38703063980537383,23.078498971045832,2621.6826663933152,10.000000000000012,0.6613750069147052,0.27372084654843526,0.06490414653685755
r21c26,2.1569138401745818,0.985965288627764,0.6745831774063734,0.4196346877975331,21.420319388110535,2212.336828372546,10.000000000000012,0.7888288716618012,0.18321881506173016,0.02795231327647251
r21c27,2.542150489030115,1.217033503820133,0.7057130773006757,0.4407660829359134,18.988201395426408,2893.4651910664015,9.999999999999968,0.9930852218185744,0.005478798090201867,0.0014359800912239003
r21c28,2.797100096740334,1.3835876931602655,0.7269381584078297,0.439753718685116,21.26559310043834,3099.7528233743965,10,0.9838160017650379,0.010553904085891755,0.005630094149070363
r21c29,2.9160268446819977,1.5249864555857195,0.7455986328103617,0.46467286959910253,19.068569622700856,3719.5371478501684,10.00000000000006,0.9976793111039958,0.00044395787575732075,0.001876731020246856
r21c30,2.0181643195044687,1.2095811176397095,0.6450433345683667,0.3432728006343126,11.630757104871618,2937.5910050719012,10,0.9959523147588685,0.0014327984298333533,0.0026148868112981856
r21c31,1.543531966846041,0.9908931332898838,0.5902032585730798,0.31003197980826264,10.322302870099843,1301.628509517069,10,0.9248561138924145,0.06816200013975342,0.00698188596783128
r21c32,1.5396823921125258,0.946154363915983,0.5854939090807477,0.3138295239299117,13.866775456896189,1311.1670570159333,9.999999999999995,0.8282007019406542,0.15289561796346993,0.01890368009587761
r21c33,1.5012150096417096,0.8168912614444881,0.5888750476561196,0.3174907128746342,16.767756291321312,1504.4266054296281,10.000000000000014,0.8646762581615847,0.1206413189141724,0.014682422924243682
r22c00,0.34509708741933953,0.02648346036062512,0.3296864116416575,0.22236018480336367,27.040705600694196,250.43230327181885,39.99999999999989,0.31764561508809736,0.6517172579037078,0.03063712700819364
r22c01,0.3548927528057144,0.02931128721303164,0.19267684188098955,0.1340322689085683,27.261591294781034,222.67607537186353,60.00000000000008,0.7240344473318914,0.2672481734123846,0.008717379255724671
r22c02,0.1997723833496672,0.005627883014391091,0.13157019465028816,0.09496410509635103,27.21688695547288,213.7084339771018,59.999999999999865,0.9437289629383793,0.05416927909606793,0.002101757965552699
r22c03,0.1766344818879089,0.004769527531999961,0.1465115104126514,0.10589675420695761,27.178745504671856,204.79953394696307,59.9999999999994,0.8530959622135752,0.14625378362240582,0.0006502541640119868
r22c04,0.24908661122845918,0.014599332423943586,0.18685570393509368,0.1327028539706614,26.679184941998688,225.3054954469144,40.000000000000206,0.47061368181955643,0.5291845795414668,0.00020173863896987565
r22c05,0.27282026650649926,0.03514497847957633,0.23138089840277132,0.16210426933642103,26.046069348840206,288.36523007075255,40.00000000000016,0.21203017999992754,0.7878084262415479,0.00016139375852360823
r22c06,0.39265443627351715,0.11337823421248032,0.2833409817820269,0.19344502373848663,25.38087908543042,374.62725424999905,40.00000000000018,0.05072652897828671,0.9487325646296906,0.0005409063920230362
r22c07,0.6060875064305682,0.23242410480032566,0.3765932696742568,0.24815668310197322,24.37046477072882,508.8118042919643,39.99999999999996,0.18910956143227173,0.8106514334177529,0.0002390051499636635
r22c08,0.6958879370692016,0.26683734264063275,0.43209012610483005,0.28551658373193817,24.513339222107096,649.9687256528767,40.000000000000206,0.28633699621817443,0.7133200360483928,0.0003429677334215811
r22c09,0.7076642223896767,0.24522425600967715,0.44600324112047557,0.3130624010950365,24.688984957862164,731.5938922312653,39.999999999999424,0.0455788502590598,0.9495821122541832,0.004839037486757406
r22c10,0.7195452082195972,0.24617640746938121,0.461983370921349,0.32276600089787283,24.481577384923124,831.9877117662678,39.99999999999947,0.04667697371512696,0.948420690869718,0.004902335415154513
r22c11,0.7261061312687892,0.2585190972319877,0.46363392912706397,0.32252046034111337,24.392361159296296,930.4085950925148,39.9999999999993,0.05514826650564912,0.9343154632493635,0.010536270244987229
r22c12,0.8188205474175699,0.2921725512393861,0.5134215387119765,0.34419148652374215,24.375917778673696,1116.5906087558928,39.99999999999999,0.13599208488401734,0.8625207454550664,0.00148716966091614
r22c13,0.8377147295367012,0.28067031467021947,0.4875061231460324,0.32262281401919013,24.39088407910718,1341.7677724070998,40.000000000000206,0.16793505401089573,0.8065808986182571,0.0254840473708496
r22c14,0.9873005971571943,0.355355968193904,0.5445555027543171,0.3468796372510402,23.542162932947132,1688.4731794773998,40.00000000000011,0.3837100216188509,0.6111324984212662,0.0051574799598793995
r22c15,1.1346003529905424,0.3956688731604653,0.5704105815811026,0.3504231230553924,22.539915290674138,2095.4834889019276,40.00000000000024,0.4811473513031504,0.5083188586613986,0.01053379003543927
r22c16,1.278134745224565,0.40889668053438594,0.6020976234729426,0.35310070350571476,22.063470152900518,2210.2137826322246,10,0.6724971212181651,0.31685136624947596,0.010651512532342854
r22c17,1.5140186448452477,0.7063851257136968,0.6081975559669471,0.34718998412694624,17.624014650135308,2723.604398406219,10.000000000000018,0.8430509780882522,0.15463211297806623,0.0023169089336752026
r22c18,1.3672313847933113,0.7943380425554354,0.47871172149875574,0.261591943455967,8.885638226115974,2851.2420657935872,10.000000000000057,0.8805915216787279,0.02910787558411301,0.003833169088564918
r22c19,1.4012196059411195,0.8444989287907585,0.46432033258551886,0.25677671227045007,6.796529075081371,3603.626997942862,10.00000000000005,0.9085451191283731,0.011986967612228252,0.002712680976596765
r22c20,1.2376949136566702,0.7344545753685651,0.38119803380869005,0.2041398314946725,4.937409398966935,3787.7967041564525,10.000000000000073,0.8551487176119741,0.0013167830903658639,0.002789184562055307
r22c21,1.1452831637971204,0.7277439578344261,0.49517666262148635,0.24584971374687897,5.620973026841113,3082.684983586232,10.000000000000027,0.9796356694418742,0.0043183111885027586,0.0026269996704877726
r22c22,1.376735123011219,0.8538627026924028,0.5348610626283588,0.26114695646569674,5.69815913156415,3320.9514001979733,10.00000000000006,0.9787045123714831,0.0016214818215629341,0.003605552137306055
r22c23,1.545506971530753,0.9461334809450245,0.5671962934873324,0.28595533278133767,7.0220325187174915,3503.2813765398037,10,0.984768890984158,0.0015130397922740524,0.0020753763592536063
r22c24,1.6426679128473773,0.9842828097290383,0.4766434651131589,0.2548351972513207,7.82742390162635,5128.7132145076575,9.999999999999822,0.9354370376840192,0.0009163842671465316,0.003117193862543428
r22c25,2.182788175114953,1.1686283657158743,0.6659999651880423,0.37311816865647346,15.660908851227662,4391.766774446902,10,0.9698931293554777,0.02907836302410609,0.0010285076204107253
r22c26,1.7998141761081325,0.8425986444862049,0.5981829009583052,0.34396275317493774,21.65813752410177,2940.8723661547397,10.00000000000004,0.613747879074213,0.31436678948461844,0.07188533144115605
r22c27,1.7945958394437926,0.7456217664488943,0.6189313038679043,0.37110067792789636,22.85862508674218,2344.185218939442,10.000000000000062,0.6871880061444545,0.23658359172611157,0.07622840212942145
r22c28,2.367946750740994,1.2896991999891163,0.6821944852994082,0.38140847839497755,15.894486273829157,3223.2842012899373,10.00000000000003,0.9760894618301398,0.019441987760081703,0.004468550409778658
r22c29,2.321329309383823,1.3594246779820645,0.6475973968538542,0.36873393408587896,13.915545967879392,5318.728563393642,10.000000000000012,0.9804262614523301,0.014767527736583264,0.0021831668696614976
r22c30,1.544639325870023,0.9807859149667442,0.5616252272432722,0.28703091019692734,8.448773191270373,3706.7132496971885,10,0.997177695973622,0.00042366602363842364,0.0023337629066827676
r22c31,1.29690083605549,0.8784871613421913,0.5722531706278217,0.28147902058126556,6.982718003174031,1364.537281759138,9.999999999999917,0.9657532442144326,0.02632942400770476,0.007917331777862429
r22c32,1.307666922621942,0.8752284566283106,0.5796382585101434,0.2777640246252896,9.783949584117662,1360.9188851928266,10,0.9573027686161474,0.031924483483431555,0.009844717489504284
r22c33,1.441146286542286,0.8919527800867271,0.5843911191651882,0.29968632544167967,11.060506908679518,1805.4917910616994,10.000000000000043,0.9101700536412735,0.07993927797179219,0.009890668386934144
r23c00,0.28465268334093824,0.023957799636379003,0.23536283743372896,0.15691539975344448,26.771677122788972,292.6680013121545,40.00000000000014,0.4000651046560516,0.5880299535223339,0.011904941821615323
r23c01,0.37004522160279923,0.032147534037646044,0.24718578901762797,0.17278912671855168,26.424785257713527,249.47889255753267,60.00000000000029,0.5040750828849496,0.45781014106600604,0.03811477604903936
r23c02,0.42961180294858414,0.020705500216509857,0.32302485541879916,0.2284137223425916,26.622442442634277,242.0644770350561,39.99999999999997,0.40773037087153935,0.5734638711442415,0.018805757984221433
r23c03,0.39923007163293767,0.024970047528218235,0.14889772017205655,0.10422576208951626,26.930064080870167,218.86174048384862,59.99999999999988,0.9212449417003283,0.07854086120210045,0.00021419709756998205
r23c04,0.23761866125711795,0.02669172373332944,0.15792149724231166,0.11180925401203809,26.90652394851459,225.12851828252175,60.00000000000028,0.8371942447807816,0.1621197472420629,0.0006860079771571246
r23c05,0.1791654950021955,0.007016300519496804,0.17886742970495464,0.12659452921755318,26.377293984400726,271.6589864138943,59.99999999999986,0.6953583181286644,0.30435920299177605,0.0002824788795605801
r23c06,0.23604083684535745,0.01854605060543943,0.22506484834553525,0.1554383101721853,25.790544744273582,350.7419410347105,40.000000000000036,0.16955796018630964,0.8303815086347911,6.053117889811893e-05
r23c07,0.4435234971503066,0.12498474357217676,0.3252149499188203,0.22051783172223055,25.147481144270817,462.1198255036735,39.99999999999981,0.074759103673151,0.925059302761417,0.00018159356543180093
r23c08,0.6580544003847695,0.21541792976894103,0.433449321739869,0.2909041164215159,24.613618865711313,645.4061031667857,40.00000000000019,0.06326189025338338,0.9355908457208816,0.0011472640257359388
r23c09,0.7131078266134817,0.2052925757478075,0.4559556608472508,0.3025364906454561,24.14446755557997,829.7487264717203,39.99999999999998,0.11456022774074652,0.8800218000499688,0.005417972209287482
r23c10,0.7660319561287635,0.2326746223564981,0.5148891318364917,0.3481670930405083,23.925253191601627,964.5862849269148,40.000000000000014,0.098399492202713,0.8931745670279602,0.008425940769326803
r23c11,0.8451794802256095,0.263112327034048,0.5252023529014803,0.3469183639513777,23.715640544847968,1148.8706226679112,39.99999999999983,0.15196536321363016,0.8452121726303599,0.00282246415601081
r23c12,0.9478608573014562,0.22624225554861532,0.5786563864191,0.3603378059330026,23.02387429490817,1481.3293950126745,39.99999999999999,0.4465371427486284,0.5305613437213038,0.022901513530065424
r23c13,1.2492859189014174,0.47867965529448137,0.6100000247729409,0.35659521145413536,20.17599532071057,1756.434570285701,10.000000000000023,0.7554547265117696,0.22595942219165827,0.018585851296572975
r23c14,1.5005252621004188,0.8664420212246333,0.5906901706451803,0.3229039281621295,12.363354527490399,2072.608485561795,9.999999999999957,0.9439639446173651,0.052161821942880035,0.001816173031527722
r23c15,1.2545127064462644,0.7553043730600227,0.40823532889533864,0.22350068241420296,5.2140634121580645,2324.875466605691,10.000000000000021,0.8739160764019075,0.017402359244425257,0.003017459725398904
r23c16,1.0211326030901744,0.6101347613157005,0.31581346274391603,0.1680515676560183,1.7501854542307287,2509.5093468366254,10.000000000000004,0.8394089497847541,0.016654858470179924,0.0019836029331591677
r23c17,0.47379888096095657,0.3127848706782989,0.17303045133290224,0.08819341423644075,-3.288899176482905,1407.8700799104329,60.00000000000011,0.8369413984862283,0.00045963957137542307,0.03106245805591155
r23c18,0.09442492949768763,0.06583328567983067,0.10226872826074984,0.057831818369976494,-3.3177173894302006,737.5240888362073,59.99999999999972,0.8803229868347046,0,0.0037927527251806654
r23c19,0.10234481530939364,0.07149004877114208,0.11510706784906956,0.06882002290344688,-1.1757109661047134,830.3895384016816,60.00000000000003,0.9632432199796888,0.0008242803448733906,0.011757011426397406
r23c20,0.11270413153796895,0.07917585016035852,0.1280489007366981,0.07865855338282067,-0.3503088164674364,953.6863602656606,60.000000000000036,0.9821456557720162,0.0007839326170794174,0.009315894781670171
r23c21,0.12863360491984963,0.0901953220236632,0.1433392144681564,0.08401904459635376,-0.8629220319745272,845.4194366879569,30.000000000000018,0.9472651242073148,0.008951736760031583,0.010324667089711284
r23c22,0.13188430198840667,0.09256325407292859,0.12432149834951983,0.06582365156669813,-2.529778900389046,942.9807391369126,30.000000000000036,0.8114933857050739,0.000464006982335933,0.07875808471841898
r23c23,0.1666370465581603,0.11629478228412223,0.181236586191161,0.09750602440192624,-2.1364479496125512,1078.8266746894656,29.999999999999986,0.9606709092747365,0.00025655959516272445,0.01113783508004296
r23c24,0.22158996559456767,0.15345525824339432,0.20882592941109068,0.10851125865875162,-0.6925999044797903,1384.3746591098427,30,0.9587093220735227,0.002034712178692656,0.00150868856672767
r23c25,0.9832736639830579,0.6275421043424992,0.4023545753292094,0.20507751713012307,4.243272472817082,3014.027301361766,10,0.9445923447471396,2.017421662330122e-05,0.001832372671420704
r23c26,1.7704203653194868,0.9999084052437941,0.6191216902958065,0.32956868324517186,12.600984193789118,4859.940815250039,9.999999999999979,0.9928220279535226,0.0018459947949180891,0.002957990288076941
r23c27,1.8239647607553988,1.005002717631351,0.6454926022276022,0.34305838266764865,13.010906738593626,4826.285487484425,10,0.9756918094895725,0.015282245993163275,0.009005770300641756
r23c28,1.0594367660039712,0.6621691754902355,0.4100502880723565,0.2066545590573428,4.638969158884327,3140.5010657820826,10.00000000000008,0.9570632559775492,0.00036312317256681324,0.005137045770687026
r23c29,0.5525652136153825,0.3710787766596033,0.2892375154904194,0.1369697646243571,0.30192683820819594,1797.1988870325854,10,0.9562600567700442,0.000665737508600594,0.0044742465595848605
r23c30,0.6475266065721857,0.44223535808119446,0.37068635148515444,0.17151462206052887,2.2410522288622587,1552.3584572678924,10.000000000000071,0.9641702748187165,0.0002824390327262199,0.004648693312033601
r23c31,0.7549333189139747,0.5235842455258305,0.4749344956631237,0.21197947417095112,3.4735166421359134,1196.710349792034,10.0000000000001,0.9954425272929784,0.0019452801068072763,0.002289416446821578
r23c32,0.8336986870908191,0.5751965383039344,0.5206216811191556,0.2303568212209312,4.19165300113294,1336.552604756954,10,0.9955600112880667,0.00117010447157916,0.0023216961340745117
r23c33,1.1017786751880427,0.743341425513694,0.5711144544305654,0.25396088266829253,5.860916485416246,1662.7849741749553,10,0.9883365003662549,0.0032798747036914544,0.008262581746672189
r24c00,0.1631193966796323,0.03907309536646396,0.1589261704223214,0.11648700602897272,23.52919952007624,371.06060616671596,60.000000000000064,0.9143936496412398,0.08558617436395374,2.0175994807094553e-05
r24c01,0.21227116020268946,0.05752605999233471,0.1805594610193208,0.12473402144008156,22.044393982687716,431.56948996866817,60.0000000000003,0.9428437057586943,0.05701506228882948,0.00014123195247517088
r24c02,0.39064879286931475,0.03504823604115437,0.33031762139675236,0.23049763660156805,25.991943030472193,363.8396070595731,39.99999999999985,0.33065610162541687,0.6364997733723065,0.03284412500228463
r24c03,0.48203764131011084,0.028903714148628974,0.4289121549694816,0.3023407290958484,25.94780829979728,268.14606415663803,40.00000000000002,0.16044416139529782,0.8314187558882291,0.008137082716471055
r24c04,0.4508002920435011,0.03042762276194958,0.31204797830699715,0.2229723934102982,25.86819018721016,255.28295286952454,40.00000000000018,0.42312384741709264,0.5741325028459522,0.002743649736957133
r24c05,0.4159600287005887,0.05832446222395615,0.34744442714596857,0.24733536646227258,25.259881605958093,285.58211571586,39.99999999999995,0.20689131333156308,0.7925841107619482,0.0005245759064897174
r24c06,0.48317328166976736,0.06004539578932002,0.3789854676496403,0.26804613904286606,25.191728387844076,379.0434653581966,40.00000000000011,0.0943816346874538,0.9043472777402688,0.0012710875722765414
r24c07,0.6543180460043599,0.09921767876243259,0.4630756490823552,0.3246673788928039,24.70458533930702,570.8264333994506,39.99999999999982,0.023711145583490523,0.9759256865099816,0.0003631679065277011
r24c08,0.7572964961285182,0.16323976396852283,0.49869512545655215,0.3458622139772211,23.919417200458994,764.5573373729766,40.000000000000185,0.02390810345482399,0.975524426833437,0.0005674697117393126
r24c09,0.8125580201999612,0.17913298479837653,0.5412986235425209,0.3504314253032262,23.39664283231804,956.3276580450488,40.00000000000003,0.21563627833045462,0.7810380643096508,0.003325657359895032
r24c10,0.9304778364224955,0.2679356507054859,0.5773366861809408,0.35171296718754436,21.67204200174789,1112.1910247264311,9.999999999999993,0.5228569599862247,0.46164350929015074,0.015499530723619094
r24c11,1.314656239531174,0.568350567926183,0.6240788685186806,0.34917804763177435,18.115670420036487,2067.3388562209925,9.999999999999956,0.8741836095251359,0.12416192984010825,0.0016544606347558572
r24c12,1.4481909760007419,0.7510923825939161,0.6152272000559301,0.3331212863082239,13.876274233096858,2307.0906793601193,9.999999999999968,0.966355893233359,0.02461974060614263,0.0036392108112316347
r24c13,1.2123798371785905,0.7687986973090543,0.4854423494405472,0.25085466567083414,7.045578088172651,1846.2712648147774,10.000000000000009,0.9378835880036972,0.01641381613095166,0.0016727380334468516
r24c14,0.4618842369317587,0.31624683803093767,0.2560000628624929,0.12418524577368069,-2.267384066670428,1254.3071203376132,30.000000000000036,0.895070022971362,0.0016176401822295963,0.00420823812043265
r24c15,0.08726974035793157,0.06090255158206257,0.11271049102283284,0.0665435890762167,-4.673003558948544,604.9125228062344,60.000000000000156,0.9576982214189455,2.0175993210738733e-05,0.013781152821438589
r24c16,0.07720070469293827,0.0538292320418123,0.1183413398767441,0.07216032791577998,-4.26591231858555,603.8682651903231,59.999999999999886,0.9760582942248707,2.017599480709451e-05,0.00839408417678221
r24c17,0.07648500271571013,0.053672624884746806,0.13071608277523192,0.07743385672961156,-5.0854684667985515,627.3895907506222,29.9999999999999,0.9749401319995563,4.034844920735489e-05,0.02128776268719415
r24c18,0.08427839551089628,0.05909406865296293,0.14131571382057043,0.08418779939959423,-3.1853974594187604,613.5023473615969,29.999999999999805,0.9900085059074165,0.00024209912281791376,0.007409103449192539
r24c19,0.11195791988044378,0.07848174726719986,0.16171214177060866,0.09214022878880343,-0.13036351899349616,701.0140892816175,30.000000000000007,0.9868874231709985,0.004138610824998793,0.008570446107860695
r24c20,0.15191965669158294,0.1065937031711685,0.1792896408764586,0.10412401094203086,1.3379731357714555,761.8244326442717,29.999999999999993,0.9707718694117939,0.019745176414532953,0.006940779029120131
r24c21,0.18294144944101806,0.12777718753974127,0.20721049290686924,0.11946873206989263,0.1026531284170579,726.5755832055854,30.00000000000001,0.9666717858312448,0.02454627546754702,0.00676125332023712
r24c22,0.24111716594412602,0.1687659099701466,0.22259047119225303,0.12986955335952627,0.4887851014198812,931.6296294927846,30.00000000000002,0.9537009754275804,0.011891702852223695,0.02500332316339841
r24c23,0.32416098869183474,0.22456296916964755,0.274260232402269,0.15380439264244614,1.3124086211214612,934.7260797964258,29.99999999999983,0.9395183306784561,0.03628878005646479,0.024192889265078833
r24c24,0.24182879123743417,0.1664266211198599,0.2538038473660267,0.13133110356970518,-3.405158378156192,1128.365101932161,30.000000000000018,0.9872816067244455,0.0016407435463322334,0.004959971617518207
r24c25,0.3087056051820601,0.20985141546816521,0.3074219682674561,0.1459893304343234,-2.4938127574731954,1338.205364978398,10.00000000000003,0.9746901170541437,0.0013718951378422198,0.010628706154144272
r24c26,0.5640782472420783,0.372991382391789,0.3423904105604923,0.1663137512505972,1.0798819134763749,2686.9274478688144,10.000000000000048,0.9040748856417105,0.00405530340402588,0.020212983537865565
r24c27,0.7900050047755264,0.5182715911631095,0.3626866323353358,0.17869210495633617,3.0691303816069135,3514.908355375442,10.000000000000005,0.8632019787064358,0.00032282158726943603,0.008590298261827304
r24c28,0.23472304871096436,0.15845996138823049,0.12915250789700533,0.06014618798609816,-4.450929650044834,1731.2581013084846,100.00000000000006,0.7520792973814003,2.017563882599938e-05,0.008365215458020636
r24c29,0.21011835311443164,0.14551179852640225,0.20205641943923466,0.09416738922967498,-1.6052114788777154,943.4950304535922,30.000000000000057,0.933814903999452,8.070397922837809e-05,0.0029456952418358
r24c30,0.45167394395798116,0.30939664823319807,0.38811876756289954,0.1884486276972379,1.5724950921812697,944.6119319469565,30.00000000000003,0.99149570837184,0.002481690952133791,0.0036216151207099597
r24c31,0.5306592183636988,0.3633361283667682,0.4396506804690585,0.21085048025441988,0.7906179991406381,1063.0376001320883,29.999999999999954,0.9894884913399822,0.0006984727594041459,0.003679641212234777
r24c32,0.48835634335720285,0.3345166957095553,0.42345138029429225,0.20993455597928207,1.4213352568964204,1196.9009762477901,30.000000000000075,0.9940520117839383,0.0013518155036503735,0.00459617271241127
r24c33,0.5508218004328362,0.3753917589401492,0.4278218102922123,0.1977369381430141,1.695981930899889,1423.059343240976,30,0.967737772962956,0.0008095937292048652,0.0033657516298087925
r25c00,0.19792419965223867,0.09137122569834498,0.14438673832733875,0.1055659450985272,17.145365498290047,332.3906688738861,59.999999999999936,0.9173522341247494,0.08252672055635991,0.00012104531889270714
r25c01,0.2340293744491107,0.09699804546555423,0.18474039853537025,0.12250751195926407,18.473071354170152,440.42732548066505,59.99999999999999,0.9267279514584577,0.07284838995893572,0.0004236585826068975
r25c02,0.3161313343719955,0.05989809357740534,0.2833484408420414,0.1880439666961328,23.695030998556042,524.7184852380972,40.000000000000014,0.5844863097744355,0.38657120067620565,0.028942489549358578
r25c03,0.4008584688972301,0.03888356639176374,0.37314189678559484,0.25633216450096513,25.524661372874796,374.3304256685018,39.99999999999992,0.2705175205086421,0.7088866935086102,0.020595785982754612
r25c04,0.4914523808430716,0.0346348889262505,0.4631148746611076,0.32040729890589437,25.172186811404654,345.6543855565954,39.999999999999844,0.06624606401981918,0.9272407842427403,0.006513151737440443
r25c05,0.5054342521147285,0.038685041457014895,0.46342018346294694,0.3197766034938977,24.87988239114307,384.62243719180793,39.999999999999694,0.05071767215769372,0.9440549897016545,0.0052273381406521295
r25c06,0.6126215202136875,0.027450740209312704,0.5018008913316637,0.34866854367523864,24.40439741519755,515.3526824035556,40.000000000000085,0.03474823169021601,0.9639263617300624,0.0013254065797223874
r25c07,0.6812691737343614,0.06306564610349702,0.5269446245004487,0.36976115799049225,23.553984851212608,755.8204481455634,39.999999999999524,0.0233206860753737,0.9763134880719724,0.00036582585265351096
r25c08,0.7649432503517688,0.20145740720814104,0.5278852628942726,0.35173020694080126,22.83877352657662,914.5213835516364,39.999999999999986,0.12270333259412672,0.8760243243634541,0.001272343042418902
r25c09,1.0680835428676332,0.4414677324098881,0.589017666972415,0.33930883989529254,18.603045190561776,1446.5088402766085,9.999999999999945,0.699707242382436,0.297528804790778,0.002763952826787194
r25c10,1.374453280024713,0.7592274386892842,0.5810662806244734,0.30293938131862647,11.483248036540454,1685.6090966629997,10.000000000000027,0.9317482665763643,0.03170099228538937,0.006375422748863502
r25c11,1.102971869088908,0.7013859873013597,0.3285970519375306,0.16466677115634198,0.8284475019581042,1658.6187680165358,9.999999999999957,0.78497165235208,0.00274374186737269,0.001331521788577923
r25c12,0.35282464602766667,0.23557690296994693,0.13263117234751207,0.06815145572590393,-5.669730500484441,1025.751182839959,59.99999999999997,0.8679543077014261,4.0347727793975746e-05,0.0014928659283771025
r25c13,0.1059811952305091,0.07443978517909171,0.0904458942791339,0.05035051126447234,-6.868271558204616,715.0953137438062,60.00000000000002,0.8804799776070159,6.0523717662632985e-05,0.06565826505163588
r25c14,0.0677737758377955,0.04741171316743622,0.08326805045030214,0.05009079951116092,-8.010647200178633,553.490691885004,60,0.925473583876574,0,0.015983599229550543
r25c15,0.06866118772517048,0.04807402733179761,0.10142547985994524,0.06766350106800359,-6.509008221405339,479.89818424712087,59.999999999999986,0.96092261842365,0,0.017751492397682308
r25c16,0.0688929131544343,0.04848386735539078,0.10918869672771936,0.07028844599786443,-4.968466554943283,458.13767631500986,60.000000000000234,0.9510950803859587,0,0.03927422176166993
r25c17,0.0823103069402597,0.058101825016920315,0.10604328412634755,0.06567097423096613,-2.277880133822339,494.415482287854,30.00000000000011,0.8993855832188894,0,0.0968784545269643
r25c18,0.09673049793356003,0.06863600472002983,0.11750060693942702,0.07620730995531778,-1.8893755268260484,510.3545059192643,59.999999999999986,0.9115792719937665,0,0.07712296648204182
r25c19,0.10397468901139054,0.07317758274325306,0.15068995855076175,0.09352317274552688,-2.187737212512028,560.5039294195755,30.00000000000009,0.9777218068442661,0,0.02199575407831755
r25c20,0.11510773243203105,0.08092803669031252,0.15844779332381517,0.09576292302486107,-1.944571352642754,618.7892021968313,30.00000000000002,0.9707110699891097,0,0.021360462250675498
r25c21,0.14537272945148108,0.10189940865499632,0.18606686740864317,0.1119572181792967,-2.258245749968759,670.3187909592245,30.00000000000012,0.9766463231416338,0,0.021759913492945496
r25c22,0.1753045866332034,0.12351615703430673,0.13670775558968826,0.08347221274563923,-2.577639298629361,810.9347716523979,30,0.7526797568259869,9.090425045015098e-05,0.19119173415325094
r25c23,0.24647662372825457,0.17045037793274528,0.23070953980316536,0.13132040621852067,-4.128456712776783,902.882123229984,29.99999999999979,0.9773813011382729,0.0007568759054999275,0.012186279604848626
r25c24,0.18698936304151628,0.12895885132139567,0.1961603402492506,0.1070437061301722,-6.502813938294012,963.0667075039373,30.000000000000036,0.9948868246136539,6.0522654658128625e-05,0.0035273236051407385
r25c25,0.18572565558887236,0.1265880029709168,0.1703528827003736,0.08306066676930203,-6.9353168329382955,1079.329246959814,59.99999999999996,0.8550576427095846,4.034914510842186e-05,0.006338692464591474
r25c26,0.2622176854112297,0.17623296918111994,0.17080211133041556,0.0809603942170548,-4.089572142671633,1294.139014576782,59.999999999999964,0.7366958707739795,0.00038330341404276854,0.00920545276598317
r25c27,0.28024482054914596,0.18957552650097306,0.21438625247978008,0.10319973725436343,-4.045846896089404,1257.67825682499,30.000000000000036,0.8328989207236616,0.0012508234983610767,0.0039646595287710475
r25c28,0.1921985552120755,0.13353207586184632,0.20857234083922885,0.10643003146559431,-4.144082632636339,857.0741418463,30.00000000000017,0.9910457316178322,0.00016139091117590198,0.0027941988195204323
r25c29,0.29969025140479455,0.20749098169930852,0.2934451814892709,0.15194910894933042,-0.6008274912140251,945.8354085105555,29.999999999999986,0.9969279016953859,0.0005447038919231557,0.002164258484742171
r25c30,0.49924976790088865,0.33790879772235777,0.4013692396248633,0.21419330695425862,0.5304560254519667,1135.650566066915,29.999999999999993,0.9983513021540431,0.0005447135020592293,0.0011039843438975289
r25c31,0.4249052793926309,0.2874039031202882,0.36009922514901527,0.19115199538895408,-1.5123321298139525,1075.9582566786883,29.999999999999897,0.9909720772363103,0.0002926396962939529,0.002683123898299382
r25c32,0.5880502928566367,0.395961045205768,0.4893328556475647,0.23817725469501363,1.7123714038788898,1274.341366549359,29.99999999999997,0.9966711161492164,0.0005495395766599031,0.0027793442741235815
r25c33,0.6375375100907289,0.4282588980204967,0.47499660857873843,0.23296910764440054,2.0274874951854995,1271.4837735798105,10.000000000000002,0.9915837901805189,0.0037101576959427357,0.00384710504692527
