{"type": "FeatureCollection", "features": [{"type": "Feature", "properties": {"cell_id": "r00c00", "lat_c": 5.5, "lon_c": 68.5, "lat_min": 5.0, "lat_max": 6.0, "lon_min": 68.0, "lon_max": 69.0}, "geometry": {"type": "Polygon", "coordinates": [[[68.0, 5.0], [69.0, 5.0], [69.0, 6.0], [68.0, 6.0], [68.0, 5.0]]]}}, {"type": "Feature", "properties": {"cell_id": "r00c01", "lat_c": 5.5, "lon_c": 69.5, "lat_min": 5.0, "lat_max": 6.0, "lon_min": 69.0, "lon_max": 70.0}, "geometry": {"type": "Polygon", "coordinates": [[[69.0, 5.0], [70.0, 5.0], [70.0, 6.0], [69.0, 6.0], [69.0, 5.0]]]}}, {"type": "Feature", "properties": {"cell_id": "r00c02", "lat_c": 5.5, "lon_c": 70.5, "lat_min": 5.0, "lat_max": 6.0, "lon_min": 70.0, "lon_max": 71.0}, "geometry": {"type": "Polygon", "coordinates": [[[70.0, 5.0], [71.0, 5.0], [71.0, 6.0], [70.0, 6.0], [70.0, 5.0]]]}}, {"type": "Feature", "properties": {"cell_id": "r00c03", "lat_c": 5.5, "lon_c": 71.5, "lat_min": 5.0, "lat_max": 6.0, "lon_min": 71.0, "lon_max": 72.0}, "geometry": {"type": "Polygon", "coordinates": [[[71.0, 5.0], [72.0, 5.0], [72.0, 6.0], [71.0, 6.0], [71.0, 5.0]]]}}, {"type": "Feature", "properties": {"cell_id": "r00c04", "lat_c": 5.5, "lon_c": 72.5, "lat_min": 5.0, "lat_max": 6.0, "lon_min": 72.0, "lon_max": 73.0}, "geometry": {"type": "Polygon", "coordinates": [[[72.0, 5.0], [73.0, 5.0], [73.0, 6.0], [72.0, 6.0], [72.0, 5.0]]]}}, {"type": "Feature", "properties": {"cell_id": "r00c05", "lat_c": 5.5, "lon_c": 73.5, "lat_min": 5.0, "lat_max": 6.0, "lon_min": 73.0, "lon_max": 74.0}, "geometry": {"type": "Polygon", "coordinates": [[[73.0, 5.0], [74.0, 5.0], [74.0, 6.0], [73.0, 6.0], [73.0, 5.0]]]}}, {"type": "Feature", "properties": {"cell_id": "r00c06", "lat_c": 5.5, "lon_c": 74.5, "lat_min": 5.0, "lat_max": 6.0, "lon_min": 74.0, "lon_max": 75.0}, "geometry": {"type": "Polygon", "coordinates": [[[74.0, 5.0], [75.0, 5.0], [75.0, 6.0], [74.0, 6.0], [74.0, 5.0]]]}}, {"type": "Feature", "properties": {"cell_id": "r00c07", "lat_c": 5.5, "lon_c": 75.5, "lat_min": 5.0, "lat_max": 6.0, "lon_min": 75.0, "lon_max": 76.0}, "geometry": {"type": "Polygon", "coordinates": [[[75.0, 5.0], [76.0, 5.0], [76.0, 6.0], [75.0, 6.0], [75.0, 5.0]]]}}, {"type": "Feature", "properties": {"cell_id": "r00c08", "lat_c": 5.5, "lon_c": 76.5, "lat_min": 5.0, "lat_max": 6.0, "lon_min": 76.0, "lon_max": 77.0}, "geometry": {"type": "Polygon", "coordinates": [[[76.0, 5.0], [77.0, 5.0], [77.0, 6.0], [76.0, 6.0], [76.0, 5.0]]]}}, {"type": "Feature", "properties": {"cell_id": "r00c09", "lat_c": 5.5, "lon_c": 77.5, "lat_min": 5.0, "lat_max": 6.0, "lon_min": 77.0, "lon_max": 78.0}, "geometry": {"type": "Polygon", "coordinates": [[[77.0, 5.0], [78.0, 5.0], [78.0, 6.0], [77.0, 6.0], [77.0, 5.0]]]}}, {"type": "Feature", "properties": {"cell_id": "r00c10", "lat_c": 5.5, "lon_c": 78.5, "lat_min": 5.0, "lat_max": 6.0, "lon_min": 78.0, "lon_max": 79.0}, "geometry": {"type": "Polygon", "coordinates": [[[78.0, 5.0], [79.0, 5.0], [79.0, 6.0], [78.0, 6.0], [78.0, 5.0]]]}}, {"type": "Feature", "properties": {"cell_id": "r00c11", "lat_c": 5.5, "lon_c": 79.5, "lat_min": 5.0, "lat_max": 6.0, "lon_min": 79.0, "lon_max": 80.0}, "geometry": {"type": "Polygon", "coordinates": [[[79.0, 5.0], [80.0, 5.0], [80.0, 6.0], [79.0, 6.0], [79.0, 5.0]]]}}, {"type": "Feature", "properties": {"cell_id": "r00c12", "lat_c": 5.5, "lon_c": 80.5, "lat_min": 5.0, "lat_max": 6.0, "lon_min": 80.0, "lon_max": 81.0}, "geometry": {"type": "Polygon", "coordinates": [[[80.0, 5.0], [81.0, 5.0], [81.0, 6.0], [80.0, 6.0], [80.0, 5.0]]]}}, {"type": "Feature", "properties": {"cell_id": "r00c13", "lat_c": 5.5, "lon_c": 81.5, "lat_min": 5.0, "lat_max": 6.0, "lon_min": 81.0, "lon_max": 82.0}, "geometry": {"type": "Polygon", "coordinates": [[[81.0, 5.0], [82.0, 5.0], [82.0, 6.0], [81.0, 6.0], [81.0, 5.0]]]}}, {"type": "Feature", "properties": {"cell_id": "r00c14", "lat_c": 5.5, "lon_c": 82.5, "lat_min": 5.0, "lat_max": 6.0, "lon_min": 82.0, "lon_max": 83.0}, "geometry": {"type": "Polygon", "coordinates": [[[82.0, 5.0], [83.0, 5.0], [83.0, 6.0], [82.0, 6.0], [82.0, 5.0]]]}}, {"type": "Feature", "properties": {"cell_id": "r00c15", "lat_c": 5.5, "lon_c": 83.5, "lat_min": 5.0, "lat_max": 6.0, "lon_min": 83.0, "lon_max": 84.0}, "geometry": {"type": "Polygon", "coordinates": [[[83.0, 5.0], [84.0, 5.0], [84.0, 6.0], [83.0, 6.0], [83.0, 5.0]]]}}, {"type": "Feature", "properties": {"cell_id": "r00c16", "lat_c": 5.5, "lon_c": 84.5, "lat_min": 5.0, "lat_max": 6.0, "lon_min": 84.0, "lon_max": 85.0}, "geometry": {"type": "Polygon", "coordinates": [[[84.0, 5.0], [85.0, 5.0], [85.0, 6.0], [84.0, 6.0], [84.0, 5.0]]]}}, {"type": "Feature", "properties": {"cell_id": "r00c17", "lat_c": 5.5, "lon_c": 85.5, "lat_min": 5.0, "lat_max": 6.0, "lon_min": 85.0, "lon_max": 86.0}, "geometry": {"type": "Polygon", "coordinates": [[[85.0, 5.0], [86.0, 5.0], [86.0, 6.0], [85.0, 6.0], [85.0, 5.0]]]}}, {"type": "Feature", "properties": {"cell_id": "r00c18", "lat_c": 5.5, "lon_c": 86.5, "lat_min": 5.0, "lat_max": 6.0, "lon_min": 86.0, "lon_max": 87.0}, "geometry": {"type": "Polygon", "coordinates": [[[86.0, 5.0], [87.0, 5.0], [87.0, 6.0], [86.0, 6.0], [86.0, 5.0]]]}}, {"type": "Feature", "properties": {"cell_id": "r00c19", "lat_c": 5.5, "lon_c": 87.5, "lat_min": 5.0, "lat_max": 6.0, "lon_min": 87.0, "lon_max": 88.0}, "geometry": {"type": "Polygon", "coordinates": [[[87.0, 5.0], [88.0, 5.0], [88.0, 6.0], [87.0, 6.0], [87.0, 5.0]]]}}, {"type": "Feature", "properties": {"cell_id": "r00c20", "lat_c": 5.5, "lon_c": 88.5, "lat_min": 5.0, "lat_max": 6.0, "lon_min": 88.0, "lon_max": 89.0}, "geometry": {"type": "Polygon", "coordinates": [[[88.0, 5.0], [89.0, 5.0], [89.0, 6.0], [88.0, 6.0], [88.0, 5.0]]]}}, {"type": "Feature", "properties": {"cell_id": "r00c21", "lat_c": 5.5, "lon_c": 89.5, "lat_min": 5.0, "lat_max": 6.0, "lon_min": 89.0, "lon_max": 90.0}, "geometry": {"type": "Polygon", "coordinates": [[[89.0, 5.0], [90.0, 5.0], [90.0, 6.0], [89.0, 6.0], [89.0, 5.0]]]}}, {"type": "Feature", "properties": {"cell_id": "r00c22", "lat_c": 5.5, "lon_c": 90.5, "lat_min": 5.0, "lat_max": 6.0, "lon_min": 90.0, "lon_max": 91.0}, "geometry": {"type": "Polygon", "coordinates": [[[90.0, 5.0], [91.0, 5.0], [91.0, 6.0], [90.0, 6.0], [90.0, 5.0]]]}}, {"type": "Feature", "properties": {"cell_id": "r00c23", "lat_c": 5.5, "lon_c": 91.5, "lat_min": 5.0, "lat_max": 6.0, "lon_min": 91.0, "lon_max": 92.0}, "geometry": {"type": "Polygon", "coordinates": [[[91.0, 5.0], [92.0, 5.0], [92.0, 6.0], [91.0, 6.0], [91.0, 5.0]]]}}, {"type": "Feature", "properties": {"cell_id": "r00c24", "lat_c": 5.5, "lon_c": 92.5, "lat_min": 5.0, "lat_max": 6.0, "lon_min": 92.0, "lon_max": 93.0}, "geometry": {"type": "Polygon", "coordinates": [[[92.0, 5.0], [93.0, 5.0], [93.0, 6.0], [92.0, 6.0], [92.0, 5.0]]]}}, {"type": "Feature", "properties": {"cell_id": "r00c25", "lat_c": 5.5, "lon_c": 93.5, "lat_min": 5.0, "lat_max": 6.0, "lon_min": 93.0, "lon_max": 94.0}, "geometry": {"type": "Polygon", "coordinates": [[[93.0, 5.0], [94.0, 5.0], [94.0, 6.0], [93.0, 6.0], [93.0, 5.0]]]}}, {"type": "Feature", "properties": {"cell_id": "r00c26", "lat_c": 5.5, "lon_c": 94.5, "lat_min": 5.0, "lat_max": 6.0, "lon_min": 94.0, "lon_max": 95.0}, "geometry": {"type": "Polygon", "coordinates": [[[94.0, 5.0], [95.0, 5.0], [95.0, 6.0], [94.0, 6.0], [94.0, 5.0]]]}}, {"type": "Feature", "properties": {"cell_id": "r00c27", "lat_c": 5.5, "lon_c": 95.5, "lat_min": 5.0, "lat_max": 6.0, "lon_min": 95.0, "lon_max": 96.0}, "geometry": {"type": "Polygon", "coordinates": [[[95.0, 5.0], [96.0, 5.0], [96.0, 6.0], [95.0, 6.0], [95.0, 5.0]]]}}, {"type": "Feature", "properties": {"cell_id": "r00c28", "lat_c": 5.5, "lon_c": 96.5, "lat_min": 5.0, "lat_max": 6.0, "lon_min": 96.0, "lon_max": 97.0}, "geometry": {"type": "Polygon", "coordinates": [[[96.0, 5.0], [97.0, 5.0], [97.0, 6.0], [96.0, 6.0], [96.0, 5.0]]]}}, {"type": "Feature", "properties": {"cell_id": "r00c29", "lat_c": 5.5, "lon_c": 97.5, "lat_min": 5.0, "lat_max": 6.0, "lon_min": 97.0, "lon_max": 98.0}, "geometry": {"type": "Polygon", "coordinates": [[[97.0, 5.0], [98.0, 5.0], [98.0, 6.0], [97.0, 6.0], [97.0, 5.0]]]}}, {"type": "Feature", "properties": {"cell_id": "r00c30", "lat_c": 5.5, "lon_c": 98.5, "lat_min": 5.0, "lat_max": 6.0, "lon_min": 98.0, "lon_max": 99.0}, "geometry": {"type": "Polygon", "coordinates": [[[98.0, 5.0], [99.0, 5.0], [99.0, 6.0], [98.0, 6.0], [98.0, 5.0]]]}}, {"type": "Feature", "properties": {"cell_id": "r00c31", "lat_c": 5.5, "lon_c": 99.5, "lat_min": 5.0, "lat_max": 6.0, "lon_min": 99.0, "lon_max": 100.0}, "geometry": {"type": "Polygon", "coordinates": [[[99.0, 5.0], [100.0, 5.0], [100.0, 6.0], [99.0, 6.0], [99.0, 5.0]]]}}, {"type": "Feature", "properties": {"cell_id": "r00c32", "lat_c": 5.5, "lon_c": 100.5, "lat_min": 5.0, "lat_max": 6.0, "lon_min": 100.0, "lon_max": 101.0}, "geometry": {"type": "Polygon", "coordinates": [[[100.0, 5.0], [101.0, 5.0], [101.0, 6.0], [100.0, 6.0], [100.0, 5.0]]]}}, {"type": "Feature", "properties": {"cell_id": "r00c33", "lat_c": 5.5, "lon_c": 101.5, "lat_min": 5.0, "lat_max": 6.0, "lon_min": 101.0, "lon_max": 102.0}, "geometry": {"type": "Polygon", "coordinates": [[[101.0, 5.0], [102.0, 5.0], [102.0, 6.0], [101.0, 6.0], [101.0, 5.0]]]}}, {"type": "Feature", "properties": {"cell_id": "r01c00", "lat_c": 6.5, "lon_c": 68.5, "lat_min": 6.0, "lat_max": 7.0, "lon_min": 68.0, "lon_max": 69.0}, "geometry": {"type": "Polygon", "coordinates": [[[68.0, 6.0], [69.0, 6.0], [69.0, 7.0], [68.0, 7.0], [68.0, 6.0]]]}}, {"type": "Feature", "properties": {"cell_id": "r01c01", "lat_c": 6.5, "lon_c": 69.5, "lat_min": 6.0, "lat_max": 7.0, "lon_min": 69.0, "lon_max": 70.0}, "geometry": {"type": "Polygon", "coordinates": [[[69.0, 6.0], [70.0, 6.0], [70.0, 7.0], [69.0, 7.0], [69.0, 6.0]]]}}, {"type": "Feature", "properties": {"cell_id": "r01c02", "lat_c": 6.5, "lon_c": 70.5, "lat_min": 6.0, "lat_max": 7.0, "lon_min": 70.0, "lon_max": 71.0}, "geometry": {"type": "Polygon", "coordinates": [[[70.0, 6.0], [71.0, 6.0], [71.0, 7.0], [70.0, 7.0], [70.0, 6.0]]]}}, {"type": "Feature", "properties": {"cell_id": "r01c03", "lat_c": 6.5, "lon_c": 71.5, "lat_min": 6.0, "lat_max": 7.0, "lon_min": 71.0, "lon_max": 72.0}, "geometry": {"type": "Polygon", "coordinates": [[[71.0, 6.0], [72.0, 6.0], [72.0, 7.0], [71.0, 7.0], [71.0, 6.0]]]}}, {"type": "Feature", "properties": {"cell_id": "r01c04", "lat_c": 6.5, "lon_c": 72.5, "lat_min": 6.0, "lat_max": 7.0, "lon_min": 72.0, "lon_max": 73.0}, "geometry": {"type": "Polygon", "coordinates": [[[72.0, 6.0], [73.0, 6.0], [73.0, 7.0], [72.0, 7.0], [72.0, 6.0]]]}}, {"type": "Feature", "properties": {"cell_id": "r01c05", "lat_c": 6.5, "lon_c": 73.5, "lat_min": 6.0, "lat_max": 7.0, "lon_min": 73.0, "lon_max": 74.0}, "geometry": {"type": "Polygon", "coordinates": [[[73.0, 6.0], [74.0, 6.0], [74.0, 7.0], [73.0, 7.0], [73.0, 6.0]]]}}, {"type": "Feature", "properties": {"cell_id": "r01c06", "lat_c": 6.5, "lon_c": 74.5, "lat_min": 6.0, "lat_max": 7.0, "lon_min": 74.0, "lon_max": 75.0}, "geometry": {"type": "Polygon", "coordinates": [[[74.0, 6.0], [75.0, 6.0], [75.0, 7.0], [74.0, 7.0], [74.0, 6.0]]]}}, {"type": "Feature", "properties": {"cell_id": "r01c07", "lat_c": 6.5, "lon_c": 75.5, "lat_min": 6.0, "lat_max": 7.0, "lon_min": 75.0, "lon_max": 76.0}, "geometry": {"type": "Polygon", "coordinates": [[[75.0, 6.0], [76.0, 6.0], [76.0, 7.0], [75.0, 7.0], [75.0, 6.0]]]}}, {"type": "Feature", "properties": {"cell_id": "r01c08", "lat_c": 6.5, "lon_c": 76.5, "lat_min": 6.0, "lat_max": 7.0, "lon_min": 76.0, "lon_max": 77.0}, "geometry": {"type": "Polygon", "coordinates": [[[76.0, 6.0], [77.0, 6.0], [77.0, 7.0], [76.0, 7.0], [76.0, 6.0]]]}}, {"type": "Feature", "properties": {"cell_id": "r01c09", "lat_c": 6.5, "lon_c": 77.5, "lat_min": 6.0, "lat_max": 7.0, "lon_min": 77.0, "lon_max": 78.0}, "geometry": {"type": "Polygon", "coordinates": [[[77.0, 6.0], [78.0, 6.0], [78.0, 7.0], [77.0, 7.0], [77.0, 6.0]]]}}, {"type": "Feature", "properties": {"cell_id": "r01c10", "lat_c": 6.5, "lon_c": 78.5, "lat_min": 6.0, "lat_max": 7.0, "lon_min": 78.0, "lon_max": 79.0}, "geometry": {"type": "Polygon", "coordinates": [[[78.0, 6.0], [79.0, 6.0], [79.0, 7.0], [78.0, 7.0], [78.0, 6.0]]]}}, {"type": "Feature", "properties": {"cell_id": "r01c11", "lat_c": 6.5, "lon_c": 79.5, "lat_min": 6.0, "lat_max": 7.0, "lon_min": 79.0, "lon_max": 80.0}, "geometry": {"type": "Polygon", "coordinates": [[[79.0, 6.0], [80.0, 6.0], [80.0, 7.0], [79.0, 7.0], [79.0, 6.0]]]}}, {"type": "Feature", "properties": {"cell_id": "r01c12", "lat_c": 6.5, "lon_c": 80.5, "lat_min": 6.0, "lat_max": 7.0, "lon_min": 80.0, "lon_max": 81.0}, "geometry": {"type": "Polygon", "coordinates": [[[80.0, 6.0], [81.0, 6.0], [81.0, 7.0], [80.0, 7.0], [80.0, 6.0]]]}}, {"type": "Feature", "properties": {"cell_id": "r01c13", "lat_c": 6.5, "lon_c": 81.5, "lat_min": 6.0, "lat_max": 7.0, "lon_min": 81.0, "lon_max": 82.0}, "geometry": {"type": "Polygon", "coordinates": [[[81.0, 6.0], [82.0, 6.0], [82.0, 7.0], [81.0, 7.0], [81.0, 6.0]]]}}, {"type": "Feature", "properties": {"cell_id": "r01c14", "lat_c": 6.5, "lon_c": 82.5, "lat_min": 6.0, "lat_max": 7.0, "lon_min": 82.0, "lon_max": 83.0}, "geometry": {"type": "Polygon", "coordinates": [[[82.0, 6.0], [83.0, 6.0], [83.0, 7.0], [82.0, 7.0], [82.0, 6.0]]]}}, {"type": "Feature", "properties": {"cell_id": "r01c15", "lat_c": 6.5, "lon_c": 83.5, "lat_min": 6.0, "lat_max": 7.0, "lon_min": 83.0, "lon_max": 84.0}, "geometry": {"type": "Polygon", "coordinates": [[[83.0, 6.0], [84.0, 6.0], [84.0, 7.0], [83.0, 7.0], [83.0, 6.0]]]}}, {"type": "Feature", "properties": {"cell_id": "r01c16", "lat_c": 6.5, "lon_c": 84.5, "lat_min": 6.0, "lat_max": 7.0, "lon_min": 84.0, "lon_max": 85.0}, "geometry": {"type": "Polygon", "coordinates": [[[84.0, 6.0], [85.0, 6.0], [85.0, 7.0], [84.0, 7.0], [84.0, 6.0]]]}}, {"type": "Feature", "properties": {"cell_id": "r01c17", "lat_c": 6.5, "lon_c": 85.5, "lat_min": 6.0, "lat_max": 7.0, "lon_min": 85.0, "lon_max": 86.0}, "geometry": {"type": "Polygon", "coordinates": [[[85.0, 6.0], [86.0, 6.0], [86.0, 7.0], [85.0, 7.0], [85.0, 6.0]]]}}, {"type": "Feature", "properties": {"cell_id": "r01c18", "lat_c": 6.5, "lon_c": 86.5, "lat_min": 6.0, "lat_max": 7.0, "lon_min": 86.0, "lon_max": 87.0}, "geometry": {"type": "Polygon", "coordinates": [[[86.0, 6.0], [87.0, 6.0], [87.0, 7.0], [86.0, 7.0], [86.0, 6.0]]]}}, {"type": "Feature", "properties": {"cell_id": "r01c19", "lat_c": 6.5, "lon_c": 87.5, "lat_min": 6.0, "lat_max": 7.0, "lon_min": 87.0, "lon_max": 88.0}, "geometry": {"type": "Polygon", "coordinates": [[[87.0, 6.0], [88.0, 6.0], [88.0, 7.0], [87.0, 7.0], [87.0, 6.0]]]}}, {"type": "Feature", "properties": {"cell_id": "r01c20", "lat_c": 6.5, "lon_c": 88.5, "lat_min": 6.0, "lat_max": 7.0, "lon_min": 88.0, "lon_max": 89.0}, "geometry": {"type": "Polygon", "coordinates": [[[88.0, 6.0], [89.0, 6.0], [89.0, 7.0], [88.0, 7.0], [88.0, 6.0]]]}}, {"type": "Feature", "properties": {"cell_id": "r01c21", "lat_c": 6.5, "lon_c": 89.5, "lat_min": 6.0, "lat_max": 7.0, "lon_min": 89.0, "lon_max": 90.0}, "geometry": {"type": "Polygon", "coordinates": [[[89.0, 6.0], [90.0, 6.0], [90.0, 7.0], [89.0, 7.0], [89.0, 6.0]]]}}, {"type": "Feature", "properties": {"cell_id": "r01c22", "lat_c": 6.5, "lon_c": 90.5, "lat_min": 6.0, "lat_max": 7.0, "lon_min": 90.0, "lon_max": 91.0}, "geometry": {"type": "Polygon", "coordinates": [[[90.0, 6.0], [91.0, 6.0], [91.0, 7.0], [90.0, 7.0], [90.0, 6.0]]]}}, {"type": "Feature", "properties": {"cell_id": "r01c23", "lat_c": 6.5, "lon_c": 91.5, "lat_min": 6.0, "lat_max": 7.0, "lon_min": 91.0, "lon_max": 92.0}, "geometry": {"type": "Polygon", "coordinates": [[[91.0, 6.0], [92.0, 6.0], [92.0, 7.0], [91.0, 7.0], [91.0, 6.0]]]}}, {"type": "Feature", "properties": {"cell_id": "r01c24", "lat_c": 6.5, "lon_c": 92.5, "lat_min": 6.0, "lat_max": 7.0, "lon_min": 92.0, "lon_max": 93.0}, "geometry": {"type": "Polygon", "coordinates": [[[92.0, 6.0], [93.0, 6.0], [93.0, 7.0], [92.0, 7.0], [92.0, 6.0]]]}}, {"type": "Feature", "properties": {"cell_id": "r01c25", "lat_c": 6.5, "lon_c": 93.5, "lat_min": 6.0, "lat_max": 7.0, "lon_min": 93.0, "lon_max": 94.0}, "geometry": {"type": "Polygon", "coordinates": [[[93.0, 6.0], [94.0, 6.0], [94.0, 7.0], [93.0, 7.0], [93.0, 6.0]]]}}, {"type": "Feature", "properties": {"cell_id": "r01c26", "lat_c": 6.5, "lon_c": 94.5, "lat_min": 6.0, "lat_max": 7.0, "lon_min": 94.0, "lon_max": 95.0}, "geometry": {"type": "Polygon", "coordinates": [[[94.0, 6.0], [95.0, 6.0], [95.0, 7.0], [94.0, 7.0], [94.0, 6.0]]]}}, {"type": "Feature", "properties": {"cell_id": "r01c27", "lat_c": 6.5, "lon_c": 95.5, "lat_min": 6.0, "lat_max": 7.0, "lon_min": 95.0, "lon_max": 96.0}, "geometry": {"type": "Polygon", "coordinates": [[[95.0, 6.0], [96.0, 6.0], [96.0, 7.0], [95.0, 7.0], [95.0, 6.0]]]}}, {"type": "Feature", "properties": {"cell_id": "r01c28", "lat_c": 6.5, "lon_c": 96.5, "lat_min": 6.0, "lat_max": 7.0, "lon_min": 96.0, "lon_max": 97.0}, "geometry": {"type": "Polygon", "coordinates": [[[96.0, 6.0], [97.0, 6.0], [97.0, 7.0], [96.0, 7.0], [96.0, 6.0]]]}}, {"type": "Feature", "properties": {"cell_id": "r01c29", "lat_c": 6.5, "lon_c": 97.5, "lat_min": 6.0, "lat_max": 7.0, "lon_min": 97.0, "lon_max": 98.0}, "geometry": {"type": "Polygon", "coordinates": [[[97.0, 6.0], [98.0, 6.0], [98.0, 7.0], [97.0, 7.0], [97.0, 6.0]]]}}, {"type": "Feature", "properties": {"cell_id": "r01c30", "lat_c": 6.5, "lon_c": 98.5, "lat_min": 6.0, "lat_max": 7.0, "lon_min": 98.0, "lon_max": 99.0}, "geometry": {"type": "Polygon", "coordinates": [[[98.0, 6.0], [99.0, 6.0], [99.0, 7.0], [98.0, 7.0], [98.0, 6.0]]]}}, {"type": "Feature", "properties": {"cell_id": "r01c31", "lat_c": 6.5, "lon_c": 99.5, "lat_min": 6.0, "lat_max": 7.0, "lon_min": 99.0, "lon_max": 100.0}, "geometry": {"type": "Polygon", "coordinates": [[[99.0, 6.0], [100.0, 6.0], [100.0, 7.0], [99.0, 7.0], [99.0, 6.0]]]}}, {"type": "Feature", "properties": {"cell_id": "r01c32", "lat_c": 6.5, "lon_c": 100.5, "lat_min": 6.0, "lat_max": 7.0, "lon_min": 100.0, "lon_max": 101.0}, "geometry": {"type": "Polygon", "coordinates": [[[100.0, 6.0], [101.0, 6.0], [101.0, 7.0], [100.0, 7.0], [100.0, 6.0]]]}}, {"type": "Feature", "properties": {"cell_id": "r01c33", "lat_c": 6.5, "lon_c": 101.5, "lat_min": 6.0, "lat_max": 7.0, "lon_min": 101.0, "lon_max": 102.0}, "geometry": {"type": "Polygon", "coordinates": [[[101.0, 6.0], [102.0, 6.0], [102.0, 7.0], [101.0, 7.0], [101.0, 6.0]]]}}, {"type": "Feature", "properties": {"cell_id": "r02c00", "lat_c": 7.5, "lon_c": 68.5, "lat_min": 7.0, "lat_max": 8.0, "lon_min": 68.0, "lon_max": 69.0}, "geometry": {"type": "Polygon", "coordinates": [[[68.0, 7.0], [69.0, 7.0], [69.0, 8.0], [68.0, 8.0], [68.0, 7.0]]]}}, {"type": "Feature", "properties": {"cell_id": "r02c01", "lat_c": 7.5, "lon_c": 69.5, "lat_min": 7.0, "lat_max": 8.0, "lon_min": 69.0, "lon_max": 70.0}, "geometry": {"type": "Polygon", "coordinates": [[[69.0, 7.0], [70.0, 7.0], [70.0, 8.0], [69.0, 8.0], [69.0, 7.0]]]}}, {"type": "Feature", "properties": {"cell_id": "r02c02", "lat_c": 7.5, "lon_c": 70.5, "lat_min": 7.0, "lat_max": 8.0, "lon_min": 70.0, "lon_max": 71.0}, "geometry": {"type": "Polygon", "coordinates": [[[70.0, 7.0], [71.0, 7.0], [71.0, 8.0], [70.0, 8.0], [70.0, 7.0]]]}}, {"type": "Feature", "properties": {"cell_id": "r02c03", "lat_c": 7.5, "lon_c": 71.5, "lat_min": 7.0, "lat_max": 8.0, "lon_min": 71.0, "lon_max": 72.0}, "geometry": {"type": "Polygon", "coordinates": [[[71.0, 7.0], [72.0, 7.0], [72.0, 8.0], [71.0, 8.0], [71.0, 7.0]]]}}, {"type": "Feature", "properties": {"cell_id": "r02c04", "lat_c": 7.5, "lon_c": 72.5, "lat_min": 7.0, "lat_max": 8.0, "lon_min": 72.0, "lon_max": 73.0}, "geometry": {"type": "Polygon", "coordinates": [[[72.0, 7.0], [73.0, 7.0], [73.0, 8.0], [72.0, 8.0], [72.0, 7.0]]]}}, {"type": "Feature", "properties": {"cell_id": "r02c05", "lat_c": 7.5, "lon_c": 73.5, "lat_min": 7.0, "lat_max": 8.0, "lon_min": 73.0, "lon_max": 74.0}, "geometry": {"type": "Polygon", "coordinates": [[[73.0, 7.0], [74.0, 7.0], [74.0, 8.0], [73.0, 8.0], [73.0, 7.0]]]}}, {"type": "Feature", "properties": {"cell_id": "r02c06", "lat_c": 7.5, "lon_c": 74.5, "lat_min": 7.0, "lat_max": 8.0, "lon_min": 74.0, "lon_max": 75.0}, "geometry": {"type": "Polygon", "coordinates": [[[74.0, 7.0], [75.0, 7.0], [75.0, 8.0], [74.0, 8.0], [74.0, 7.0]]]}}, {"type": "Feature", "properties": {"cell_id": "r02c07", "lat_c": 7.5, "lon_c": 75.5, "lat_min": 7.0, "lat_max": 8.0, "lon_min": 75.0, "lon_max": 76.0}, "geometry": {"type": "Polygon", "coordinates": [[[75.0, 7.0], [76.0, 7.0], [76.0, 8.0], [75.0, 8.0], [75.0, 7.0]]]}}, {"type": "Feature", "properties": {"cell_id": "r02c08", "lat_c": 7.5, "lon_c": 76.5, "lat_min": 7.0, "lat_max": 8.0, "lon_min": 76.0, "lon_max": 77.0}, "geometry": {"type": "Polygon", "coordinates": [[[76.0, 7.0], [77.0, 7.0], [77.0, 8.0], [76.0, 8.0], [76.0, 7.0]]]}}, {"type": "Feature", "properties": {"cell_id": "r02c09", "lat_c": 7.5, "lon_c": 77.5, "lat_min": 7.0, "lat_max": 8.0, "lon_min": 77.0, "lon_max": 78.0}, "geometry": {"type": "Polygon", "coordinates": [[[77.0, 7.0], [78.0, 7.0], [78.0, 8.0], [77.0, 8.0], [77.0, 7.0]]]}}, {"type": "Feature", "properties": {"cell_id": "r02c10", "lat_c": 7.5, "lon_c": 78.5, "lat_min": 7.0, "lat_max": 8.0, "lon_min": 78.0, "lon_max": 79.0}, "geometry": {"type": "Polygon", "coordinates": [[[78.0, 7.0], [79.0, 7.0], [79.0, 8.0], [78.0, 8.0], [78.0, 7.0]]]}}, {"type": "Feature", "properties": {"cell_id": "r02c11", "lat_c": 7.5, "lon_c": 79.5, "lat_min": 7.0, "lat_max": 8.0, "lon_min": 79.0, "lon_max": 80.0}, "geometry": {"type": "Polygon", "coordinates": [[[79.0, 7.0], [80.0, 7.0], [80.0, 8.0], [79.0, 8.0], [79.0, 7.0]]]}}, {"type": "Feature", "properties": {"cell_id": "r02c12", "lat_c": 7.5, "lon_c": 80.5, "lat_min": 7.0, "lat_max": 8.0, "lon_min": 80.0, "lon_max": 81.0}, "geometry": {"type": "Polygon", "coordinates": [[[80.0, 7.0], [81.0, 7.0], [81.0, 8.0], [80.0, 8.0], [80.0, 7.0]]]}}, {"type": "Feature", "properties": {"cell_id": "r02c13", "lat_c": 7.5, "lon_c": 81.5, "lat_min": 7.0, "lat_max": 8.0, "lon_min": 81.0, "lon_max": 82.0}, "geometry": {"type": "Polygon", "coordinates": [[[81.0, 7.0], [82.0, 7.0], [82.0, 8.0], [81.0, 8.0], [81.0, 7.0]]]}}, {"type": "Feature", "properties": {"cell_id": "r02c14", "lat_c": 7.5, "lon_c": 82.5, "lat_min": 7.0, "lat_max": 8.0, "lon_min": 82.0, "lon_max": 83.0}, "geometry": {"type": "Polygon", "coordinates": [[[82.0, 7.0], [83.0, 7.0], [83.0, 8.0], [82.0, 8.0], [82.0, 7.0]]]}}, {"type": "Feature", "properties": {"cell_id": "r02c15", "lat_c": 7.5, "lon_c": 83.5, "lat_min": 7.0, "lat_max": 8.0, "lon_min": 83.0, "lon_max": 84.0}, "geometry": {"type": "Polygon", "coordinates": [[[83.0, 7.0], [84.0, 7.0], [84.0, 8.0], [83.0, 8.0], [83.0, 7.0]]]}}, {"type": "Feature", "properties": {"cell_id": "r02c16", "lat_c": 7.5, "lon_c": 84.5, "lat_min": 7.0, "lat_max": 8.0, "lon_min": 84.0, "lon_max": 85.0}, "geometry": {"type": "Polygon", "coordinates": [[[84.0, 7.0], [85.0, 7.0], [85.0, 8.0], [84.0, 8.0], [84.0, 7.0]]]}}, {"type": "Feature", "properties": {"cell_id": "r02c17", "lat_c": 7.5, "lon_c": 85.5, "lat_min": 7.0, "lat_max": 8.0, "lon_min": 85.0, "lon_max": 86.0}, "geometry": {"type": "Polygon", "coordinates": [[[85.0, 7.0], [86.0, 7.0], [86.0, 8.0], [85.0, 8.0], [85.0, 7.0]]]}}, {"type": "Feature", "properties": {"cell_id": "r02c18", "lat_c": 7.5, "lon_c": 86.5, "lat_min": 7.0, "lat_max": 8.0, "lon_min": 86.0, "lon_max": 87.0}, "geometry": {"type": "Polygon", "coordinates": [[[86.0, 7.0], [87.0, 7.0], [87.0, 8.0], [86.0, 8.0], [86.0, 7.0]]]}}, {"type": "Feature", "properties": {"cell_id": "r02c19", "lat_c": 7.5, "lon_c": 87.5, "lat_min": 7.0, "lat_max": 8.0, "lon_min": 87.0, "lon_max": 88.0}, "geometry": {"type": "Polygon", "coordinates": [[[87.0, 7.0], [88.0, 7.0], [88.0, 8.0], [87.0, 8.0], [87.0, 7.0]]]}}, {"type": "Feature", "properties": {"cell_id": "r02c20", "lat_c": 7.5, "lon_c": 88.5, "lat_min": 7.0, "lat_max": 8.0, "lon_min": 88.0, "lon_max": 89.0}, "geometry": {"type": "Polygon", "coordinates": [[[88.0, 7.0], [89.0, 7.0], [89.0, 8.0], [88.0, 8.0], [88.0, 7.0]]]}}, {"type": "Feature", "properties": {"cell_id": "r02c21", "lat_c": 7.5, "lon_c": 89.5, "lat_min": 7.0, "lat_max": 8.0, "lon_min": 89.0, "lon_max": 90.0}, "geometry": {"type": "Polygon", "coordinates": [[[89.0, 7.0], [90.0, 7.0], [90.0, 8.0], [89.0, 8.0], [89.0, 7.0]]]}}, {"type": "Feature", "properties": {"cell_id": "r02c22", "lat_c": 7.5, "lon_c": 90.5, "lat_min": 7.0, "lat_max": 8.0, "lon_min": 90.0, "lon_max": 91.0}, "geometry": {"type": "Polygon", "coordinates": [[[90.0, 7.0], [91.0, 7.0], [91.0, 8.0], [90.0, 8.0], [90.0, 7.0]]]}}, {"type": "Feature", "properties": {"cell_id": "r02c23", "lat_c": 7.5, "lon_c": 91.5, "lat_min": 7.0, "lat_max": 8.0, "lon_min": 91.0, "lon_max": 92.0}, "geometry": {"type": "Polygon", "coordinates": [[[91.0, 7.0], [92.0, 7.0], [92.0, 8.0], [91.0, 8.0], [91.0, 7.0]]]}}, {"type": "Feature", "properties": {"cell_id": "r02c24", "lat_c": 7.5, "lon_c": 92.5, "lat_min": 7.0, "lat_max": 8.0, "lon_min": 92.0, "lon_max": 93.0}, "geometry": {"type": "Polygon", "coordinates": [[[92.0, 7.0], [93.0, 7.0], [93.0, 8.0], [92.0, 8.0], [92.0, 7.0]]]}}, {"type": "Feature", "properties": {"cell_id": "r02c25", "lat_c": 7.5, "lon_c": 93.5, "lat_min": 7.0, "lat_max": 8.0, "lon_min": 93.0, "lon_max": 94.0}, "geometry": {"type": "Polygon", "coordinates": [[[93.0, 7.0], [94.0, 7.0], [94.0, 8.0], [93.0, 8.0], [93.0, 7.0]]]}}, {"type": "Feature", "properties": {"cell_id": "r02c26", "lat_c": 7.5, "lon_c": 94.5, "lat_min": 7.0, "lat_max": 8.0, "lon_min": 94.0, "lon_max": 95.0}, "geometry": {"type": "Polygon", "coordinates": [[[94.0, 7.0], [95.0, 7.0], [95.0, 8.0], [94.0, 8.0], [94.0, 7.0]]]}}, {"type": "Feature", "properties": {"cell_id": "r02c27", "lat_c": 7.5, "lon_c": 95.5, "lat_min": 7.0, "lat_max": 8.0, "lon_min": 95.0, "lon_max": 96.0}, "geometry": {"type": "Polygon", "coordinates": [[[95.0, 7.0], [96.0, 7.0], [96.0, 8.0], [95.0, 8.0], [95.0, 7.0]]]}}, {"type": "Feature", "properties": {"cell_id": "r02c28", "lat_c": 7.5, "lon_c": 96.5, "lat_min": 7.0, "lat_max": 8.0, "lon_min": 96.0, "lon_max": 97.0}, "geometry": {"type": "Polygon", "coordinates": [[[96.0, 7.0], [97.0, 7.0], [97.0, 8.0], [96.0, 8.0], [96.0, 7.0]]]}}, {"type": "Feature", "properties": {"cell_id": "r02c29", "lat_c": 7.5, "lon_c": 97.5, "lat_min": 7.0, "lat_max": 8.0, "lon_min": 97.0, "lon_max": 98.0}, "geometry": {"type": "Polygon", "coordinates": [[[97.0, 7.0], [98.0, 7.0], [98.0, 8.0], [97.0, 8.0], [97.0, 7.0]]]}}, {"type": "Feature", "properties": {"cell_id": "r02c30", "lat_c": 7.5, "lon_c": 98.5, "lat_min": 7.0, "lat_max": 8.0, "lon_min": 98.0, "lon_max": 99.0}, "geometry": {"type": "Polygon", "coordinates": [[[98.0, 7.0], [99.0, 7.0], [99.0, 8.0], [98.0, 8.0], [98.0, 7.0]]]}}, {"type": "Feature", "properties": {"cell_id": "r02c31", "lat_c": 7.5, "lon_c": 99.5, "lat_min": 7.0, "lat_max": 8.0, "lon_min": 99.0, "lon_max": 100.0}, "geometry": {"type": "Polygon", "coordinates": [[[99.0, 7.0], [100.0, 7.0], [100.0, 8.0], [99.0, 8.0], [99.0, 7.0]]]}}, {"type": "Feature", "properties": {"cell_id": "r02c32", "lat_c": 7.5, "lon_c": 100.5, "lat_min": 7.0, "lat_max": 8.0, "lon_min": 100.0, "lon_max": 101.0}, "geometry": {"type": "Polygon", "coordinates": [[[100.0, 7.0], [101.0, 7.0], [101.0, 8.0], [100.0, 8.0], [100.0, 7.0]]]}}, {"type": "Feature", "properties": {"cell_id": "r02c33", "lat_c": 7.5, "lon_c": 101.5, "lat_min": 7.0, "lat_max": 8.0, "lon_min": 101.0, "lon_max": 102.0}, "geometry": {"type": "Polygon", "coordinates": [[[101.0, 7.0], [102.0, 7.0], [102.0, 8.0], [101.0, 8.0], [101.0, 7.0]]]}}, {"type": "Feature", "properties": {"cell_id": "r03c00", "lat_c": 8.5, "lon_c": 68.5, "lat_min": 8.0, "lat_max": 9.0, "lon_min": 68.0, "lon_max": 69.0}, "geometry": {"type": "Polygon", "coordinates": [[[68.0, 8.0], [69.0, 8.0], [69.0, 9.0], [68.0, 9.0], [68.0, 8.0]]]}}, {"type": "Feature", "properties": {"cell_id": "r03c01", "lat_c": 8.5, "lon_c": 69.5, "lat_min": 8.0, "lat_max": 9.0, "lon_min": 69.0, "lon_max": 70.0}, "geometry": {"type": "Polygon", "coordinates": [[[69.0, 8.0], [70.0, 8.0], [70.0, 9.0], [69.0, 9.0], [69.0, 8.0]]]}}, {"type": "Feature", "properties": {"cell_id": "r03c02", "lat_c": 8.5, "lon_c": 70.5, "lat_min": 8.0, "lat_max": 9.0, "lon_min": 70.0, "lon_max": 71.0}, "geometry": {"type": "Polygon", "coordinates": [[[70.0, 8.0], [71.0, 8.0], [71.0, 9.0], [70.0, 9.0], [70.0, 8.0]]]}}, {"type": "Feature", "properties": {"cell_id": "r03c03", "lat_c": 8.5, "lon_c": 71.5, "lat_min": 8.0, "lat_max": 9.0, "lon_min": 71.0, "lon_max": 72.0}, "geometry": {"type": "Polygon", "coordinates": [[[71.0, 8.0], [72.0, 8.0], [72.0, 9.0], [71.0, 9.0], [71.0, 8.0]]]}}, {"type": "Feature", "properties": {"cell_id": "r03c04", "lat_c": 8.5, "lon_c": 72.5, "lat_min": 8.0, "lat_max": 9.0, "lon_min": 72.0, "lon_max": 73.0}, "geometry": {"type": "Polygon", "coordinates": [[[72.0, 8.0], [73.0, 8.0], [73.0, 9.0], [72.0, 9.0], [72.0, 8.0]]]}}, {"type": "Feature", "properties": {"cell_id": "r03c05", "lat_c": 8.5, "lon_c": 73.5, "lat_min": 8.0, "lat_max": 9.0, "lon_min": 73.0, "lon_max": 74.0}, "geometry": {"type": "Polygon", "coordinates": [[[73.0, 8.0], [74.0, 8.0], [74.0, 9.0], [73.0, 9.0], [73.0, 8.0]]]}}, {"type": "Feature", "properties": {"cell_id": "r03c06", "lat_c": 8.5, "lon_c": 74.5, "lat_min": 8.0, "lat_max": 9.0, "lon_min": 74.0, "lon_max": 75.0}, "geometry": {"type": "Polygon", "coordinates": [[[74.0, 8.0], [75.0, 8.0], [75.0, 9.0], [74.0, 9.0], [74.0, 8.0]]]}}, {"type": "Feature", "properties": {"cell_id": "r03c07", "lat_c": 8.5, "lon_c": 75.5, "lat_min": 8.0, "lat_max": 9.0, "lon_min": 75.0, "lon_max": 76.0}, "geometry": {"type": "Polygon", "coordinates": [[[75.0, 8.0], [76.0, 8.0], [76.0, 9.0], [75.0, 9.0], [75.0, 8.0]]]}}, {"type": "Feature", "properties": {"cell_id": "r03c08", "lat_c": 8.5, "lon_c": 76.5, "lat_min": 8.0, "lat_max": 9.0, "lon_min": 76.0, "lon_max": 77.0}, "geometry": {"type": "Polygon", "coordinates": [[[76.0, 8.0], [77.0, 8.0], [77.0, 9.0], [76.0, 9.0], [76.0, 8.0]]]}}, {"type": "Feature", "properties": {"cell_id": "r03c09", "lat_c": 8.5, "lon_c": 77.5, "lat_min": 8.0, "lat_max": 9.0, "lon_min": 77.0, "lon_max": 78.0}, "geometry": {"type": "Polygon", "coordinates": [[[77.0, 8.0], [78.0, 8.0], [78.0, 9.0], [77.0, 9.0], [77.0, 8.0]]]}}, {"type": "Feature", "properties": {"cell_id": "r03c10", "lat_c": 8.5, "lon_c": 78.5, "lat_min": 8.0, "lat_max": 9.0, "lon_min": 78.0, "lon_max": 79.0}, "geometry": {"type": "Polygon", "coordinates": [[[78.0, 8.0], [79.0, 8.0], [79.0, 9.0], [78.0, 9.0], [78.0, 8.0]]]}}, {"type": "Feature", "properties": {"cell_id": "r03c11", "lat_c": 8.5, "lon_c": 79.5, "lat_min": 8.0, "lat_max": 9.0, "lon_min": 79.0, "lon_max": 80.0}, "geometry": {"type": "Polygon", "coordinates": [[[79.0, 8.0], [80.0, 8.0], [80.0, 9.0], [79.0, 9.0], [79.0, 8.0]]]}}, {"type": "Feature", "properties": {"cell_id": "r03c12", "lat_c": 8.5, "lon_c": 80.5, "lat_min": 8.0, "lat_max": 9.0, "lon_min": 80.0, "lon_max": 81.0}, "geometry": {"type": "Polygon", "coordinates": [[[80.0, 8.0], [81.0, 8.0], [81.0, 9.0], [80.0, 9.0], [80.0, 8.0]]]}}, {"type": "Feature", "properties": {"cell_id": "r03c13", "lat_c": 8.5, "lon_c": 81.5, "lat_min": 8.0, "lat_max": 9.0, "lon_min": 81.0, "lon_max": 82.0}, "geometry": {"type": "Polygon", "coordinates": [[[81.0, 8.0], [82.0, 8.0], [82.0, 9.0], [81.0, 9.0], [81.0, 8.0]]]}}, {"type": "Feature", "properties": {"cell_id": "r03c14", "lat_c": 8.5, "lon_c": 82.5, "lat_min": 8.0, "lat_max": 9.0, "lon_min": 82.0, "lon_max": 83.0}, "geometry": {"type": "Polygon", "coordinates": [[[82.0, 8.0], [83.0, 8.0], [83.0, 9.0], [82.0, 9.0], [82.0, 8.0]]]}}, {"type": "Feature", "properties": {"cell_id": "r03c15", "lat_c": 8.5, "lon_c": 83.5, "lat_min": 8.0, "lat_max": 9.0, "lon_min": 83.0, "lon_max": 84.0}, "geometry": {"type": "Polygon", "coordinates": [[[83.0, 8.0], [84.0, 8.0], [84.0, 9.0], [83.0, 9.0], [83.0, 8.0]]]}}, {"type": "Feature", "properties": {"cell_id": "r03c16", "lat_c": 8.5, "lon_c": 84.5, "lat_min": 8.0, "lat_max": 9.0, "lon_min": 84.0, "lon_max": 85.0}, "geometry": {"type": "Polygon", "coordinates": [[[84.0, 8.0], [85.0, 8.0], [85.0, 9.0], [84.0, 9.0], [84.0, 8.0]]]}}, {"type": "Feature", "properties": {"cell_id": "r03c17", "lat_c": 8.5, "lon_c": 85.5, "lat_min": 8.0, "lat_max": 9.0, "lon_min": 85.0, "lon_max": 86.0}, "geometry": {"type": "Polygon", "coordinates": [[[85.0, 8.0], [86.0, 8.0], [86.0, 9.0], [85.0, 9.0], [85.0, 8.0]]]}}, {"type": "Feature", "properties": {"cell_id": "r03c18", "lat_c": 8.5, "lon_c": 86.5, "lat_min": 8.0, "lat_max": 9.0, "lon_min": 86.0, "lon_max": 87.0}, "geometry": {"type": "Polygon", "coordinates": [[[86.0, 8.0], [87.0, 8.0], [87.0, 9.0], [86.0, 9.0], [86.0, 8.0]]]}}, {"type": "Feature", "properties": {"cell_id": "r03c19", "lat_c": 8.5, "lon_c": 87.5, "lat_min": 8.0, "lat_max": 9.0, "lon_min": 87.0, "lon_max": 88.0}, "geometry": {"type": "Polygon", "coordinates": [[[87.0, 8.0], [88.0, 8.0], [88.0, 9.0], [87.0, 9.0], [87.0, 8.0]]]}}, {"type": "Feature", "properties": {"cell_id": "r03c20", "lat_c": 8.5, "lon_c": 88.5, "lat_min": 8.0, "lat_max": 9.0, "lon_min": 88.0, "lon_max": 89.0}, "geometry": {"type": "Polygon", "coordinates": [[[88.0, 8.0], [89.0, 8.0], [89.0, 9.0], [88.0, 9.0], [88.0, 8.0]]]}}, {"type": "Feature", "properties": {"cell_id": "r03c21", "lat_c": 8.5, "lon_c": 89.5, "lat_min": 8.0, "lat_max": 9.0, "lon_min": 89.0, "lon_max": 90.0}, "geometry": {"type": "Polygon", "coordinates": [[[89.0, 8.0], [90.0, 8.0], [90.0, 9.0], [89.0, 9.0], [89.0, 8.0]]]}}, {"type": "Feature", "properties": {"cell_id": "r03c22", "lat_c": 8.5, "lon_c": 90.5, "lat_min": 8.0, "lat_max": 9.0, "lon_min": 90.0, "lon_max": 91.0}, "geometry": {"type": "Polygon", "coordinates": [[[90.0, 8.0], [91.0, 8.0], [91.0, 9.0], [90.0, 9.0], [90.0, 8.0]]]}}, {"type": "Feature", "properties": {"cell_id": "r03c23", "lat_c": 8.5, "lon_c": 91.5, "lat_min": 8.0, "lat_max": 9.0, "lon_min": 91.0, "lon_max": 92.0}, "geometry": {"type": "Polygon", "coordinates": [[[91.0, 8.0], [92.0, 8.0], [92.0, 9.0], [91.0, 9.0], [91.0, 8.0]]]}}, {"type": "Feature", "properties": {"cell_id": "r03c24", "lat_c": 8.5, "lon_c": 92.5, "lat_min": 8.0, "lat_max": 9.0, "lon_min": 92.0, "lon_max": 93.0}, "geometry": {"type": "Polygon", "coordinates": [[[92.0, 8.0], [93.0, 8.0], [93.0, 9.0], [92.0, 9.0], [92.0, 8.0]]]}}, {"type": "Feature", "properties": {"cell_id": "r03c25", "lat_c": 8.5, "lon_c": 93.5, "lat_min": 8.0, "lat_max": 9.0, "lon_min": 93.0, "lon_max": 94.0}, "geometry": {"type": "Polygon", "coordinates": [[[93.0, 8.0], [94.0, 8.0], [94.0, 9.0], [93.0, 9.0], [93.0, 8.0]]]}}, {"type": "Feature", "properties": {"cell_id": "r03c26", "lat_c": 8.5, "lon_c": 94.5, "lat_min": 8.0, "lat_max": 9.0, "lon_min": 94.0, "lon_max": 95.0}, "geometry": {"type": "Polygon", "coordinates": [[[94.0, 8.0], [95.0, 8.0], [95.0, 9.0], [94.0, 9.0], [94.0, 8.0]]]}}, {"type": "Feature", "properties": {"cell_id": "r03c27", "lat_c": 8.5, "lon_c": 95.5, "lat_min": 8.0, "lat_max": 9.0, "lon_min": 95.0, "lon_max": 96.0}, "geometry": {"type": "Polygon", "coordinates": [[[95.0, 8.0], [96.0, 8.0], [96.0, 9.0], [95.0, 9.0], [95.0, 8.0]]]}}, {"type": "Feature", "properties": {"cell_id": "r03c28", "lat_c": 8.5, "lon_c": 96.5, "lat_min": 8.0, "lat_max": 9.0, "lon_min": 96.0, "lon_max": 97.0}, "geometry": {"type": "Polygon", "coordinates": [[[96.0, 8.0], [97.0, 8.0], [97.0, 9.0], [96.0, 9.0], [96.0, 8.0]]]}}, {"type": "Feature", "properties": {"cell_id": "r03c29", "lat_c": 8.5, "lon_c": 97.5, "lat_min": 8.0, "lat_max": 9.0, "lon_min": 97.0, "lon_max": 98.0}, "geometry": {"type": "Polygon", "coordinates": [[[97.0, 8.0], [98.0, 8.0], [98.0, 9.0], [97.0, 9.0], [97.0, 8.0]]]}}, {"type": "Feature", "properties": {"cell_id": "r03c30", "lat_c": 8.5, "lon_c": 98.5, "lat_min": 8.0, "lat_max": 9.0, "lon_min": 98.0, "lon_max": 99.0}, "geometry": {"type": "Polygon", "coordinates": [[[98.0, 8.0], [99.0, 8.0], [99.0, 9.0], [98.0, 9.0], [98.0, 8.0]]]}}, {"type": "Feature", "properties": {"cell_id": "r03c31", "lat_c": 8.5, "lon_c": 99.5, "lat_min": 8.0, "lat_max": 9.0, "lon_min": 99.0, "lon_max": 100.0}, "geometry": {"type": "Polygon", "coordinates": [[[99.0, 8.0], [100.0, 8.0], [100.0, 9.0], [99.0, 9.0], [99.0, 8.0]]]}}, {"type": "Feature", "properties": {"cell_id": "r03c32", "lat_c": 8.5, "lon_c": 100.5, "lat_min": 8.0, "lat_max": 9.0, "lon_min": 100.0, "lon_max": 101.0}, "geometry": {"type": "Polygon", "coordinates": [[[100.0, 8.0], [101.0, 8.0], [101.0, 9.0], [100.0, 9.0], [100.0, 8.0]]]}}, {"type": "Feature", "properties": {"cell_id": "r03c33", "lat_c": 8.5, "lon_c": 101.5, "lat_min": 8.0, "lat_max": 9.0, "lon_min": 101.0, "lon_max": 102.0}, "geometry": {"type": "Polygon", "coordinates": [[[101.0, 8.0], [102.0, 8.0], [102.0, 9.0], [101.0, 9.0], [101.0, 8.0]]]}}, {"type": "Feature", "properties": {"cell_id": "r04c00", "lat_c": 9.5, "lon_c": 68.5, "lat_min": 9.0, "lat_max": 10.0, "lon_min": 68.0, "lon_max": 69.0}, "geometry": {"type": "Polygon", "coordinates": [[[68.0, 9.0], [69.0, 9.0], [69.0, 10.0], [68.0, 10.0], [68.0, 9.0]]]}}, {"type": "Feature", "properties": {"cell_id": "r04c01", "lat_c": 9.5, "lon_c": 69.5, "lat_min": 9.0, "lat_max": 10.0, "lon_min": 69.0, "lon_max": 70.0}, "geometry": {"type": "Polygon", "coordinates": [[[69.0, 9.0], [70.0, 9.0], [70.0, 10.0], [69.0, 10.0], [69.0, 9.0]]]}}, {"type": "Feature", "properties": {"cell_id": "r04c02", "lat_c": 9.5, "lon_c": 70.5, "lat_min": 9.0, "lat_max": 10.0, "lon_min": 70.0, "lon_max": 71.0}, "geometry": {"type": "Polygon", "coordinates": [[[70.0, 9.0], [71.0, 9.0], [71.0, 10.0], [70.0, 10.0], [70.0, 9.0]]]}}, {"type": "Feature", "properties": {"cell_id": "r04c03", "lat_c": 9.5, "lon_c": 71.5, "lat_min": 9.0, "lat_max": 10.0, "lon_min": 71.0, "lon_max": 72.0}, "geometry": {"type": "Polygon", "coordinates": [[[71.0, 9.0], [72.0, 9.0], [72.0, 10.0], [71.0, 10.0], [71.0, 9.0]]]}}, {"type": "Feature", "properties": {"cell_id": "r04c04", "lat_c": 9.5, "lon_c": 72.5, "lat_min": 9.0, "lat_max": 10.0, "lon_min": 72.0, "lon_max": 73.0}, "geometry": {"type": "Polygon", "coordinates": [[[72.0, 9.0], [73.0, 9.0], [73.0, 10.0], [72.0, 10.0], [72.0, 9.0]]]}}, {"type": "Feature", "properties": {"cell_id": "r04c05", "lat_c": 9.5, "lon_c": 73.5, "lat_min": 9.0, "lat_max": 10.0, "lon_min": 73.0, "lon_max": 74.0}, "geometry": {"type": "Polygon", "coordinates": [[[73.0, 9.0], [74.0, 9.0], [74.0, 10.0], [73.0, 10.0], [73.0, 9.0]]]}}, {"type": "Feature", "properties": {"cell_id": "r04c06", "lat_c": 9.5, "lon_c": 74.5, "lat_min": 9.0, "lat_max": 10.0, "lon_min": 74.0, "lon_max": 75.0}, "geometry": {"type": "Polygon", "coordinates": [[[74.0, 9.0], [75.0, 9.0], [75.0, 10.0], [74.0, 10.0], [74.0, 9.0]]]}}, {"type": "Feature", "properties": {"cell_id": "r04c07", "lat_c": 9.5, "lon_c": 75.5, "lat_min": 9.0, "lat_max": 10.0, "lon_min": 75.0, "lon_max": 76.0}, "geometry": {"type": "Polygon", "coordinates": [[[75.0, 9.0], [76.0, 9.0], [76.0, 10.0], [75.0, 10.0], [75.0, 9.0]]]}}, {"type": "Feature", "properties": {"cell_id": "r04c08", "lat_c": 9.5, "lon_c": 76.5, "lat_min": 9.0, "lat_max": 10.0, "lon_min": 76.0, "lon_max": 77.0}, "geometry": {"type": "Polygon", "coordinates": [[[76.0, 9.0], [77.0, 9.0], [77.0, 10.0], [76.0, 10.0], [76.0, 9.0]]]}}, {"type": "Feature", "properties": {"cell_id": "r04c09", "lat_c": 9.5, "lon_c": 77.5, "lat_min": 9.0, "lat_max": 10.0, "lon_min": 77.0, "lon_max": 78.0}, "geometry": {"type": "Polygon", "coordinates": [[[77.0, 9.0], [78.0, 9.0], [78.0, 10.0], [77.0, 10.0], [77.0, 9.0]]]}}, {"type": "Feature", "properties": {"cell_id": "r04c10", "lat_c": 9.5, "lon_c": 78.5, "lat_min": 9.0, "lat_max": 10.0, "lon_min": 78.0, "lon_max": 79.0}, "geometry": {"type": "Polygon", "coordinates": [[[78.0, 9.0], [79.0, 9.0], [79.0, 10.0], [78.0, 10.0], [78.0, 9.0]]]}}, {"type": "Feature", "properties": {"cell_id": "r04c11", "lat_c": 9.5, "lon_c": 79.5, "lat_min": 9.0, "lat_max": 10.0, "lon_min": 79.0, "lon_max": 80.0}, "geometry": {"type": "Polygon", "coordinates": [[[79.0, 9.0], [80.0, 9.0], [80.0, 10.0], [79.0, 10.0], [79.0, 9.0]]]}}, {"type": "Feature", "properties": {"cell_id": "r04c12", "lat_c": 9.5, "lon_c": 80.5, "lat_min": 9.0, "lat_max": 10.0, "lon_min": 80.0, "lon_max": 81.0}, "geometry": {"type": "Polygon", "coordinates": [[[80.0, 9.0], [81.0, 9.0], [81.0, 10.0], [80.0, 10.0], [80.0, 9.0]]]}}, {"type": "Feature", "properties": {"cell_id": "r04c13", "lat_c": 9.5, "lon_c": 81.5, "lat_min": 9.0, "lat_max": 10.0, "lon_min": 81.0, "lon_max": 82.0}, "geometry": {"type": "Polygon", "coordinates": [[[81.0, 9.0], [82.0, 9.0], [82.0, 10.0], [81.0, 10.0], [81.0, 9.0]]]}}, {"type": "Feature", "properties": {"cell_id": "r04c14", "lat_c": 9.5, "lon_c": 82.5, "lat_min": 9.0, "lat_max": 10.0, "lon_min": 82.0, "lon_max": 83.0}, "geometry": {"type": "Polygon", "coordinates": [[[82.0, 9.0], [83.0, 9.0], [83.0, 10.0], [82.0, 10.0], [82.0, 9.0]]]}}, {"type": "Feature", "properties": {"cell_id": "r04c15", "lat_c": 9.5, "lon_c": 83.5, "lat_min": 9.0, "lat_max": 10.0, "lon_min": 83.0, "lon_max": 84.0}, "geometry": {"type": "Polygon", "coordinates": [[[83.0, 9.0], [84.0, 9.0], [84.0, 10.0], [83.0, 10.0], [83.0, 9.0]]]}}, {"type": "Feature", "properties": {"cell_id": "r04c16", "lat_c": 9.5, "lon_c": 84.5, "lat_min": 9.0, "lat_max": 10.0, "lon_min": 84.0, "lon_max": 85.0}, "geometry": {"type": "Polygon", "coordinates": [[[84.0, 9.0], [85.0, 9.0], [85.0, 10.0], [84.0, 10.0], [84.0, 9.0]]]}}, {"type": "Feature", "properties": {"cell_id": "r04c17", "lat_c": 9.5, "lon_c": 85.5, "lat_min": 9.0, "lat_max": 10.0, "lon_min": 85.0, "lon_max": 86.0}, "geometry": {"type": "Polygon", "coordinates": [[[85.0, 9.0], [86.0, 9.0], [86.0, 10.0], [85.0, 10.0], [85.0, 9.0]]]}}, {"type": "Feature", "properties": {"cell_id": "r04c18", "lat_c": 9.5, "lon_c": 86.5, "lat_min": 9.0, "lat_max": 10.0, "lon_min": 86.0, "lon_max": 87.0}, "geometry": {"type": "Polygon", "coordinates": [[[86.0, 9.0], [87.0, 9.0], [87.0, 10.0], [86.0, 10.0], [86.0, 9.0]]]}}, {"type": "Feature", "properties": {"cell_id": "r04c19", "lat_c": 9.5, "lon_c": 87.5, "lat_min": 9.0, "lat_max": 10.0, "lon_min": 87.0, "lon_max": 88.0}, "geometry": {"type": "Polygon", "coordinates": [[[87.0, 9.0], [88.0, 9.0], [88.0, 10.0], [87.0, 10.0], [87.0, 9.0]]]}}, {"type": "Feature", "properties": {"cell_id": "r04c20", "lat_c": 9.5, "lon_c": 88.5, "lat_min": 9.0, "lat_max": 10.0, "lon_min": 88.0, "lon_max": 89.0}, "geometry": {"type": "Polygon", "coordinates": [[[88.0, 9.0], [89.0, 9.0], [89.0, 10.0], [88.0, 10.0], [88.0, 9.0]]]}}, {"type": "Feature", "properties": {"cell_id": "r04c21", "lat_c": 9.5, "lon_c": 89.5, "lat_min": 9.0, "lat_max": 10.0, "lon_min": 89.0, "lon_max": 90.0}, "geometry": {"type": "Polygon", "coordinates": [[[89.0, 9.0], [90.0, 9.0], [90.0, 10.0], [89.0, 10.0], [89.0, 9.0]]]}}, {"type": "Feature", "properties": {"cell_id": "r04c22", "lat_c": 9.5, "lon_c": 90.5, "lat_min": 9.0, "lat_max": 10.0, "lon_min": 90.0, "lon_max": 91.0}, "geometry": {"type": "Polygon", "coordinates": [[[90.0, 9.0], [91.0, 9.0], [91.0, 10.0], [90.0, 10.0], [90.0, 9.0]]]}}, {"type": "Feature", "properties": {"cell_id": "r04c23", "lat_c": 9.5, "lon_c": 91.5, "lat_min": 9.0, "lat_max": 10.0, "lon_min": 91.0, "lon_max": 92.0}, "geometry": {"type": "Polygon", "coordinates": [[[91.0, 9.0], [92.0, 9.0], [92.0, 10.0], [91.0, 10.0], [91.0, 9.0]]]}}, {"type": "Feature", "properties": {"cell_id": "r04c24", "lat_c": 9.5, "lon_c": 92.5, "lat_min": 9.0, "lat_max": 10.0, "lon_min": 92.0, "lon_max": 93.0}, "geometry": {"type": "Polygon", "coordinates": [[[92.0, 9.0], [93.0, 9.0], [93.0, 10.0], [92.0, 10.0], [92.0, 9.0]]]}}, {"type": "Feature", "properties": {"cell_id": "r04c25", "lat_c": 9.5, "lon_c": 93.5, "lat_min": 9.0, "lat_max": 10.0, "lon_min": 93.0, "lon_max": 94.0}, "geometry": {"type": "Polygon", "coordinates": [[[93.0, 9.0], [94.0, 9.0], [94.0, 10.0], [93.0, 10.0], [93.0, 9.0]]]}}, {"type": "Feature", "properties": {"cell_id": "r04c26", "lat_c": 9.5, "lon_c": 94.5, "lat_min": 9.0, "lat_max": 10.0, "lon_min": 94.0, "lon_max": 95.0}, "geometry": {"type": "Polygon", "coordinates": [[[94.0, 9.0], [95.0, 9.0], [95.0, 10.0], [94.0, 10.0], [94.0, 9.0]]]}}, {"type": "Feature", "properties": {"cell_id": "r04c27", "lat_c": 9.5, "lon_c": 95.5, "lat_min": 9.0, "lat_max": 10.0, "lon_min": 95.0, "lon_max": 96.0}, "geometry": {"type": "Polygon", "coordinates": [[[95.0, 9.0], [96.0, 9.0], [96.0, 10.0], [95.0, 10.0], [95.0, 9.0]]]}}, {"type": "Feature", "properties": {"cell_id": "r04c28", "lat_c": 9.5, "lon_c": 96.5, "lat_min": 9.0, "lat_max": 10.0, "lon_min": 96.0, "lon_max": 97.0}, "geometry": {"type": "Polygon", "coordinates": [[[96.0, 9.0], [97.0, 9.0], [97.0, 10.0], [96.0, 10.0], [96.0, 9.0]]]}}, {"type": "Feature", "properties": {"cell_id": "r04c29", "lat_c": 9.5, "lon_c": 97.5, "lat_min": 9.0, "lat_max": 10.0, "lon_min": 97.0, "lon_max": 98.0}, "geometry": {"type": "Polygon", "coordinates": [[[97.0, 9.0], [98.0, 9.0], [98.0, 10.0], [97.0, 10.0], [97.0, 9.0]]]}}, {"type": "Feature", "properties": {"cell_id": "r04c30", "lat_c": 9.5, "lon_c": 98.5, "lat_min": 9.0, "lat_max": 10.0, "lon_min": 98.0, "lon_max": 99.0}, "geometry": {"type": "Polygon", "coordinates": [[[98.0, 9.0], [99.0, 9.0], [99.0, 10.0], [98.0, 10.0], [98.0, 9.0]]]}}, {"type": "Feature", "properties": {"cell_id": "r04c31", "lat_c": 9.5, "lon_c": 99.5, "lat_min": 9.0, "lat_max": 10.0, "lon_min": 99.0, "lon_max": 100.0}, "geometry": {"type": "Polygon", "coordinates": [[[99.0, 9.0], [100.0, 9.0], [100.0, 10.0], [99.0, 10.0], [99.0, 9.0]]]}}, {"type": "Feature", "properties": {"cell_id": "r04c32", "lat_c": 9.5, "lon_c": 100.5, "lat_min": 9.0, "lat_max": 10.0, "lon_min": 100.0, "lon_max": 101.0}, "geometry": {"type": "Polygon", "coordinates": [[[100.0, 9.0], [101.0, 9.0], [101.0, 10.0], [100.0, 10.0], [100.0, 9.0]]]}}, {"type": "Feature", "properties": {"cell_id": "r04c33", "lat_c": 9.5, "lon_c": 101.5, "lat_min": 9.0, "lat_max": 10.0, "lon_min": 101.0, "lon_max": 102.0}, "geometry": {"type": "Polygon", "coordinates": [[[101.0, 9.0], [102.0, 9.0], [102.0, 10.0], [101.0, 10.0], [101.0, 9.0]]]}}, {"type": "Feature", "properties": {"cell_id": "r05c00", "lat_c": 10.5, "lon_c": 68.5, "lat_min": 10.0, "lat_max": 11.0, "lon_min": 68.0, "lon_max": 69.0}, "geometry": {"type": "Polygon", "coordinates": [[[68.0, 10.0], [69.0, 10.0], [69.0, 11.0], [68.0, 11.0], [68.0, 10.0]]]}}, {"type": "Feature", "properties": {"cell_id": "r05c01", "lat_c": 10.5, "lon_c": 69.5, "lat_min": 10.0, "lat_max": 11.0, "lon_min": 69.0, "lon_max": 70.0}, "geometry": {"type": "Polygon", "coordinates": [[[69.0, 10.0], [70.0, 10.0], [70.0, 11.0], [69.0, 11.0], [69.0, 10.0]]]}}, {"type": "Feature", "properties": {"cell_id": "r05c02", "lat_c": 10.5, "lon_c": 70.5, "lat_min": 10.0, "lat_max": 11.0, "lon_min": 70.0, "lon_max": 71.0}, "geometry": {"type": "Polygon", "coordinates": [[[70.0, 10.0], [71.0, 10.0], [71.0, 11.0], [70.0, 11.0], [70.0, 10.0]]]}}, {"type": "Feature", "properties": {"cell_id": "r05c03", "lat_c": 10.5, "lon_c": 71.5, "lat_min": 10.0, "lat_max": 11.0, "lon_min": 71.0, "lon_max": 72.0}, "geometry": {"type": "Polygon", "coordinates": [[[71.0, 10.0], [72.0, 10.0], [72.0, 11.0], [71.0, 11.0], [71.0, 10.0]]]}}, {"type": "Feature", "properties": {"cell_id": "r05c04", "lat_c": 10.5, "lon_c": 72.5, "lat_min": 10.0, "lat_max": 11.0, "lon_min": 72.0, "lon_max": 73.0}, "geometry": {"type": "Polygon", "coordinates": [[[72.0, 10.0], [73.0, 10.0], [73.0, 11.0], [72.0, 11.0], [72.0, 10.0]]]}}, {"type": "Feature", "properties": {"cell_id": "r05c05", "lat_c": 10.5, "lon_c": 73.5, "lat_min": 10.0, "lat_max": 11.0, "lon_min": 73.0, "lon_max": 74.0}, "geometry": {"type": "Polygon", "coordinates": [[[73.0, 10.0], [74.0, 10.0], [74.0, 11.0], [73.0, 11.0], [73.0, 10.0]]]}}, {"type": "Feature", "properties": {"cell_id": "r05c06", "lat_c": 10.5, "lon_c": 74.5, "lat_min": 10.0, "lat_max": 11.0, "lon_min": 74.0, "lon_max": 75.0}, "geometry": {"type": "Polygon", "coordinates": [[[74.0, 10.0], [75.0, 10.0], [75.0, 11.0], [74.0, 11.0], [74.0, 10.0]]]}}, {"type": "Feature", "properties": {"cell_id": "r05c07", "lat_c": 10.5, "lon_c": 75.5, "lat_min": 10.0, "lat_max": 11.0, "lon_min": 75.0, "lon_max": 76.0}, "geometry": {"type": "Polygon", "coordinates": [[[75.0, 10.0], [76.0, 10.0], [76.0, 11.0], [75.0, 11.0], [75.0, 10.0]]]}}, {"type": "Feature", "properties": {"cell_id": "r05c08", "lat_c": 10.5, "lon_c": 76.5, "lat_min": 10.0, "lat_max": 11.0, "lon_min": 76.0, "lon_max": 77.0}, "geometry": {"type": "Polygon", "coordinates": [[[76.0, 10.0], [77.0, 10.0], [77.0, 11.0], [76.0, 11.0], [76.0, 10.0]]]}}, {"type": "Feature", "properties": {"cell_id": "r05c09", "lat_c": 10.5, "lon_c": 77.5, "lat_min": 10.0, "lat_max": 11.0, "lon_min": 77.0, "lon_max": 78.0}, "geometry": {"type": "Polygon", "coordinates": [[[77.0, 10.0], [78.0, 10.0], [78.0, 11.0], [77.0, 11.0], [77.0, 10.0]]]}}, {"type": "Feature", "properties": {"cell_id": "r05c10", "lat_c": 10.5, "lon_c": 78.5, "lat_min": 10.0, "lat_max": 11.0, "lon_min": 78.0, "lon_max": 79.0}, "geometry": {"type": "Polygon", "coordinates": [[[78.0, 10.0], [79.0, 10.0], [79.0, 11.0], [78.0, 11.0], [78.0, 10.0]]]}}, {"type": "Feature", "properties": {"cell_id": "r05c11", "lat_c": 10.5, "lon_c": 79.5, "lat_min": 10.0, "lat_max": 11.0, "lon_min": 79.0, "lon_max": 80.0}, "geometry": {"type": "Polygon", "coordinates": [[[79.0, 10.0], [80.0, 10.0], [80.0, 11.0], [79.0, 11.0], [79.0, 10.0]]]}}, {"type": "Feature", "properties": {"cell_id": "r05c12", "lat_c": 10.5, "lon_c": 80.5, "lat_min": 10.0, "lat_max": 11.0, "lon_min": 80.0, "lon_max": 81.0}, "geometry": {"type": "Polygon", "coordinates": [[[80.0, 10.0], [81.0, 10.0], [81.0, 11.0], [80.0, 11.0], [80.0, 10.0]]]}}, {"type": "Feature", "properties": {"cell_id": "r05c13", "lat_c": 10.5, "lon_c": 81.5, "lat_min": 10.0, "lat_max": 11.0, "lon_min": 81.0, "lon_max": 82.0}, "geometry": {"type": "Polygon", "coordinates": [[[81.0, 10.0], [82.0, 10.0], [82.0, 11.0], [81.0, 11.0], [81.0, 10.0]]]}}, {"type": "Feature", "properties": {"cell_id": "r05c14", "lat_c": 10.5, "lon_c": 82.5, "lat_min": 10.0, "lat_max": 11.0, "lon_min": 82.0, "lon_max": 83.0}, "geometry": {"type": "Polygon", "coordinates": [[[82.0, 10.0], [83.0, 10.0], [83.0, 11.0], [82.0, 11.0], [82.0, 10.0]]]}}, {"type": "Feature", "properties": {"cell_id": "r05c15", "lat_c": 10.5, "lon_c": 83.5, "lat_min": 10.0, "lat_max": 11.0, "lon_min": 83.0, "lon_max": 84.0}, "geometry": {"type": "Polygon", "coordinates": [[[83.0, 10.0], [84.0, 10.0], [84.0, 11.0], [83.0, 11.0], [83.0, 10.0]]]}}, {"type": "Feature", "properties": {"cell_id": "r05c16", "lat_c": 10.5, "lon_c": 84.5, "lat_min": 10.0, "lat_max": 11.0, "lon_min": 84.0, "lon_max": 85.0}, "geometry": {"type": "Polygon", "coordinates": [[[84.0, 10.0], [85.0, 10.0], [85.0, 11.0], [84.0, 11.0], [84.0, 10.0]]]}}, {"type": "Feature", "properties": {"cell_id": "r05c17", "lat_c": 10.5, "lon_c": 85.5, "lat_min": 10.0, "lat_max": 11.0, "lon_min": 85.0, "lon_max": 86.0}, "geometry": {"type": "Polygon", "coordinates": [[[85.0, 10.0], [86.0, 10.0], [86.0, 11.0], [85.0, 11.0], [85.0, 10.0]]]}}, {"type": "Feature", "properties": {"cell_id": "r05c18", "lat_c": 10.5, "lon_c": 86.5, "lat_min": 10.0, "lat_max": 11.0, "lon_min": 86.0, "lon_max": 87.0}, "geometry": {"type": "Polygon", "coordinates": [[[86.0, 10.0], [87.0, 10.0], [87.0, 11.0], [86.0, 11.0], [86.0, 10.0]]]}}, {"type": "Feature", "properties": {"cell_id": "r05c19", "lat_c": 10.5, "lon_c": 87.5, "lat_min": 10.0, "lat_max": 11.0, "lon_min": 87.0, "lon_max": 88.0}, "geometry": {"type": "Polygon", "coordinates": [[[87.0, 10.0], [88.0, 10.0], [88.0, 11.0], [87.0, 11.0], [87.0, 10.0]]]}}, {"type": "Feature", "properties": {"cell_id": "r05c20", "lat_c": 10.5, "lon_c": 88.5, "lat_min": 10.0, "lat_max": 11.0, "lon_min": 88.0, "lon_max": 89.0}, "geometry": {"type": "Polygon", "coordinates": [[[88.0, 10.0], [89.0, 10.0], [89.0, 11.0], [88.0, 11.0], [88.0, 10.0]]]}}, {"type": "Feature", "properties": {"cell_id": "r05c21", "lat_c": 10.5, "lon_c": 89.5, "lat_min": 10.0, "lat_max": 11.0, "lon_min": 89.0, "lon_max": 90.0}, "geometry": {"type": "Polygon", "coordinates": [[[89.0, 10.0], [90.0, 10.0], [90.0, 11.0], [89.0, 11.0], [89.0, 10.0]]]}}, {"type": "Feature", "properties": {"cell_id": "r05c22", "lat_c": 10.5, "lon_c": 90.5, "lat_min": 10.0, "lat_max": 11.0, "lon_min": 90.0, "lon_max": 91.0}, "geometry": {"type": "Polygon", "coordinates": [[[90.0, 10.0], [91.0, 10.0], [91.0, 11.0], [90.0, 11.0], [90.0, 10.0]]]}}, {"type": "Feature", "properties": {"cell_id": "r05c23", "lat_c": 10.5, "lon_c": 91.5, "lat_min": 10.0, "lat_max": 11.0, "lon_min": 91.0, "lon_max": 92.0}, "geometry": {"type": "Polygon", "coordinates": [[[91.0, 10.0], [92.0, 10.0], [92.0, 11.0], [91.0, 11.0], [91.0, 10.0]]]}}, {"type": "Feature", "properties": {"cell_id": "r05c24", "lat_c": 10.5, "lon_c": 92.5, "lat_min": 10.0, "lat_max": 11.0, "lon_min": 92.0, "lon_max": 93.0}, "geometry": {"type": "Polygon", "coordinates": [[[92.0, 10.0], [93.0, 10.0], [93.0, 11.0], [92.0, 11.0], [92.0, 10.0]]]}}, {"type": "Feature", "properties": {"cell_id": "r05c25", "lat_c": 10.5, "lon_c": 93.5, "lat_min": 10.0, "lat_max": 11.0, "lon_min": 93.0, "lon_max": 94.0}, "geometry": {"type": "Polygon", "coordinates": [[[93.0, 10.0], [94.0, 10.0], [94.0, 11.0], [93.0, 11.0], [93.0, 10.0]]]}}, {"type": "Feature", "properties": {"cell_id": "r05c26", "lat_c": 10.5, "lon_c": 94.5, "lat_min": 10.0, "lat_max": 11.0, "lon_min": 94.0, "lon_max": 95.0}, "geometry": {"type": "Polygon", "coordinates": [[[94.0, 10.0], [95.0, 10.0], [95.0, 11.0], [94.0, 11.0], [94.0, 10.0]]]}}, {"type": "Feature", "properties": {"cell_id": "r05c27", "lat_c": 10.5, "lon_c": 95.5, "lat_min": 10.0, "lat_max": 11.0, "lon_min": 95.0, "lon_max": 96.0}, "geometry": {"type": "Polygon", "coordinates": [[[95.0, 10.0], [96.0, 10.0], [96.0, 11.0], [95.0, 11.0], [95.0, 10.0]]]}}, {"type": "Feature", "properties": {"cell_id": "r05c28", "lat_c": 10.5, "lon_c": 96.5, "lat_min": 10.0, "lat_max": 11.0, "lon_min": 96.0, "lon_max": 97.0}, "geometry": {"type": "Polygon", "coordinates": [[[96.0, 10.0], [97.0, 10.0], [97.0, 11.0], [96.0, 11.0], [96.0, 10.0]]]}}, {"type": "Feature", "properties": {"cell_id": "r05c29", "lat_c": 10.5, "lon_c": 97.5, "lat_min": 10.0, "lat_max": 11.0, "lon_min": 97.0, "lon_max": 98.0}, "geometry": {"type": "Polygon", "coordinates": [[[97.0, 10.0], [98.0, 10.0], [98.0, 11.0], [97.0, 11.0], [97.0, 10.0]]]}}, {"type": "Feature", "properties": {"cell_id": "r05c30", "lat_c": 10.5, "lon_c": 98.5, "lat_min": 10.0, "lat_max": 11.0, "lon_min": 98.0, "lon_max": 99.0}, "geometry": {"type": "Polygon", "coordinates": [[[98.0, 10.0], [99.0, 10.0], [99.0, 11.0], [98.0, 11.0], [98.0, 10.0]]]}}, {"type": "Feature", "properties": {"cell_id": "r05c31", "lat_c": 10.5, "lon_c": 99.5, "lat_min": 10.0, "lat_max": 11.0, "lon_min": 99.0, "lon_max": 100.0}, "geometry": {"type": "Polygon", "coordinates": [[[99.0, 10.0], [100.0, 10.0], [100.0, 11.0], [99.0, 11.0], [99.0, 10.0]]]}}, {"type": "Feature", "properties": {"cell_id": "r05c32", "lat_c": 10.5, "lon_c": 100.5, "lat_min": 10.0, "lat_max": 11.0, "lon_min": 100.0, "lon_max": 101.0}, "geometry": {"type": "Polygon", "coordinates": [[[100.0, 10.0], [101.0, 10.0], [101.0, 11.0], [100.0, 11.0], [100.0, 10.0]]]}}, {"type": "Feature", "properties": {"cell_id": "r05c33", "lat_c": 10.5, "lon_c": 101.5, "lat_min": 10.0, "lat_max": 11.0, "lon_min": 101.0, "lon_max": 102.0}, "geometry": {"type": "Polygon", "coordinates": [[[101.0, 10.0], [102.0, 10.0], [102.0, 11.0], [101.0, 11.0], [101.0, 10.0]]]}}, {"type": "Feature", "properties": {"cell_id": "r06c00", "lat_c": 11.5, "lon_c": 68.5, "lat_min": 11.0, "lat_max": 12.0, "lon_min": 68.0, "lon_max": 69.0}, "geometry": {"type": "Polygon", "coordinates": [[[68.0, 11.0], [69.0, 11.0], [69.0, 12.0], [68.0, 12.0], [68.0, 11.0]]]}}, {"type": "Feature", "properties": {"cell_id": "r06c01", "lat_c": 11.5, "lon_c": 69.5, "lat_min": 11.0, "lat_max": 12.0, "lon_min": 69.0, "lon_max": 70.0}, "geometry": {"type": "Polygon", "coordinates": [[[69.0, 11.0], [70.0, 11.0], [70.0, 12.0], [69.0, 12.0], [69.0, 11.0]]]}}, {"type": "Feature", "properties": {"cell_id": "r06c02", "lat_c": 11.5, "lon_c": 70.5, "lat_min": 11.0, "lat_max": 12.0, "lon_min": 70.0, "lon_max": 71.0}, "geometry": {"type": "Polygon", "coordinates": [[[70.0, 11.0], [71.0, 11.0], [71.0, 12.0], [70.0, 12.0], [70.0, 11.0]]]}}, {"type": "Feature", "properties": {"cell_id": "r06c03", "lat_c": 11.5, "lon_c": 71.5, "lat_min": 11.0, "lat_max": 12.0, "lon_min": 71.0, "lon_max": 72.0}, "geometry": {"type": "Polygon", "coordinates": [[[71.0, 11.0], [72.0, 11.0], [72.0, 12.0], [71.0, 12.0], [71.0, 11.0]]]}}, {"type": "Feature", "properties": {"cell_id": "r06c04", "lat_c": 11.5, "lon_c": 72.5, "lat_min": 11.0, "lat_max": 12.0, "lon_min": 72.0, "lon_max": 73.0}, "geometry": {"type": "Polygon", "coordinates": [[[72.0, 11.0], [73.0, 11.0], [73.0, 12.0], [72.0, 12.0], [72.0, 11.0]]]}}, {"type": "Feature", "properties": {"cell_id": "r06c05", "lat_c": 11.5, "lon_c": 73.5, "lat_min": 11.0, "lat_max": 12.0, "lon_min": 73.0, "lon_max": 74.0}, "geometry": {"type": "Polygon", "coordinates": [[[73.0, 11.0], [74.0, 11.0], [74.0, 12.0], [73.0, 12.0], [73.0, 11.0]]]}}, {"type": "Feature", "properties": {"cell_id": "r06c06", "lat_c": 11.5, "lon_c": 74.5, "lat_min": 11.0, "lat_max": 12.0, "lon_min": 74.0, "lon_max": 75.0}, "geometry": {"type": "Polygon", "coordinates": [[[74.0, 11.0], [75.0, 11.0], [75.0, 12.0], [74.0, 12.0], [74.0, 11.0]]]}}, {"type": "Feature", "properties": {"cell_id": "r06c07", "lat_c": 11.5, "lon_c": 75.5, "lat_min": 11.0, "lat_max": 12.0, "lon_min": 75.0, "lon_max": 76.0}, "geometry": {"type": "Polygon", "coordinates": [[[75.0, 11.0], [76.0, 11.0], [76.0, 12.0], [75.0, 12.0], [75.0, 11.0]]]}}, {"type": "Feature", "properties": {"cell_id": "r06c08", "lat_c": 11.5, "lon_c": 76.5, "lat_min": 11.0, "lat_max": 12.0, "lon_min": 76.0, "lon_max": 77.0}, "geometry": {"type": "Polygon", "coordinates": [[[76.0, 11.0], [77.0, 11.0], [77.0, 12.0], [76.0, 12.0], [76.0, 11.0]]]}}, {"type": "Feature", "properties": {"cell_id": "r06c09", "lat_c": 11.5, "lon_c": 77.5, "lat_min": 11.0, "lat_max": 12.0, "lon_min": 77.0, "lon_max": 78.0}, "geometry": {"type": "Polygon", "coordinates": [[[77.0, 11.0], [78.0, 11.0], [78.0, 12.0], [77.0, 12.0], [77.0, 11.0]]]}}, {"type": "Feature", "properties": {"cell_id": "r06c10", "lat_c": 11.5, "lon_c": 78.5, "lat_min": 11.0, "lat_max": 12.0, "lon_min": 78.0, "lon_max": 79.0}, "geometry": {"type": "Polygon", "coordinates": [[[78.0, 11.0], [79.0, 11.0], [79.0, 12.0], [78.0, 12.0], [78.0, 11.0]]]}}, {"type": "Feature", "properties": {"cell_id": "r06c11", "lat_c": 11.5, "lon_c": 79.5, "lat_min": 11.0, "lat_max": 12.0, "lon_min": 79.0, "lon_max": 80.0}, "geometry": {"type": "Polygon", "coordinates": [[[79.0, 11.0], [80.0, 11.0], [80.0, 12.0], [79.0, 12.0], [79.0, 11.0]]]}}, {"type": "Feature", "properties": {"cell_id": "r06c12", "lat_c": 11.5, "lon_c": 80.5, "lat_min": 11.0, "lat_max": 12.0, "lon_min": 80.0, "lon_max": 81.0}, "geometry": {"type": "Polygon", "coordinates": [[[80.0, 11.0], [81.0, 11.0], [81.0, 12.0], [80.0, 12.0], [80.0, 11.0]]]}}, {"type": "Feature", "properties": {"cell_id": "r06c13", "lat_c": 11.5, "lon_c": 81.5, "lat_min": 11.0, "lat_max": 12.0, "lon_min": 81.0, "lon_max": 82.0}, "geometry": {"type": "Polygon", "coordinates": [[[81.0, 11.0], [82.0, 11.0], [82.0, 12.0], [81.0, 12.0], [81.0, 11.0]]]}}, {"type": "Feature", "properties": {"cell_id": "r06c14", "lat_c": 11.5, "lon_c": 82.5, "lat_min": 11.0, "lat_max": 12.0, "lon_min": 82.0, "lon_max": 83.0}, "geometry": {"type": "Polygon", "coordinates": [[[82.0, 11.0], [83.0, 11.0], [83.0, 12.0], [82.0, 12.0], [82.0, 11.0]]]}}, {"type": "Feature", "properties": {"cell_id": "r06c15", "lat_c": 11.5, "lon_c": 83.5, "lat_min": 11.0, "lat_max": 12.0, "lon_min": 83.0, "lon_max": 84.0}, "geometry": {"type": "Polygon", "coordinates": [[[83.0, 11.0], [84.0, 11.0], [84.0, 12.0], [83.0, 12.0], [83.0, 11.0]]]}}, {"type": "Feature", "properties": {"cell_id": "r06c16", "lat_c": 11.5, "lon_c": 84.5, "lat_min": 11.0, "lat_max": 12.0, "lon_min": 84.0, "lon_max": 85.0}, "geometry": {"type": "Polygon", "coordinates": [[[84.0, 11.0], [85.0, 11.0], [85.0, 12.0], [84.0, 12.0], [84.0, 11.0]]]}}, {"type": "Feature", "properties": {"cell_id": "r06c17", "lat_c": 11.5, "lon_c": 85.5, "lat_min": 11.0, "lat_max": 12.0, "lon_min": 85.0, "lon_max": 86.0}, "geometry": {"type": "Polygon", "coordinates": [[[85.0, 11.0], [86.0, 11.0], [86.0, 12.0], [85.0, 12.0], [85.0, 11.0]]]}}, {"type": "Feature", "properties": {"cell_id": "r06c18", "lat_c": 11.5, "lon_c": 86.5, "lat_min": 11.0, "lat_max": 12.0, "lon_min": 86.0, "lon_max": 87.0}, "geometry": {"type": "Polygon", "coordinates": [[[86.0, 11.0], [87.0, 11.0], [87.0, 12.0], [86.0, 12.0], [86.0, 11.0]]]}}, {"type": "Feature", "properties": {"cell_id": "r06c19", "lat_c": 11.5, "lon_c": 87.5, "lat_min": 11.0, "lat_max": 12.0, "lon_min": 87.0, "lon_max": 88.0}, "geometry": {"type": "Polygon", "coordinates": [[[87.0, 11.0], [88.0, 11.0], [88.0, 12.0], [87.0, 12.0], [87.0, 11.0]]]}}, {"type": "Feature", "properties": {"cell_id": "r06c20", "lat_c": 11.5, "lon_c": 88.5, "lat_min": 11.0, "lat_max": 12.0, "lon_min": 88.0, "lon_max": 89.0}, "geometry": {"type": "Polygon", "coordinates": [[[88.0, 11.0], [89.0, 11.0], [89.0, 12.0], [88.0, 12.0], [88.0, 11.0]]]}}, {"type": "Feature", "properties": {"cell_id": "r06c21", "lat_c": 11.5, "lon_c": 89.5, "lat_min": 11.0, "lat_max": 12.0, "lon_min": 89.0, "lon_max": 90.0}, "geometry": {"type": "Polygon", "coordinates": [[[89.0, 11.0], [90.0, 11.0], [90.0, 12.0], [89.0, 12.0], [89.0, 11.0]]]}}, {"type": "Feature", "properties": {"cell_id": "r06c22", "lat_c": 11.5, "lon_c": 90.5, "lat_min": 11.0, "lat_max": 12.0, "lon_min": 90.0, "lon_max": 91.0}, "geometry": {"type": "Polygon", "coordinates": [[[90.0, 11.0], [91.0, 11.0], [91.0, 12.0], [90.0, 12.0], [90.0, 11.0]]]}}, {"type": "Feature", "properties": {"cell_id": "r06c23", "lat_c": 11.5, "lon_c": 91.5, "lat_min": 11.0, "lat_max": 12.0, "lon_min": 91.0, "lon_max": 92.0}, "geometry": {"type": "Polygon", "coordinates": [[[91.0, 11.0], [92.0, 11.0], [92.0, 12.0], [91.0, 12.0], [91.0, 11.0]]]}}, {"type": "Feature", "properties": {"cell_id": "r06c24", "lat_c": 11.5, "lon_c": 92.5, "lat_min": 11.0, "lat_max": 12.0, "lon_min": 92.0, "lon_max": 93.0}, "geometry": {"type": "Polygon", "coordinates": [[[92.0, 11.0], [93.0, 11.0], [93.0, 12.0], [92.0, 12.0], [92.0, 11.0]]]}}, {"type": "Feature", "properties": {"cell_id": "r06c25", "lat_c": 11.5, "lon_c": 93.5, "lat_min": 11.0, "lat_max": 12.0, "lon_min": 93.0, "lon_max": 94.0}, "geometry": {"type": "Polygon", "coordinates": [[[93.0, 11.0], [94.0, 11.0], [94.0, 12.0], [93.0, 12.0], [93.0, 11.0]]]}}, {"type": "Feature", "properties": {"cell_id": "r06c26", "lat_c": 11.5, "lon_c": 94.5, "lat_min": 11.0, "lat_max": 12.0, "lon_min": 94.0, "lon_max": 95.0}, "geometry": {"type": "Polygon", "coordinates": [[[94.0, 11.0], [95.0, 11.0], [95.0, 12.0], [94.0, 12.0], [94.0, 11.0]]]}}, {"type": "Feature", "properties": {"cell_id": "r06c27", "lat_c": 11.5, "lon_c": 95.5, "lat_min": 11.0, "lat_max": 12.0, "lon_min": 95.0, "lon_max": 96.0}, "geometry": {"type": "Polygon", "coordinates": [[[95.0, 11.0], [96.0, 11.0], [96.0, 12.0], [95.0, 12.0], [95.0, 11.0]]]}}, {"type": "Feature", "properties": {"cell_id": "r06c28", "lat_c": 11.5, "lon_c": 96.5, "lat_min": 11.0, "lat_max": 12.0, "lon_min": 96.0, "lon_max": 97.0}, "geometry": {"type": "Polygon", "coordinates": [[[96.0, 11.0], [97.0, 11.0], [97.0, 12.0], [96.0, 12.0], [96.0, 11.0]]]}}, {"type": "Feature", "properties": {"cell_id": "r06c29", "lat_c": 11.5, "lon_c": 97.5, "lat_min": 11.0, "lat_max": 12.0, "lon_min": 97.0, "lon_max": 98.0}, "geometry": {"type": "Polygon", "coordinates": [[[97.0, 11.0], [98.0, 11.0], [98.0, 12.0], [97.0, 12.0], [97.0, 11.0]]]}}, {"type": "Feature", "properties": {"cell_id": "r06c30", "lat_c": 11.5, "lon_c": 98.5, "lat_min": 11.0, "lat_max": 12.0, "lon_min": 98.0, "lon_max": 99.0}, "geometry": {"type": "Polygon", "coordinates": [[[98.0, 11.0], [99.0, 11.0], [99.0, 12.0], [98.0, 12.0], [98.0, 11.0]]]}}, {"type": "Feature", "properties": {"cell_id": "r06c31", "lat_c": 11.5, "lon_c": 99.5, "lat_min": 11.0, "lat_max": 12.0, "lon_min": 99.0, "lon_max": 100.0}, "geometry": {"type": "Polygon", "coordinates": [[[99.0, 11.0], [100.0, 11.0], [100.0, 12.0], [99.0, 12.0], [99.0, 11.0]]]}}, {"type": "Feature", "properties": {"cell_id": "r06c32", "lat_c": 11.5, "lon_c": 100.5, "lat_min": 11.0, "lat_max": 12.0, "lon_min": 100.0, "lon_max": 101.0}, "geometry": {"type": "Polygon", "coordinates": [[[100.0, 11.0], [101.0, 11.0], [101.0, 12.0], [100.0, 12.0], [100.0, 11.0]]]}}, {"type": "Feature", "properties": {"cell_id": "r06c33", "lat_c": 11.5, "lon_c": 101.5, "lat_min": 11.0, "lat_max": 12.0, "lon_min": 101.0, "lon_max": 102.0}, "geometry": {"type": "Polygon", "coordinates": [[[101.0, 11.0], [102.0, 11.0], [102.0, 12.0], [101.0, 12.0], [101.0, 11.0]]]}}, {"type": "Feature", "properties": {"cell_id": "r07c00", "lat_c": 12.5, "lon_c": 68.5, "lat_min": 12.0, "lat_max": 13.0, "lon_min": 68.0, "lon_max": 69.0}, "geometry": {"type": "Polygon", "coordinates": [[[68.0, 12.0], [69.0, 12.0], [69.0, 13.0], [68.0, 13.0], [68.0, 12.0]]]}}, {"type": "Feature", "properties": {"cell_id": "r07c01", "lat_c": 12.5, "lon_c": 69.5, "lat_min": 12.0, "lat_max": 13.0, "lon_min": 69.0, "lon_max": 70.0}, "geometry": {"type": "Polygon", "coordinates": [[[69.0, 12.0], [70.0, 12.0], [70.0, 13.0], [69.0, 13.0], [69.0, 12.0]]]}}, {"type": "Feature", "properties": {"cell_id": "r07c02", "lat_c": 12.5, "lon_c": 70.5, "lat_min": 12.0, "lat_max": 13.0, "lon_min": 70.0, "lon_max": 71.0}, "geometry": {"type": "Polygon", "coordinates": [[[70.0, 12.0], [71.0, 12.0], [71.0, 13.0], [70.0, 13.0], [70.0, 12.0]]]}}, {"type": "Feature", "properties": {"cell_id": "r07c03", "lat_c": 12.5, "lon_c": 71.5, "lat_min": 12.0, "lat_max": 13.0, "lon_min": 71.0, "lon_max": 72.0}, "geometry": {"type": "Polygon", "coordinates": [[[71.0, 12.0], [72.0, 12.0], [72.0, 13.0], [71.0, 13.0], [71.0, 12.0]]]}}, {"type": "Feature", "properties": {"cell_id": "r07c04", "lat_c": 12.5, "lon_c": 72.5, "lat_min": 12.0, "lat_max": 13.0, "lon_min": 72.0, "lon_max": 73.0}, "geometry": {"type": "Polygon", "coordinates": [[[72.0, 12.0], [73.0, 12.0], [73.0, 13.0], [72.0, 13.0], [72.0, 12.0]]]}}, {"type": "Feature", "properties": {"cell_id": "r07c05", "lat_c": 12.5, "lon_c": 73.5, "lat_min": 12.0, "lat_max": 13.0, "lon_min": 73.0, "lon_max": 74.0}, "geometry": {"type": "Polygon", "coordinates": [[[73.0, 12.0], [74.0, 12.0], [74.0, 13.0], [73.0, 13.0], [73.0, 12.0]]]}}, {"type": "Feature", "properties": {"cell_id": "r07c06", "lat_c": 12.5, "lon_c": 74.5, "lat_min": 12.0, "lat_max": 13.0, "lon_min": 74.0, "lon_max": 75.0}, "geometry": {"type": "Polygon", "coordinates": [[[74.0, 12.0], [75.0, 12.0], [75.0, 13.0], [74.0, 13.0], [74.0, 12.0]]]}}, {"type": "Feature", "properties": {"cell_id": "r07c07", "lat_c": 12.5, "lon_c": 75.5, "lat_min": 12.0, "lat_max": 13.0, "lon_min": 75.0, "lon_max": 76.0}, "geometry": {"type": "Polygon", "coordinates": [[[75.0, 12.0], [76.0, 12.0], [76.0, 13.0], [75.0, 13.0], [75.0, 12.0]]]}}, {"type": "Feature", "properties": {"cell_id": "r07c08", "lat_c": 12.5, "lon_c": 76.5, "lat_min": 12.0, "lat_max": 13.0, "lon_min": 76.0, "lon_max": 77.0}, "geometry": {"type": "Polygon", "coordinates": [[[76.0, 12.0], [77.0, 12.0], [77.0, 13.0], [76.0, 13.0], [76.0, 12.0]]]}}, {"type": "Feature", "properties": {"cell_id": "r07c09", "lat_c": 12.5, "lon_c": 77.5, "lat_min": 12.0, "lat_max": 13.0, "lon_min": 77.0, "lon_max": 78.0}, "geometry": {"type": "Polygon", "coordinates": [[[77.0, 12.0], [78.0, 12.0], [78.0, 13.0], [77.0, 13.0], [77.0, 12.0]]]}}, {"type": "Feature", "properties": {"cell_id": "r07c10", "lat_c": 12.5, "lon_c": 78.5, "lat_min": 12.0, "lat_max": 13.0, "lon_min": 78.0, "lon_max": 79.0}, "geometry": {"type": "Polygon", "coordinates": [[[78.0, 12.0], [79.0, 12.0], [79.0, 13.0], [78.0, 13.0], [78.0, 12.0]]]}}, {"type": "Feature", "properties": {"cell_id": "r07c11", "lat_c": 12.5, "lon_c": 79.5, "lat_min": 12.0, "lat_max": 13.0, "lon_min": 79.0, "lon_max": 80.0}, "geometry": {"type": "Polygon", "coordinates": [[[79.0, 12.0], [80.0, 12.0], [80.0, 13.0], [79.0, 13.0], [79.0, 12.0]]]}}, {"type": "Feature", "properties": {"cell_id": "r07c12", "lat_c": 12.5, "lon_c": 80.5, "lat_min": 12.0, "lat_max": 13.0, "lon_min": 80.0, "lon_max": 81.0}, "geometry": {"type": "Polygon", "coordinates": [[[80.0, 12.0], [81.0, 12.0], [81.0, 13.0], [80.0, 13.0], [80.0, 12.0]]]}}, {"type": "Feature", "properties": {"cell_id": "r07c13", "lat_c": 12.5, "lon_c": 81.5, "lat_min": 12.0, "lat_max": 13.0, "lon_min": 81.0, "lon_max": 82.0}, "geometry": {"type": "Polygon", "coordinates": [[[81.0, 12.0], [82.0, 12.0], [82.0, 13.0], [81.0, 13.0], [81.0, 12.0]]]}}, {"type": "Feature", "properties": {"cell_id": "r07c14", "lat_c": 12.5, "lon_c": 82.5, "lat_min": 12.0, "lat_max": 13.0, "lon_min": 82.0, "lon_max": 83.0}, "geometry": {"type": "Polygon", "coordinates": [[[82.0, 12.0], [83.0, 12.0], [83.0, 13.0], [82.0, 13.0], [82.0, 12.0]]]}}, {"type": "Feature", "properties": {"cell_id": "r07c15", "lat_c": 12.5, "lon_c": 83.5, "lat_min": 12.0, "lat_max": 13.0, "lon_min": 83.0, "lon_max": 84.0}, "geometry": {"type": "Polygon", "coordinates": [[[83.0, 12.0], [84.0, 12.0], [84.0, 13.0], [83.0, 13.0], [83.0, 12.0]]]}}, {"type": "Feature", "properties": {"cell_id": "r07c16", "lat_c": 12.5, "lon_c": 84.5, "lat_min": 12.0, "lat_max": 13.0, "lon_min": 84.0, "lon_max": 85.0}, "geometry": {"type": "Polygon", "coordinates": [[[84.0, 12.0], [85.0, 12.0], [85.0, 13.0], [84.0, 13.0], [84.0, 12.0]]]}}, {"type": "Feature", "properties": {"cell_id": "r07c17", "lat_c": 12.5, "lon_c": 85.5, "lat_min": 12.0, "lat_max": 13.0, "lon_min": 85.0, "lon_max": 86.0}, "geometry": {"type": "Polygon", "coordinates": [[[85.0, 12.0], [86.0, 12.0], [86.0, 13.0], [85.0, 13.0], [85.0, 12.0]]]}}, {"type": "Feature", "properties": {"cell_id": "r07c18", "lat_c": 12.5, "lon_c": 86.5, "lat_min": 12.0, "lat_max": 13.0, "lon_min": 86.0, "lon_max": 87.0}, "geometry": {"type": "Polygon", "coordinates": [[[86.0, 12.0], [87.0, 12.0], [87.0, 13.0], [86.0, 13.0], [86.0, 12.0]]]}}, {"type": "Feature", "properties": {"cell_id": "r07c19", "lat_c": 12.5, "lon_c": 87.5, "lat_min": 12.0, "lat_max": 13.0, "lon_min": 87.0, "lon_max": 88.0}, "geometry": {"type": "Polygon", "coordinates": [[[87.0, 12.0], [88.0, 12.0], [88.0, 13.0], [87.0, 13.0], [87.0, 12.0]]]}}, {"type": "Feature", "properties": {"cell_id": "r07c20", "lat_c": 12.5, "lon_c": 88.5, "lat_min": 12.0, "lat_max": 13.0, "lon_min": 88.0, "lon_max": 89.0}, "geometry": {"type": "Polygon", "coordinates": [[[88.0, 12.0], [89.0, 12.0], [89.0, 13.0], [88.0, 13.0], [88.0, 12.0]]]}}, {"type": "Feature", "properties": {"cell_id": "r07c21", "lat_c": 12.5, "lon_c": 89.5, "lat_min": 12.0, "lat_max": 13.0, "lon_min": 89.0, "lon_max": 90.0}, "geometry": {"type": "Polygon", "coordinates": [[[89.0, 12.0], [90.0, 12.0], [90.0, 13.0], [89.0, 13.0], [89.0, 12.0]]]}}, {"type": "Feature", "properties": {"cell_id": "r07c22", "lat_c": 12.5, "lon_c": 90.5, "lat_min": 12.0, "lat_max": 13.0, "lon_min": 90.0, "lon_max": 91.0}, "geometry": {"type": "Polygon", "coordinates": [[[90.0, 12.0], [91.0, 12.0], [91.0, 13.0], [90.0, 13.0], [90.0, 12.0]]]}}, {"type": "Feature", "properties": {"cell_id": "r07c23", "lat_c": 12.5, "lon_c": 91.5, "lat_min": 12.0, "lat_max": 13.0, "lon_min": 91.0, "lon_max": 92.0}, "geometry": {"type": "Polygon", "coordinates": [[[91.0, 12.0], [92.0, 12.0], [92.0, 13.0], [91.0, 13.0], [91.0, 12.0]]]}}, {"type": "Feature", "properties": {"cell_id": "r07c24", "lat_c": 12.5, "lon_c": 92.5, "lat_min": 12.0, "lat_max": 13.0, "lon_min": 92.0, "lon_max": 93.0}, "geometry": {"type": "Polygon", "coordinates": [[[92.0, 12.0], [93.0, 12.0], [93.0, 13.0], [92.0, 13.0], [92.0, 12.0]]]}}, {"type": "Feature", "properties": {"cell_id": "r07c25", "lat_c": 12.5, "lon_c": 93.5, "lat_min": 12.0, "lat_max": 13.0, "lon_min": 93.0, "lon_max": 94.0}, "geometry": {"type": "Polygon", "coordinates": [[[93.0, 12.0], [94.0, 12.0], [94.0, 13.0], [93.0, 13.0], [93.0, 12.0]]]}}, {"type": "Feature", "properties": {"cell_id": "r07c26", "lat_c": 12.5, "lon_c": 94.5, "lat_min": 12.0, "lat_max": 13.0, "lon_min": 94.0, "lon_max": 95.0}, "geometry": {"type": "Polygon", "coordinates": [[[94.0, 12.0], [95.0, 12.0], [95.0, 13.0], [94.0, 13.0], [94.0, 12.0]]]}}, {"type": "Feature", "properties": {"cell_id": "r07c27", "lat_c": 12.5, "lon_c": 95.5, "lat_min": 12.0, "lat_max": 13.0, "lon_min": 95.0, "lon_max": 96.0}, "geometry": {"type": "Polygon", "coordinates": [[[95.0, 12.0], [96.0, 12.0], [96.0, 13.0], [95.0, 13.0], [95.0, 12.0]]]}}, {"type": "Feature", "properties": {"cell_id": "r07c28", "lat_c": 12.5, "lon_c": 96.5, "lat_min": 12.0, "lat_max": 13.0, "lon_min": 96.0, "lon_max": 97.0}, "geometry": {"type": "Polygon", "coordinates": [[[96.0, 12.0], [97.0, 12.0], [97.0, 13.0], [96.0, 13.0], [96.0, 12.0]]]}}, {"type": "Feature", "properties": {"cell_id": "r07c29", "lat_c": 12.5, "lon_c": 97.5, "lat_min": 12.0, "lat_max": 13.0, "lon_min": 97.0, "lon_max": 98.0}, "geometry": {"type": "Polygon", "coordinates": [[[97.0, 12.0], [98.0, 12.0], [98.0, 13.0], [97.0, 13.0], [97.0, 12.0]]]}}, {"type": "Feature", "properties": {"cell_id": "r07c30", "lat_c": 12.5, "lon_c": 98.5, "lat_min": 12.0, "lat_max": 13.0, "lon_min": 98.0, "lon_max": 99.0}, "geometry": {"type": "Polygon", "coordinates": [[[98.0, 12.0], [99.0, 12.0], [99.0, 13.0], [98.0, 13.0], [98.0, 12.0]]]}}, {"type": "Feature", "properties": {"cell_id": "r07c31", "lat_c": 12.5, "lon_c": 99.5, "lat_min": 12.0, "lat_max": 13.0, "lon_min": 99.0, "lon_max": 100.0}, "geometry": {"type": "Polygon", "coordinates": [[[99.0, 12.0], [100.0, 12.0], [100.0, 13.0], [99.0, 13.0], [99.0, 12.0]]]}}, {"type": "Feature", "properties": {"cell_id": "r07c32", "lat_c": 12.5, "lon_c": 100.5, "lat_min": 12.0, "lat_max": 13.0, "lon_min": 100.0, "lon_max": 101.0}, "geometry": {"type": "Polygon", "coordinates": [[[100.0, 12.0], [101.0, 12.0], [101.0, 13.0], [100.0, 13.0], [100.0, 12.0]]]}}, {"type": "Feature", "properties": {"cell_id": "r07c33", "lat_c": 12.5, "lon_c": 101.5, "lat_min": 12.0, "lat_max": 13.0, "lon_min": 101.0, "lon_max": 102.0}, "geometry": {"type": "Polygon", "coordinates": [[[101.0, 12.0], [102.0, 12.0], [102.0, 13.0], [101.0, 13.0], [101.0, 12.0]]]}}, {"type": "Feature", "properties": {"cell_id": "r08c00", "lat_c": 13.5, "lon_c": 68.5, "lat_min": 13.0, "lat_max": 14.0, "lon_min": 68.0, "lon_max": 69.0}, "geometry": {"type": "Polygon", "coordinates": [[[68.0, 13.0], [69.0, 13.0], [69.0, 14.0], [68.0, 14.0], [68.0, 13.0]]]}}, {"type": "Feature", "properties": {"cell_id": "r08c01", "lat_c": 13.5, "lon_c": 69.5, "lat_min": 13.0, "lat_max": 14.0, "lon_min": 69.0, "lon_max": 70.0}, "geometry": {"type": "Polygon", "coordinates": [[[69.0, 13.0], [70.0, 13.0], [70.0, 14.0], [69.0, 14.0], [69.0, 13.0]]]}}, {"type": "Feature", "properties": {"cell_id": "r08c02", "lat_c": 13.5, "lon_c": 70.5, "lat_min": 13.0, "lat_max": 14.0, "lon_min": 70.0, "lon_max": 71.0}, "geometry": {"type": "Polygon", "coordinates": [[[70.0, 13.0], [71.0, 13.0], [71.0, 14.0], [70.0, 14.0], [70.0, 13.0]]]}}, {"type": "Feature", "properties": {"cell_id": "r08c03", "lat_c": 13.5, "lon_c": 71.5, "lat_min": 13.0, "lat_max": 14.0, "lon_min": 71.0, "lon_max": 72.0}, "geometry": {"type": "Polygon", "coordinates": [[[71.0, 13.0], [72.0, 13.0], [72.0, 14.0], [71.0, 14.0], [71.0, 13.0]]]}}, {"type": "Feature", "properties": {"cell_id": "r08c04", "lat_c": 13.5, "lon_c": 72.5, "lat_min": 13.0, "lat_max": 14.0, "lon_min": 72.0, "lon_max": 73.0}, "geometry": {"type": "Polygon", "coordinates": [[[72.0, 13.0], [73.0, 13.0], [73.0, 14.0], [72.0, 14.0], [72.0, 13.0]]]}}, {"type": "Feature", "properties": {"cell_id": "r08c05", "lat_c": 13.5, "lon_c": 73.5, "lat_min": 13.0, "lat_max": 14.0, "lon_min": 73.0, "lon_max": 74.0}, "geometry": {"type": "Polygon", "coordinates": [[[73.0, 13.0], [74.0, 13.0], [74.0, 14.0], [73.0, 14.0], [73.0, 13.0]]]}}, {"type": "Feature", "properties": {"cell_id": "r08c06", "lat_c": 13.5, "lon_c": 74.5, "lat_min": 13.0, "lat_max": 14.0, "lon_min": 74.0, "lon_max": 75.0}, "geometry": {"type": "Polygon", "coordinates": [[[74.0, 13.0], [75.0, 13.0], [75.0, 14.0], [74.0, 14.0], [74.0, 13.0]]]}}, {"type": "Feature", "properties": {"cell_id": "r08c07", "lat_c": 13.5, "lon_c": 75.5, "lat_min": 13.0, "lat_max": 14.0, "lon_min": 75.0, "lon_max": 76.0}, "geometry": {"type": "Polygon", "coordinates": [[[75.0, 13.0], [76.0, 13.0], [76.0, 14.0], [75.0, 14.0], [75.0, 13.0]]]}}, {"type": "Feature", "properties": {"cell_id": "r08c08", "lat_c": 13.5, "lon_c": 76.5, "lat_min": 13.0, "lat_max": 14.0, "lon_min": 76.0, "lon_max": 77.0}, "geometry": {"type": "Polygon", "coordinates": [[[76.0, 13.0], [77.0, 13.0], [77.0, 14.0], [76.0, 14.0], [76.0, 13.0]]]}}, {"type": "Feature", "properties": {"cell_id": "r08c09", "lat_c": 13.5, "lon_c": 77.5, "lat_min": 13.0, "lat_max": 14.0, "lon_min": 77.0, "lon_max": 78.0}, "geometry": {"type": "Polygon", "coordinates": [[[77.0, 13.0], [78.0, 13.0], [78.0, 14.0], [77.0, 14.0], [77.0, 13.0]]]}}, {"type": "Feature", "properties": {"cell_id": "r08c10", "lat_c": 13.5, "lon_c": 78.5, "lat_min": 13.0, "lat_max": 14.0, "lon_min": 78.0, "lon_max": 79.0}, "geometry": {"type": "Polygon", "coordinates": [[[78.0, 13.0], [79.0, 13.0], [79.0, 14.0], [78.0, 14.0], [78.0, 13.0]]]}}, {"type": "Feature", "properties": {"cell_id": "r08c11", "lat_c": 13.5, "lon_c": 79.5, "lat_min": 13.0, "lat_max": 14.0, "lon_min": 79.0, "lon_max": 80.0}, "geometry": {"type": "Polygon", "coordinates": [[[79.0, 13.0], [80.0, 13.0], [80.0, 14.0], [79.0, 14.0], [79.0, 13.0]]]}}, {"type": "Feature", "properties": {"cell_id": "r08c12", "lat_c": 13.5, "lon_c": 80.5, "lat_min": 13.0, "lat_max": 14.0, "lon_min": 80.0, "lon_max": 81.0}, "geometry": {"type": "Polygon", "coordinates": [[[80.0, 13.0], [81.0, 13.0], [81.0, 14.0], [80.0, 14.0], [80.0, 13.0]]]}}, {"type": "Feature", "properties": {"cell_id": "r08c13", "lat_c": 13.5, "lon_c": 81.5, "lat_min": 13.0, "lat_max": 14.0, "lon_min": 81.0, "lon_max": 82.0}, "geometry": {"type": "Polygon", "coordinates": [[[81.0, 13.0], [82.0, 13.0], [82.0, 14.0], [81.0, 14.0], [81.0, 13.0]]]}}, {"type": "Feature", "properties": {"cell_id": "r08c14", "lat_c": 13.5, "lon_c": 82.5, "lat_min": 13.0, "lat_max": 14.0, "lon_min": 82.0, "lon_max": 83.0}, "geometry": {"type": "Polygon", "coordinates": [[[82.0, 13.0], [83.0, 13.0], [83.0, 14.0], [82.0, 14.0], [82.0, 13.0]]]}}, {"type": "Feature", "properties": {"cell_id": "r08c15", "lat_c": 13.5, "lon_c": 83.5, "lat_min": 13.0, "lat_max": 14.0, "lon_min": 83.0, "lon_max": 84.0}, "geometry": {"type": "Polygon", "coordinates": [[[83.0, 13.0], [84.0, 13.0], [84.0, 14.0], [83.0, 14.0], [83.0, 13.0]]]}}, {"type": "Feature", "properties": {"cell_id": "r08c16", "lat_c": 13.5, "lon_c": 84.5, "lat_min": 13.0, "lat_max": 14.0, "lon_min": 84.0, "lon_max": 85.0}, "geometry": {"type": "Polygon", "coordinates": [[[84.0, 13.0], [85.0, 13.0], [85.0, 14.0], [84.0, 14.0], [84.0, 13.0]]]}}, {"type": "Feature", "properties": {"cell_id": "r08c17", "lat_c": 13.5, "lon_c": 85.5, "lat_min": 13.0, "lat_max": 14.0, "lon_min": 85.0, "lon_max": 86.0}, "geometry": {"type": "Polygon", "coordinates": [[[85.0, 13.0], [86.0, 13.0], [86.0, 14.0], [85.0, 14.0], [85.0, 13.0]]]}}, {"type": "Feature", "properties": {"cell_id": "r08c18", "lat_c": 13.5, "lon_c": 86.5, "lat_min": 13.0, "lat_max": 14.0, "lon_min": 86.0, "lon_max": 87.0}, "geometry": {"type": "Polygon", "coordinates": [[[86.0, 13.0], [87.0, 13.0], [87.0, 14.0], [86.0, 14.0], [86.0, 13.0]]]}}, {"type": "Feature", "properties": {"cell_id": "r08c19", "lat_c": 13.5, "lon_c": 87.5, "lat_min": 13.0, "lat_max": 14.0, "lon_min": 87.0, "lon_max": 88.0}, "geometry": {"type": "Polygon", "coordinates": [[[87.0, 13.0], [88.0, 13.0], [88.0, 14.0], [87.0, 14.0], [87.0, 13.0]]]}}, {"type": "Feature", "properties": {"cell_id": "r08c20", "lat_c": 13.5, "lon_c": 88.5, "lat_min": 13.0, "lat_max": 14.0, "lon_min": 88.0, "lon_max": 89.0}, "geometry": {"type": "Polygon", "coordinates": [[[88.0, 13.0], [89.0, 13.0], [89.0, 14.0], [88.0, 14.0], [88.0, 13.0]]]}}, {"type": "Feature", "properties": {"cell_id": "r08c21", "lat_c": 13.5, "lon_c": 89.5, "lat_min": 13.0, "lat_max": 14.0, "lon_min": 89.0, "lon_max": 90.0}, "geometry": {"type": "Polygon", "coordinates": [[[89.0, 13.0], [90.0, 13.0], [90.0, 14.0], [89.0, 14.0], [89.0, 13.0]]]}}, {"type": "Feature", "properties": {"cell_id": "r08c22", "lat_c": 13.5, "lon_c": 90.5, "lat_min": 13.0, "lat_max": 14.0, "lon_min": 90.0, "lon_max": 91.0}, "geometry": {"type": "Polygon", "coordinates": [[[90.0, 13.0], [91.0, 13.0], [91.0, 14.0], [90.0, 14.0], [90.0, 13.0]]]}}, {"type": "Feature", "properties": {"cell_id": "r08c23", "lat_c": 13.5, "lon_c": 91.5, "lat_min": 13.0, "lat_max": 14.0, "lon_min": 91.0, "lon_max": 92.0}, "geometry": {"type": "Polygon", "coordinates": [[[91.0, 13.0], [92.0, 13.0], [92.0, 14.0], [91.0, 14.0], [91.0, 13.0]]]}}, {"type": "Feature", "properties": {"cell_id": "r08c24", "lat_c": 13.5, "lon_c": 92.5, "lat_min": 13.0, "lat_max": 14.0, "lon_min": 92.0, "lon_max": 93.0}, "geometry": {"type": "Polygon", "coordinates": [[[92.0, 13.0], [93.0, 13.0], [93.0, 14.0], [92.0, 14.0], [92.0, 13.0]]]}}, {"type": "Feature", "properties": {"cell_id": "r08c25", "lat_c": 13.5, "lon_c": 93.5, "lat_min": 13.0, "lat_max": 14.0, "lon_min": 93.0, "lon_max": 94.0}, "geometry": {"type": "Polygon", "coordinates": [[[93.0, 13.0], [94.0, 13.0], [94.0, 14.0], [93.0, 14.0], [93.0, 13.0]]]}}, {"type": "Feature", "properties": {"cell_id": "r08c26", "lat_c": 13.5, "lon_c": 94.5, "lat_min": 13.0, "lat_max": 14.0, "lon_min": 94.0, "lon_max": 95.0}, "geometry": {"type": "Polygon", "coordinates": [[[94.0, 13.0], [95.0, 13.0], [95.0, 14.0], [94.0, 14.0], [94.0, 13.0]]]}}, {"type": "Feature", "properties": {"cell_id": "r08c27", "lat_c": 13.5, "lon_c": 95.5, "lat_min": 13.0, "lat_max": 14.0, "lon_min": 95.0, "lon_max": 96.0}, "geometry": {"type": "Polygon", "coordinates": [[[95.0, 13.0], [96.0, 13.0], [96.0, 14.0], [95.0, 14.0], [95.0, 13.0]]]}}, {"type": "Feature", "properties": {"cell_id": "r08c28", "lat_c": 13.5, "lon_c": 96.5, "lat_min": 13.0, "lat_max": 14.0, "lon_min": 96.0, "lon_max": 97.0}, "geometry": {"type": "Polygon", "coordinates": [[[96.0, 13.0], [97.0, 13.0], [97.0, 14.0], [96.0, 14.0], [96.0, 13.0]]]}}, {"type": "Feature", "properties": {"cell_id": "r08c29", "lat_c": 13.5, "lon_c": 97.5, "lat_min": 13.0, "lat_max": 14.0, "lon_min": 97.0, "lon_max": 98.0}, "geometry": {"type": "Polygon", "coordinates": [[[97.0, 13.0], [98.0, 13.0], [98.0, 14.0], [97.0, 14.0], [97.0, 13.0]]]}}, {"type": "Feature", "properties": {"cell_id": "r08c30", "lat_c": 13.5, "lon_c": 98.5, "lat_min": 13.0, "lat_max": 14.0, "lon_min": 98.0, "lon_max": 99.0}, "geometry": {"type": "Polygon", "coordinates": [[[98.0, 13.0], [99.0, 13.0], [99.0, 14.0], [98.0, 14.0], [98.0, 13.0]]]}}, {"type": "Feature", "properties": {"cell_id": "r08c31", "lat_c": 13.5, "lon_c": 99.5, "lat_min": 13.0, "lat_max": 14.0, "lon_min": 99.0, "lon_max": 100.0}, "geometry": {"type": "Polygon", "coordinates": [[[99.0, 13.0], [100.0, 13.0], [100.0, 14.0], [99.0, 14.0], [99.0, 13.0]]]}}, {"type": "Feature", "properties": {"cell_id": "r08c32", "lat_c": 13.5, "lon_c": 100.5, "lat_min": 13.0, "lat_max": 14.0, "lon_min": 100.0, "lon_max": 101.0}, "geometry": {"type": "Polygon", "coordinates": [[[100.0, 13.0], [101.0, 13.0], [101.0, 14.0], [100.0, 14.0], [100.0, 13.0]]]}}, {"type": "Feature", "properties": {"cell_id": "r08c33", "lat_c": 13.5, "lon_c": 101.5, "lat_min": 13.0, "lat_max": 14.0, "lon_min": 101.0, "lon_max": 102.0}, "geometry": {"type": "Polygon", "coordinates": [[[101.0, 13.0], [102.0, 13.0], [102.0, 14.0], [101.0, 14.0], [101.0, 13.0]]]}}, {"type": "Feature", "properties": {"cell_id": "r09c00", "lat_c": 14.5, "lon_c": 68.5, "lat_min": 14.0, "lat_max": 15.0, "lon_min": 68.0, "lon_max": 69.0}, "geometry": {"type": "Polygon", "coordinates": [[[68.0, 14.0], [69.0, 14.0], [69.0, 15.0], [68.0, 15.0], [68.0, 14.0]]]}}, {"type": "Feature", "properties": {"cell_id": "r09c01", "lat_c": 14.5, "lon_c": 69.5, "lat_min": 14.0, "lat_max": 15.0, "lon_min": 69.0, "lon_max": 70.0}, "geometry": {"type": "Polygon", "coordinates": [[[69.0, 14.0], [70.0, 14.0], [70.0, 15.0], [69.0, 15.0], [69.0, 14.0]]]}}, {"type": "Feature", "properties": {"cell_id": "r09c02", "lat_c": 14.5, "lon_c": 70.5, "lat_min": 14.0, "lat_max": 15.0, "lon_min": 70.0, "lon_max": 71.0}, "geometry": {"type": "Polygon", "coordinates": [[[70.0, 14.0], [71.0, 14.0], [71.0, 15.0], [70.0, 15.0], [70.0, 14.0]]]}}, {"type": "Feature", "properties": {"cell_id": "r09c03", "lat_c": 14.5, "lon_c": 71.5, "lat_min": 14.0, "lat_max": 15.0, "lon_min": 71.0, "lon_max": 72.0}, "geometry": {"type": "Polygon", "coordinates": [[[71.0, 14.0], [72.0, 14.0], [72.0, 15.0], [71.0, 15.0], [71.0, 14.0]]]}}, {"type": "Feature", "properties": {"cell_id": "r09c04", "lat_c": 14.5, "lon_c": 72.5, "lat_min": 14.0, "lat_max": 15.0, "lon_min": 72.0, "lon_max": 73.0}, "geometry": {"type": "Polygon", "coordinates": [[[72.0, 14.0], [73.0, 14.0], [73.0, 15.0], [72.0, 15.0], [72.0, 14.0]]]}}, {"type": "Feature", "properties": {"cell_id": "r09c05", "lat_c": 14.5, "lon_c": 73.5, "lat_min": 14.0, "lat_max": 15.0, "lon_min": 73.0, "lon_max": 74.0}, "geometry": {"type": "Polygon", "coordinates": [[[73.0, 14.0], [74.0, 14.0], [74.0, 15.0], [73.0, 15.0], [73.0, 14.0]]]}}, {"type": "Feature", "properties": {"cell_id": "r09c06", "lat_c": 14.5, "lon_c": 74.5, "lat_min": 14.0, "lat_max": 15.0, "lon_min": 74.0, "lon_max": 75.0}, "geometry": {"type": "Polygon", "coordinates": [[[74.0, 14.0], [75.0, 14.0], [75.0, 15.0], [74.0, 15.0], [74.0, 14.0]]]}}, {"type": "Feature", "properties": {"cell_id": "r09c07", "lat_c": 14.5, "lon_c": 75.5, "lat_min": 14.0, "lat_max": 15.0, "lon_min": 75.0, "lon_max": 76.0}, "geometry": {"type": "Polygon", "coordinates": [[[75.0, 14.0], [76.0, 14.0], [76.0, 15.0], [75.0, 15.0], [75.0, 14.0]]]}}, {"type": "Feature", "properties": {"cell_id": "r09c08", "lat_c": 14.5, "lon_c": 76.5, "lat_min": 14.0, "lat_max": 15.0, "lon_min": 76.0, "lon_max": 77.0}, "geometry": {"type": "Polygon", "coordinates": [[[76.0, 14.0], [77.0, 14.0], [77.0, 15.0], [76.0, 15.0], [76.0, 14.0]]]}}, {"type": "Feature", "properties": {"cell_id": "r09c09", "lat_c": 14.5, "lon_c": 77.5, "lat_min": 14.0, "lat_max": 15.0, "lon_min": 77.0, "lon_max": 78.0}, "geometry": {"type": "Polygon", "coordinates": [[[77.0, 14.0], [78.0, 14.0], [78.0, 15.0], [77.0, 15.0], [77.0, 14.0]]]}}, {"type": "Feature", "properties": {"cell_id": "r09c10", "lat_c": 14.5, "lon_c": 78.5, "lat_min": 14.0, "lat_max": 15.0, "lon_min": 78.0, "lon_max": 79.0}, "geometry": {"type": "Polygon", "coordinates": [[[78.0, 14.0], [79.0, 14.0], [79.0, 15.0], [78.0, 15.0], [78.0, 14.0]]]}}, {"type": "Feature", "properties": {"cell_id": "r09c11", "lat_c": 14.5, "lon_c": 79.5, "lat_min": 14.0, "lat_max": 15.0, "lon_min": 79.0, "lon_max": 80.0}, "geometry": {"type": "Polygon", "coordinates": [[[79.0, 14.0], [80.0, 14.0], [80.0, 15.0], [79.0, 15.0], [79.0, 14.0]]]}}, {"type": "Feature", "properties": {"cell_id": "r09c12", "lat_c": 14.5, "lon_c": 80.5, "lat_min": 14.0, "lat_max": 15.0, "lon_min": 80.0, "lon_max": 81.0}, "geometry": {"type": "Polygon", "coordinates": [[[80.0, 14.0], [81.0, 14.0], [81.0, 15.0], [80.0, 15.0], [80.0, 14.0]]]}}, {"type": "Feature", "properties": {"cell_id": "r09c13", "lat_c": 14.5, "lon_c": 81.5, "lat_min": 14.0, "lat_max": 15.0, "lon_min": 81.0, "lon_max": 82.0}, "geometry": {"type": "Polygon", "coordinates": [[[81.0, 14.0], [82.0, 14.0], [82.0, 15.0], [81.0, 15.0], [81.0, 14.0]]]}}, {"type": "Feature", "properties": {"cell_id": "r09c14", "lat_c": 14.5, "lon_c": 82.5, "lat_min": 14.0, "lat_max": 15.0, "lon_min": 82.0, "lon_max": 83.0}, "geometry": {"type": "Polygon", "coordinates": [[[82.0, 14.0], [83.0, 14.0], [83.0, 15.0], [82.0, 15.0], [82.0, 14.0]]]}}, {"type": "Feature", "properties": {"cell_id": "r09c15", "lat_c": 14.5, "lon_c": 83.5, "lat_min": 14.0, "lat_max": 15.0, "lon_min": 83.0, "lon_max": 84.0}, "geometry": {"type": "Polygon", "coordinates": [[[83.0, 14.0], [84.0, 14.0], [84.0, 15.0], [83.0, 15.0], [83.0, 14.0]]]}}, {"type": "Feature", "properties": {"cell_id": "r09c16", "lat_c": 14.5, "lon_c": 84.5, "lat_min": 14.0, "lat_max": 15.0, "lon_min": 84.0, "lon_max": 85.0}, "geometry": {"type": "Polygon", "coordinates": [[[84.0, 14.0], [85.0, 14.0], [85.0, 15.0], [84.0, 15.0], [84.0, 14.0]]]}}, {"type": "Feature", "properties": {"cell_id": "r09c17", "lat_c": 14.5, "lon_c": 85.5, "lat_min": 14.0, "lat_max": 15.0, "lon_min": 85.0, "lon_max": 86.0}, "geometry": {"type": "Polygon", "coordinates": [[[85.0, 14.0], [86.0, 14.0], [86.0, 15.0], [85.0, 15.0], [85.0, 14.0]]]}}, {"type": "Feature", "properties": {"cell_id": "r09c18", "lat_c": 14.5, "lon_c": 86.5, "lat_min": 14.0, "lat_max": 15.0, "lon_min": 86.0, "lon_max": 87.0}, "geometry": {"type": "Polygon", "coordinates": [[[86.0, 14.0], [87.0, 14.0], [87.0, 15.0], [86.0, 15.0], [86.0, 14.0]]]}}, {"type": "Feature", "properties": {"cell_id": "r09c19", "lat_c": 14.5, "lon_c": 87.5, "lat_min": 14.0, "lat_max": 15.0, "lon_min": 87.0, "lon_max": 88.0}, "geometry": {"type": "Polygon", "coordinates": [[[87.0, 14.0], [88.0, 14.0], [88.0, 15.0], [87.0, 15.0], [87.0, 14.0]]]}}, {"type": "Feature", "properties": {"cell_id": "r09c20", "lat_c": 14.5, "lon_c": 88.5, "lat_min": 14.0, "lat_max": 15.0, "lon_min": 88.0, "lon_max": 89.0}, "geometry": {"type": "Polygon", "coordinates": [[[88.0, 14.0], [89.0, 14.0], [89.0, 15.0], [88.0, 15.0], [88.0, 14.0]]]}}, {"type": "Feature", "properties": {"cell_id": "r09c21", "lat_c": 14.5, "lon_c": 89.5, "lat_min": 14.0, "lat_max": 15.0, "lon_min": 89.0, "lon_max": 90.0}, "geometry": {"type": "Polygon", "coordinates": [[[89.0, 14.0], [90.0, 14.0], [90.0, 15.0], [89.0, 15.0], [89.0, 14.0]]]}}, {"type": "Feature", "properties": {"cell_id": "r09c22", "lat_c": 14.5, "lon_c": 90.5, "lat_min": 14.0, "lat_max": 15.0, "lon_min": 90.0, "lon_max": 91.0}, "geometry": {"type": "Polygon", "coordinates": [[[90.0, 14.0], [91.0, 14.0], [91.0, 15.0], [90.0, 15.0], [90.0, 14.0]]]}}, {"type": "Feature", "properties": {"cell_id": "r09c23", "lat_c": 14.5, "lon_c": 91.5, "lat_min": 14.0, "lat_max": 15.0, "lon_min": 91.0, "lon_max": 92.0}, "geometry": {"type": "Polygon", "coordinates": [[[91.0, 14.0], [92.0, 14.0], [92.0, 15.0], [91.0, 15.0], [91.0, 14.0]]]}}, {"type": "Feature", "properties": {"cell_id": "r09c24", "lat_c": 14.5, "lon_c": 92.5, "lat_min": 14.0, "lat_max": 15.0, "lon_min": 92.0, "lon_max": 93.0}, "geometry": {"type": "Polygon", "coordinates": [[[92.0, 14.0], [93.0, 14.0], [93.0, 15.0], [92.0, 15.0], [92.0, 14.0]]]}}, {"type": "Feature", "properties": {"cell_id": "r09c25", "lat_c": 14.5, "lon_c": 93.5, "lat_min": 14.0, "lat_max": 15.0, "lon_min": 93.0, "lon_max": 94.0}, "geometry": {"type": "Polygon", "coordinates": [[[93.0, 14.0], [94.0, 14.0], [94.0, 15.0], [93.0, 15.0], [93.0, 14.0]]]}}, {"type": "Feature", "properties": {"cell_id": "r09c26", "lat_c": 14.5, "lon_c": 94.5, "lat_min": 14.0, "lat_max": 15.0, "lon_min": 94.0, "lon_max": 95.0}, "geometry": {"type": "Polygon", "coordinates": [[[94.0, 14.0], [95.0, 14.0], [95.0, 15.0], [94.0, 15.0], [94.0, 14.0]]]}}, {"type": "Feature", "properties": {"cell_id": "r09c27", "lat_c": 14.5, "lon_c": 95.5, "lat_min": 14.0, "lat_max": 15.0, "lon_min": 95.0, "lon_max": 96.0}, "geometry": {"type": "Polygon", "coordinates": [[[95.0, 14.0], [96.0, 14.0], [96.0, 15.0], [95.0, 15.0], [95.0, 14.0]]]}}, {"type": "Feature", "properties": {"cell_id": "r09c28", "lat_c": 14.5, "lon_c": 96.5, "lat_min": 14.0, "lat_max": 15.0, "lon_min": 96.0, "lon_max": 97.0}, "geometry": {"type": "Polygon", "coordinates": [[[96.0, 14.0], [97.0, 14.0], [97.0, 15.0], [96.0, 15.0], [96.0, 14.0]]]}}, {"type": "Feature", "properties": {"cell_id": "r09c29", "lat_c": 14.5, "lon_c": 97.5, "lat_min": 14.0, "lat_max": 15.0, "lon_min": 97.0, "lon_max": 98.0}, "geometry": {"type": "Polygon", "coordinates": [[[97.0, 14.0], [98.0, 14.0], [98.0, 15.0], [97.0, 15.0], [97.0, 14.0]]]}}, {"type": "Feature", "properties": {"cell_id": "r09c30", "lat_c": 14.5, "lon_c": 98.5, "lat_min": 14.0, "lat_max": 15.0, "lon_min": 98.0, "lon_max": 99.0}, "geometry": {"type": "Polygon", "coordinates": [[[98.0, 14.0], [99.0, 14.0], [99.0, 15.0], [98.0, 15.0], [98.0, 14.0]]]}}, {"type": "Feature", "properties": {"cell_id": "r09c31", "lat_c": 14.5, "lon_c": 99.5, "lat_min": 14.0, "lat_max": 15.0, "lon_min": 99.0, "lon_max": 100.0}, "geometry": {"type": "Polygon", "coordinates": [[[99.0, 14.0], [100.0, 14.0], [100.0, 15.0], [99.0, 15.0], [99.0, 14.0]]]}}, {"type": "Feature", "properties": {"cell_id": "r09c32", "lat_c": 14.5, "lon_c": 100.5, "lat_min": 14.0, "lat_max": 15.0, "lon_min": 100.0, "lon_max": 101.0}, "geometry": {"type": "Polygon", "coordinates": [[[100.0, 14.0], [101.0, 14.0], [101.0, 15.0], [100.0, 15.0], [100.0, 14.0]]]}}, {"type": "Feature", "properties": {"cell_id": "r09c33", "lat_c": 14.5, "lon_c": 101.5, "lat_min": 14.0, "lat_max": 15.0, "lon_min": 101.0, "lon_max": 102.0}, "geometry": {"type": "Polygon", "coordinates": [[[101.0, 14.0], [102.0, 14.0], [102.0, 15.0], [101.0, 15.0], [101.0, 14.0]]]}}, {"type": "Feature", "properties": {"cell_id": "r10c00", "lat_c": 15.5, "lon_c": 68.5, "lat_min": 15.0, "lat_max": 16.0, "lon_min": 68.0, "lon_max": 69.0}, "geometry": {"type": "Polygon", "coordinates": [[[68.0, 15.0], [69.0, 15.0], [69.0, 16.0], [68.0, 16.0], [68.0, 15.0]]]}}, {"type": "Feature", "properties": {"cell_id": "r10c01", "lat_c": 15.5, "lon_c": 69.5, "lat_min": 15.0, "lat_max": 16.0, "lon_min": 69.0, "lon_max": 70.0}, "geometry": {"type": "Polygon", "coordinates": [[[69.0, 15.0], [70.0, 15.0], [70.0, 16.0], [69.0, 16.0], [69.0, 15.0]]]}}, {"type": "Feature", "properties": {"cell_id": "r10c02", "lat_c": 15.5, "lon_c": 70.5, "lat_min": 15.0, "lat_max": 16.0, "lon_min": 70.0, "lon_max": 71.0}, "geometry": {"type": "Polygon", "coordinates": [[[70.0, 15.0], [71.0, 15.0], [71.0, 16.0], [70.0, 16.0], [70.0, 15.0]]]}}, {"type": "Feature", "properties": {"cell_id": "r10c03", "lat_c": 15.5, "lon_c": 71.5, "lat_min": 15.0, "lat_max": 16.0, "lon_min": 71.0, "lon_max": 72.0}, "geometry": {"type": "Polygon", "coordinates": [[[71.0, 15.0], [72.0, 15.0], [72.0, 16.0], [71.0, 16.0], [71.0, 15.0]]]}}, {"type": "Feature", "properties": {"cell_id": "r10c04", "lat_c": 15.5, "lon_c": 72.5, "lat_min": 15.0, "lat_max": 16.0, "lon_min": 72.0, "lon_max": 73.0}, "geometry": {"type": "Polygon", "coordinates": [[[72.0, 15.0], [73.0, 15.0], [73.0, 16.0], [72.0, 16.0], [72.0, 15.0]]]}}, {"type": "Feature", "properties": {"cell_id": "r10c05", "lat_c": 15.5, "lon_c": 73.5, "lat_min": 15.0, "lat_max": 16.0, "lon_min": 73.0, "lon_max": 74.0}, "geometry": {"type": "Polygon", "coordinates": [[[73.0, 15.0], [74.0, 15.0], [74.0, 16.0], [73.0, 16.0], [73.0, 15.0]]]}}, {"type": "Feature", "properties": {"cell_id": "r10c06", "lat_c": 15.5, "lon_c": 74.5, "lat_min": 15.0, "lat_max": 16.0, "lon_min": 74.0, "lon_max": 75.0}, "geometry": {"type": "Polygon", "coordinates": [[[74.0, 15.0], [75.0, 15.0], [75.0, 16.0], [74.0, 16.0], [74.0, 15.0]]]}}, {"type": "Feature", "properties": {"cell_id": "r10c07", "lat_c": 15.5, "lon_c": 75.5, "lat_min": 15.0, "lat_max": 16.0, "lon_min": 75.0, "lon_max": 76.0}, "geometry": {"type": "Polygon", "coordinates": [[[75.0, 15.0], [76.0, 15.0], [76.0, 16.0], [75.0, 16.0], [75.0, 15.0]]]}}, {"type": "Feature", "properties": {"cell_id": "r10c08", "lat_c": 15.5, "lon_c": 76.5, "lat_min": 15.0, "lat_max": 16.0, "lon_min": 76.0, "lon_max": 77.0}, "geometry": {"type": "Polygon", "coordinates": [[[76.0, 15.0], [77.0, 15.0], [77.0, 16.0], [76.0, 16.0], [76.0, 15.0]]]}}, {"type": "Feature", "properties": {"cell_id": "r10c09", "lat_c": 15.5, "lon_c": 77.5, "lat_min": 15.0, "lat_max": 16.0, "lon_min": 77.0, "lon_max": 78.0}, "geometry": {"type": "Polygon", "coordinates": [[[77.0, 15.0], [78.0, 15.0], [78.0, 16.0], [77.0, 16.0], [77.0, 15.0]]]}}, {"type": "Feature", "properties": {"cell_id": "r10c10", "lat_c": 15.5, "lon_c": 78.5, "lat_min": 15.0, "lat_max": 16.0, "lon_min": 78.0, "lon_max": 79.0}, "geometry": {"type": "Polygon", "coordinates": [[[78.0, 15.0], [79.0, 15.0], [79.0, 16.0], [78.0, 16.0], [78.0, 15.0]]]}}, {"type": "Feature", "properties": {"cell_id": "r10c11", "lat_c": 15.5, "lon_c": 79.5, "lat_min": 15.0, "lat_max": 16.0, "lon_min": 79.0, "lon_max": 80.0}, "geometry": {"type": "Polygon", "coordinates": [[[79.0, 15.0], [80.0, 15.0], [80.0, 16.0], [79.0, 16.0], [79.0, 15.0]]]}}, {"type": "Feature", "properties": {"cell_id": "r10c12", "lat_c": 15.5, "lon_c": 80.5, "lat_min": 15.0, "lat_max": 16.0, "lon_min": 80.0, "lon_max": 81.0}, "geometry": {"type": "Polygon", "coordinates": [[[80.0, 15.0], [81.0, 15.0], [81.0, 16.0], [80.0, 16.0], [80.0, 15.0]]]}}, {"type": "Feature", "properties": {"cell_id": "r10c13", "lat_c": 15.5, "lon_c": 81.5, "lat_min": 15.0, "lat_max": 16.0, "lon_min": 81.0, "lon_max": 82.0}, "geometry": {"type": "Polygon", "coordinates": [[[81.0, 15.0], [82.0, 15.0], [82.0, 16.0], [81.0, 16.0], [81.0, 15.0]]]}}, {"type": "Feature", "properties": {"cell_id": "r10c14", "lat_c": 15.5, "lon_c": 82.5, "lat_min": 15.0, "lat_max": 16.0, "lon_min": 82.0, "lon_max": 83.0}, "geometry": {"type": "Polygon", "coordinates": [[[82.0, 15.0], [83.0, 15.0], [83.0, 16.0], [82.0, 16.0], [82.0, 15.0]]]}}, {"type": "Feature", "properties": {"cell_id": "r10c15", "lat_c": 15.5, "lon_c": 83.5, "lat_min": 15.0, "lat_max": 16.0, "lon_min": 83.0, "lon_max": 84.0}, "geometry": {"type": "Polygon", "coordinates": [[[83.0, 15.0], [84.0, 15.0], [84.0, 16.0], [83.0, 16.0], [83.0, 15.0]]]}}, {"type": "Feature", "properties": {"cell_id": "r10c16", "lat_c": 15.5, "lon_c": 84.5, "lat_min": 15.0, "lat_max": 16.0, "lon_min": 84.0, "lon_max": 85.0}, "geometry": {"type": "Polygon", "coordinates": [[[84.0, 15.0], [85.0, 15.0], [85.0, 16.0], [84.0, 16.0], [84.0, 15.0]]]}}, {"type": "Feature", "properties": {"cell_id": "r10c17", "lat_c": 15.5, "lon_c": 85.5, "lat_min": 15.0, "lat_max": 16.0, "lon_min": 85.0, "lon_max": 86.0}, "geometry": {"type": "Polygon", "coordinates": [[[85.0, 15.0], [86.0, 15.0], [86.0, 16.0], [85.0, 16.0], [85.0, 15.0]]]}}, {"type": "Feature", "properties": {"cell_id": "r10c18", "lat_c": 15.5, "lon_c": 86.5, "lat_min": 15.0, "lat_max": 16.0, "lon_min": 86.0, "lon_max": 87.0}, "geometry": {"type": "Polygon", "coordinates": [[[86.0, 15.0], [87.0, 15.0], [87.0, 16.0], [86.0, 16.0], [86.0, 15.0]]]}}, {"type": "Feature", "properties": {"cell_id": "r10c19", "lat_c": 15.5, "lon_c": 87.5, "lat_min": 15.0, "lat_max": 16.0, "lon_min": 87.0, "lon_max": 88.0}, "geometry": {"type": "Polygon", "coordinates": [[[87.0, 15.0], [88.0, 15.0], [88.0, 16.0], [87.0, 16.0], [87.0, 15.0]]]}}, {"type": "Feature", "properties": {"cell_id": "r10c20", "lat_c": 15.5, "lon_c": 88.5, "lat_min": 15.0, "lat_max": 16.0, "lon_min": 88.0, "lon_max": 89.0}, "geometry": {"type": "Polygon", "coordinates": [[[88.0, 15.0], [89.0, 15.0], [89.0, 16.0], [88.0, 16.0], [88.0, 15.0]]]}}, {"type": "Feature", "properties": {"cell_id": "r10c21", "lat_c": 15.5, "lon_c": 89.5, "lat_min": 15.0, "lat_max": 16.0, "lon_min": 89.0, "lon_max": 90.0}, "geometry": {"type": "Polygon", "coordinates": [[[89.0, 15.0], [90.0, 15.0], [90.0, 16.0], [89.0, 16.0], [89.0, 15.0]]]}}, {"type": "Feature", "properties": {"cell_id": "r10c22", "lat_c": 15.5, "lon_c": 90.5, "lat_min": 15.0, "lat_max": 16.0, "lon_min": 90.0, "lon_max": 91.0}, "geometry": {"type": "Polygon", "coordinates": [[[90.0, 15.0], [91.0, 15.0], [91.0, 16.0], [90.0, 16.0], [90.0, 15.0]]]}}, {"type": "Feature", "properties": {"cell_id": "r10c23", "lat_c": 15.5, "lon_c": 91.5, "lat_min": 15.0, "lat_max": 16.0, "lon_min": 91.0, "lon_max": 92.0}, "geometry": {"type": "Polygon", "coordinates": [[[91.0, 15.0], [92.0, 15.0], [92.0, 16.0], [91.0, 16.0], [91.0, 15.0]]]}}, {"type": "Feature", "properties": {"cell_id": "r10c24", "lat_c": 15.5, "lon_c": 92.5, "lat_min": 15.0, "lat_max": 16.0, "lon_min": 92.0, "lon_max": 93.0}, "geometry": {"type": "Polygon", "coordinates": [[[92.0, 15.0], [93.0, 15.0], [93.0, 16.0], [92.0, 16.0], [92.0, 15.0]]]}}, {"type": "Feature", "properties": {"cell_id": "r10c25", "lat_c": 15.5, "lon_c": 93.5, "lat_min": 15.0, "lat_max": 16.0, "lon_min": 93.0, "lon_max": 94.0}, "geometry": {"type": "Polygon", "coordinates": [[[93.0, 15.0], [94.0, 15.0], [94.0, 16.0], [93.0, 16.0], [93.0, 15.0]]]}}, {"type": "Feature", "properties": {"cell_id": "r10c26", "lat_c": 15.5, "lon_c": 94.5, "lat_min": 15.0, "lat_max": 16.0, "lon_min": 94.0, "lon_max": 95.0}, "geometry": {"type": "Polygon", "coordinates": [[[94.0, 15.0], [95.0, 15.0], [95.0, 16.0], [94.0, 16.0], [94.0, 15.0]]]}}, {"type": "Feature", "properties": {"cell_id": "r10c27", "lat_c": 15.5, "lon_c": 95.5, "lat_min": 15.0, "lat_max": 16.0, "lon_min": 95.0, "lon_max": 96.0}, "geometry": {"type": "Polygon", "coordinates": [[[95.0, 15.0], [96.0, 15.0], [96.0, 16.0], [95.0, 16.0], [95.0, 15.0]]]}}, {"type": "Feature", "properties": {"cell_id": "r10c28", "lat_c": 15.5, "lon_c": 96.5, "lat_min": 15.0, "lat_max": 16.0, "lon_min": 96.0, "lon_max": 97.0}, "geometry": {"type": "Polygon", "coordinates": [[[96.0, 15.0], [97.0, 15.0], [97.0, 16.0], [96.0, 16.0], [96.0, 15.0]]]}}, {"type": "Feature", "properties": {"cell_id": "r10c29", "lat_c": 15.5, "lon_c": 97.5, "lat_min": 15.0, "lat_max": 16.0, "lon_min": 97.0, "lon_max": 98.0}, "geometry": {"type": "Polygon", "coordinates": [[[97.0, 15.0], [98.0, 15.0], [98.0, 16.0], [97.0, 16.0], [97.0, 15.0]]]}}, {"type": "Feature", "properties": {"cell_id": "r10c30", "lat_c": 15.5, "lon_c": 98.5, "lat_min": 15.0, "lat_max": 16.0, "lon_min": 98.0, "lon_max": 99.0}, "geometry": {"type": "Polygon", "coordinates": [[[98.0, 15.0], [99.0, 15.0], [99.0, 16.0], [98.0, 16.0], [98.0, 15.0]]]}}, {"type": "Feature", "properties": {"cell_id": "r10c31", "lat_c": 15.5, "lon_c": 99.5, "lat_min": 15.0, "lat_max": 16.0, "lon_min": 99.0, "lon_max": 100.0}, "geometry": {"type": "Polygon", "coordinates": [[[99.0, 15.0], [100.0, 15.0], [100.0, 16.0], [99.0, 16.0], [99.0, 15.0]]]}}, {"type": "Feature", "properties": {"cell_id": "r10c32", "lat_c": 15.5, "lon_c": 100.5, "lat_min": 15.0, "lat_max": 16.0, "lon_min": 100.0, "lon_max": 101.0}, "geometry": {"type": "Polygon", "coordinates": [[[100.0, 15.0], [101.0, 15.0], [101.0, 16.0], [100.0, 16.0], [100.0, 15.0]]]}}, {"type": "Feature", "properties": {"cell_id": "r10c33", "lat_c": 15.5, "lon_c": 101.5, "lat_min": 15.0, "lat_max": 16.0, "lon_min": 101.0, "lon_max": 102.0}, "geometry": {"type": "Polygon", "coordinates": [[[101.0, 15.0], [102.0, 15.0], [102.0, 16.0], [101.0, 16.0], [101.0, 15.0]]]}}, {"type": "Feature", "properties": {"cell_id": "r11c00", "lat_c": 16.5, "lon_c": 68.5, "lat_min": 16.0, "lat_max": 17.0, "lon_min": 68.0, "lon_max": 69.0}, "geometry": {"type": "Polygon", "coordinates": [[[68.0, 16.0], [69.0, 16.0], [69.0, 17.0], [68.0, 17.0], [68.0, 16.0]]]}}, {"type": "Feature", "properties": {"cell_id": "r11c01", "lat_c": 16.5, "lon_c": 69.5, "lat_min": 16.0, "lat_max": 17.0, "lon_min": 69.0, "lon_max": 70.0}, "geometry": {"type": "Polygon", "coordinates": [[[69.0, 16.0], [70.0, 16.0], [70.0, 17.0], [69.0, 17.0], [69.0, 16.0]]]}}, {"type": "Feature", "properties": {"cell_id": "r11c02", "lat_c": 16.5, "lon_c": 70.5, "lat_min": 16.0, "lat_max": 17.0, "lon_min": 70.0, "lon_max": 71.0}, "geometry": {"type": "Polygon", "coordinates": [[[70.0, 16.0], [71.0, 16.0], [71.0, 17.0], [70.0, 17.0], [70.0, 16.0]]]}}, {"type": "Feature", "properties": {"cell_id": "r11c03", "lat_c": 16.5, "lon_c": 71.5, "lat_min": 16.0, "lat_max": 17.0, "lon_min": 71.0, "lon_max": 72.0}, "geometry": {"type": "Polygon", "coordinates": [[[71.0, 16.0], [72.0, 16.0], [72.0, 17.0], [71.0, 17.0], [71.0, 16.0]]]}}, {"type": "Feature", "properties": {"cell_id": "r11c04", "lat_c": 16.5, "lon_c": 72.5, "lat_min": 16.0, "lat_max": 17.0, "lon_min": 72.0, "lon_max": 73.0}, "geometry": {"type": "Polygon", "coordinates": [[[72.0, 16.0], [73.0, 16.0], [73.0, 17.0], [72.0, 17.0], [72.0, 16.0]]]}}, {"type": "Feature", "properties": {"cell_id": "r11c05", "lat_c": 16.5, "lon_c": 73.5, "lat_min": 16.0, "lat_max": 17.0, "lon_min": 73.0, "lon_max": 74.0}, "geometry": {"type": "Polygon", "coordinates": [[[73.0, 16.0], [74.0, 16.0], [74.0, 17.0], [73.0, 17.0], [73.0, 16.0]]]}}, {"type": "Feature", "properties": {"cell_id": "r11c06", "lat_c": 16.5, "lon_c": 74.5, "lat_min": 16.0, "lat_max": 17.0, "lon_min": 74.0, "lon_max": 75.0}, "geometry": {"type": "Polygon", "coordinates": [[[74.0, 16.0], [75.0, 16.0], [75.0, 17.0], [74.0, 17.0], [74.0, 16.0]]]}}, {"type": "Feature", "properties": {"cell_id": "r11c07", "lat_c": 16.5, "lon_c": 75.5, "lat_min": 16.0, "lat_max": 17.0, "lon_min": 75.0, "lon_max": 76.0}, "geometry": {"type": "Polygon", "coordinates": [[[75.0, 16.0], [76.0, 16.0], [76.0, 17.0], [75.0, 17.0], [75.0, 16.0]]]}}, {"type": "Feature", "properties": {"cell_id": "r11c08", "lat_c": 16.5, "lon_c": 76.5, "lat_min": 16.0, "lat_max": 17.0, "lon_min": 76.0, "lon_max": 77.0}, "geometry": {"type": "Polygon", "coordinates": [[[76.0, 16.0], [77.0, 16.0], [77.0, 17.0], [76.0, 17.0], [76.0, 16.0]]]}}, {"type": "Feature", "properties": {"cell_id": "r11c09", "lat_c": 16.5, "lon_c": 77.5, "lat_min": 16.0, "lat_max": 17.0, "lon_min": 77.0, "lon_max": 78.0}, "geometry": {"type": "Polygon", "coordinates": [[[77.0, 16.0], [78.0, 16.0], [78.0, 17.0], [77.0, 17.0], [77.0, 16.0]]]}}, {"type": "Feature", "properties": {"cell_id": "r11c10", "lat_c": 16.5, "lon_c": 78.5, "lat_min": 16.0, "lat_max": 17.0, "lon_min": 78.0, "lon_max": 79.0}, "geometry": {"type": "Polygon", "coordinates": [[[78.0, 16.0], [79.0, 16.0], [79.0, 17.0], [78.0, 17.0], [78.0, 16.0]]]}}, {"type": "Feature", "properties": {"cell_id": "r11c11", "lat_c": 16.5, "lon_c": 79.5, "lat_min": 16.0, "lat_max": 17.0, "lon_min": 79.0, "lon_max": 80.0}, "geometry": {"type": "Polygon", "coordinates": [[[79.0, 16.0], [80.0, 16.0], [80.0, 17.0], [79.0, 17.0], [79.0, 16.0]]]}}, {"type": "Feature", "properties": {"cell_id": "r11c12", "lat_c": 16.5, "lon_c": 80.5, "lat_min": 16.0, "lat_max": 17.0, "lon_min": 80.0, "lon_max": 81.0}, "geometry": {"type": "Polygon", "coordinates": [[[80.0, 16.0], [81.0, 16.0], [81.0, 17.0], [80.0, 17.0], [80.0, 16.0]]]}}, {"type": "Feature", "properties": {"cell_id": "r11c13", "lat_c": 16.5, "lon_c": 81.5, "lat_min": 16.0, "lat_max": 17.0, "lon_min": 81.0, "lon_max": 82.0}, "geometry": {"type": "Polygon", "coordinates": [[[81.0, 16.0], [82.0, 16.0], [82.0, 17.0], [81.0, 17.0], [81.0, 16.0]]]}}, {"type": "Feature", "properties": {"cell_id": "r11c14", "lat_c": 16.5, "lon_c": 82.5, "lat_min": 16.0, "lat_max": 17.0, "lon_min": 82.0, "lon_max": 83.0}, "geometry": {"type": "Polygon", "coordinates": [[[82.0, 16.0], [83.0, 16.0], [83.0, 17.0], [82.0, 17.0], [82.0, 16.0]]]}}, {"type": "Feature", "properties": {"cell_id": "r11c15", "lat_c": 16.5, "lon_c": 83.5, "lat_min": 16.0, "lat_max": 17.0, "lon_min": 83.0, "lon_max": 84.0}, "geometry": {"type": "Polygon", "coordinates": [[[83.0, 16.0], [84.0, 16.0], [84.0, 17.0], [83.0, 17.0], [83.0, 16.0]]]}}, {"type": "Feature", "properties": {"cell_id": "r11c16", "lat_c": 16.5, "lon_c": 84.5, "lat_min": 16.0, "lat_max": 17.0, "lon_min": 84.0, "lon_max": 85.0}, "geometry": {"type": "Polygon", "coordinates": [[[84.0, 16.0], [85.0, 16.0], [85.0, 17.0], [84.0, 17.0], [84.0, 16.0]]]}}, {"type": "Feature", "properties": {"cell_id": "r11c17", "lat_c": 16.5, "lon_c": 85.5, "lat_min": 16.0, "lat_max": 17.0, "lon_min": 85.0, "lon_max": 86.0}, "geometry": {"type": "Polygon", "coordinates": [[[85.0, 16.0], [86.0, 16.0], [86.0, 17.0], [85.0, 17.0], [85.0, 16.0]]]}}, {"type": "Feature", "properties": {"cell_id": "r11c18", "lat_c": 16.5, "lon_c": 86.5, "lat_min": 16.0, "lat_max": 17.0, "lon_min": 86.0, "lon_max": 87.0}, "geometry": {"type": "Polygon", "coordinates": [[[86.0, 16.0], [87.0, 16.0], [87.0, 17.0], [86.0, 17.0], [86.0, 16.0]]]}}, {"type": "Feature", "properties": {"cell_id": "r11c19", "lat_c": 16.5, "lon_c": 87.5, "lat_min": 16.0, "lat_max": 17.0, "lon_min": 87.0, "lon_max": 88.0}, "geometry": {"type": "Polygon", "coordinates": [[[87.0, 16.0], [88.0, 16.0], [88.0, 17.0], [87.0, 17.0], [87.0, 16.0]]]}}, {"type": "Feature", "properties": {"cell_id": "r11c20", "lat_c": 16.5, "lon_c": 88.5, "lat_min": 16.0, "lat_max": 17.0, "lon_min": 88.0, "lon_max": 89.0}, "geometry": {"type": "Polygon", "coordinates": [[[88.0, 16.0], [89.0, 16.0], [89.0, 17.0], [88.0, 17.0], [88.0, 16.0]]]}}, {"type": "Feature", "properties": {"cell_id": "r11c21", "lat_c": 16.5, "lon_c": 89.5, "lat_min": 16.0, "lat_max": 17.0, "lon_min": 89.0, "lon_max": 90.0}, "geometry": {"type": "Polygon", "coordinates": [[[89.0, 16.0], [90.0, 16.0], [90.0, 17.0], [89.0, 17.0], [89.0, 16.0]]]}}, {"type": "Feature", "properties": {"cell_id": "r11c22", "lat_c": 16.5, "lon_c": 90.5, "lat_min": 16.0, "lat_max": 17.0, "lon_min": 90.0, "lon_max": 91.0}, "geometry": {"type": "Polygon", "coordinates": [[[90.0, 16.0], [91.0, 16.0], [91.0, 17.0], [90.0, 17.0], [90.0, 16.0]]]}}, {"type": "Feature", "properties": {"cell_id": "r11c23", "lat_c": 16.5, "lon_c": 91.5, "lat_min": 16.0, "lat_max": 17.0, "lon_min": 91.0, "lon_max": 92.0}, "geometry": {"type": "Polygon", "coordinates": [[[91.0, 16.0], [92.0, 16.0], [92.0, 17.0], [91.0, 17.0], [91.0, 16.0]]]}}, {"type": "Feature", "properties": {"cell_id": "r11c24", "lat_c": 16.5, "lon_c": 92.5, "lat_min": 16.0, "lat_max": 17.0, "lon_min": 92.0, "lon_max": 93.0}, "geometry": {"type": "Polygon", "coordinates": [[[92.0, 16.0], [93.0, 16.0], [93.0, 17.0], [92.0, 17.0], [92.0, 16.0]]]}}, {"type": "Feature", "properties": {"cell_id": "r11c25", "lat_c": 16.5, "lon_c": 93.5, "lat_min": 16.0, "lat_max": 17.0, "lon_min": 93.0, "lon_max": 94.0}, "geometry": {"type": "Polygon", "coordinates": [[[93.0, 16.0], [94.0, 16.0], [94.0, 17.0], [93.0, 17.0], [93.0, 16.0]]]}}, {"type": "Feature", "properties": {"cell_id": "r11c26", "lat_c": 16.5, "lon_c": 94.5, "lat_min": 16.0, "lat_max": 17.0, "lon_min": 94.0, "lon_max": 95.0}, "geometry": {"type": "Polygon", "coordinates": [[[94.0, 16.0], [95.0, 16.0], [95.0, 17.0], [94.0, 17.0], [94.0, 16.0]]]}}, {"type": "Feature", "properties": {"cell_id": "r11c27", "lat_c": 16.5, "lon_c": 95.5, "lat_min": 16.0, "lat_max": 17.0, "lon_min": 95.0, "lon_max": 96.0}, "geometry": {"type": "Polygon", "coordinates": [[[95.0, 16.0], [96.0, 16.0], [96.0, 17.0], [95.0, 17.0], [95.0, 16.0]]]}}, {"type": "Feature", "properties": {"cell_id": "r11c28", "lat_c": 16.5, "lon_c": 96.5, "lat_min": 16.0, "lat_max": 17.0, "lon_min": 96.0, "lon_max": 97.0}, "geometry": {"type": "Polygon", "coordinates": [[[96.0, 16.0], [97.0, 16.0], [97.0, 17.0], [96.0, 17.0], [96.0, 16.0]]]}}, {"type": "Feature", "properties": {"cell_id": "r11c29", "lat_c": 16.5, "lon_c": 97.5, "lat_min": 16.0, "lat_max": 17.0, "lon_min": 97.0, "lon_max": 98.0}, "geometry": {"type": "Polygon", "coordinates": [[[97.0, 16.0], [98.0, 16.0], [98.0, 17.0], [97.0, 17.0], [97.0, 16.0]]]}}, {"type": "Feature", "properties": {"cell_id": "r11c30", "lat_c": 16.5, "lon_c": 98.5, "lat_min": 16.0, "lat_max": 17.0, "lon_min": 98.0, "lon_max": 99.0}, "geometry": {"type": "Polygon", "coordinates": [[[98.0, 16.0], [99.0, 16.0], [99.0, 17.0], [98.0, 17.0], [98.0, 16.0]]]}}, {"type": "Feature", "properties": {"cell_id": "r11c31", "lat_c": 16.5, "lon_c": 99.5, "lat_min": 16.0, "lat_max": 17.0, "lon_min": 99.0, "lon_max": 100.0}, "geometry": {"type": "Polygon", "coordinates": [[[99.0, 16.0], [100.0, 16.0], [100.0, 17.0], [99.0, 17.0], [99.0, 16.0]]]}}, {"type": "Feature", "properties": {"cell_id": "r11c32", "lat_c": 16.5, "lon_c": 100.5, "lat_min": 16.0, "lat_max": 17.0, "lon_min": 100.0, "lon_max": 101.0}, "geometry": {"type": "Polygon", "coordinates": [[[100.0, 16.0], [101.0, 16.0], [101.0, 17.0], [100.0, 17.0], [100.0, 16.0]]]}}, {"type": "Feature", "properties": {"cell_id": "r11c33", "lat_c": 16.5, "lon_c": 101.5, "lat_min": 16.0, "lat_max": 17.0, "lon_min": 101.0, "lon_max": 102.0}, "geometry": {"type": "Polygon", "coordinates": [[[101.0, 16.0], [102.0, 16.0], [102.0, 17.0], [101.0, 17.0], [101.0, 16.0]]]}}, {"type": "Feature", "properties": {"cell_id": "r12c00", "lat_c": 17.5, "lon_c": 68.5, "lat_min": 17.0, "lat_max": 18.0, "lon_min": 68.0, "lon_max": 69.0}, "geometry": {"type": "Polygon", "coordinates": [[[68.0, 17.0], [69.0, 17.0], [69.0, 18.0], [68.0, 18.0], [68.0, 17.0]]]}}, {"type": "Feature", "properties": {"cell_id": "r12c01", "lat_c": 17.5, "lon_c": 69.5, "lat_min": 17.0, "lat_max": 18.0, "lon_min": 69.0, "lon_max": 70.0}, "geometry": {"type": "Polygon", "coordinates": [[[69.0, 17.0], [70.0, 17.0], [70.0, 18.0], [69.0, 18.0], [69.0, 17.0]]]}}, {"type": "Feature", "properties": {"cell_id": "r12c02", "lat_c": 17.5, "lon_c": 70.5, "lat_min": 17.0, "lat_max": 18.0, "lon_min": 70.0, "lon_max": 71.0}, "geometry": {"type": "Polygon", "coordinates": [[[70.0, 17.0], [71.0, 17.0], [71.0, 18.0], [70.0, 18.0], [70.0, 17.0]]]}}, {"type": "Feature", "properties": {"cell_id": "r12c03", "lat_c": 17.5, "lon_c": 71.5, "lat_min": 17.0, "lat_max": 18.0, "lon_min": 71.0, "lon_max": 72.0}, "geometry": {"type": "Polygon", "coordinates": [[[71.0, 17.0], [72.0, 17.0], [72.0, 18.0], [71.0, 18.0], [71.0, 17.0]]]}}, {"type": "Feature", "properties": {"cell_id": "r12c04", "lat_c": 17.5, "lon_c": 72.5, "lat_min": 17.0, "lat_max": 18.0, "lon_min": 72.0, "lon_max": 73.0}, "geometry": {"type": "Polygon", "coordinates": [[[72.0, 17.0], [73.0, 17.0], [73.0, 18.0], [72.0, 18.0], [72.0, 17.0]]]}}, {"type": "Feature", "properties": {"cell_id": "r12c05", "lat_c": 17.5, "lon_c": 73.5, "lat_min": 17.0, "lat_max": 18.0, "lon_min": 73.0, "lon_max": 74.0}, "geometry": {"type": "Polygon", "coordinates": [[[73.0, 17.0], [74.0, 17.0], [74.0, 18.0], [73.0, 18.0], [73.0, 17.0]]]}}, {"type": "Feature", "properties": {"cell_id": "r12c06", "lat_c": 17.5, "lon_c": 74.5, "lat_min": 17.0, "lat_max": 18.0, "lon_min": 74.0, "lon_max": 75.0}, "geometry": {"type": "Polygon", "coordinates": [[[74.0, 17.0], [75.0, 17.0], [75.0, 18.0], [74.0, 18.0], [74.0, 17.0]]]}}, {"type": "Feature", "properties": {"cell_id": "r12c07", "lat_c": 17.5, "lon_c": 75.5, "lat_min": 17.0, "lat_max": 18.0, "lon_min": 75.0, "lon_max": 76.0}, "geometry": {"type": "Polygon", "coordinates": [[[75.0, 17.0], [76.0, 17.0], [76.0, 18.0], [75.0, 18.0], [75.0, 17.0]]]}}, {"type": "Feature", "properties": {"cell_id": "r12c08", "lat_c": 17.5, "lon_c": 76.5, "lat_min": 17.0, "lat_max": 18.0, "lon_min": 76.0, "lon_max": 77.0}, "geometry": {"type": "Polygon", "coordinates": [[[76.0, 17.0], [77.0, 17.0], [77.0, 18.0], [76.0, 18.0], [76.0, 17.0]]]}}, {"type": "Feature", "properties": {"cell_id": "r12c09", "lat_c": 17.5, "lon_c": 77.5, "lat_min": 17.0, "lat_max": 18.0, "lon_min": 77.0, "lon_max": 78.0}, "geometry": {"type": "Polygon", "coordinates": [[[77.0, 17.0], [78.0, 17.0], [78.0, 18.0], [77.0, 18.0], [77.0, 17.0]]]}}, {"type": "Feature", "properties": {"cell_id": "r12c10", "lat_c": 17.5, "lon_c": 78.5, "lat_min": 17.0, "lat_max": 18.0, "lon_min": 78.0, "lon_max": 79.0}, "geometry": {"type": "Polygon", "coordinates": [[[78.0, 17.0], [79.0, 17.0], [79.0, 18.0], [78.0, 18.0], [78.0, 17.0]]]}}, {"type": "Feature", "properties": {"cell_id": "r12c11", "lat_c": 17.5, "lon_c": 79.5, "lat_min": 17.0, "lat_max": 18.0, "lon_min": 79.0, "lon_max": 80.0}, "geometry": {"type": "Polygon", "coordinates": [[[79.0, 17.0], [80.0, 17.0], [80.0, 18.0], [79.0, 18.0], [79.0, 17.0]]]}}, {"type": "Feature", "properties": {"cell_id": "r12c12", "lat_c": 17.5, "lon_c": 80.5, "lat_min": 17.0, "lat_max": 18.0, "lon_min": 80.0, "lon_max": 81.0}, "geometry": {"type": "Polygon", "coordinates": [[[80.0, 17.0], [81.0, 17.0], [81.0, 18.0], [80.0, 18.0], [80.0, 17.0]]]}}, {"type": "Feature", "properties": {"cell_id": "r12c13", "lat_c": 17.5, "lon_c": 81.5, "lat_min": 17.0, "lat_max": 18.0, "lon_min": 81.0, "lon_max": 82.0}, "geometry": {"type": "Polygon", "coordinates": [[[81.0, 17.0], [82.0, 17.0], [82.0, 18.0], [81.0, 18.0], [81.0, 17.0]]]}}, {"type": "Feature", "properties": {"cell_id": "r12c14", "lat_c": 17.5, "lon_c": 82.5, "lat_min": 17.0, "lat_max": 18.0, "lon_min": 82.0, "lon_max": 83.0}, "geometry": {"type": "Polygon", "coordinates": [[[82.0, 17.0], [83.0, 17.0], [83.0, 18.0], [82.0, 18.0], [82.0, 17.0]]]}}, {"type": "Feature", "properties": {"cell_id": "r12c15", "lat_c": 17.5, "lon_c": 83.5, "lat_min": 17.0, "lat_max": 18.0, "lon_min": 83.0, "lon_max": 84.0}, "geometry": {"type": "Polygon", "coordinates": [[[83.0, 17.0], [84.0, 17.0], [84.0, 18.0], [83.0, 18.0], [83.0, 17.0]]]}}, {"type": "Feature", "properties": {"cell_id": "r12c16", "lat_c": 17.5, "lon_c": 84.5, "lat_min": 17.0, "lat_max": 18.0, "lon_min": 84.0, "lon_max": 85.0}, "geometry": {"type": "Polygon", "coordinates": [[[84.0, 17.0], [85.0, 17.0], [85.0, 18.0], [84.0, 18.0], [84.0, 17.0]]]}}, {"type": "Feature", "properties": {"cell_id": "r12c17", "lat_c": 17.5, "lon_c": 85.5, "lat_min": 17.0, "lat_max": 18.0, "lon_min": 85.0, "lon_max": 86.0}, "geometry": {"type": "Polygon", "coordinates": [[[85.0, 17.0], [86.0, 17.0], [86.0, 18.0], [85.0, 18.0], [85.0, 17.0]]]}}, {"type": "Feature", "properties": {"cell_id": "r12c18", "lat_c": 17.5, "lon_c": 86.5, "lat_min": 17.0, "lat_max": 18.0, "lon_min": 86.0, "lon_max": 87.0}, "geometry": {"type": "Polygon", "coordinates": [[[86.0, 17.0], [87.0, 17.0], [87.0, 18.0], [86.0, 18.0], [86.0, 17.0]]]}}, {"type": "Feature", "properties": {"cell_id": "r12c19", "lat_c": 17.5, "lon_c": 87.5, "lat_min": 17.0, "lat_max": 18.0, "lon_min": 87.0, "lon_max": 88.0}, "geometry": {"type": "Polygon", "coordinates": [[[87.0, 17.0], [88.0, 17.0], [88.0, 18.0], [87.0, 18.0], [87.0, 17.0]]]}}, {"type": "Feature", "properties": {"cell_id": "r12c20", "lat_c": 17.5, "lon_c": 88.5, "lat_min": 17.0, "lat_max": 18.0, "lon_min": 88.0, "lon_max": 89.0}, "geometry": {"type": "Polygon", "coordinates": [[[88.0, 17.0], [89.0, 17.0], [89.0, 18.0], [88.0, 18.0], [88.0, 17.0]]]}}, {"type": "Feature", "properties": {"cell_id": "r12c21", "lat_c": 17.5, "lon_c": 89.5, "lat_min": 17.0, "lat_max": 18.0, "lon_min": 89.0, "lon_max": 90.0}, "geometry": {"type": "Polygon", "coordinates": [[[89.0, 17.0], [90.0, 17.0], [90.0, 18.0], [89.0, 18.0], [89.0, 17.0]]]}}, {"type": "Feature", "properties": {"cell_id": "r12c22", "lat_c": 17.5, "lon_c": 90.5, "lat_min": 17.0, "lat_max": 18.0, "lon_min": 90.0, "lon_max": 91.0}, "geometry": {"type": "Polygon", "coordinates": [[[90.0, 17.0], [91.0, 17.0], [91.0, 18.0], [90.0, 18.0], [90.0, 17.0]]]}}, {"type": "Feature", "properties": {"cell_id": "r12c23", "lat_c": 17.5, "lon_c": 91.5, "lat_min": 17.0, "lat_max": 18.0, "lon_min": 91.0, "lon_max": 92.0}, "geometry": {"type": "Polygon", "coordinates": [[[91.0, 17.0], [92.0, 17.0], [92.0, 18.0], [91.0, 18.0], [91.0, 17.0]]]}}, {"type": "Feature", "properties": {"cell_id": "r12c24", "lat_c": 17.5, "lon_c": 92.5, "lat_min": 17.0, "lat_max": 18.0, "lon_min": 92.0, "lon_max": 93.0}, "geometry": {"type": "Polygon", "coordinates": [[[92.0, 17.0], [93.0, 17.0], [93.0, 18.0], [92.0, 18.0], [92.0, 17.0]]]}}, {"type": "Feature", "properties": {"cell_id": "r12c25", "lat_c": 17.5, "lon_c": 93.5, "lat_min": 17.0, "lat_max": 18.0, "lon_min": 93.0, "lon_max": 94.0}, "geometry": {"type": "Polygon", "coordinates": [[[93.0, 17.0], [94.0, 17.0], [94.0, 18.0], [93.0, 18.0], [93.0, 17.0]]]}}, {"type": "Feature", "properties": {"cell_id": "r12c26", "lat_c": 17.5, "lon_c": 94.5, "lat_min": 17.0, "lat_max": 18.0, "lon_min": 94.0, "lon_max": 95.0}, "geometry": {"type": "Polygon", "coordinates": [[[94.0, 17.0], [95.0, 17.0], [95.0, 18.0], [94.0, 18.0], [94.0, 17.0]]]}}, {"type": "Feature", "properties": {"cell_id": "r12c27", "lat_c": 17.5, "lon_c": 95.5, "lat_min": 17.0, "lat_max": 18.0, "lon_min": 95.0, "lon_max": 96.0}, "geometry": {"type": "Polygon", "coordinates": [[[95.0, 17.0], [96.0, 17.0], [96.0, 18.0], [95.0, 18.0], [95.0, 17.0]]]}}, {"type": "Feature", "properties": {"cell_id": "r12c28", "lat_c": 17.5, "lon_c": 96.5, "lat_min": 17.0, "lat_max": 18.0, "lon_min": 96.0, "lon_max": 97.0}, "geometry": {"type": "Polygon", "coordinates": [[[96.0, 17.0], [97.0, 17.0], [97.0, 18.0], [96.0, 18.0], [96.0, 17.0]]]}}, {"type": "Feature", "properties": {"cell_id": "r12c29", "lat_c": 17.5, "lon_c": 97.5, "lat_min": 17.0, "lat_max": 18.0, "lon_min": 97.0, "lon_max": 98.0}, "geometry": {"type": "Polygon", "coordinates": [[[97.0, 17.0], [98.0, 17.0], [98.0, 18.0], [97.0, 18.0], [97.0, 17.0]]]}}, {"type": "Feature", "properties": {"cell_id": "r12c30", "lat_c": 17.5, "lon_c": 98.5, "lat_min": 17.0, "lat_max": 18.0, "lon_min": 98.0, "lon_max": 99.0}, "geometry": {"type": "Polygon", "coordinates": [[[98.0, 17.0], [99.0, 17.0], [99.0, 18.0], [98.0, 18.0], [98.0, 17.0]]]}}, {"type": "Feature", "properties": {"cell_id": "r12c31", "lat_c": 17.5, "lon_c": 99.5, "lat_min": 17.0, "lat_max": 18.0, "lon_min": 99.0, "lon_max": 100.0}, "geometry": {"type": "Polygon", "coordinates": [[[99.0, 17.0], [100.0, 17.0], [100.0, 18.0], [99.0, 18.0], [99.0, 17.0]]]}}, {"type": "Feature", "properties": {"cell_id": "r12c32", "lat_c": 17.5, "lon_c": 100.5, "lat_min": 17.0, "lat_max": 18.0, "lon_min": 100.0, "lon_max": 101.0}, "geometry": {"type": "Polygon", "coordinates": [[[100.0, 17.0], [101.0, 17.0], [101.0, 18.0], [100.0, 18.0], [100.0, 17.0]]]}}, {"type": "Feature", "properties": {"cell_id": "r12c33", "lat_c": 17.5, "lon_c": 101.5, "lat_min": 17.0, "lat_max": 18.0, "lon_min": 101.0, "lon_max": 102.0}, "geometry": {"type": "Polygon", "coordinates": [[[101.0, 17.0], [102.0, 17.0], [102.0, 18.0], [101.0, 18.0], [101.0, 17.0]]]}}, {"type": "Feature", "properties": {"cell_id": "r13c00", "lat_c": 18.5, "lon_c": 68.5, "lat_min": 18.0, "lat_max": 19.0, "lon_min": 68.0, "lon_max": 69.0}, "geometry": {"type": "Polygon", "coordinates": [[[68.0, 18.0], [69.0, 18.0], [69.0, 19.0], [68.0, 19.0], [68.0, 18.0]]]}}, {"type": "Feature", "properties": {"cell_id": "r13c01", "lat_c": 18.5, "lon_c": 69.5, "lat_min": 18.0, "lat_max": 19.0, "lon_min": 69.0, "lon_max": 70.0}, "geometry": {"type": "Polygon", "coordinates": [[[69.0, 18.0], [70.0, 18.0], [70.0, 19.0], [69.0, 19.0], [69.0, 18.0]]]}}, {"type": "Feature", "properties": {"cell_id": "r13c02", "lat_c": 18.5, "lon_c": 70.5, "lat_min": 18.0, "lat_max": 19.0, "lon_min": 70.0, "lon_max": 71.0}, "geometry": {"type": "Polygon", "coordinates": [[[70.0, 18.0], [71.0, 18.0], [71.0, 19.0], [70.0, 19.0], [70.0, 18.0]]]}}, {"type": "Feature", "properties": {"cell_id": "r13c03", "lat_c": 18.5, "lon_c": 71.5, "lat_min": 18.0, "lat_max": 19.0, "lon_min": 71.0, "lon_max": 72.0}, "geometry": {"type": "Polygon", "coordinates": [[[71.0, 18.0], [72.0, 18.0], [72.0, 19.0], [71.0, 19.0], [71.0, 18.0]]]}}, {"type": "Feature", "properties": {"cell_id": "r13c04", "lat_c": 18.5, "lon_c": 72.5, "lat_min": 18.0, "lat_max": 19.0, "lon_min": 72.0, "lon_max": 73.0}, "geometry": {"type": "Polygon", "coordinates": [[[72.0, 18.0], [73.0, 18.0], [73.0, 19.0], [72.0, 19.0], [72.0, 18.0]]]}}, {"type": "Feature", "properties": {"cell_id": "r13c05", "lat_c": 18.5, "lon_c": 73.5, "lat_min": 18.0, "lat_max": 19.0, "lon_min": 73.0, "lon_max": 74.0}, "geometry": {"type": "Polygon", "coordinates": [[[73.0, 18.0], [74.0, 18.0], [74.0, 19.0], [73.0, 19.0], [73.0, 18.0]]]}}, {"type": "Feature", "properties": {"cell_id": "r13c06", "lat_c": 18.5, "lon_c": 74.5, "lat_min": 18.0, "lat_max": 19.0, "lon_min": 74.0, "lon_max": 75.0}, "geometry": {"type": "Polygon", "coordinates": [[[74.0, 18.0], [75.0, 18.0], [75.0, 19.0], [74.0, 19.0], [74.0, 18.0]]]}}, {"type": "Feature", "properties": {"cell_id": "r13c07", "lat_c": 18.5, "lon_c": 75.5, "lat_min": 18.0, "lat_max": 19.0, "lon_min": 75.0, "lon_max": 76.0}, "geometry": {"type": "Polygon", "coordinates": [[[75.0, 18.0], [76.0, 18.0], [76.0, 19.0], [75.0, 19.0], [75.0, 18.0]]]}}, {"type": "Feature", "properties": {"cell_id": "r13c08", "lat_c": 18.5, "lon_c": 76.5, "lat_min": 18.0, "lat_max": 19.0, "lon_min": 76.0, "lon_max": 77.0}, "geometry": {"type": "Polygon", "coordinates": [[[76.0, 18.0], [77.0, 18.0], [77.0, 19.0], [76.0, 19.0], [76.0, 18.0]]]}}, {"type": "Feature", "properties": {"cell_id": "r13c09", "lat_c": 18.5, "lon_c": 77.5, "lat_min": 18.0, "lat_max": 19.0, "lon_min": 77.0, "lon_max": 78.0}, "geometry": {"type": "Polygon", "coordinates": [[[77.0, 18.0], [78.0, 18.0], [78.0, 19.0], [77.0, 19.0], [77.0, 18.0]]]}}, {"type": "Feature", "properties": {"cell_id": "r13c10", "lat_c": 18.5, "lon_c": 78.5, "lat_min": 18.0, "lat_max": 19.0, "lon_min": 78.0, "lon_max": 79.0}, "geometry": {"type": "Polygon", "coordinates": [[[78.0, 18.0], [79.0, 18.0], [79.0, 19.0], [78.0, 19.0], [78.0, 18.0]]]}}, {"type": "Feature", "properties": {"cell_id": "r13c11", "lat_c": 18.5, "lon_c": 79.5, "lat_min": 18.0, "lat_max": 19.0, "lon_min": 79.0, "lon_max": 80.0}, "geometry": {"type": "Polygon", "coordinates": [[[79.0, 18.0], [80.0, 18.0], [80.0, 19.0], [79.0, 19.0], [79.0, 18.0]]]}}, {"type": "Feature", "properties": {"cell_id": "r13c12", "lat_c": 18.5, "lon_c": 80.5, "lat_min": 18.0, "lat_max": 19.0, "lon_min": 80.0, "lon_max": 81.0}, "geometry": {"type": "Polygon", "coordinates": [[[80.0, 18.0], [81.0, 18.0], [81.0, 19.0], [80.0, 19.0], [80.0, 18.0]]]}}, {"type": "Feature", "properties": {"cell_id": "r13c13", "lat_c": 18.5, "lon_c": 81.5, "lat_min": 18.0, "lat_max": 19.0, "lon_min": 81.0, "lon_max": 82.0}, "geometry": {"type": "Polygon", "coordinates": [[[81.0, 18.0], [82.0, 18.0], [82.0, 19.0], [81.0, 19.0], [81.0, 18.0]]]}}, {"type": "Feature", "properties": {"cell_id": "r13c14", "lat_c": 18.5, "lon_c": 82.5, "lat_min": 18.0, "lat_max": 19.0, "lon_min": 82.0, "lon_max": 83.0}, "geometry": {"type": "Polygon", "coordinates": [[[82.0, 18.0], [83.0, 18.0], [83.0, 19.0], [82.0, 19.0], [82.0, 18.0]]]}}, {"type": "Feature", "properties": {"cell_id": "r13c15", "lat_c": 18.5, "lon_c": 83.5, "lat_min": 18.0, "lat_max": 19.0, "lon_min": 83.0, "lon_max": 84.0}, "geometry": {"type": "Polygon", "coordinates": [[[83.0, 18.0], [84.0, 18.0], [84.0, 19.0], [83.0, 19.0], [83.0, 18.0]]]}}, {"type": "Feature", "properties": {"cell_id": "r13c16", "lat_c": 18.5, "lon_c": 84.5, "lat_min": 18.0, "lat_max": 19.0, "lon_min": 84.0, "lon_max": 85.0}, "geometry": {"type": "Polygon", "coordinates": [[[84.0, 18.0], [85.0, 18.0], [85.0, 19.0], [84.0, 19.0], [84.0, 18.0]]]}}, {"type": "Feature", "properties": {"cell_id": "r13c17", "lat_c": 18.5, "lon_c": 85.5, "lat_min": 18.0, "lat_max": 19.0, "lon_min": 85.0, "lon_max": 86.0}, "geometry": {"type": "Polygon", "coordinates": [[[85.0, 18.0], [86.0, 18.0], [86.0, 19.0], [85.0, 19.0], [85.0, 18.0]]]}}, {"type": "Feature", "properties": {"cell_id": "r13c18", "lat_c": 18.5, "lon_c": 86.5, "lat_min": 18.0, "lat_max": 19.0, "lon_min": 86.0, "lon_max": 87.0}, "geometry": {"type": "Polygon", "coordinates": [[[86.0, 18.0], [87.0, 18.0], [87.0, 19.0], [86.0, 19.0], [86.0, 18.0]]]}}, {"type": "Feature", "properties": {"cell_id": "r13c19", "lat_c": 18.5, "lon_c": 87.5, "lat_min": 18.0, "lat_max": 19.0, "lon_min": 87.0, "lon_max": 88.0}, "geometry": {"type": "Polygon", "coordinates": [[[87.0, 18.0], [88.0, 18.0], [88.0, 19.0], [87.0, 19.0], [87.0, 18.0]]]}}, {"type": "Feature", "properties": {"cell_id": "r13c20", "lat_c": 18.5, "lon_c": 88.5, "lat_min": 18.0, "lat_max": 19.0, "lon_min": 88.0, "lon_max": 89.0}, "geometry": {"type": "Polygon", "coordinates": [[[88.0, 18.0], [89.0, 18.0], [89.0, 19.0], [88.0, 19.0], [88.0, 18.0]]]}}, {"type": "Feature", "properties": {"cell_id": "r13c21", "lat_c": 18.5, "lon_c": 89.5, "lat_min": 18.0, "lat_max": 19.0, "lon_min": 89.0, "lon_max": 90.0}, "geometry": {"type": "Polygon", "coordinates": [[[89.0, 18.0], [90.0, 18.0], [90.0, 19.0], [89.0, 19.0], [89.0, 18.0]]]}}, {"type": "Feature", "properties": {"cell_id": "r13c22", "lat_c": 18.5, "lon_c": 90.5, "lat_min": 18.0, "lat_max": 19.0, "lon_min": 90.0, "lon_max": 91.0}, "geometry": {"type": "Polygon", "coordinates": [[[90.0, 18.0], [91.0, 18.0], [91.0, 19.0], [90.0, 19.0], [90.0, 18.0]]]}}, {"type": "Feature", "properties": {"cell_id": "r13c23", "lat_c": 18.5, "lon_c": 91.5, "lat_min": 18.0, "lat_max": 19.0, "lon_min": 91.0, "lon_max": 92.0}, "geometry": {"type": "Polygon", "coordinates": [[[91.0, 18.0], [92.0, 18.0], [92.0, 19.0], [91.0, 19.0], [91.0, 18.0]]]}}, {"type": "Feature", "properties": {"cell_id": "r13c24", "lat_c": 18.5, "lon_c": 92.5, "lat_min": 18.0, "lat_max": 19.0, "lon_min": 92.0, "lon_max": 93.0}, "geometry": {"type": "Polygon", "coordinates": [[[92.0, 18.0], [93.0, 18.0], [93.0, 19.0], [92.0, 19.0], [92.0, 18.0]]]}}, {"type": "Feature", "properties": {"cell_id": "r13c25", "lat_c": 18.5, "lon_c": 93.5, "lat_min": 18.0, "lat_max": 19.0, "lon_min": 93.0, "lon_max": 94.0}, "geometry": {"type": "Polygon", "coordinates": [[[93.0, 18.0], [94.0, 18.0], [94.0, 19.0], [93.0, 19.0], [93.0, 18.0]]]}}, {"type": "Feature", "properties": {"cell_id": "r13c26", "lat_c": 18.5, "lon_c": 94.5, "lat_min": 18.0, "lat_max": 19.0, "lon_min": 94.0, "lon_max": 95.0}, "geometry": {"type": "Polygon", "coordinates": [[[94.0, 18.0], [95.0, 18.0], [95.0, 19.0], [94.0, 19.0], [94.0, 18.0]]]}}, {"type": "Feature", "properties": {"cell_id": "r13c27", "lat_c": 18.5, "lon_c": 95.5, "lat_min": 18.0, "lat_max": 19.0, "lon_min": 95.0, "lon_max": 96.0}, "geometry": {"type": "Polygon", "coordinates": [[[95.0, 18.0], [96.0, 18.0], [96.0, 19.0], [95.0, 19.0], [95.0, 18.0]]]}}, {"type": "Feature", "properties": {"cell_id": "r13c28", "lat_c": 18.5, "lon_c": 96.5, "lat_min": 18.0, "lat_max": 19.0, "lon_min": 96.0, "lon_max": 97.0}, "geometry": {"type": "Polygon", "coordinates": [[[96.0, 18.0], [97.0, 18.0], [97.0, 19.0], [96.0, 19.0], [96.0, 18.0]]]}}, {"type": "Feature", "properties": {"cell_id": "r13c29", "lat_c": 18.5, "lon_c": 97.5, "lat_min": 18.0, "lat_max": 19.0, "lon_min": 97.0, "lon_max": 98.0}, "geometry": {"type": "Polygon", "coordinates": [[[97.0, 18.0], [98.0, 18.0], [98.0, 19.0], [97.0, 19.0], [97.0, 18.0]]]}}, {"type": "Feature", "properties": {"cell_id": "r13c30", "lat_c": 18.5, "lon_c": 98.5, "lat_min": 18.0, "lat_max": 19.0, "lon_min": 98.0, "lon_max": 99.0}, "geometry": {"type": "Polygon", "coordinates": [[[98.0, 18.0], [99.0, 18.0], [99.0, 19.0], [98.0, 19.0], [98.0, 18.0]]]}}, {"type": "Feature", "properties": {"cell_id": "r13c31", "lat_c": 18.5, "lon_c": 99.5, "lat_min": 18.0, "lat_max": 19.0, "lon_min": 99.0, "lon_max": 100.0}, "geometry": {"type": "Polygon", "coordinates": [[[99.0, 18.0], [100.0, 18.0], [100.0, 19.0], [99.0, 19.0], [99.0, 18.0]]]}}, {"type": "Feature", "properties": {"cell_id": "r13c32", "lat_c": 18.5, "lon_c": 100.5, "lat_min": 18.0, "lat_max": 19.0, "lon_min": 100.0, "lon_max": 101.0}, "geometry": {"type": "Polygon", "coordinates": [[[100.0, 18.0], [101.0, 18.0], [101.0, 19.0], [100.0, 19.0], [100.0, 18.0]]]}}, {"type": "Feature", "properties": {"cell_id": "r13c33", "lat_c": 18.5, "lon_c": 101.5, "lat_min": 18.0, "lat_max": 19.0, "lon_min": 101.0, "lon_max": 102.0}, "geometry": {"type": "Polygon", "coordinates": [[[101.0, 18.0], [102.0, 18.0], [102.0, 19.0], [101.0, 19.0], [101.0, 18.0]]]}}, {"type": "Feature", "properties": {"cell_id": "r14c00", "lat_c": 19.5, "lon_c": 68.5, "lat_min": 19.0, "lat_max": 20.0, "lon_min": 68.0, "lon_max": 69.0}, "geometry": {"type": "Polygon", "coordinates": [[[68.0, 19.0], [69.0, 19.0], [69.0, 20.0], [68.0, 20.0], [68.0, 19.0]]]}}, {"type": "Feature", "properties": {"cell_id": "r14c01", "lat_c": 19.5, "lon_c": 69.5, "lat_min": 19.0, "lat_max": 20.0, "lon_min": 69.0, "lon_max": 70.0}, "geometry": {"type": "Polygon", "coordinates": [[[69.0, 19.0], [70.0, 19.0], [70.0, 20.0], [69.0, 20.0], [69.0, 19.0]]]}}, {"type": "Feature", "properties": {"cell_id": "r14c02", "lat_c": 19.5, "lon_c": 70.5, "lat_min": 19.0, "lat_max": 20.0, "lon_min": 70.0, "lon_max": 71.0}, "geometry": {"type": "Polygon", "coordinates": [[[70.0, 19.0], [71.0, 19.0], [71.0, 20.0], [70.0, 20.0], [70.0, 19.0]]]}}, {"type": "Feature", "properties": {"cell_id": "r14c03", "lat_c": 19.5, "lon_c": 71.5, "lat_min": 19.0, "lat_max": 20.0, "lon_min": 71.0, "lon_max": 72.0}, "geometry": {"type": "Polygon", "coordinates": [[[71.0, 19.0], [72.0, 19.0], [72.0, 20.0], [71.0, 20.0], [71.0, 19.0]]]}}, {"type": "Feature", "properties": {"cell_id": "r14c04", "lat_c": 19.5, "lon_c": 72.5, "lat_min": 19.0, "lat_max": 20.0, "lon_min": 72.0, "lon_max": 73.0}, "geometry": {"type": "Polygon", "coordinates": [[[72.0, 19.0], [73.0, 19.0], [73.0, 20.0], [72.0, 20.0], [72.0, 19.0]]]}}, {"type": "Feature", "properties": {"cell_id": "r14c05", "lat_c": 19.5, "lon_c": 73.5, "lat_min": 19.0, "lat_max": 20.0, "lon_min": 73.0, "lon_max": 74.0}, "geometry": {"type": "Polygon", "coordinates": [[[73.0, 19.0], [74.0, 19.0], [74.0, 20.0], [73.0, 20.0], [73.0, 19.0]]]}}, {"type": "Feature", "properties": {"cell_id": "r14c06", "lat_c": 19.5, "lon_c": 74.5, "lat_min": 19.0, "lat_max": 20.0, "lon_min": 74.0, "lon_max": 75.0}, "geometry": {"type": "Polygon", "coordinates": [[[74.0, 19.0], [75.0, 19.0], [75.0, 20.0], [74.0, 20.0], [74.0, 19.0]]]}}, {"type": "Feature", "properties": {"cell_id": "r14c07", "lat_c": 19.5, "lon_c": 75.5, "lat_min": 19.0, "lat_max": 20.0, "lon_min": 75.0, "lon_max": 76.0}, "geometry": {"type": "Polygon", "coordinates": [[[75.0, 19.0], [76.0, 19.0], [76.0, 20.0], [75.0, 20.0], [75.0, 19.0]]]}}, {"type": "Feature", "properties": {"cell_id": "r14c08", "lat_c": 19.5, "lon_c": 76.5, "lat_min": 19.0, "lat_max": 20.0, "lon_min": 76.0, "lon_max": 77.0}, "geometry": {"type": "Polygon", "coordinates": [[[76.0, 19.0], [77.0, 19.0], [77.0, 20.0], [76.0, 20.0], [76.0, 19.0]]]}}, {"type": "Feature", "properties": {"cell_id": "r14c09", "lat_c": 19.5, "lon_c": 77.5, "lat_min": 19.0, "lat_max": 20.0, "lon_min": 77.0, "lon_max": 78.0}, "geometry": {"type": "Polygon", "coordinates": [[[77.0, 19.0], [78.0, 19.0], [78.0, 20.0], [77.0, 20.0], [77.0, 19.0]]]}}, {"type": "Feature", "properties": {"cell_id": "r14c10", "lat_c": 19.5, "lon_c": 78.5, "lat_min": 19.0, "lat_max": 20.0, "lon_min": 78.0, "lon_max": 79.0}, "geometry": {"type": "Polygon", "coordinates": [[[78.0, 19.0], [79.0, 19.0], [79.0, 20.0], [78.0, 20.0], [78.0, 19.0]]]}}, {"type": "Feature", "properties": {"cell_id": "r14c11", "lat_c": 19.5, "lon_c": 79.5, "lat_min": 19.0, "lat_max": 20.0, "lon_min": 79.0, "lon_max": 80.0}, "geometry": {"type": "Polygon", "coordinates": [[[79.0, 19.0], [80.0, 19.0], [80.0, 20.0], [79.0, 20.0], [79.0, 19.0]]]}}, {"type": "Feature", "properties": {"cell_id": "r14c12", "lat_c": 19.5, "lon_c": 80.5, "lat_min": 19.0, "lat_max": 20.0, "lon_min": 80.0, "lon_max": 81.0}, "geometry": {"type": "Polygon", "coordinates": [[[80.0, 19.0], [81.0, 19.0], [81.0, 20.0], [80.0, 20.0], [80.0, 19.0]]]}}, {"type": "Feature", "properties": {"cell_id": "r14c13", "lat_c": 19.5, "lon_c": 81.5, "lat_min": 19.0, "lat_max": 20.0, "lon_min": 81.0, "lon_max": 82.0}, "geometry": {"type": "Polygon", "coordinates": [[[81.0, 19.0], [82.0, 19.0], [82.0, 20.0], [81.0, 20.0], [81.0, 19.0]]]}}, {"type": "Feature", "properties": {"cell_id": "r14c14", "lat_c": 19.5, "lon_c": 82.5, "lat_min": 19.0, "lat_max": 20.0, "lon_min": 82.0, "lon_max": 83.0}, "geometry": {"type": "Polygon", "coordinates": [[[82.0, 19.0], [83.0, 19.0], [83.0, 20.0], [82.0, 20.0], [82.0, 19.0]]]}}, {"type": "Feature", "properties": {"cell_id": "r14c15", "lat_c": 19.5, "lon_c": 83.5, "lat_min": 19.0, "lat_max": 20.0, "lon_min": 83.0, "lon_max": 84.0}, "geometry": {"type": "Polygon", "coordinates": [[[83.0, 19.0], [84.0, 19.0], [84.0, 20.0], [83.0, 20.0], [83.0, 19.0]]]}}, {"type": "Feature", "properties": {"cell_id": "r14c16", "lat_c": 19.5, "lon_c": 84.5, "lat_min": 19.0, "lat_max": 20.0, "lon_min": 84.0, "lon_max": 85.0}, "geometry": {"type": "Polygon", "coordinates": [[[84.0, 19.0], [85.0, 19.0], [85.0, 20.0], [84.0, 20.0], [84.0, 19.0]]]}}, {"type": "Feature", "properties": {"cell_id": "r14c17", "lat_c": 19.5, "lon_c": 85.5, "lat_min": 19.0, "lat_max": 20.0, "lon_min": 85.0, "lon_max": 86.0}, "geometry": {"type": "Polygon", "coordinates": [[[85.0, 19.0], [86.0, 19.0], [86.0, 20.0], [85.0, 20.0], [85.0, 19.0]]]}}, {"type": "Feature", "properties": {"cell_id": "r14c18", "lat_c": 19.5, "lon_c": 86.5, "lat_min": 19.0, "lat_max": 20.0, "lon_min": 86.0, "lon_max": 87.0}, "geometry": {"type": "Polygon", "coordinates": [[[86.0, 19.0], [87.0, 19.0], [87.0, 20.0], [86.0, 20.0], [86.0, 19.0]]]}}, {"type": "Feature", "properties": {"cell_id": "r14c19", "lat_c": 19.5, "lon_c": 87.5, "lat_min": 19.0, "lat_max": 20.0, "lon_min": 87.0, "lon_max": 88.0}, "geometry": {"type": "Polygon", "coordinates": [[[87.0, 19.0], [88.0, 19.0], [88.0, 20.0], [87.0, 20.0], [87.0, 19.0]]]}}, {"type": "Feature", "properties": {"cell_id": "r14c20", "lat_c": 19.5, "lon_c": 88.5, "lat_min": 19.0, "lat_max": 20.0, "lon_min": 88.0, "lon_max": 89.0}, "geometry": {"type": "Polygon", "coordinates": [[[88.0, 19.0], [89.0, 19.0], [89.0, 20.0], [88.0, 20.0], [88.0, 19.0]]]}}, {"type": "Feature", "properties": {"cell_id": "r14c21", "lat_c": 19.5, "lon_c": 89.5, "lat_min": 19.0, "lat_max": 20.0, "lon_min": 89.0, "lon_max": 90.0}, "geometry": {"type": "Polygon", "coordinates": [[[89.0, 19.0], [90.0, 19.0], [90.0, 20.0], [89.0, 20.0], [89.0, 19.0]]]}}, {"type": "Feature", "properties": {"cell_id": "r14c22", "lat_c": 19.5, "lon_c": 90.5, "lat_min": 19.0, "lat_max": 20.0, "lon_min": 90.0, "lon_max": 91.0}, "geometry": {"type": "Polygon", "coordinates": [[[90.0, 19.0], [91.0, 19.0], [91.0, 20.0], [90.0, 20.0], [90.0, 19.0]]]}}, {"type": "Feature", "properties": {"cell_id": "r14c23", "lat_c": 19.5, "lon_c": 91.5, "lat_min": 19.0, "lat_max": 20.0, "lon_min": 91.0, "lon_max": 92.0}, "geometry": {"type": "Polygon", "coordinates": [[[91.0, 19.0], [92.0, 19.0], [92.0, 20.0], [91.0, 20.0], [91.0, 19.0]]]}}, {"type": "Feature", "properties": {"cell_id": "r14c24", "lat_c": 19.5, "lon_c": 92.5, "lat_min": 19.0, "lat_max": 20.0, "lon_min": 92.0, "lon_max": 93.0}, "geometry": {"type": "Polygon", "coordinates": [[[92.0, 19.0], [93.0, 19.0], [93.0, 20.0], [92.0, 20.0], [92.0, 19.0]]]}}, {"type": "Feature", "properties": {"cell_id": "r14c25", "lat_c": 19.5, "lon_c": 93.5, "lat_min": 19.0, "lat_max": 20.0, "lon_min": 93.0, "lon_max": 94.0}, "geometry": {"type": "Polygon", "coordinates": [[[93.0, 19.0], [94.0, 19.0], [94.0, 20.0], [93.0, 20.0], [93.0, 19.0]]]}}, {"type": "Feature", "properties": {"cell_id": "r14c26", "lat_c": 19.5, "lon_c": 94.5, "lat_min": 19.0, "lat_max": 20.0, "lon_min": 94.0, "lon_max": 95.0}, "geometry": {"type": "Polygon", "coordinates": [[[94.0, 19.0], [95.0, 19.0], [95.0, 20.0], [94.0, 20.0], [94.0, 19.0]]]}}, {"type": "Feature", "properties": {"cell_id": "r14c27", "lat_c": 19.5, "lon_c": 95.5, "lat_min": 19.0, "lat_max": 20.0, "lon_min": 95.0, "lon_max": 96.0}, "geometry": {"type": "Polygon", "coordinates": [[[95.0, 19.0], [96.0, 19.0], [96.0, 20.0], [95.0, 20.0], [95.0, 19.0]]]}}, {"type": "Feature", "properties": {"cell_id": "r14c28", "lat_c": 19.5, "lon_c": 96.5, "lat_min": 19.0, "lat_max": 20.0, "lon_min": 96.0, "lon_max": 97.0}, "geometry": {"type": "Polygon", "coordinates": [[[96.0, 19.0], [97.0, 19.0], [97.0, 20.0], [96.0, 20.0], [96.0, 19.0]]]}}, {"type": "Feature", "properties": {"cell_id": "r14c29", "lat_c": 19.5, "lon_c": 97.5, "lat_min": 19.0, "lat_max": 20.0, "lon_min": 97.0, "lon_max": 98.0}, "geometry": {"type": "Polygon", "coordinates": [[[97.0, 19.0], [98.0, 19.0], [98.0, 20.0], [97.0, 20.0], [97.0, 19.0]]]}}, {"type": "Feature", "properties": {"cell_id": "r14c30", "lat_c": 19.5, "lon_c": 98.5, "lat_min": 19.0, "lat_max": 20.0, "lon_min": 98.0, "lon_max": 99.0}, "geometry": {"type": "Polygon", "coordinates": [[[98.0, 19.0], [99.0, 19.0], [99.0, 20.0], [98.0, 20.0], [98.0, 19.0]]]}}, {"type": "Feature", "properties": {"cell_id": "r14c31", "lat_c": 19.5, "lon_c": 99.5, "lat_min": 19.0, "lat_max": 20.0, "lon_min": 99.0, "lon_max": 100.0}, "geometry": {"type": "Polygon", "coordinates": [[[99.0, 19.0], [100.0, 19.0], [100.0, 20.0], [99.0, 20.0], [99.0, 19.0]]]}}, {"type": "Feature", "properties": {"cell_id": "r14c32", "lat_c": 19.5, "lon_c": 100.5, "lat_min": 19.0, "lat_max": 20.0, "lon_min": 100.0, "lon_max": 101.0}, "geometry": {"type": "Polygon", "coordinates": [[[100.0, 19.0], [101.0, 19.0], [101.0, 20.0], [100.0, 20.0], [100.0, 19.0]]]}}, {"type": "Feature", "properties": {"cell_id": "r14c33", "lat_c": 19.5, "lon_c": 101.5, "lat_min": 19.0, "lat_max": 20.0, "lon_min": 101.0, "lon_max": 102.0}, "geometry": {"type": "Polygon", "coordinates": [[[101.0, 19.0], [102.0, 19.0], [102.0, 20.0], [101.0, 20.0], [101.0, 19.0]]]}}, {"type": "Feature", "properties": {"cell_id": "r15c00", "lat_c": 20.5, "lon_c": 68.5, "lat_min": 20.0, "lat_max": 21.0, "lon_min": 68.0, "lon_max": 69.0}, "geometry": {"type": "Polygon", "coordinates": [[[68.0, 20.0], [69.0, 20.0], [69.0, 21.0], [68.0, 21.0], [68.0, 20.0]]]}}, {"type": "Feature", "properties": {"cell_id": "r15c01", "lat_c": 20.5, "lon_c": 69.5, "lat_min": 20.0, "lat_max": 21.0, "lon_min": 69.0, "lon_max": 70.0}, "geometry": {"type": "Polygon", "coordinates": [[[69.0, 20.0], [70.0, 20.0], [70.0, 21.0], [69.0, 21.0], [69.0, 20.0]]]}}, {"type": "Feature", "properties": {"cell_id": "r15c02", "lat_c": 20.5, "lon_c": 70.5, "lat_min": 20.0, "lat_max": 21.0, "lon_min": 70.0, "lon_max": 71.0}, "geometry": {"type": "Polygon", "coordinates": [[[70.0, 20.0], [71.0, 20.0], [71.0, 21.0], [70.0, 21.0], [70.0, 20.0]]]}}, {"type": "Feature", "properties": {"cell_id": "r15c03", "lat_c": 20.5, "lon_c": 71.5, "lat_min": 20.0, "lat_max": 21.0, "lon_min": 71.0, "lon_max": 72.0}, "geometry": {"type": "Polygon", "coordinates": [[[71.0, 20.0], [72.0, 20.0], [72.0, 21.0], [71.0, 21.0], [71.0, 20.0]]]}}, {"type": "Feature", "properties": {"cell_id": "r15c04", "lat_c": 20.5, "lon_c": 72.5, "lat_min": 20.0, "lat_max": 21.0, "lon_min": 72.0, "lon_max": 73.0}, "geometry": {"type": "Polygon", "coordinates": [[[72.0, 20.0], [73.0, 20.0], [73.0, 21.0], [72.0, 21.0], [72.0, 20.0]]]}}, {"type": "Feature", "properties": {"cell_id": "r15c05", "lat_c": 20.5, "lon_c": 73.5, "lat_min": 20.0, "lat_max": 21.0, "lon_min": 73.0, "lon_max": 74.0}, "geometry": {"type": "Polygon", "coordinates": [[[73.0, 20.0], [74.0, 20.0], [74.0, 21.0], [73.0, 21.0], [73.0, 20.0]]]}}, {"type": "Feature", "properties": {"cell_id": "r15c06", "lat_c": 20.5, "lon_c": 74.5, "lat_min": 20.0, "lat_max": 21.0, "lon_min": 74.0, "lon_max": 75.0}, "geometry": {"type": "Polygon", "coordinates": [[[74.0, 20.0], [75.0, 20.0], [75.0, 21.0], [74.0, 21.0], [74.0, 20.0]]]}}, {"type": "Feature", "properties": {"cell_id": "r15c07", "lat_c": 20.5, "lon_c": 75.5, "lat_min": 20.0, "lat_max": 21.0, "lon_min": 75.0, "lon_max": 76.0}, "geometry": {"type": "Polygon", "coordinates": [[[75.0, 20.0], [76.0, 20.0], [76.0, 21.0], [75.0, 21.0], [75.0, 20.0]]]}}, {"type": "Feature", "properties": {"cell_id": "r15c08", "lat_c": 20.5, "lon_c": 76.5, "lat_min": 20.0, "lat_max": 21.0, "lon_min": 76.0, "lon_max": 77.0}, "geometry": {"type": "Polygon", "coordinates": [[[76.0, 20.0], [77.0, 20.0], [77.0, 21.0], [76.0, 21.0], [76.0, 20.0]]]}}, {"type": "Feature", "properties": {"cell_id": "r15c09", "lat_c": 20.5, "lon_c": 77.5, "lat_min": 20.0, "lat_max": 21.0, "lon_min": 77.0, "lon_max": 78.0}, "geometry": {"type": "Polygon", "coordinates": [[[77.0, 20.0], [78.0, 20.0], [78.0, 21.0], [77.0, 21.0], [77.0, 20.0]]]}}, {"type": "Feature", "properties": {"cell_id": "r15c10", "lat_c": 20.5, "lon_c": 78.5, "lat_min": 20.0, "lat_max": 21.0, "lon_min": 78.0, "lon_max": 79.0}, "geometry": {"type": "Polygon", "coordinates": [[[78.0, 20.0], [79.0, 20.0], [79.0, 21.0], [78.0, 21.0], [78.0, 20.0]]]}}, {"type": "Feature", "properties": {"cell_id": "r15c11", "lat_c": 20.5, "lon_c": 79.5, "lat_min": 20.0, "lat_max": 21.0, "lon_min": 79.0, "lon_max": 80.0}, "geometry": {"type": "Polygon", "coordinates": [[[79.0, 20.0], [80.0, 20.0], [80.0, 21.0], [79.0, 21.0], [79.0, 20.0]]]}}, {"type": "Feature", "properties": {"cell_id": "r15c12", "lat_c": 20.5, "lon_c": 80.5, "lat_min": 20.0, "lat_max": 21.0, "lon_min": 80.0, "lon_max": 81.0}, "geometry": {"type": "Polygon", "coordinates": [[[80.0, 20.0], [81.0, 20.0], [81.0, 21.0], [80.0, 21.0], [80.0, 20.0]]]}}, {"type": "Feature", "properties": {"cell_id": "r15c13", "lat_c": 20.5, "lon_c": 81.5, "lat_min": 20.0, "lat_max": 21.0, "lon_min": 81.0, "lon_max": 82.0}, "geometry": {"type": "Polygon", "coordinates": [[[81.0, 20.0], [82.0, 20.0], [82.0, 21.0], [81.0, 21.0], [81.0, 20.0]]]}}, {"type": "Feature", "properties": {"cell_id": "r15c14", "lat_c": 20.5, "lon_c": 82.5, "lat_min": 20.0, "lat_max": 21.0, "lon_min": 82.0, "lon_max": 83.0}, "geometry": {"type": "Polygon", "coordinates": [[[82.0, 20.0], [83.0, 20.0], [83.0, 21.0], [82.0, 21.0], [82.0, 20.0]]]}}, {"type": "Feature", "properties": {"cell_id": "r15c15", "lat_c": 20.5, "lon_c": 83.5, "lat_min": 20.0, "lat_max": 21.0, "lon_min": 83.0, "lon_max": 84.0}, "geometry": {"type": "Polygon", "coordinates": [[[83.0, 20.0], [84.0, 20.0], [84.0, 21.0], [83.0, 21.0], [83.0, 20.0]]]}}, {"type": "Feature", "properties": {"cell_id": "r15c16", "lat_c": 20.5, "lon_c": 84.5, "lat_min": 20.0, "lat_max": 21.0, "lon_min": 84.0, "lon_max": 85.0}, "geometry": {"type": "Polygon", "coordinates": [[[84.0, 20.0], [85.0, 20.0], [85.0, 21.0], [84.0, 21.0], [84.0, 20.0]]]}}, {"type": "Feature", "properties": {"cell_id": "r15c17", "lat_c": 20.5, "lon_c": 85.5, "lat_min": 20.0, "lat_max": 21.0, "lon_min": 85.0, "lon_max": 86.0}, "geometry": {"type": "Polygon", "coordinates": [[[85.0, 20.0], [86.0, 20.0], [86.0, 21.0], [85.0, 21.0], [85.0, 20.0]]]}}, {"type": "Feature", "properties": {"cell_id": "r15c18", "lat_c": 20.5, "lon_c": 86.5, "lat_min": 20.0, "lat_max": 21.0, "lon_min": 86.0, "lon_max": 87.0}, "geometry": {"type": "Polygon", "coordinates": [[[86.0, 20.0], [87.0, 20.0], [87.0, 21.0], [86.0, 21.0], [86.0, 20.0]]]}}, {"type": "Feature", "properties": {"cell_id": "r15c19", "lat_c": 20.5, "lon_c": 87.5, "lat_min": 20.0, "lat_max": 21.0, "lon_min": 87.0, "lon_max": 88.0}, "geometry": {"type": "Polygon", "coordinates": [[[87.0, 20.0], [88.0, 20.0], [88.0, 21.0], [87.0, 21.0], [87.0, 20.0]]]}}, {"type": "Feature", "properties": {"cell_id": "r15c20", "lat_c": 20.5, "lon_c": 88.5, "lat_min": 20.0, "lat_max": 21.0, "lon_min": 88.0, "lon_max": 89.0}, "geometry": {"type": "Polygon", "coordinates": [[[88.0, 20.0], [89.0, 20.0], [89.0, 21.0], [88.0, 21.0], [88.0, 20.0]]]}}, {"type": "Feature", "properties": {"cell_id": "r15c21", "lat_c": 20.5, "lon_c": 89.5, "lat_min": 20.0, "lat_max": 21.0, "lon_min": 89.0, "lon_max": 90.0}, "geometry": {"type": "Polygon", "coordinates": [[[89.0, 20.0], [90.0, 20.0], [90.0, 21.0], [89.0, 21.0], [89.0, 20.0]]]}}, {"type": "Feature", "properties": {"cell_id": "r15c22", "lat_c": 20.5, "lon_c": 90.5, "lat_min": 20.0, "lat_max": 21.0, "lon_min": 90.0, "lon_max": 91.0}, "geometry": {"type": "Polygon", "coordinates": [[[90.0, 20.0], [91.0, 20.0], [91.0, 21.0], [90.0, 21.0], [90.0, 20.0]]]}}, {"type": "Feature", "properties": {"cell_id": "r15c23", "lat_c": 20.5, "lon_c": 91.5, "lat_min": 20.0, "lat_max": 21.0, "lon_min": 91.0, "lon_max": 92.0}, "geometry": {"type": "Polygon", "coordinates": [[[91.0, 20.0], [92.0, 20.0], [92.0, 21.0], [91.0, 21.0], [91.0, 20.0]]]}}, {"type": "Feature", "properties": {"cell_id": "r15c24", "lat_c": 20.5, "lon_c": 92.5, "lat_min": 20.0, "lat_max": 21.0, "lon_min": 92.0, "lon_max": 93.0}, "geometry": {"type": "Polygon", "coordinates": [[[92.0, 20.0], [93.0, 20.0], [93.0, 21.0], [92.0, 21.0], [92.0, 20.0]]]}}, {"type": "Feature", "properties": {"cell_id": "r15c25", "lat_c": 20.5, "lon_c": 93.5, "lat_min": 20.0, "lat_max": 21.0, "lon_min": 93.0, "lon_max": 94.0}, "geometry": {"type": "Polygon", "coordinates": [[[93.0, 20.0], [94.0, 20.0], [94.0, 21.0], [93.0, 21.0], [93.0, 20.0]]]}}, {"type": "Feature", "properties": {"cell_id": "r15c26", "lat_c": 20.5, "lon_c": 94.5, "lat_min": 20.0, "lat_max": 21.0, "lon_min": 94.0, "lon_max": 95.0}, "geometry": {"type": "Polygon", "coordinates": [[[94.0, 20.0], [95.0, 20.0], [95.0, 21.0], [94.0, 21.0], [94.0, 20.0]]]}}, {"type": "Feature", "properties": {"cell_id": "r15c27", "lat_c": 20.5, "lon_c": 95.5, "lat_min": 20.0, "lat_max": 21.0, "lon_min": 95.0, "lon_max": 96.0}, "geometry": {"type": "Polygon", "coordinates": [[[95.0, 20.0], [96.0, 20.0], [96.0, 21.0], [95.0, 21.0], [95.0, 20.0]]]}}, {"type": "Feature", "properties": {"cell_id": "r15c28", "lat_c": 20.5, "lon_c": 96.5, "lat_min": 20.0, "lat_max": 21.0, "lon_min": 96.0, "lon_max": 97.0}, "geometry": {"type": "Polygon", "coordinates": [[[96.0, 20.0], [97.0, 20.0], [97.0, 21.0], [96.0, 21.0], [96.0, 20.0]]]}}, {"type": "Feature", "properties": {"cell_id": "r15c29", "lat_c": 20.5, "lon_c": 97.5, "lat_min": 20.0, "lat_max": 21.0, "lon_min": 97.0, "lon_max": 98.0}, "geometry": {"type": "Polygon", "coordinates": [[[97.0, 20.0], [98.0, 20.0], [98.0, 21.0], [97.0, 21.0], [97.0, 20.0]]]}}, {"type": "Feature", "properties": {"cell_id": "r15c30", "lat_c": 20.5, "lon_c": 98.5, "lat_min": 20.0, "lat_max": 21.0, "lon_min": 98.0, "lon_max": 99.0}, "geometry": {"type": "Polygon", "coordinates": [[[98.0, 20.0], [99.0, 20.0], [99.0, 21.0], [98.0, 21.0], [98.0, 20.0]]]}}, {"type": "Feature", "properties": {"cell_id": "r15c31", "lat_c": 20.5, "lon_c": 99.5, "lat_min": 20.0, "lat_max": 21.0, "lon_min": 99.0, "lon_max": 100.0}, "geometry": {"type": "Polygon", "coordinates": [[[99.0, 20.0], [100.0, 20.0], [100.0, 21.0], [99.0, 21.0], [99.0, 20.0]]]}}, {"type": "Feature", "properties": {"cell_id": "r15c32", "lat_c": 20.5, "lon_c": 100.5, "lat_min": 20.0, "lat_max": 21.0, "lon_min": 100.0, "lon_max": 101.0}, "geometry": {"type": "Polygon", "coordinates": [[[100.0, 20.0], [101.0, 20.0], [101.0, 21.0], [100.0, 21.0], [100.0, 20.0]]]}}, {"type": "Feature", "properties": {"cell_id": "r15c33", "lat_c": 20.5, "lon_c": 101.5, "lat_min": 20.0, "lat_max": 21.0, "lon_min": 101.0, "lon_max": 102.0}, "geometry": {"type": "Polygon", "coordinates": [[[101.0, 20.0], [102.0, 20.0], [102.0, 21.0], [101.0, 21.0], [101.0, 20.0]]]}}, {"type": "Feature", "properties": {"cell_id": "r16c00", "lat_c": 21.5, "lon_c": 68.5, "lat_min": 21.0, "lat_max": 22.0, "lon_min": 68.0, "lon_max": 69.0}, "geometry": {"type": "Polygon", "coordinates": [[[68.0, 21.0], [69.0, 21.0], [69.0, 22.0], [68.0, 22.0], [68.0, 21.0]]]}}, {"type": "Feature", "properties": {"cell_id": "r16c01", "lat_c": 21.5, "lon_c": 69.5, "lat_min": 21.0, "lat_max": 22.0, "lon_min": 69.0, "lon_max": 70.0}, "geometry": {"type": "Polygon", "coordinates": [[[69.0, 21.0], [70.0, 21.0], [70.0, 22.0], [69.0, 22.0], [69.0, 21.0]]]}}, {"type": "Feature", "properties": {"cell_id": "r16c02", "lat_c": 21.5, "lon_c": 70.5, "lat_min": 21.0, "lat_max": 22.0, "lon_min": 70.0, "lon_max": 71.0}, "geometry": {"type": "Polygon", "coordinates": [[[70.0, 21.0], [71.0, 21.0], [71.0, 22.0], [70.0, 22.0], [70.0, 21.0]]]}}, {"type": "Feature", "properties": {"cell_id": "r16c03", "lat_c": 21.5, "lon_c": 71.5, "lat_min": 21.0, "lat_max": 22.0, "lon_min": 71.0, "lon_max": 72.0}, "geometry": {"type": "Polygon", "coordinates": [[[71.0, 21.0], [72.0, 21.0], [72.0, 22.0], [71.0, 22.0], [71.0, 21.0]]]}}, {"type": "Feature", "properties": {"cell_id": "r16c04", "lat_c": 21.5, "lon_c": 72.5, "lat_min": 21.0, "lat_max": 22.0, "lon_min": 72.0, "lon_max": 73.0}, "geometry": {"type": "Polygon", "coordinates": [[[72.0, 21.0], [73.0, 21.0], [73.0, 22.0], [72.0, 22.0], [72.0, 21.0]]]}}, {"type": "Feature", "properties": {"cell_id": "r16c05", "lat_c": 21.5, "lon_c": 73.5, "lat_min": 21.0, "lat_max": 22.0, "lon_min": 73.0, "lon_max": 74.0}, "geometry": {"type": "Polygon", "coordinates": [[[73.0, 21.0], [74.0, 21.0], [74.0, 22.0], [73.0, 22.0], [73.0, 21.0]]]}}, {"type": "Feature", "properties": {"cell_id": "r16c06", "lat_c": 21.5, "lon_c": 74.5, "lat_min": 21.0, "lat_max": 22.0, "lon_min": 74.0, "lon_max": 75.0}, "geometry": {"type": "Polygon", "coordinates": [[[74.0, 21.0], [75.0, 21.0], [75.0, 22.0], [74.0, 22.0], [74.0, 21.0]]]}}, {"type": "Feature", "properties": {"cell_id": "r16c07", "lat_c": 21.5, "lon_c": 75.5, "lat_min": 21.0, "lat_max": 22.0, "lon_min": 75.0, "lon_max": 76.0}, "geometry": {"type": "Polygon", "coordinates": [[[75.0, 21.0], [76.0, 21.0], [76.0, 22.0], [75.0, 22.0], [75.0, 21.0]]]}}, {"type": "Feature", "properties": {"cell_id": "r16c08", "lat_c": 21.5, "lon_c": 76.5, "lat_min": 21.0, "lat_max": 22.0, "lon_min": 76.0, "lon_max": 77.0}, "geometry": {"type": "Polygon", "coordinates": [[[76.0, 21.0], [77.0, 21.0], [77.0, 22.0], [76.0, 22.0], [76.0, 21.0]]]}}, {"type": "Feature", "properties": {"cell_id": "r16c09", "lat_c": 21.5, "lon_c": 77.5, "lat_min": 21.0, "lat_max": 22.0, "lon_min": 77.0, "lon_max": 78.0}, "geometry": {"type": "Polygon", "coordinates": [[[77.0, 21.0], [78.0, 21.0], [78.0, 22.0], [77.0, 22.0], [77.0, 21.0]]]}}, {"type": "Feature", "properties": {"cell_id": "r16c10", "lat_c": 21.5, "lon_c": 78.5, "lat_min": 21.0, "lat_max": 22.0, "lon_min": 78.0, "lon_max": 79.0}, "geometry": {"type": "Polygon", "coordinates": [[[78.0, 21.0], [79.0, 21.0], [79.0, 22.0], [78.0, 22.0], [78.0, 21.0]]]}}, {"type": "Feature", "properties": {"cell_id": "r16c11", "lat_c": 21.5, "lon_c": 79.5, "lat_min": 21.0, "lat_max": 22.0, "lon_min": 79.0, "lon_max": 80.0}, "geometry": {"type": "Polygon", "coordinates": [[[79.0, 21.0], [80.0, 21.0], [80.0, 22.0], [79.0, 22.0], [79.0, 21.0]]]}}, {"type": "Feature", "properties": {"cell_id": "r16c12", "lat_c": 21.5, "lon_c": 80.5, "lat_min": 21.0, "lat_max": 22.0, "lon_min": 80.0, "lon_max": 81.0}, "geometry": {"type": "Polygon", "coordinates": [[[80.0, 21.0], [81.0, 21.0], [81.0, 22.0], [80.0, 22.0], [80.0, 21.0]]]}}, {"type": "Feature", "properties": {"cell_id": "r16c13", "lat_c": 21.5, "lon_c": 81.5, "lat_min": 21.0, "lat_max": 22.0, "lon_min": 81.0, "lon_max": 82.0}, "geometry": {"type": "Polygon", "coordinates": [[[81.0, 21.0], [82.0, 21.0], [82.0, 22.0], [81.0, 22.0], [81.0, 21.0]]]}}, {"type": "Feature", "properties": {"cell_id": "r16c14", "lat_c": 21.5, "lon_c": 82.5, "lat_min": 21.0, "lat_max": 22.0, "lon_min": 82.0, "lon_max": 83.0}, "geometry": {"type": "Polygon", "coordinates": [[[82.0, 21.0], [83.0, 21.0], [83.0, 22.0], [82.0, 22.0], [82.0, 21.0]]]}}, {"type": "Feature", "properties": {"cell_id": "r16c15", "lat_c": 21.5, "lon_c": 83.5, "lat_min": 21.0, "lat_max": 22.0, "lon_min": 83.0, "lon_max": 84.0}, "geometry": {"type": "Polygon", "coordinates": [[[83.0, 21.0], [84.0, 21.0], [84.0, 22.0], [83.0, 22.0], [83.0, 21.0]]]}}, {"type": "Feature", "properties": {"cell_id": "r16c16", "lat_c": 21.5, "lon_c": 84.5, "lat_min": 21.0, "lat_max": 22.0, "lon_min": 84.0, "lon_max": 85.0}, "geometry": {"type": "Polygon", "coordinates": [[[84.0, 21.0], [85.0, 21.0], [85.0, 22.0], [84.0, 22.0], [84.0, 21.0]]]}}, {"type": "Feature", "properties": {"cell_id": "r16c17", "lat_c": 21.5, "lon_c": 85.5, "lat_min": 21.0, "lat_max": 22.0, "lon_min": 85.0, "lon_max": 86.0}, "geometry": {"type": "Polygon", "coordinates": [[[85.0, 21.0], [86.0, 21.0], [86.0, 22.0], [85.0, 22.0], [85.0, 21.0]]]}}, {"type": "Feature", "properties": {"cell_id": "r16c18", "lat_c": 21.5, "lon_c": 86.5, "lat_min": 21.0, "lat_max": 22.0, "lon_min": 86.0, "lon_max": 87.0}, "geometry": {"type": "Polygon", "coordinates": [[[86.0, 21.0], [87.0, 21.0], [87.0, 22.0], [86.0, 22.0], [86.0, 21.0]]]}}, {"type": "Feature", "properties": {"cell_id": "r16c19", "lat_c": 21.5, "lon_c": 87.5, "lat_min": 21.0, "lat_max": 22.0, "lon_min": 87.0, "lon_max": 88.0}, "geometry": {"type": "Polygon", "coordinates": [[[87.0, 21.0], [88.0, 21.0], [88.0, 22.0], [87.0, 22.0], [87.0, 21.0]]]}}, {"type": "Feature", "properties": {"cell_id": "r16c20", "lat_c": 21.5, "lon_c": 88.5, "lat_min": 21.0, "lat_max": 22.0, "lon_min": 88.0, "lon_max": 89.0}, "geometry": {"type": "Polygon", "coordinates": [[[88.0, 21.0], [89.0, 21.0], [89.0, 22.0], [88.0, 22.0], [88.0, 21.0]]]}}, {"type": "Feature", "properties": {"cell_id": "r16c21", "lat_c": 21.5, "lon_c": 89.5, "lat_min": 21.0, "lat_max": 22.0, "lon_min": 89.0, "lon_max": 90.0}, "geometry": {"type": "Polygon", "coordinates": [[[89.0, 21.0], [90.0, 21.0], [90.0, 22.0], [89.0, 22.0], [89.0, 21.0]]]}}, {"type": "Feature", "properties": {"cell_id": "r16c22", "lat_c": 21.5, "lon_c": 90.5, "lat_min": 21.0, "lat_max": 22.0, "lon_min": 90.0, "lon_max": 91.0}, "geometry": {"type": "Polygon", "coordinates": [[[90.0, 21.0], [91.0, 21.0], [91.0, 22.0], [90.0, 22.0], [90.0, 21.0]]]}}, {"type": "Feature", "properties": {"cell_id": "r16c23", "lat_c": 21.5, "lon_c": 91.5, "lat_min": 21.0, "lat_max": 22.0, "lon_min": 91.0, "lon_max": 92.0}, "geometry": {"type": "Polygon", "coordinates": [[[91.0, 21.0], [92.0, 21.0], [92.0, 22.0], [91.0, 22.0], [91.0, 21.0]]]}}, {"type": "Feature", "properties": {"cell_id": "r16c24", "lat_c": 21.5, "lon_c": 92.5, "lat_min": 21.0, "lat_max": 22.0, "lon_min": 92.0, "lon_max": 93.0}, "geometry": {"type": "Polygon", "coordinates": [[[92.0, 21.0], [93.0, 21.0], [93.0, 22.0], [92.0, 22.0], [92.0, 21.0]]]}}, {"type": "Feature", "properties": {"cell_id": "r16c25", "lat_c": 21.5, "lon_c": 93.5, "lat_min": 21.0, "lat_max": 22.0, "lon_min": 93.0, "lon_max": 94.0}, "geometry": {"type": "Polygon", "coordinates": [[[93.0, 21.0], [94.0, 21.0], [94.0, 22.0], [93.0, 22.0], [93.0, 21.0]]]}}, {"type": "Feature", "properties": {"cell_id": "r16c26", "lat_c": 21.5, "lon_c": 94.5, "lat_min": 21.0, "lat_max": 22.0, "lon_min": 94.0, "lon_max": 95.0}, "geometry": {"type": "Polygon", "coordinates": [[[94.0, 21.0], [95.0, 21.0], [95.0, 22.0], [94.0, 22.0], [94.0, 21.0]]]}}, {"type": "Feature", "properties": {"cell_id": "r16c27", "lat_c": 21.5, "lon_c": 95.5, "lat_min": 21.0, "lat_max": 22.0, "lon_min": 95.0, "lon_max": 96.0}, "geometry": {"type": "Polygon", "coordinates": [[[95.0, 21.0], [96.0, 21.0], [96.0, 22.0], [95.0, 22.0], [95.0, 21.0]]]}}, {"type": "Feature", "properties": {"cell_id": "r16c28", "lat_c": 21.5, "lon_c": 96.5, "lat_min": 21.0, "lat_max": 22.0, "lon_min": 96.0, "lon_max": 97.0}, "geometry": {"type": "Polygon", "coordinates": [[[96.0, 21.0], [97.0, 21.0], [97.0, 22.0], [96.0, 22.0], [96.0, 21.0]]]}}, {"type": "Feature", "properties": {"cell_id": "r16c29", "lat_c": 21.5, "lon_c": 97.5, "lat_min": 21.0, "lat_max": 22.0, "lon_min": 97.0, "lon_max": 98.0}, "geometry": {"type": "Polygon", "coordinates": [[[97.0, 21.0], [98.0, 21.0], [98.0, 22.0], [97.0, 22.0], [97.0, 21.0]]]}}, {"type": "Feature", "properties": {"cell_id": "r16c30", "lat_c": 21.5, "lon_c": 98.5, "lat_min": 21.0, "lat_max": 22.0, "lon_min": 98.0, "lon_max": 99.0}, "geometry": {"type": "Polygon", "coordinates": [[[98.0, 21.0], [99.0, 21.0], [99.0, 22.0], [98.0, 22.0], [98.0, 21.0]]]}}, {"type": "Feature", "properties": {"cell_id": "r16c31", "lat_c": 21.5, "lon_c": 99.5, "lat_min": 21.0, "lat_max": 22.0, "lon_min": 99.0, "lon_max": 100.0}, "geometry": {"type": "Polygon", "coordinates": [[[99.0, 21.0], [100.0, 21.0], [100.0, 22.0], [99.0, 22.0], [99.0, 21.0]]]}}, {"type": "Feature", "properties": {"cell_id": "r16c32", "lat_c": 21.5, "lon_c": 100.5, "lat_min": 21.0, "lat_max": 22.0, "lon_min": 100.0, "lon_max": 101.0}, "geometry": {"type": "Polygon", "coordinates": [[[100.0, 21.0], [101.0, 21.0], [101.0, 22.0], [100.0, 22.0], [100.0, 21.0]]]}}, {"type": "Feature", "properties": {"cell_id": "r16c33", "lat_c": 21.5, "lon_c": 101.5, "lat_min": 21.0, "lat_max": 22.0, "lon_min": 101.0, "lon_max": 102.0}, "geometry": {"type": "Polygon", "coordinates": [[[101.0, 21.0], [102.0, 21.0], [102.0, 22.0], [101.0, 22.0], [101.0, 21.0]]]}}, {"type": "Feature", "properties": {"cell_id": "r17c00", "lat_c": 22.5, "lon_c": 68.5, "lat_min": 22.0, "lat_max": 23.0, "lon_min": 68.0, "lon_max": 69.0}, "geometry": {"type": "Polygon", "coordinates": [[[68.0, 22.0], [69.0, 22.0], [69.0, 23.0], [68.0, 23.0], [68.0, 22.0]]]}}, {"type": "Feature", "properties": {"cell_id": "r17c01", "lat_c": 22.5, "lon_c": 69.5, "lat_min": 22.0, "lat_max": 23.0, "lon_min": 69.0, "lon_max": 70.0}, "geometry": {"type": "Polygon", "coordinates": [[[69.0, 22.0], [70.0, 22.0], [70.0, 23.0], [69.0, 23.0], [69.0, 22.0]]]}}, {"type": "Feature", "properties": {"cell_id": "r17c02", "lat_c": 22.5, "lon_c": 70.5, "lat_min": 22.0, "lat_max": 23.0, "lon_min": 70.0, "lon_max": 71.0}, "geometry": {"type": "Polygon", "coordinates": [[[70.0, 22.0], [71.0, 22.0], [71.0, 23.0], [70.0, 23.0], [70.0, 22.0]]]}}, {"type": "Feature", "properties": {"cell_id": "r17c03", "lat_c": 22.5, "lon_c": 71.5, "lat_min": 22.0, "lat_max": 23.0, "lon_min": 71.0, "lon_max": 72.0}, "geometry": {"type": "Polygon", "coordinates": [[[71.0, 22.0], [72.0, 22.0], [72.0, 23.0], [71.0, 23.0], [71.0, 22.0]]]}}, {"type": "Feature", "properties": {"cell_id": "r17c04", "lat_c": 22.5, "lon_c": 72.5, "lat_min": 22.0, "lat_max": 23.0, "lon_min": 72.0, "lon_max": 73.0}, "geometry": {"type": "Polygon", "coordinates": [[[72.0, 22.0], [73.0, 22.0], [73.0, 23.0], [72.0, 23.0], [72.0, 22.0]]]}}, {"type": "Feature", "properties": {"cell_id": "r17c05", "lat_c": 22.5, "lon_c": 73.5, "lat_min": 22.0, "lat_max": 23.0, "lon_min": 73.0, "lon_max": 74.0}, "geometry": {"type": "Polygon", "coordinates": [[[73.0, 22.0], [74.0, 22.0], [74.0, 23.0], [73.0, 23.0], [73.0, 22.0]]]}}, {"type": "Feature", "properties": {"cell_id": "r17c06", "lat_c": 22.5, "lon_c": 74.5, "lat_min": 22.0, "lat_max": 23.0, "lon_min": 74.0, "lon_max": 75.0}, "geometry": {"type": "Polygon", "coordinates": [[[74.0, 22.0], [75.0, 22.0], [75.0, 23.0], [74.0, 23.0], [74.0, 22.0]]]}}, {"type": "Feature", "properties": {"cell_id": "r17c07", "lat_c": 22.5, "lon_c": 75.5, "lat_min": 22.0, "lat_max": 23.0, "lon_min": 75.0, "lon_max": 76.0}, "geometry": {"type": "Polygon", "coordinates": [[[75.0, 22.0], [76.0, 22.0], [76.0, 23.0], [75.0, 23.0], [75.0, 22.0]]]}}, {"type": "Feature", "properties": {"cell_id": "r17c08", "lat_c": 22.5, "lon_c": 76.5, "lat_min": 22.0, "lat_max": 23.0, "lon_min": 76.0, "lon_max": 77.0}, "geometry": {"type": "Polygon", "coordinates": [[[76.0, 22.0], [77.0, 22.0], [77.0, 23.0], [76.0, 23.0], [76.0, 22.0]]]}}, {"type": "Feature", "properties": {"cell_id": "r17c09", "lat_c": 22.5, "lon_c": 77.5, "lat_min": 22.0, "lat_max": 23.0, "lon_min": 77.0, "lon_max": 78.0}, "geometry": {"type": "Polygon", "coordinates": [[[77.0, 22.0], [78.0, 22.0], [78.0, 23.0], [77.0, 23.0], [77.0, 22.0]]]}}, {"type": "Feature", "properties": {"cell_id": "r17c10", "lat_c": 22.5, "lon_c": 78.5, "lat_min": 22.0, "lat_max": 23.0, "lon_min": 78.0, "lon_max": 79.0}, "geometry": {"type": "Polygon", "coordinates": [[[78.0, 22.0], [79.0, 22.0], [79.0, 23.0], [78.0, 23.0], [78.0, 22.0]]]}}, {"type": "Feature", "properties": {"cell_id": "r17c11", "lat_c": 22.5, "lon_c": 79.5, "lat_min": 22.0, "lat_max": 23.0, "lon_min": 79.0, "lon_max": 80.0}, "geometry": {"type": "Polygon", "coordinates": [[[79.0, 22.0], [80.0, 22.0], [80.0, 23.0], [79.0, 23.0], [79.0, 22.0]]]}}, {"type": "Feature", "properties": {"cell_id": "r17c12", "lat_c": 22.5, "lon_c": 80.5, "lat_min": 22.0, "lat_max": 23.0, "lon_min": 80.0, "lon_max": 81.0}, "geometry": {"type": "Polygon", "coordinates": [[[80.0, 22.0], [81.0, 22.0], [81.0, 23.0], [80.0, 23.0], [80.0, 22.0]]]}}, {"type": "Feature", "properties": {"cell_id": "r17c13", "lat_c": 22.5, "lon_c": 81.5, "lat_min": 22.0, "lat_max": 23.0, "lon_min": 81.0, "lon_max": 82.0}, "geometry": {"type": "Polygon", "coordinates": [[[81.0, 22.0], [82.0, 22.0], [82.0, 23.0], [81.0, 23.0], [81.0, 22.0]]]}}, {"type": "Feature", "properties": {"cell_id": "r17c14", "lat_c": 22.5, "lon_c": 82.5, "lat_min": 22.0, "lat_max": 23.0, "lon_min": 82.0, "lon_max": 83.0}, "geometry": {"type": "Polygon", "coordinates": [[[82.0, 22.0], [83.0, 22.0], [83.0, 23.0], [82.0, 23.0], [82.0, 22.0]]]}}, {"type": "Feature", "properties": {"cell_id": "r17c15", "lat_c": 22.5, "lon_c": 83.5, "lat_min": 22.0, "lat_max": 23.0, "lon_min": 83.0, "lon_max": 84.0}, "geometry": {"type": "Polygon", "coordinates": [[[83.0, 22.0], [84.0, 22.0], [84.0, 23.0], [83.0, 23.0], [83.0, 22.0]]]}}, {"type": "Feature", "properties": {"cell_id": "r17c16", "lat_c": 22.5, "lon_c": 84.5, "lat_min": 22.0, "lat_max": 23.0, "lon_min": 84.0, "lon_max": 85.0}, "geometry": {"type": "Polygon", "coordinates": [[[84.0, 22.0], [85.0, 22.0], [85.0, 23.0], [84.0, 23.0], [84.0, 22.0]]]}}, {"type": "Feature", "properties": {"cell_id": "r17c17", "lat_c": 22.5, "lon_c": 85.5, "lat_min": 22.0, "lat_max": 23.0, "lon_min": 85.0, "lon_max": 86.0}, "geometry": {"type": "Polygon", "coordinates": [[[85.0, 22.0], [86.0, 22.0], [86.0, 23.0], [85.0, 23.0], [85.0, 22.0]]]}}, {"type": "Feature", "properties": {"cell_id": "r17c18", "lat_c": 22.5, "lon_c": 86.5, "lat_min": 22.0, "lat_max": 23.0, "lon_min": 86.0, "lon_max": 87.0}, "geometry": {"type": "Polygon", "coordinates": [[[86.0, 22.0], [87.0, 22.0], [87.0, 23.0], [86.0, 23.0], [86.0, 22.0]]]}}, {"type": "Feature", "properties": {"cell_id": "r17c19", "lat_c": 22.5, "lon_c": 87.5, "lat_min": 22.0, "lat_max": 23.0, "lon_min": 87.0, "lon_max": 88.0}, "geometry": {"type": "Polygon", "coordinates": [[[87.0, 22.0], [88.0, 22.0], [88.0, 23.0], [87.0, 23.0], [87.0, 22.0]]]}}, {"type": "Feature", "properties": {"cell_id": "r17c20", "lat_c": 22.5, "lon_c": 88.5, "lat_min": 22.0, "lat_max": 23.0, "lon_min": 88.0, "lon_max": 89.0}, "geometry": {"type": "Polygon", "coordinates": [[[88.0, 22.0], [89.0, 22.0], [89.0, 23.0], [88.0, 23.0], [88.0, 22.0]]]}}, {"type": "Feature", "properties": {"cell_id": "r17c21", "lat_c": 22.5, "lon_c": 89.5, "lat_min": 22.0, "lat_max": 23.0, "lon_min": 89.0, "lon_max": 90.0}, "geometry": {"type": "Polygon", "coordinates": [[[89.0, 22.0], [90.0, 22.0], [90.0, 23.0], [89.0, 23.0], [89.0, 22.0]]]}}, {"type": "Feature", "properties": {"cell_id": "r17c22", "lat_c": 22.5, "lon_c": 90.5, "lat_min": 22.0, "lat_max": 23.0, "lon_min": 90.0, "lon_max": 91.0}, "geometry": {"type": "Polygon", "coordinates": [[[90.0, 22.0], [91.0, 22.0], [91.0, 23.0], [90.0, 23.0], [90.0, 22.0]]]}}, {"type": "Feature", "properties": {"cell_id": "r17c23", "lat_c": 22.5, "lon_c": 91.5, "lat_min": 22.0, "lat_max": 23.0, "lon_min": 91.0, "lon_max": 92.0}, "geometry": {"type": "Polygon", "coordinates": [[[91.0, 22.0], [92.0, 22.0], [92.0, 23.0], [91.0, 23.0], [91.0, 22.0]]]}}, {"type": "Feature", "properties": {"cell_id": "r17c24", "lat_c": 22.5, "lon_c": 92.5, "lat_min": 22.0, "lat_max": 23.0, "lon_min": 92.0, "lon_max": 93.0}, "geometry": {"type": "Polygon", "coordinates": [[[92.0, 22.0], [93.0, 22.0], [93.0, 23.0], [92.0, 23.0], [92.0, 22.0]]]}}, {"type": "Feature", "properties": {"cell_id": "r17c25", "lat_c": 22.5, "lon_c": 93.5, "lat_min": 22.0, "lat_max": 23.0, "lon_min": 93.0, "lon_max": 94.0}, "geometry": {"type": "Polygon", "coordinates": [[[93.0, 22.0], [94.0, 22.0], [94.0, 23.0], [93.0, 23.0], [93.0, 22.0]]]}}, {"type": "Feature", "properties": {"cell_id": "r17c26", "lat_c": 22.5, "lon_c": 94.5, "lat_min": 22.0, "lat_max": 23.0, "lon_min": 94.0, "lon_max": 95.0}, "geometry": {"type": "Polygon", "coordinates": [[[94.0, 22.0], [95.0, 22.0], [95.0, 23.0], [94.0, 23.0], [94.0, 22.0]]]}}, {"type": "Feature", "properties": {"cell_id": "r17c27", "lat_c": 22.5, "lon_c": 95.5, "lat_min": 22.0, "lat_max": 23.0, "lon_min": 95.0, "lon_max": 96.0}, "geometry": {"type": "Polygon", "coordinates": [[[95.0, 22.0], [96.0, 22.0], [96.0, 23.0], [95.0, 23.0], [95.0, 22.0]]]}}, {"type": "Feature", "properties": {"cell_id": "r17c28", "lat_c": 22.5, "lon_c": 96.5, "lat_min": 22.0, "lat_max": 23.0, "lon_min": 96.0, "lon_max": 97.0}, "geometry": {"type": "Polygon", "coordinates": [[[96.0, 22.0], [97.0, 22.0], [97.0, 23.0], [96.0, 23.0], [96.0, 22.0]]]}}, {"type": "Feature", "properties": {"cell_id": "r17c29", "lat_c": 22.5, "lon_c": 97.5, "lat_min": 22.0, "lat_max": 23.0, "lon_min": 97.0, "lon_max": 98.0}, "geometry": {"type": "Polygon", "coordinates": [[[97.0, 22.0], [98.0, 22.0], [98.0, 23.0], [97.0, 23.0], [97.0, 22.0]]]}}, {"type": "Feature", "properties": {"cell_id": "r17c30", "lat_c": 22.5, "lon_c": 98.5, "lat_min": 22.0, "lat_max": 23.0, "lon_min": 98.0, "lon_max": 99.0}, "geometry": {"type": "Polygon", "coordinates": [[[98.0, 22.0], [99.0, 22.0], [99.0, 23.0], [98.0, 23.0], [98.0, 22.0]]]}}, {"type": "Feature", "properties": {"cell_id": "r17c31", "lat_c": 22.5, "lon_c": 99.5, "lat_min": 22.0, "lat_max": 23.0, "lon_min": 99.0, "lon_max": 100.0}, "geometry": {"type": "Polygon", "coordinates": [[[99.0, 22.0], [100.0, 22.0], [100.0, 23.0], [99.0, 23.0], [99.0, 22.0]]]}}, {"type": "Feature", "properties": {"cell_id": "r17c32", "lat_c": 22.5, "lon_c": 100.5, "lat_min": 22.0, "lat_max": 23.0, "lon_min": 100.0, "lon_max": 101.0}, "geometry": {"type": "Polygon", "coordinates": [[[100.0, 22.0], [101.0, 22.0], [101.0, 23.0], [100.0, 23.0], [100.0, 22.0]]]}}, {"type": "Feature", "properties": {"cell_id": "r17c33", "lat_c": 22.5, "lon_c": 101.5, "lat_min": 22.0, "lat_max": 23.0, "lon_min": 101.0, "lon_max": 102.0}, "geometry": {"type": "Polygon", "coordinates": [[[101.0, 22.0], [102.0, 22.0], [102.0, 23.0], [101.0, 23.0], [101.0, 22.0]]]}}, {"type": "Feature", "properties": {"cell_id": "r18c00", "lat_c": 23.5, "lon_c": 68.5, "lat_min": 23.0, "lat_max": 24.0, "lon_min": 68.0, "lon_max": 69.0}, "geometry": {"type": "Polygon", "coordinates": [[[68.0, 23.0], [69.0, 23.0], [69.0, 24.0], [68.0, 24.0], [68.0, 23.0]]]}}, {"type": "Feature", "properties": {"cell_id": "r18c01", "lat_c": 23.5, "lon_c": 69.5, "lat_min": 23.0, "lat_max": 24.0, "lon_min": 69.0, "lon_max": 70.0}, "geometry": {"type": "Polygon", "coordinates": [[[69.0, 23.0], [70.0, 23.0], [70.0, 24.0], [69.0, 24.0], [69.0, 23.0]]]}}, {"type": "Feature", "properties": {"cell_id": "r18c02", "lat_c": 23.5, "lon_c": 70.5, "lat_min": 23.0, "lat_max": 24.0, "lon_min": 70.0, "lon_max": 71.0}, "geometry": {"type": "Polygon", "coordinates": [[[70.0, 23.0], [71.0, 23.0], [71.0, 24.0], [70.0, 24.0], [70.0, 23.0]]]}}, {"type": "Feature", "properties": {"cell_id": "r18c03", "lat_c": 23.5, "lon_c": 71.5, "lat_min": 23.0, "lat_max": 24.0, "lon_min": 71.0, "lon_max": 72.0}, "geometry": {"type": "Polygon", "coordinates": [[[71.0, 23.0], [72.0, 23.0], [72.0, 24.0], [71.0, 24.0], [71.0, 23.0]]]}}, {"type": "Feature", "properties": {"cell_id": "r18c04", "lat_c": 23.5, "lon_c": 72.5, "lat_min": 23.0, "lat_max": 24.0, "lon_min": 72.0, "lon_max": 73.0}, "geometry": {"type": "Polygon", "coordinates": [[[72.0, 23.0], [73.0, 23.0], [73.0, 24.0], [72.0, 24.0], [72.0, 23.0]]]}}, {"type": "Feature", "properties": {"cell_id": "r18c05", "lat_c": 23.5, "lon_c": 73.5, "lat_min": 23.0, "lat_max": 24.0, "lon_min": 73.0, "lon_max": 74.0}, "geometry": {"type": "Polygon", "coordinates": [[[73.0, 23.0], [74.0, 23.0], [74.0, 24.0], [73.0, 24.0], [73.0, 23.0]]]}}, {"type": "Feature", "properties": {"cell_id": "r18c06", "lat_c": 23.5, "lon_c": 74.5, "lat_min": 23.0, "lat_max": 24.0, "lon_min": 74.0, "lon_max": 75.0}, "geometry": {"type": "Polygon", "coordinates": [[[74.0, 23.0], [75.0, 23.0], [75.0, 24.0], [74.0, 24.0], [74.0, 23.0]]]}}, {"type": "Feature", "properties": {"cell_id": "r18c07", "lat_c": 23.5, "lon_c": 75.5, "lat_min": 23.0, "lat_max": 24.0, "lon_min": 75.0, "lon_max": 76.0}, "geometry": {"type": "Polygon", "coordinates": [[[75.0, 23.0], [76.0, 23.0], [76.0, 24.0], [75.0, 24.0], [75.0, 23.0]]]}}, {"type": "Feature", "properties": {"cell_id": "r18c08", "lat_c": 23.5, "lon_c": 76.5, "lat_min": 23.0, "lat_max": 24.0, "lon_min": 76.0, "lon_max": 77.0}, "geometry": {"type": "Polygon", "coordinates": [[[76.0, 23.0], [77.0, 23.0], [77.0, 24.0], [76.0, 24.0], [76.0, 23.0]]]}}, {"type": "Feature", "properties": {"cell_id": "r18c09", "lat_c": 23.5, "lon_c": 77.5, "lat_min": 23.0, "lat_max": 24.0, "lon_min": 77.0, "lon_max": 78.0}, "geometry": {"type": "Polygon", "coordinates": [[[77.0, 23.0], [78.0, 23.0], [78.0, 24.0], [77.0, 24.0], [77.0, 23.0]]]}}, {"type": "Feature", "properties": {"cell_id": "r18c10", "lat_c": 23.5, "lon_c": 78.5, "lat_min": 23.0, "lat_max": 24.0, "lon_min": 78.0, "lon_max": 79.0}, "geometry": {"type": "Polygon", "coordinates": [[[78.0, 23.0], [79.0, 23.0], [79.0, 24.0], [78.0, 24.0], [78.0, 23.0]]]}}, {"type": "Feature", "properties": {"cell_id": "r18c11", "lat_c": 23.5, "lon_c": 79.5, "lat_min": 23.0, "lat_max": 24.0, "lon_min": 79.0, "lon_max": 80.0}, "geometry": {"type": "Polygon", "coordinates": [[[79.0, 23.0], [80.0, 23.0], [80.0, 24.0], [79.0, 24.0], [79.0, 23.0]]]}}, {"type": "Feature", "properties": {"cell_id": "r18c12", "lat_c": 23.5, "lon_c": 80.5, "lat_min": 23.0, "lat_max": 24.0, "lon_min": 80.0, "lon_max": 81.0}, "geometry": {"type": "Polygon", "coordinates": [[[80.0, 23.0], [81.0, 23.0], [81.0, 24.0], [80.0, 24.0], [80.0, 23.0]]]}}, {"type": "Feature", "properties": {"cell_id": "r18c13", "lat_c": 23.5, "lon_c": 81.5, "lat_min": 23.0, "lat_max": 24.0, "lon_min": 81.0, "lon_max": 82.0}, "geometry": {"type": "Polygon", "coordinates": [[[81.0, 23.0], [82.0, 23.0], [82.0, 24.0], [81.0, 24.0], [81.0, 23.0]]]}}, {"type": "Feature", "properties": {"cell_id": "r18c14", "lat_c": 23.5, "lon_c": 82.5, "lat_min": 23.0, "lat_max": 24.0, "lon_min": 82.0, "lon_max": 83.0}, "geometry": {"type": "Polygon", "coordinates": [[[82.0, 23.0], [83.0, 23.0], [83.0, 24.0], [82.0, 24.0], [82.0, 23.0]]]}}, {"type": "Feature", "properties": {"cell_id": "r18c15", "lat_c": 23.5, "lon_c": 83.5, "lat_min": 23.0, "lat_max": 24.0, "lon_min": 83.0, "lon_max": 84.0}, "geometry": {"type": "Polygon", "coordinates": [[[83.0, 23.0], [84.0, 23.0], [84.0, 24.0], [83.0, 24.0], [83.0, 23.0]]]}}, {"type": "Feature", "properties": {"cell_id": "r18c16", "lat_c": 23.5, "lon_c": 84.5, "lat_min": 23.0, "lat_max": 24.0, "lon_min": 84.0, "lon_max": 85.0}, "geometry": {"type": "Polygon", "coordinates": [[[84.0, 23.0], [85.0, 23.0], [85.0, 24.0], [84.0, 24.0], [84.0, 23.0]]]}}, {"type": "Feature", "properties": {"cell_id": "r18c17", "lat_c": 23.5, "lon_c": 85.5, "lat_min": 23.0, "lat_max": 24.0, "lon_min": 85.0, "lon_max": 86.0}, "geometry": {"type": "Polygon", "coordinates": [[[85.0, 23.0], [86.0, 23.0], [86.0, 24.0], [85.0, 24.0], [85.0, 23.0]]]}}, {"type": "Feature", "properties": {"cell_id": "r18c18", "lat_c": 23.5, "lon_c": 86.5, "lat_min": 23.0, "lat_max": 24.0, "lon_min": 86.0, "lon_max": 87.0}, "geometry": {"type": "Polygon", "coordinates": [[[86.0, 23.0], [87.0, 23.0], [87.0, 24.0], [86.0, 24.0], [86.0, 23.0]]]}}, {"type": "Feature", "properties": {"cell_id": "r18c19", "lat_c": 23.5, "lon_c": 87.5, "lat_min": 23.0, "lat_max": 24.0, "lon_min": 87.0, "lon_max": 88.0}, "geometry": {"type": "Polygon", "coordinates": [[[87.0, 23.0], [88.0, 23.0], [88.0, 24.0], [87.0, 24.0], [87.0, 23.0]]]}}, {"type": "Feature", "properties": {"cell_id": "r18c20", "lat_c": 23.5, "lon_c": 88.5, "lat_min": 23.0, "lat_max": 24.0, "lon_min": 88.0, "lon_max": 89.0}, "geometry": {"type": "Polygon", "coordinates": [[[88.0, 23.0], [89.0, 23.0], [89.0, 24.0], [88.0, 24.0], [88.0, 23.0]]]}}, {"type": "Feature", "properties": {"cell_id": "r18c21", "lat_c": 23.5, "lon_c": 89.5, "lat_min": 23.0, "lat_max": 24.0, "lon_min": 89.0, "lon_max": 90.0}, "geometry": {"type": "Polygon", "coordinates": [[[89.0, 23.0], [90.0, 23.0], [90.0, 24.0], [89.0, 24.0], [89.0, 23.0]]]}}, {"type": "Feature", "properties": {"cell_id": "r18c22", "lat_c": 23.5, "lon_c": 90.5, "lat_min": 23.0, "lat_max": 24.0, "lon_min": 90.0, "lon_max": 91.0}, "geometry": {"type": "Polygon", "coordinates": [[[90.0, 23.0], [91.0, 23.0], [91.0, 24.0], [90.0, 24.0], [90.0, 23.0]]]}}, {"type": "Feature", "properties": {"cell_id": "r18c23", "lat_c": 23.5, "lon_c": 91.5, "lat_min": 23.0, "lat_max": 24.0, "lon_min": 91.0, "lon_max": 92.0}, "geometry": {"type": "Polygon", "coordinates": [[[91.0, 23.0], [92.0, 23.0], [92.0, 24.0], [91.0, 24.0], [91.0, 23.0]]]}}, {"type": "Feature", "properties": {"cell_id": "r18c24", "lat_c": 23.5, "lon_c": 92.5, "lat_min": 23.0, "lat_max": 24.0, "lon_min": 92.0, "lon_max": 93.0}, "geometry": {"type": "Polygon", "coordinates": [[[92.0, 23.0], [93.0, 23.0], [93.0, 24.0], [92.0, 24.0], [92.0, 23.0]]]}}, {"type": "Feature", "properties": {"cell_id": "r18c25", "lat_c": 23.5, "lon_c": 93.5, "lat_min": 23.0, "lat_max": 24.0, "lon_min": 93.0, "lon_max": 94.0}, "geometry": {"type": "Polygon", "coordinates": [[[93.0, 23.0], [94.0, 23.0], [94.0, 24.0], [93.0, 24.0], [93.0, 23.0]]]}}, {"type": "Feature", "properties": {"cell_id": "r18c26", "lat_c": 23.5, "lon_c": 94.5, "lat_min": 23.0, "lat_max": 24.0, "lon_min": 94.0, "lon_max": 95.0}, "geometry": {"type": "Polygon", "coordinates": [[[94.0, 23.0], [95.0, 23.0], [95.0, 24.0], [94.0, 24.0], [94.0, 23.0]]]}}, {"type": "Feature", "properties": {"cell_id": "r18c27", "lat_c": 23.5, "lon_c": 95.5, "lat_min": 23.0, "lat_max": 24.0, "lon_min": 95.0, "lon_max": 96.0}, "geometry": {"type": "Polygon", "coordinates": [[[95.0, 23.0], [96.0, 23.0], [96.0, 24.0], [95.0, 24.0], [95.0, 23.0]]]}}, {"type": "Feature", "properties": {"cell_id": "r18c28", "lat_c": 23.5, "lon_c": 96.5, "lat_min": 23.0, "lat_max": 24.0, "lon_min": 96.0, "lon_max": 97.0}, "geometry": {"type": "Polygon", "coordinates": [[[96.0, 23.0], [97.0, 23.0], [97.0, 24.0], [96.0, 24.0], [96.0, 23.0]]]}}, {"type": "Feature", "properties": {"cell_id": "r18c29", "lat_c": 23.5, "lon_c": 97.5, "lat_min": 23.0, "lat_max": 24.0, "lon_min": 97.0, "lon_max": 98.0}, "geometry": {"type": "Polygon", "coordinates": [[[97.0, 23.0], [98.0, 23.0], [98.0, 24.0], [97.0, 24.0], [97.0, 23.0]]]}}, {"type": "Feature", "properties": {"cell_id": "r18c30", "lat_c": 23.5, "lon_c": 98.5, "lat_min": 23.0, "lat_max": 24.0, "lon_min": 98.0, "lon_max": 99.0}, "geometry": {"type": "Polygon", "coordinates": [[[98.0, 23.0], [99.0, 23.0], [99.0, 24.0], [98.0, 24.0], [98.0, 23.0]]]}}, {"type": "Feature", "properties": {"cell_id": "r18c31", "lat_c": 23.5, "lon_c": 99.5, "lat_min": 23.0, "lat_max": 24.0, "lon_min": 99.0, "lon_max": 100.0}, "geometry": {"type": "Polygon", "coordinates": [[[99.0, 23.0], [100.0, 23.0], [100.0, 24.0], [99.0, 24.0], [99.0, 23.0]]]}}, {"type": "Feature", "properties": {"cell_id": "r18c32", "lat_c": 23.5, "lon_c": 100.5, "lat_min": 23.0, "lat_max": 24.0, "lon_min": 100.0, "lon_max": 101.0}, "geometry": {"type": "Polygon", "coordinates": [[[100.0, 23.0], [101.0, 23.0], [101.0, 24.0], [100.0, 24.0], [100.0, 23.0]]]}}, {"type": "Feature", "properties": {"cell_id": "r18c33", "lat_c": 23.5, "lon_c": 101.5, "lat_min": 23.0, "lat_max": 24.0, "lon_min": 101.0, "lon_max": 102.0}, "geometry": {"type": "Polygon", "coordinates": [[[101.0, 23.0], [102.0, 23.0], [102.0, 24.0], [101.0, 24.0], [101.0, 23.0]]]}}, {"type": "Feature", "properties": {"cell_id": "r19c00", "lat_c": 24.5, "lon_c": 68.5, "lat_min": 24.0, "lat_max": 25.0, "lon_min": 68.0, "lon_max": 69.0}, "geometry": {"type": "Polygon", "coordinates": [[[68.0, 24.0], [69.0, 24.0], [69.0, 25.0], [68.0, 25.0], [68.0, 24.0]]]}}, {"type": "Feature", "properties": {"cell_id": "r19c01", "lat_c": 24.5, "lon_c": 69.5, "lat_min": 24.0, "lat_max": 25.0, "lon_min": 69.0, "lon_max": 70.0}, "geometry": {"type": "Polygon", "coordinates": [[[69.0, 24.0], [70.0, 24.0], [70.0, 25.0], [69.0, 25.0], [69.0, 24.0]]]}}, {"type": "Feature", "properties": {"cell_id": "r19c02", "lat_c": 24.5, "lon_c": 70.5, "lat_min": 24.0, "lat_max": 25.0, "lon_min": 70.0, "lon_max": 71.0}, "geometry": {"type": "Polygon", "coordinates": [[[70.0, 24.0], [71.0, 24.0], [71.0, 25.0], [70.0, 25.0], [70.0, 24.0]]]}}, {"type": "Feature", "properties": {"cell_id": "r19c03", "lat_c": 24.5, "lon_c": 71.5, "lat_min": 24.0, "lat_max": 25.0, "lon_min": 71.0, "lon_max": 72.0}, "geometry": {"type": "Polygon", "coordinates": [[[71.0, 24.0], [72.0, 24.0], [72.0, 25.0], [71.0, 25.0], [71.0, 24.0]]]}}, {"type": "Feature", "properties": {"cell_id": "r19c04", "lat_c": 24.5, "lon_c": 72.5, "lat_min": 24.0, "lat_max": 25.0, "lon_min": 72.0, "lon_max": 73.0}, "geometry": {"type": "Polygon", "coordinates": [[[72.0, 24.0], [73.0, 24.0], [73.0, 25.0], [72.0, 25.0], [72.0, 24.0]]]}}, {"type": "Feature", "properties": {"cell_id": "r19c05", "lat_c": 24.5, "lon_c": 73.5, "lat_min": 24.0, "lat_max": 25.0, "lon_min": 73.0, "lon_max": 74.0}, "geometry": {"type": "Polygon", "coordinates": [[[73.0, 24.0], [74.0, 24.0], [74.0, 25.0], [73.0, 25.0], [73.0, 24.0]]]}}, {"type": "Feature", "properties": {"cell_id": "r19c06", "lat_c": 24.5, "lon_c": 74.5, "lat_min": 24.0, "lat_max": 25.0, "lon_min": 74.0, "lon_max": 75.0}, "geometry": {"type": "Polygon", "coordinates": [[[74.0, 24.0], [75.0, 24.0], [75.0, 25.0], [74.0, 25.0], [74.0, 24.0]]]}}, {"type": "Feature", "properties": {"cell_id": "r19c07", "lat_c": 24.5, "lon_c": 75.5, "lat_min": 24.0, "lat_max": 25.0, "lon_min": 75.0, "lon_max": 76.0}, "geometry": {"type": "Polygon", "coordinates": [[[75.0, 24.0], [76.0, 24.0], [76.0, 25.0], [75.0, 25.0], [75.0, 24.0]]]}}, {"type": "Feature", "properties": {"cell_id": "r19c08", "lat_c": 24.5, "lon_c": 76.5, "lat_min": 24.0, "lat_max": 25.0, "lon_min": 76.0, "lon_max": 77.0}, "geometry": {"type": "Polygon", "coordinates": [[[76.0, 24.0], [77.0, 24.0], [77.0, 25.0], [76.0, 25.0], [76.0, 24.0]]]}}, {"type": "Feature", "properties": {"cell_id": "r19c09", "lat_c": 24.5, "lon_c": 77.5, "lat_min": 24.0, "lat_max": 25.0, "lon_min": 77.0, "lon_max": 78.0}, "geometry": {"type": "Polygon", "coordinates": [[[77.0, 24.0], [78.0, 24.0], [78.0, 25.0], [77.0, 25.0], [77.0, 24.0]]]}}, {"type": "Feature", "properties": {"cell_id": "r19c10", "lat_c": 24.5, "lon_c": 78.5, "lat_min": 24.0, "lat_max": 25.0, "lon_min": 78.0, "lon_max": 79.0}, "geometry": {"type": "Polygon", "coordinates": [[[78.0, 24.0], [79.0, 24.0], [79.0, 25.0], [78.0, 25.0], [78.0, 24.0]]]}}, {"type": "Feature", "properties": {"cell_id": "r19c11", "lat_c": 24.5, "lon_c": 79.5, "lat_min": 24.0, "lat_max": 25.0, "lon_min": 79.0, "lon_max": 80.0}, "geometry": {"type": "Polygon", "coordinates": [[[79.0, 24.0], [80.0, 24.0], [80.0, 25.0], [79.0, 25.0], [79.0, 24.0]]]}}, {"type": "Feature", "properties": {"cell_id": "r19c12", "lat_c": 24.5, "lon_c": 80.5, "lat_min": 24.0, "lat_max": 25.0, "lon_min": 80.0, "lon_max": 81.0}, "geometry": {"type": "Polygon", "coordinates": [[[80.0, 24.0], [81.0, 24.0], [81.0, 25.0], [80.0, 25.0], [80.0, 24.0]]]}}, {"type": "Feature", "properties": {"cell_id": "r19c13", "lat_c": 24.5, "lon_c": 81.5, "lat_min": 24.0, "lat_max": 25.0, "lon_min": 81.0, "lon_max": 82.0}, "geometry": {"type": "Polygon", "coordinates": [[[81.0, 24.0], [82.0, 24.0], [82.0, 25.0], [81.0, 25.0], [81.0, 24.0]]]}}, {"type": "Feature", "properties": {"cell_id": "r19c14", "lat_c": 24.5, "lon_c": 82.5, "lat_min": 24.0, "lat_max": 25.0, "lon_min": 82.0, "lon_max": 83.0}, "geometry": {"type": "Polygon", "coordinates": [[[82.0, 24.0], [83.0, 24.0], [83.0, 25.0], [82.0, 25.0], [82.0, 24.0]]]}}, {"type": "Feature", "properties": {"cell_id": "r19c15", "lat_c": 24.5, "lon_c": 83.5, "lat_min": 24.0, "lat_max": 25.0, "lon_min": 83.0, "lon_max": 84.0}, "geometry": {"type": "Polygon", "coordinates": [[[83.0, 24.0], [84.0, 24.0], [84.0, 25.0], [83.0, 25.0], [83.0, 24.0]]]}}, {"type": "Feature", "properties": {"cell_id": "r19c16", "lat_c": 24.5, "lon_c": 84.5, "lat_min": 24.0, "lat_max": 25.0, "lon_min": 84.0, "lon_max": 85.0}, "geometry": {"type": "Polygon", "coordinates": [[[84.0, 24.0], [85.0, 24.0], [85.0, 25.0], [84.0, 25.0], [84.0, 24.0]]]}}, {"type": "Feature", "properties": {"cell_id": "r19c17", "lat_c": 24.5, "lon_c": 85.5, "lat_min": 24.0, "lat_max": 25.0, "lon_min": 85.0, "lon_max": 86.0}, "geometry": {"type": "Polygon", "coordinates": [[[85.0, 24.0], [86.0, 24.0], [86.0, 25.0], [85.0, 25.0], [85.0, 24.0]]]}}, {"type": "Feature", "properties": {"cell_id": "r19c18", "lat_c": 24.5, "lon_c": 86.5, "lat_min": 24.0, "lat_max": 25.0, "lon_min": 86.0, "lon_max": 87.0}, "geometry": {"type": "Polygon", "coordinates": [[[86.0, 24.0], [87.0, 24.0], [87.0, 25.0], [86.0, 25.0], [86.0, 24.0]]]}}, {"type": "Feature", "properties": {"cell_id": "r19c19", "lat_c": 24.5, "lon_c": 87.5, "lat_min": 24.0, "lat_max": 25.0, "lon_min": 87.0, "lon_max": 88.0}, "geometry": {"type": "Polygon", "coordinates": [[[87.0, 24.0], [88.0, 24.0], [88.0, 25.0], [87.0, 25.0], [87.0, 24.0]]]}}, {"type": "Feature", "properties": {"cell_id": "r19c20", "lat_c": 24.5, "lon_c": 88.5, "lat_min": 24.0, "lat_max": 25.0, "lon_min": 88.0, "lon_max": 89.0}, "geometry": {"type": "Polygon", "coordinates": [[[88.0, 24.0], [89.0, 24.0], [89.0, 25.0], [88.0, 25.0], [88.0, 24.0]]]}}, {"type": "Feature", "properties": {"cell_id": "r19c21", "lat_c": 24.5, "lon_c": 89.5, "lat_min": 24.0, "lat_max": 25.0, "lon_min": 89.0, "lon_max": 90.0}, "geometry": {"type": "Polygon", "coordinates": [[[89.0, 24.0], [90.0, 24.0], [90.0, 25.0], [89.0, 25.0], [89.0, 24.0]]]}}, {"type": "Feature", "properties": {"cell_id": "r19c22", "lat_c": 24.5, "lon_c": 90.5, "lat_min": 24.0, "lat_max": 25.0, "lon_min": 90.0, "lon_max": 91.0}, "geometry": {"type": "Polygon", "coordinates": [[[90.0, 24.0], [91.0, 24.0], [91.0, 25.0], [90.0, 25.0], [90.0, 24.0]]]}}, {"type": "Feature", "properties": {"cell_id": "r19c23", "lat_c": 24.5, "lon_c": 91.5, "lat_min": 24.0, "lat_max": 25.0, "lon_min": 91.0, "lon_max": 92.0}, "geometry": {"type": "Polygon", "coordinates": [[[91.0, 24.0], [92.0, 24.0], [92.0, 25.0], [91.0, 25.0], [91.0, 24.0]]]}}, {"type": "Feature", "properties": {"cell_id": "r19c24", "lat_c": 24.5, "lon_c": 92.5, "lat_min": 24.0, "lat_max": 25.0, "lon_min": 92.0, "lon_max": 93.0}, "geometry": {"type": "Polygon", "coordinates": [[[92.0, 24.0], [93.0, 24.0], [93.0, 25.0], [92.0, 25.0], [92.0, 24.0]]]}}, {"type": "Feature", "properties": {"cell_id": "r19c25", "lat_c": 24.5, "lon_c": 93.5, "lat_min": 24.0, "lat_max": 25.0, "lon_min": 93.0, "lon_max": 94.0}, "geometry": {"type": "Polygon", "coordinates": [[[93.0, 24.0], [94.0, 24.0], [94.0, 25.0], [93.0, 25.0], [93.0, 24.0]]]}}, {"type": "Feature", "properties": {"cell_id": "r19c26", "lat_c": 24.5, "lon_c": 94.5, "lat_min": 24.0, "lat_max": 25.0, "lon_min": 94.0, "lon_max": 95.0}, "geometry": {"type": "Polygon", "coordinates": [[[94.0, 24.0], [95.0, 24.0], [95.0, 25.0], [94.0, 25.0], [94.0, 24.0]]]}}, {"type": "Feature", "properties": {"cell_id": "r19c27", "lat_c": 24.5, "lon_c": 95.5, "lat_min": 24.0, "lat_max": 25.0, "lon_min": 95.0, "lon_max": 96.0}, "geometry": {"type": "Polygon", "coordinates": [[[95.0, 24.0], [96.0, 24.0], [96.0, 25.0], [95.0, 25.0], [95.0, 24.0]]]}}, {"type": "Feature", "properties": {"cell_id": "r19c28", "lat_c": 24.5, "lon_c": 96.5, "lat_min": 24.0, "lat_max": 25.0, "lon_min": 96.0, "lon_max": 97.0}, "geometry": {"type": "Polygon", "coordinates": [[[96.0, 24.0], [97.0, 24.0], [97.0, 25.0], [96.0, 25.0], [96.0, 24.0]]]}}, {"type": "Feature", "properties": {"cell_id": "r19c29", "lat_c": 24.5, "lon_c": 97.5, "lat_min": 24.0, "lat_max": 25.0, "lon_min": 97.0, "lon_max": 98.0}, "geometry": {"type": "Polygon", "coordinates": [[[97.0, 24.0], [98.0, 24.0], [98.0, 25.0], [97.0, 25.0], [97.0, 24.0]]]}}, {"type": "Feature", "properties": {"cell_id": "r19c30", "lat_c": 24.5, "lon_c": 98.5, "lat_min": 24.0, "lat_max": 25.0, "lon_min": 98.0, "lon_max": 99.0}, "geometry": {"type": "Polygon", "coordinates": [[[98.0, 24.0], [99.0, 24.0], [99.0, 25.0], [98.0, 25.0], [98.0, 24.0]]]}}, {"type": "Feature", "properties": {"cell_id": "r19c31", "lat_c": 24.5, "lon_c": 99.5, "lat_min": 24.0, "lat_max": 25.0, "lon_min": 99.0, "lon_max": 100.0}, "geometry": {"type": "Polygon", "coordinates": [[[99.0, 24.0], [100.0, 24.0], [100.0, 25.0], [99.0, 25.0], [99.0, 24.0]]]}}, {"type": "Feature", "properties": {"cell_id": "r19c32", "lat_c": 24.5, "lon_c": 100.5, "lat_min": 24.0, "lat_max": 25.0, "lon_min": 100.0, "lon_max": 101.0}, "geometry": {"type": "Polygon", "coordinates": [[[100.0, 24.0], [101.0, 24.0], [101.0, 25.0], [100.0, 25.0], [100.0, 24.0]]]}}, {"type": "Feature", "properties": {"cell_id": "r19c33", "lat_c": 24.5, "lon_c": 101.5, "lat_min": 24.0, "lat_max": 25.0, "lon_min": 101.0, "lon_max": 102.0}, "geometry": {"type": "Polygon", "coordinates": [[[101.0, 24.0], [102.0, 24.0], [102.0, 25.0], [101.0, 25.0], [101.0, 24.0]]]}}, {"type": "Feature", "properties": {"cell_id": "r20c00", "lat_c": 25.5, "lon_c": 68.5, "lat_min": 25.0, "lat_max": 26.0, "lon_min": 68.0, "lon_max": 69.0}, "geometry": {"type": "Polygon", "coordinates": [[[68.0, 25.0], [69.0, 25.0], [69.0, 26.0], [68.0, 26.0], [68.0, 25.0]]]}}, {"type": "Feature", "properties": {"cell_id": "r20c01", "lat_c": 25.5, "lon_c": 69.5, "lat_min": 25.0, "lat_max": 26.0, "lon_min": 69.0, "lon_max": 70.0}, "geometry": {"type": "Polygon", "coordinates": [[[69.0, 25.0], [70.0, 25.0], [70.0, 26.0], [69.0, 26.0], [69.0, 25.0]]]}}, {"type": "Feature", "properties": {"cell_id": "r20c02", "lat_c": 25.5, "lon_c": 70.5, "lat_min": 25.0, "lat_max": 26.0, "lon_min": 70.0, "lon_max": 71.0}, "geometry": {"type": "Polygon", "coordinates": [[[70.0, 25.0], [71.0, 25.0], [71.0, 26.0], [70.0, 26.0], [70.0, 25.0]]]}}, {"type": "Feature", "properties": {"cell_id": "r20c03", "lat_c": 25.5, "lon_c": 71.5, "lat_min": 25.0, "lat_max": 26.0, "lon_min": 71.0, "lon_max": 72.0}, "geometry": {"type": "Polygon", "coordinates": [[[71.0, 25.0], [72.0, 25.0], [72.0, 26.0], [71.0, 26.0], [71.0, 25.0]]]}}, {"type": "Feature", "properties": {"cell_id": "r20c04", "lat_c": 25.5, "lon_c": 72.5, "lat_min": 25.0, "lat_max": 26.0, "lon_min": 72.0, "lon_max": 73.0}, "geometry": {"type": "Polygon", "coordinates": [[[72.0, 25.0], [73.0, 25.0], [73.0, 26.0], [72.0, 26.0], [72.0, 25.0]]]}}, {"type": "Feature", "properties": {"cell_id": "r20c05", "lat_c": 25.5, "lon_c": 73.5, "lat_min": 25.0, "lat_max": 26.0, "lon_min": 73.0, "lon_max": 74.0}, "geometry": {"type": "Polygon", "coordinates": [[[73.0, 25.0], [74.0, 25.0], [74.0, 26.0], [73.0, 26.0], [73.0, 25.0]]]}}, {"type": "Feature", "properties": {"cell_id": "r20c06", "lat_c": 25.5, "lon_c": 74.5, "lat_min": 25.0, "lat_max": 26.0, "lon_min": 74.0, "lon_max": 75.0}, "geometry": {"type": "Polygon", "coordinates": [[[74.0, 25.0], [75.0, 25.0], [75.0, 26.0], [74.0, 26.0], [74.0, 25.0]]]}}, {"type": "Feature", "properties": {"cell_id": "r20c07", "lat_c": 25.5, "lon_c": 75.5, "lat_min": 25.0, "lat_max": 26.0, "lon_min": 75.0, "lon_max": 76.0}, "geometry": {"type": "Polygon", "coordinates": [[[75.0, 25.0], [76.0, 25.0], [76.0, 26.0], [75.0, 26.0], [75.0, 25.0]]]}}, {"type": "Feature", "properties": {"cell_id": "r20c08", "lat_c": 25.5, "lon_c": 76.5, "lat_min": 25.0, "lat_max": 26.0, "lon_min": 76.0, "lon_max": 77.0}, "geometry": {"type": "Polygon", "coordinates": [[[76.0, 25.0], [77.0, 25.0], [77.0, 26.0], [76.0, 26.0], [76.0, 25.0]]]}}, {"type": "Feature", "properties": {"cell_id": "r20c09", "lat_c": 25.5, "lon_c": 77.5, "lat_min": 25.0, "lat_max": 26.0, "lon_min": 77.0, "lon_max": 78.0}, "geometry": {"type": "Polygon", "coordinates": [[[77.0, 25.0], [78.0, 25.0], [78.0, 26.0], [77.0, 26.0], [77.0, 25.0]]]}}, {"type": "Feature", "properties": {"cell_id": "r20c10", "lat_c": 25.5, "lon_c": 78.5, "lat_min": 25.0, "lat_max": 26.0, "lon_min": 78.0, "lon_max": 79.0}, "geometry": {"type": "Polygon", "coordinates": [[[78.0, 25.0], [79.0, 25.0], [79.0, 26.0], [78.0, 26.0], [78.0, 25.0]]]}}, {"type": "Feature", "properties": {"cell_id": "r20c11", "lat_c": 25.5, "lon_c": 79.5, "lat_min": 25.0, "lat_max": 26.0, "lon_min": 79.0, "lon_max": 80.0}, "geometry": {"type": "Polygon", "coordinates": [[[79.0, 25.0], [80.0, 25.0], [80.0, 26.0], [79.0, 26.0], [79.0, 25.0]]]}}, {"type": "Feature", "properties": {"cell_id": "r20c12", "lat_c": 25.5, "lon_c": 80.5, "lat_min": 25.0, "lat_max": 26.0, "lon_min": 80.0, "lon_max": 81.0}, "geometry": {"type": "Polygon", "coordinates": [[[80.0, 25.0], [81.0, 25.0], [81.0, 26.0], [80.0, 26.0], [80.0, 25.0]]]}}, {"type": "Feature", "properties": {"cell_id": "r20c13", "lat_c": 25.5, "lon_c": 81.5, "lat_min": 25.0, "lat_max": 26.0, "lon_min": 81.0, "lon_max": 82.0}, "geometry": {"type": "Polygon", "coordinates": [[[81.0, 25.0], [82.0, 25.0], [82.0, 26.0], [81.0, 26.0], [81.0, 25.0]]]}}, {"type": "Feature", "properties": {"cell_id": "r20c14", "lat_c": 25.5, "lon_c": 82.5, "lat_min": 25.0, "lat_max": 26.0, "lon_min": 82.0, "lon_max": 83.0}, "geometry": {"type": "Polygon", "coordinates": [[[82.0, 25.0], [83.0, 25.0], [83.0, 26.0], [82.0, 26.0], [82.0, 25.0]]]}}, {"type": "Feature", "properties": {"cell_id": "r20c15", "lat_c": 25.5, "lon_c": 83.5, "lat_min": 25.0, "lat_max": 26.0, "lon_min": 83.0, "lon_max": 84.0}, "geometry": {"type": "Polygon", "coordinates": [[[83.0, 25.0], [84.0, 25.0], [84.0, 26.0], [83.0, 26.0], [83.0, 25.0]]]}}, {"type": "Feature", "properties": {"cell_id": "r20c16", "lat_c": 25.5, "lon_c": 84.5, "lat_min": 25.0, "lat_max": 26.0, "lon_min": 84.0, "lon_max": 85.0}, "geometry": {"type": "Polygon", "coordinates": [[[84.0, 25.0], [85.0, 25.0], [85.0, 26.0], [84.0, 26.0], [84.0, 25.0]]]}}, {"type": "Feature", "properties": {"cell_id": "r20c17", "lat_c": 25.5, "lon_c": 85.5, "lat_min": 25.0, "lat_max": 26.0, "lon_min": 85.0, "lon_max": 86.0}, "geometry": {"type": "Polygon", "coordinates": [[[85.0, 25.0], [86.0, 25.0], [86.0, 26.0], [85.0, 26.0], [85.0, 25.0]]]}}, {"type": "Feature", "properties": {"cell_id": "r20c18", "lat_c": 25.5, "lon_c": 86.5, "lat_min": 25.0, "lat_max": 26.0, "lon_min": 86.0, "lon_max": 87.0}, "geometry": {"type": "Polygon", "coordinates": [[[86.0, 25.0], [87.0, 25.0], [87.0, 26.0], [86.0, 26.0], [86.0, 25.0]]]}}, {"type": "Feature", "properties": {"cell_id": "r20c19", "lat_c": 25.5, "lon_c": 87.5, "lat_min": 25.0, "lat_max": 26.0, "lon_min": 87.0, "lon_max": 88.0}, "geometry": {"type": "Polygon", "coordinates": [[[87.0, 25.0], [88.0, 25.0], [88.0, 26.0], [87.0, 26.0], [87.0, 25.0]]]}}, {"type": "Feature", "properties": {"cell_id": "r20c20", "lat_c": 25.5, "lon_c": 88.5, "lat_min": 25.0, "lat_max": 26.0, "lon_min": 88.0, "lon_max": 89.0}, "geometry": {"type": "Polygon", "coordinates": [[[88.0, 25.0], [89.0, 25.0], [89.0, 26.0], [88.0, 26.0], [88.0, 25.0]]]}}, {"type": "Feature", "properties": {"cell_id": "r20c21", "lat_c": 25.5, "lon_c": 89.5, "lat_min": 25.0, "lat_max": 26.0, "lon_min": 89.0, "lon_max": 90.0}, "geometry": {"type": "Polygon", "coordinates": [[[89.0, 25.0], [90.0, 25.0], [90.0, 26.0], [89.0, 26.0], [89.0, 25.0]]]}}, {"type": "Feature", "properties": {"cell_id": "r20c22", "lat_c": 25.5, "lon_c": 90.5, "lat_min": 25.0, "lat_max": 26.0, "lon_min": 90.0, "lon_max": 91.0}, "geometry": {"type": "Polygon", "coordinates": [[[90.0, 25.0], [91.0, 25.0], [91.0, 26.0], [90.0, 26.0], [90.0, 25.0]]]}}, {"type": "Feature", "properties": {"cell_id": "r20c23", "lat_c": 25.5, "lon_c": 91.5, "lat_min": 25.0, "lat_max": 26.0, "lon_min": 91.0, "lon_max": 92.0}, "geometry": {"type": "Polygon", "coordinates": [[[91.0, 25.0], [92.0, 25.0], [92.0, 26.0], [91.0, 26.0], [91.0, 25.0]]]}}, {"type": "Feature", "properties": {"cell_id": "r20c24", "lat_c": 25.5, "lon_c": 92.5, "lat_min": 25.0, "lat_max": 26.0, "lon_min": 92.0, "lon_max": 93.0}, "geometry": {"type": "Polygon", "coordinates": [[[92.0, 25.0], [93.0, 25.0], [93.0, 26.0], [92.0, 26.0], [92.0, 25.0]]]}}, {"type": "Feature", "properties": {"cell_id": "r20c25", "lat_c": 25.5, "lon_c": 93.5, "lat_min": 25.0, "lat_max": 26.0, "lon_min": 93.0, "lon_max": 94.0}, "geometry": {"type": "Polygon", "coordinates": [[[93.0, 25.0], [94.0, 25.0], [94.0, 26.0], [93.0, 26.0], [93.0, 25.0]]]}}, {"type": "Feature", "properties": {"cell_id": "r20c26", "lat_c": 25.5, "lon_c": 94.5, "lat_min": 25.0, "lat_max": 26.0, "lon_min": 94.0, "lon_max": 95.0}, "geometry": {"type": "Polygon", "coordinates": [[[94.0, 25.0], [95.0, 25.0], [95.0, 26.0], [94.0, 26.0], [94.0, 25.0]]]}}, {"type": "Feature", "properties": {"cell_id": "r20c27", "lat_c": 25.5, "lon_c": 95.5, "lat_min": 25.0, "lat_max": 26.0, "lon_min": 95.0, "lon_max": 96.0}, "geometry": {"type": "Polygon", "coordinates": [[[95.0, 25.0], [96.0, 25.0], [96.0, 26.0], [95.0, 26.0], [95.0, 25.0]]]}}, {"type": "Feature", "properties": {"cell_id": "r20c28", "lat_c": 25.5, "lon_c": 96.5, "lat_min": 25.0, "lat_max": 26.0, "lon_min": 96.0, "lon_max": 97.0}, "geometry": {"type": "Polygon", "coordinates": [[[96.0, 25.0], [97.0, 25.0], [97.0, 26.0], [96.0, 26.0], [96.0, 25.0]]]}}, {"type": "Feature", "properties": {"cell_id": "r20c29", "lat_c": 25.5, "lon_c": 97.5, "lat_min": 25.0, "lat_max": 26.0, "lon_min": 97.0, "lon_max": 98.0}, "geometry": {"type": "Polygon", "coordinates": [[[97.0, 25.0], [98.0, 25.0], [98.0, 26.0], [97.0, 26.0], [97.0, 25.0]]]}}, {"type": "Feature", "properties": {"cell_id": "r20c30", "lat_c": 25.5, "lon_c": 98.5, "lat_min": 25.0, "lat_max": 26.0, "lon_min": 98.0, "lon_max": 99.0}, "geometry": {"type": "Polygon", "coordinates": [[[98.0, 25.0], [99.0, 25.0], [99.0, 26.0], [98.0, 26.0], [98.0, 25.0]]]}}, {"type": "Feature", "properties": {"cell_id": "r20c31", "lat_c": 25.5, "lon_c": 99.5, "lat_min": 25.0, "lat_max": 26.0, "lon_min": 99.0, "lon_max": 100.0}, "geometry": {"type": "Polygon", "coordinates": [[[99.0, 25.0], [100.0, 25.0], [100.0, 26.0], [99.0, 26.0], [99.0, 25.0]]]}}, {"type": "Feature", "properties": {"cell_id": "r20c32", "lat_c": 25.5, "lon_c": 100.5, "lat_min": 25.0, "lat_max": 26.0, "lon_min": 100.0, "lon_max": 101.0}, "geometry": {"type": "Polygon", "coordinates": [[[100.0, 25.0], [101.0, 25.0], [101.0, 26.0], [100.0, 26.0], [100.0, 25.0]]]}}, {"type": "Feature", "properties": {"cell_id": "r20c33", "lat_c": 25.5, "lon_c": 101.5, "lat_min": 25.0, "lat_max": 26.0, "lon_min": 101.0, "lon_max": 102.0}, "geometry": {"type": "Polygon", "coordinates": [[[101.0, 25.0], [102.0, 25.0], [102.0, 26.0], [101.0, 26.0], [101.0, 25.0]]]}}, {"type": "Feature", "properties": {"cell_id": "r21c00", "lat_c": 26.5, "lon_c": 68.5, "lat_min": 26.0, "lat_max": 27.0, "lon_min": 68.0, "lon_max": 69.0}, "geometry": {"type": "Polygon", "coordinates": [[[68.0, 26.0], [69.0, 26.0], [69.0, 27.0], [68.0, 27.0], [68.0, 26.0]]]}}, {"type": "Feature", "properties": {"cell_id": "r21c01", "lat_c": 26.5, "lon_c": 69.5, "lat_min": 26.0, "lat_max": 27.0, "lon_min": 69.0, "lon_max": 70.0}, "geometry": {"type": "Polygon", "coordinates": [[[69.0, 26.0], [70.0, 26.0], [70.0, 27.0], [69.0, 27.0], [69.0, 26.0]]]}}, {"type": "Feature", "properties": {"cell_id": "r21c02", "lat_c": 26.5, "lon_c": 70.5, "lat_min": 26.0, "lat_max": 27.0, "lon_min": 70.0, "lon_max": 71.0}, "geometry": {"type": "Polygon", "coordinates": [[[70.0, 26.0], [71.0, 26.0], [71.0, 27.0], [70.0, 27.0], [70.0, 26.0]]]}}, {"type": "Feature", "properties": {"cell_id": "r21c03", "lat_c": 26.5, "lon_c": 71.5, "lat_min": 26.0, "lat_max": 27.0, "lon_min": 71.0, "lon_max": 72.0}, "geometry": {"type": "Polygon", "coordinates": [[[71.0, 26.0], [72.0, 26.0], [72.0, 27.0], [71.0, 27.0], [71.0, 26.0]]]}}, {"type": "Feature", "properties": {"cell_id": "r21c04", "lat_c": 26.5, "lon_c": 72.5, "lat_min": 26.0, "lat_max": 27.0, "lon_min": 72.0, "lon_max": 73.0}, "geometry": {"type": "Polygon", "coordinates": [[[72.0, 26.0], [73.0, 26.0], [73.0, 27.0], [72.0, 27.0], [72.0, 26.0]]]}}, {"type": "Feature", "properties": {"cell_id": "r21c05", "lat_c": 26.5, "lon_c": 73.5, "lat_min": 26.0, "lat_max": 27.0, "lon_min": 73.0, "lon_max": 74.0}, "geometry": {"type": "Polygon", "coordinates": [[[73.0, 26.0], [74.0, 26.0], [74.0, 27.0], [73.0, 27.0], [73.0, 26.0]]]}}, {"type": "Feature", "properties": {"cell_id": "r21c06", "lat_c": 26.5, "lon_c": 74.5, "lat_min": 26.0, "lat_max": 27.0, "lon_min": 74.0, "lon_max": 75.0}, "geometry": {"type": "Polygon", "coordinates": [[[74.0, 26.0], [75.0, 26.0], [75.0, 27.0], [74.0, 27.0], [74.0, 26.0]]]}}, {"type": "Feature", "properties": {"cell_id": "r21c07", "lat_c": 26.5, "lon_c": 75.5, "lat_min": 26.0, "lat_max": 27.0, "lon_min": 75.0, "lon_max": 76.0}, "geometry": {"type": "Polygon", "coordinates": [[[75.0, 26.0], [76.0, 26.0], [76.0, 27.0], [75.0, 27.0], [75.0, 26.0]]]}}, {"type": "Feature", "properties": {"cell_id": "r21c08", "lat_c": 26.5, "lon_c": 76.5, "lat_min": 26.0, "lat_max": 27.0, "lon_min": 76.0, "lon_max": 77.0}, "geometry": {"type": "Polygon", "coordinates": [[[76.0, 26.0], [77.0, 26.0], [77.0, 27.0], [76.0, 27.0], [76.0, 26.0]]]}}, {"type": "Feature", "properties": {"cell_id": "r21c09", "lat_c": 26.5, "lon_c": 77.5, "lat_min": 26.0, "lat_max": 27.0, "lon_min": 77.0, "lon_max": 78.0}, "geometry": {"type": "Polygon", "coordinates": [[[77.0, 26.0], [78.0, 26.0], [78.0, 27.0], [77.0, 27.0], [77.0, 26.0]]]}}, {"type": "Feature", "properties": {"cell_id": "r21c10", "lat_c": 26.5, "lon_c": 78.5, "lat_min": 26.0, "lat_max": 27.0, "lon_min": 78.0, "lon_max": 79.0}, "geometry": {"type": "Polygon", "coordinates": [[[78.0, 26.0], [79.0, 26.0], [79.0, 27.0], [78.0, 27.0], [78.0, 26.0]]]}}, {"type": "Feature", "properties": {"cell_id": "r21c11", "lat_c": 26.5, "lon_c": 79.5, "lat_min": 26.0, "lat_max": 27.0, "lon_min": 79.0, "lon_max": 80.0}, "geometry": {"type": "Polygon", "coordinates": [[[79.0, 26.0], [80.0, 26.0], [80.0, 27.0], [79.0, 27.0], [79.0, 26.0]]]}}, {"type": "Feature", "properties": {"cell_id": "r21c12", "lat_c": 26.5, "lon_c": 80.5, "lat_min": 26.0, "lat_max": 27.0, "lon_min": 80.0, "lon_max": 81.0}, "geometry": {"type": "Polygon", "coordinates": [[[80.0, 26.0], [81.0, 26.0], [81.0, 27.0], [80.0, 27.0], [80.0, 26.0]]]}}, {"type": "Feature", "properties": {"cell_id": "r21c13", "lat_c": 26.5, "lon_c": 81.5, "lat_min": 26.0, "lat_max": 27.0, "lon_min": 81.0, "lon_max": 82.0}, "geometry": {"type": "Polygon", "coordinates": [[[81.0, 26.0], [82.0, 26.0], [82.0, 27.0], [81.0, 27.0], [81.0, 26.0]]]}}, {"type": "Feature", "properties": {"cell_id": "r21c14", "lat_c": 26.5, "lon_c": 82.5, "lat_min": 26.0, "lat_max": 27.0, "lon_min": 82.0, "lon_max": 83.0}, "geometry": {"type": "Polygon", "coordinates": [[[82.0, 26.0], [83.0, 26.0], [83.0, 27.0], [82.0, 27.0], [82.0, 26.0]]]}}, {"type": "Feature", "properties": {"cell_id": "r21c15", "lat_c": 26.5, "lon_c": 83.5, "lat_min": 26.0, "lat_max": 27.0, "lon_min": 83.0, "lon_max": 84.0}, "geometry": {"type": "Polygon", "coordinates": [[[83.0, 26.0], [84.0, 26.0], [84.0, 27.0], [83.0, 27.0], [83.0, 26.0]]]}}, {"type": "Feature", "properties": {"cell_id": "r21c16", "lat_c": 26.5, "lon_c": 84.5, "lat_min": 26.0, "lat_max": 27.0, "lon_min": 84.0, "lon_max": 85.0}, "geometry": {"type": "Polygon", "coordinates": [[[84.0, 26.0], [85.0, 26.0], [85.0, 27.0], [84.0, 27.0], [84.0, 26.0]]]}}, {"type": "Feature", "properties": {"cell_id": "r21c17", "lat_c": 26.5, "lon_c": 85.5, "lat_min": 26.0, "lat_max": 27.0, "lon_min": 85.0, "lon_max": 86.0}, "geometry": {"type": "Polygon", "coordinates": [[[85.0, 26.0], [86.0, 26.0], [86.0, 27.0], [85.0, 27.0], [85.0, 26.0]]]}}, {"type": "Feature", "properties": {"cell_id": "r21c18", "lat_c": 26.5, "lon_c": 86.5, "lat_min": 26.0, "lat_max": 27.0, "lon_min": 86.0, "lon_max": 87.0}, "geometry": {"type": "Polygon", "coordinates": [[[86.0, 26.0], [87.0, 26.0], [87.0, 27.0], [86.0, 27.0], [86.0, 26.0]]]}}, {"type": "Feature", "properties": {"cell_id": "r21c19", "lat_c": 26.5, "lon_c": 87.5, "lat_min": 26.0, "lat_max": 27.0, "lon_min": 87.0, "lon_max": 88.0}, "geometry": {"type": "Polygon", "coordinates": [[[87.0, 26.0], [88.0, 26.0], [88.0, 27.0], [87.0, 27.0], [87.0, 26.0]]]}}, {"type": "Feature", "properties": {"cell_id": "r21c20", "lat_c": 26.5, "lon_c": 88.5, "lat_min": 26.0, "lat_max": 27.0, "lon_min": 88.0, "lon_max": 89.0}, "geometry": {"type": "Polygon", "coordinates": [[[88.0, 26.0], [89.0, 26.0], [89.0, 27.0], [88.0, 27.0], [88.0, 26.0]]]}}, {"type": "Feature", "properties": {"cell_id": "r21c21", "lat_c": 26.5, "lon_c": 89.5, "lat_min": 26.0, "lat_max": 27.0, "lon_min": 89.0, "lon_max": 90.0}, "geometry": {"type": "Polygon", "coordinates": [[[89.0, 26.0], [90.0, 26.0], [90.0, 27.0], [89.0, 27.0], [89.0, 26.0]]]}}, {"type": "Feature", "properties": {"cell_id": "r21c22", "lat_c": 26.5, "lon_c": 90.5, "lat_min": 26.0, "lat_max": 27.0, "lon_min": 90.0, "lon_max": 91.0}, "geometry": {"type": "Polygon", "coordinates": [[[90.0, 26.0], [91.0, 26.0], [91.0, 27.0], [90.0, 27.0], [90.0, 26.0]]]}}, {"type": "Feature", "properties": {"cell_id": "r21c23", "lat_c": 26.5, "lon_c": 91.5, "lat_min": 26.0, "lat_max": 27.0, "lon_min": 91.0, "lon_max": 92.0}, "geometry": {"type": "Polygon", "coordinates": [[[91.0, 26.0], [92.0, 26.0], [92.0, 27.0], [91.0, 27.0], [91.0, 26.0]]]}}, {"type": "Feature", "properties": {"cell_id": "r21c24", "lat_c": 26.5, "lon_c": 92.5, "lat_min": 26.0, "lat_max": 27.0, "lon_min": 92.0, "lon_max": 93.0}, "geometry": {"type": "Polygon", "coordinates": [[[92.0, 26.0], [93.0, 26.0], [93.0, 27.0], [92.0, 27.0], [92.0, 26.0]]]}}, {"type": "Feature", "properties": {"cell_id": "r21c25", "lat_c": 26.5, "lon_c": 93.5, "lat_min": 26.0, "lat_max": 27.0, "lon_min": 93.0, "lon_max": 94.0}, "geometry": {"type": "Polygon", "coordinates": [[[93.0, 26.0], [94.0, 26.0], [94.0, 27.0], [93.0, 27.0], [93.0, 26.0]]]}}, {"type": "Feature", "properties": {"cell_id": "r21c26", "lat_c": 26.5, "lon_c": 94.5, "lat_min": 26.0, "lat_max": 27.0, "lon_min": 94.0, "lon_max": 95.0}, "geometry": {"type": "Polygon", "coordinates": [[[94.0, 26.0], [95.0, 26.0], [95.0, 27.0], [94.0, 27.0], [94.0, 26.0]]]}}, {"type": "Feature", "properties": {"cell_id": "r21c27", "lat_c": 26.5, "lon_c": 95.5, "lat_min": 26.0, "lat_max": 27.0, "lon_min": 95.0, "lon_max": 96.0}, "geometry": {"type": "Polygon", "coordinates": [[[95.0, 26.0], [96.0, 26.0], [96.0, 27.0], [95.0, 27.0], [95.0, 26.0]]]}}, {"type": "Feature", "properties": {"cell_id": "r21c28", "lat_c": 26.5, "lon_c": 96.5, "lat_min": 26.0, "lat_max": 27.0, "lon_min": 96.0, "lon_max": 97.0}, "geometry": {"type": "Polygon", "coordinates": [[[96.0, 26.0], [97.0, 26.0], [97.0, 27.0], [96.0, 27.0], [96.0, 26.0]]]}}, {"type": "Feature", "properties": {"cell_id": "r21c29", "lat_c": 26.5, "lon_c": 97.5, "lat_min": 26.0, "lat_max": 27.0, "lon_min": 97.0, "lon_max": 98.0}, "geometry": {"type": "Polygon", "coordinates": [[[97.0, 26.0], [98.0, 26.0], [98.0, 27.0], [97.0, 27.0], [97.0, 26.0]]]}}, {"type": "Feature", "properties": {"cell_id": "r21c30", "lat_c": 26.5, "lon_c": 98.5, "lat_min": 26.0, "lat_max": 27.0, "lon_min": 98.0, "lon_max": 99.0}, "geometry": {"type": "Polygon", "coordinates": [[[98.0, 26.0], [99.0, 26.0], [99.0, 27.0], [98.0, 27.0], [98.0, 26.0]]]}}, {"type": "Feature", "properties": {"cell_id": "r21c31", "lat_c": 26.5, "lon_c": 99.5, "lat_min": 26.0, "lat_max": 27.0, "lon_min": 99.0, "lon_max": 100.0}, "geometry": {"type": "Polygon", "coordinates": [[[99.0, 26.0], [100.0, 26.0], [100.0, 27.0], [99.0, 27.0], [99.0, 26.0]]]}}, {"type": "Feature", "properties": {"cell_id": "r21c32", "lat_c": 26.5, "lon_c": 100.5, "lat_min": 26.0, "lat_max": 27.0, "lon_min": 100.0, "lon_max": 101.0}, "geometry": {"type": "Polygon", "coordinates": [[[100.0, 26.0], [101.0, 26.0], [101.0, 27.0], [100.0, 27.0], [100.0, 26.0]]]}}, {"type": "Feature", "properties": {"cell_id": "r21c33", "lat_c": 26.5, "lon_c": 101.5, "lat_min": 26.0, "lat_max": 27.0, "lon_min": 101.0, "lon_max": 102.0}, "geometry": {"type": "Polygon", "coordinates": [[[101.0, 26.0], [102.0, 26.0], [102.0, 27.0], [101.0, 27.0], [101.0, 26.0]]]}}, {"type": "Feature", "properties": {"cell_id": "r22c00", "lat_c": 27.5, "lon_c": 68.5, "lat_min": 27.0, "lat_max": 28.0, "lon_min": 68.0, "lon_max": 69.0}, "geometry": {"type": "Polygon", "coordinates": [[[68.0, 27.0], [69.0, 27.0], [69.0, 28.0], [68.0, 28.0], [68.0, 27.0]]]}}, {"type": "Feature", "properties": {"cell_id": "r22c01", "lat_c": 27.5, "lon_c": 69.5, "lat_min": 27.0, "lat_max": 28.0, "lon_min": 69.0, "lon_max": 70.0}, "geometry": {"type": "Polygon", "coordinates": [[[69.0, 27.0], [70.0, 27.0], [70.0, 28.0], [69.0, 28.0], [69.0, 27.0]]]}}, {"type": "Feature", "properties": {"cell_id": "r22c02", "lat_c": 27.5, "lon_c": 70.5, "lat_min": 27.0, "lat_max": 28.0, "lon_min": 70.0, "lon_max": 71.0}, "geometry": {"type": "Polygon", "coordinates": [[[70.0, 27.0], [71.0, 27.0], [71.0, 28.0], [70.0, 28.0], [70.0, 27.0]]]}}, {"type": "Feature", "properties": {"cell_id": "r22c03", "lat_c": 27.5, "lon_c": 71.5, "lat_min": 27.0, "lat_max": 28.0, "lon_min": 71.0, "lon_max": 72.0}, "geometry": {"type": "Polygon", "coordinates": [[[71.0, 27.0], [72.0, 27.0], [72.0, 28.0], [71.0, 28.0], [71.0, 27.0]]]}}, {"type": "Feature", "properties": {"cell_id": "r22c04", "lat_c": 27.5, "lon_c": 72.5, "lat_min": 27.0, "lat_max": 28.0, "lon_min": 72.0, "lon_max": 73.0}, "geometry": {"type": "Polygon", "coordinates": [[[72.0, 27.0], [73.0, 27.0], [73.0, 28.0], [72.0, 28.0], [72.0, 27.0]]]}}, {"type": "Feature", "properties": {"cell_id": "r22c05", "lat_c": 27.5, "lon_c": 73.5, "lat_min": 27.0, "lat_max": 28.0, "lon_min": 73.0, "lon_max": 74.0}, "geometry": {"type": "Polygon", "coordinates": [[[73.0, 27.0], [74.0, 27.0], [74.0, 28.0], [73.0, 28.0], [73.0, 27.0]]]}}, {"type": "Feature", "properties": {"cell_id": "r22c06", "lat_c": 27.5, "lon_c": 74.5, "lat_min": 27.0, "lat_max": 28.0, "lon_min": 74.0, "lon_max": 75.0}, "geometry": {"type": "Polygon", "coordinates": [[[74.0, 27.0], [75.0, 27.0], [75.0, 28.0], [74.0, 28.0], [74.0, 27.0]]]}}, {"type": "Feature", "properties": {"cell_id": "r22c07", "lat_c": 27.5, "lon_c": 75.5, "lat_min": 27.0, "lat_max": 28.0, "lon_min": 75.0, "lon_max": 76.0}, "geometry": {"type": "Polygon", "coordinates": [[[75.0, 27.0], [76.0, 27.0], [76.0, 28.0], [75.0, 28.0], [75.0, 27.0]]]}}, {"type": "Feature", "properties": {"cell_id": "r22c08", "lat_c": 27.5, "lon_c": 76.5, "lat_min": 27.0, "lat_max": 28.0, "lon_min": 76.0, "lon_max": 77.0}, "geometry": {"type": "Polygon", "coordinates": [[[76.0, 27.0], [77.0, 27.0], [77.0, 28.0], [76.0, 28.0], [76.0, 27.0]]]}}, {"type": "Feature", "properties": {"cell_id": "r22c09", "lat_c": 27.5, "lon_c": 77.5, "lat_min": 27.0, "lat_max": 28.0, "lon_min": 77.0, "lon_max": 78.0}, "geometry": {"type": "Polygon", "coordinates": [[[77.0, 27.0], [78.0, 27.0], [78.0, 28.0], [77.0, 28.0], [77.0, 27.0]]]}}, {"type": "Feature", "properties": {"cell_id": "r22c10", "lat_c": 27.5, "lon_c": 78.5, "lat_min": 27.0, "lat_max": 28.0, "lon_min": 78.0, "lon_max": 79.0}, "geometry": {"type": "Polygon", "coordinates": [[[78.0, 27.0], [79.0, 27.0], [79.0, 28.0], [78.0, 28.0], [78.0, 27.0]]]}}, {"type": "Feature", "properties": {"cell_id": "r22c11", "lat_c": 27.5, "lon_c": 79.5, "lat_min": 27.0, "lat_max": 28.0, "lon_min": 79.0, "lon_max": 80.0}, "geometry": {"type": "Polygon", "coordinates": [[[79.0, 27.0], [80.0, 27.0], [80.0, 28.0], [79.0, 28.0], [79.0, 27.0]]]}}, {"type": "Feature", "properties": {"cell_id": "r22c12", "lat_c": 27.5, "lon_c": 80.5, "lat_min": 27.0, "lat_max": 28.0, "lon_min": 80.0, "lon_max": 81.0}, "geometry": {"type": "Polygon", "coordinates": [[[80.0, 27.0], [81.0, 27.0], [81.0, 28.0], [80.0, 28.0], [80.0, 27.0]]]}}, {"type": "Feature", "properties": {"cell_id": "r22c13", "lat_c": 27.5, "lon_c": 81.5, "lat_min": 27.0, "lat_max": 28.0, "lon_min": 81.0, "lon_max": 82.0}, "geometry": {"type": "Polygon", "coordinates": [[[81.0, 27.0], [82.0, 27.0], [82.0, 28.0], [81.0, 28.0], [81.0, 27.0]]]}}, {"type": "Feature", "properties": {"cell_id": "r22c14", "lat_c": 27.5, "lon_c": 82.5, "lat_min": 27.0, "lat_max": 28.0, "lon_min": 82.0, "lon_max": 83.0}, "geometry": {"type": "Polygon", "coordinates": [[[82.0, 27.0], [83.0, 27.0], [83.0, 28.0], [82.0, 28.0], [82.0, 27.0]]]}}, {"type": "Feature", "properties": {"cell_id": "r22c15", "lat_c": 27.5, "lon_c": 83.5, "lat_min": 27.0, "lat_max": 28.0, "lon_min": 83.0, "lon_max": 84.0}, "geometry": {"type": "Polygon", "coordinates": [[[83.0, 27.0], [84.0, 27.0], [84.0, 28.0], [83.0, 28.0], [83.0, 27.0]]]}}, {"type": "Feature", "properties": {"cell_id": "r22c16", "lat_c": 27.5, "lon_c": 84.5, "lat_min": 27.0, "lat_max": 28.0, "lon_min": 84.0, "lon_max": 85.0}, "geometry": {"type": "Polygon", "coordinates": [[[84.0, 27.0], [85.0, 27.0], [85.0, 28.0], [84.0, 28.0], [84.0, 27.0]]]}}, {"type": "Feature", "properties": {"cell_id": "r22c17", "lat_c": 27.5, "lon_c": 85.5, "lat_min": 27.0, "lat_max": 28.0, "lon_min": 85.0, "lon_max": 86.0}, "geometry": {"type": "Polygon", "coordinates": [[[85.0, 27.0], [86.0, 27.0], [86.0, 28.0], [85.0, 28.0], [85.0, 27.0]]]}}, {"type": "Feature", "properties": {"cell_id": "r22c18", "lat_c": 27.5, "lon_c": 86.5, "lat_min": 27.0, "lat_max": 28.0, "lon_min": 86.0, "lon_max": 87.0}, "geometry": {"type": "Polygon", "coordinates": [[[86.0, 27.0], [87.0, 27.0], [87.0, 28.0], [86.0, 28.0], [86.0, 27.0]]]}}, {"type": "Feature", "properties": {"cell_id": "r22c19", "lat_c": 27.5, "lon_c": 87.5, "lat_min": 27.0, "lat_max": 28.0, "lon_min": 87.0, "lon_max": 88.0}, "geometry": {"type": "Polygon", "coordinates": [[[87.0, 27.0], [88.0, 27.0], [88.0, 28.0], [87.0, 28.0], [87.0, 27.0]]]}}, {"type": "Feature", "properties": {"cell_id": "r22c20", "lat_c": 27.5, "lon_c": 88.5, "lat_min": 27.0, "lat_max": 28.0, "lon_min": 88.0, "lon_max": 89.0}, "geometry": {"type": "Polygon", "coordinates": [[[88.0, 27.0], [89.0, 27.0], [89.0, 28.0], [88.0, 28.0], [88.0, 27.0]]]}}, {"type": "Feature", "properties": {"cell_id": "r22c21", "lat_c": 27.5, "lon_c": 89.5, "lat_min": 27.0, "lat_max": 28.0, "lon_min": 89.0, "lon_max": 90.0}, "geometry": {"type": "Polygon", "coordinates": [[[89.0, 27.0], [90.0, 27.0], [90.0, 28.0], [89.0, 28.0], [89.0, 27.0]]]}}, {"type": "Feature", "properties": {"cell_id": "r22c22", "lat_c": 27.5, "lon_c": 90.5, "lat_min": 27.0, "lat_max": 28.0, "lon_min": 90.0, "lon_max": 91.0}, "geometry": {"type": "Polygon", "coordinates": [[[90.0, 27.0], [91.0, 27.0], [91.0, 28.0], [90.0, 28.0], [90.0, 27.0]]]}}, {"type": "Feature", "properties": {"cell_id": "r22c23", "lat_c": 27.5, "lon_c": 91.5, "lat_min": 27.0, "lat_max": 28.0, "lon_min": 91.0, "lon_max": 92.0}, "geometry": {"type": "Polygon", "coordinates": [[[91.0, 27.0], [92.0, 27.0], [92.0, 28.0], [91.0, 28.0], [91.0, 27.0]]]}}, {"type": "Feature", "properties": {"cell_id": "r22c24", "lat_c": 27.5, "lon_c": 92.5, "lat_min": 27.0, "lat_max": 28.0, "lon_min": 92.0, "lon_max": 93.0}, "geometry": {"type": "Polygon", "coordinates": [[[92.0, 27.0], [93.0, 27.0], [93.0, 28.0], [92.0, 28.0], [92.0, 27.0]]]}}, {"type": "Feature", "properties": {"cell_id": "r22c25", "lat_c": 27.5, "lon_c": 93.5, "lat_min": 27.0, "lat_max": 28.0, "lon_min": 93.0, "lon_max": 94.0}, "geometry": {"type": "Polygon", "coordinates": [[[93.0, 27.0], [94.0, 27.0], [94.0, 28.0], [93.0, 28.0], [93.0, 27.0]]]}}, {"type": "Feature", "properties": {"cell_id": "r22c26", "lat_c": 27.5, "lon_c": 94.5, "lat_min": 27.0, "lat_max": 28.0, "lon_min": 94.0, "lon_max": 95.0}, "geometry": {"type": "Polygon", "coordinates": [[[94.0, 27.0], [95.0, 27.0], [95.0, 28.0], [94.0, 28.0], [94.0, 27.0]]]}}, {"type": "Feature", "properties": {"cell_id": "r22c27", "lat_c": 27.5, "lon_c": 95.5, "lat_min": 27.0, "lat_max": 28.0, "lon_min": 95.0, "lon_max": 96.0}, "geometry": {"type": "Polygon", "coordinates": [[[95.0, 27.0], [96.0, 27.0], [96.0, 28.0], [95.0, 28.0], [95.0, 27.0]]]}}, {"type": "Feature", "properties": {"cell_id": "r22c28", "lat_c": 27.5, "lon_c": 96.5, "lat_min": 27.0, "lat_max": 28.0, "lon_min": 96.0, "lon_max": 97.0}, "geometry": {"type": "Polygon", "coordinates": [[[96.0, 27.0], [97.0, 27.0], [97.0, 28.0], [96.0, 28.0], [96.0, 27.0]]]}}, {"type": "Feature", "properties": {"cell_id": "r22c29", "lat_c": 27.5, "lon_c": 97.5, "lat_min": 27.0, "lat_max": 28.0, "lon_min": 97.0, "lon_max": 98.0}, "geometry": {"type": "Polygon", "coordinates": [[[97.0, 27.0], [98.0, 27.0], [98.0, 28.0], [97.0, 28.0], [97.0, 27.0]]]}}, {"type": "Feature", "properties": {"cell_id": "r22c30", "lat_c": 27.5, "lon_c": 98.5, "lat_min": 27.0, "lat_max": 28.0, "lon_min": 98.0, "lon_max": 99.0}, "geometry": {"type": "Polygon", "coordinates": [[[98.0, 27.0], [99.0, 27.0], [99.0, 28.0], [98.0, 28.0], [98.0, 27.0]]]}}, {"type": "Feature", "properties": {"cell_id": "r22c31", "lat_c": 27.5, "lon_c": 99.5, "lat_min": 27.0, "lat_max": 28.0, "lon_min": 99.0, "lon_max": 100.0}, "geometry": {"type": "Polygon", "coordinates": [[[99.0, 27.0], [100.0, 27.0], [100.0, 28.0], [99.0, 28.0], [99.0, 27.0]]]}}, {"type": "Feature", "properties": {"cell_id": "r22c32", "lat_c": 27.5, "lon_c": 100.5, "lat_min": 27.0, "lat_max": 28.0, "lon_min": 100.0, "lon_max": 101.0}, "geometry": {"type": "Polygon", "coordinates": [[[100.0, 27.0], [101.0, 27.0], [101.0, 28.0], [100.0, 28.0], [100.0, 27.0]]]}}, {"type": "Feature", "properties": {"cell_id": "r22c33", "lat_c": 27.5, "lon_c": 101.5, "lat_min": 27.0, "lat_max": 28.0, "lon_min": 101.0, "lon_max": 102.0}, "geometry": {"type": "Polygon", "coordinates": [[[101.0, 27.0], [102.0, 27.0], [102.0, 28.0], [101.0, 28.0], [101.0, 27.0]]]}}, {"type": "Feature", "properties": {"cell_id": "r23c00", "lat_c": 28.5, "lon_c": 68.5, "lat_min": 28.0, "lat_max": 29.0, "lon_min": 68.0, "lon_max": 69.0}, "geometry": {"type": "Polygon", "coordinates": [[[68.0, 28.0], [69.0, 28.0], [69.0, 29.0], [68.0, 29.0], [68.0, 28.0]]]}}, {"type": "Feature", "properties": {"cell_id": "r23c01", "lat_c": 28.5, "lon_c": 69.5, "lat_min": 28.0, "lat_max": 29.0, "lon_min": 69.0, "lon_max": 70.0}, "geometry": {"type": "Polygon", "coordinates": [[[69.0, 28.0], [70.0, 28.0], [70.0, 29.0], [69.0, 29.0], [69.0, 28.0]]]}}, {"type": "Feature", "properties": {"cell_id": "r23c02", "lat_c": 28.5, "lon_c": 70.5, "lat_min": 28.0, "lat_max": 29.0, "lon_min": 70.0, "lon_max": 71.0}, "geometry": {"type": "Polygon", "coordinates": [[[70.0, 28.0], [71.0, 28.0], [71.0, 29.0], [70.0, 29.0], [70.0, 28.0]]]}}, {"type": "Feature", "properties": {"cell_id": "r23c03", "lat_c": 28.5, "lon_c": 71.5, "lat_min": 28.0, "lat_max": 29.0, "lon_min": 71.0, "lon_max": 72.0}, "geometry": {"type": "Polygon", "coordinates": [[[71.0, 28.0], [72.0, 28.0], [72.0, 29.0], [71.0, 29.0], [71.0, 28.0]]]}}, {"type": "Feature", "properties": {"cell_id": "r23c04", "lat_c": 28.5, "lon_c": 72.5, "lat_min": 28.0, "lat_max": 29.0, "lon_min": 72.0, "lon_max": 73.0}, "geometry": {"type": "Polygon", "coordinates": [[[72.0, 28.0], [73.0, 28.0], [73.0, 29.0], [72.0, 29.0], [72.0, 28.0]]]}}, {"type": "Feature", "properties": {"cell_id": "r23c05", "lat_c": 28.5, "lon_c": 73.5, "lat_min": 28.0, "lat_max": 29.0, "lon_min": 73.0, "lon_max": 74.0}, "geometry": {"type": "Polygon", "coordinates": [[[73.0, 28.0], [74.0, 28.0], [74.0, 29.0], [73.0, 29.0], [73.0, 28.0]]]}}, {"type": "Feature", "properties": {"cell_id": "r23c06", "lat_c": 28.5, "lon_c": 74.5, "lat_min": 28.0, "lat_max": 29.0, "lon_min": 74.0, "lon_max": 75.0}, "geometry": {"type": "Polygon", "coordinates": [[[74.0, 28.0], [75.0, 28.0], [75.0, 29.0], [74.0, 29.0], [74.0, 28.0]]]}}, {"type": "Feature", "properties": {"cell_id": "r23c07", "lat_c": 28.5, "lon_c": 75.5, "lat_min": 28.0, "lat_max": 29.0, "lon_min": 75.0, "lon_max": 76.0}, "geometry": {"type": "Polygon", "coordinates": [[[75.0, 28.0], [76.0, 28.0], [76.0, 29.0], [75.0, 29.0], [75.0, 28.0]]]}}, {"type": "Feature", "properties": {"cell_id": "r23c08", "lat_c": 28.5, "lon_c": 76.5, "lat_min": 28.0, "lat_max": 29.0, "lon_min": 76.0, "lon_max": 77.0}, "geometry": {"type": "Polygon", "coordinates": [[[76.0, 28.0], [77.0, 28.0], [77.0, 29.0], [76.0, 29.0], [76.0, 28.0]]]}}, {"type": "Feature", "properties": {"cell_id": "r23c09", "lat_c": 28.5, "lon_c": 77.5, "lat_min": 28.0, "lat_max": 29.0, "lon_min": 77.0, "lon_max": 78.0}, "geometry": {"type": "Polygon", "coordinates": [[[77.0, 28.0], [78.0, 28.0], [78.0, 29.0], [77.0, 29.0], [77.0, 28.0]]]}}, {"type": "Feature", "properties": {"cell_id": "r23c10", "lat_c": 28.5, "lon_c": 78.5, "lat_min": 28.0, "lat_max": 29.0, "lon_min": 78.0, "lon_max": 79.0}, "geometry": {"type": "Polygon", "coordinates": [[[78.0, 28.0], [79.0, 28.0], [79.0, 29.0], [78.0, 29.0], [78.0, 28.0]]]}}, {"type": "Feature", "properties": {"cell_id": "r23c11", "lat_c": 28.5, "lon_c": 79.5, "lat_min": 28.0, "lat_max": 29.0, "lon_min": 79.0, "lon_max": 80.0}, "geometry": {"type": "Polygon", "coordinates": [[[79.0, 28.0], [80.0, 28.0], [80.0, 29.0], [79.0, 29.0], [79.0, 28.0]]]}}, {"type": "Feature", "properties": {"cell_id": "r23c12", "lat_c": 28.5, "lon_c": 80.5, "lat_min": 28.0, "lat_max": 29.0, "lon_min": 80.0, "lon_max": 81.0}, "geometry": {"type": "Polygon", "coordinates": [[[80.0, 28.0], [81.0, 28.0], [81.0, 29.0], [80.0, 29.0], [80.0, 28.0]]]}}, {"type": "Feature", "properties": {"cell_id": "r23c13", "lat_c": 28.5, "lon_c": 81.5, "lat_min": 28.0, "lat_max": 29.0, "lon_min": 81.0, "lon_max": 82.0}, "geometry": {"type": "Polygon", "coordinates": [[[81.0, 28.0], [82.0, 28.0], [82.0, 29.0], [81.0, 29.0], [81.0, 28.0]]]}}, {"type": "Feature", "properties": {"cell_id": "r23c14", "lat_c": 28.5, "lon_c": 82.5, "lat_min": 28.0, "lat_max": 29.0, "lon_min": 82.0, "lon_max": 83.0}, "geometry": {"type": "Polygon", "coordinates": [[[82.0, 28.0], [83.0, 28.0], [83.0, 29.0], [82.0, 29.0], [82.0, 28.0]]]}}, {"type": "Feature", "properties": {"cell_id": "r23c15", "lat_c": 28.5, "lon_c": 83.5, "lat_min": 28.0, "lat_max": 29.0, "lon_min": 83.0, "lon_max": 84.0}, "geometry": {"type": "Polygon", "coordinates": [[[83.0, 28.0], [84.0, 28.0], [84.0, 29.0], [83.0, 29.0], [83.0, 28.0]]]}}, {"type": "Feature", "properties": {"cell_id": "r23c16", "lat_c": 28.5, "lon_c": 84.5, "lat_min": 28.0, "lat_max": 29.0, "lon_min": 84.0, "lon_max": 85.0}, "geometry": {"type": "Polygon", "coordinates": [[[84.0, 28.0], [85.0, 28.0], [85.0, 29.0], [84.0, 29.0], [84.0, 28.0]]]}}, {"type": "Feature", "properties": {"cell_id": "r23c17", "lat_c": 28.5, "lon_c": 85.5, "lat_min": 28.0, "lat_max": 29.0, "lon_min": 85.0, "lon_max": 86.0}, "geometry": {"type": "Polygon", "coordinates": [[[85.0, 28.0], [86.0, 28.0], [86.0, 29.0], [85.0, 29.0], [85.0, 28.0]]]}}, {"type": "Feature", "properties": {"cell_id": "r23c18", "lat_c": 28.5, "lon_c": 86.5, "lat_min": 28.0, "lat_max": 29.0, "lon_min": 86.0, "lon_max": 87.0}, "geometry": {"type": "Polygon", "coordinates": [[[86.0, 28.0], [87.0, 28.0], [87.0, 29.0], [86.0, 29.0], [86.0, 28.0]]]}}, {"type": "Feature", "properties": {"cell_id": "r23c19", "lat_c": 28.5, "lon_c": 87.5, "lat_min": 28.0, "lat_max": 29.0, "lon_min": 87.0, "lon_max": 88.0}, "geometry": {"type": "Polygon", "coordinates": [[[87.0, 28.0], [88.0, 28.0], [88.0, 29.0], [87.0, 29.0], [87.0, 28.0]]]}}, {"type": "Feature", "properties": {"cell_id": "r23c20", "lat_c": 28.5, "lon_c": 88.5, "lat_min": 28.0, "lat_max": 29.0, "lon_min": 88.0, "lon_max": 89.0}, "geometry": {"type": "Polygon", "coordinates": [[[88.0, 28.0], [89.0, 28.0], [89.0, 29.0], [88.0, 29.0], [88.0, 28.0]]]}}, {"type": "Feature", "properties": {"cell_id": "r23c21", "lat_c": 28.5, "lon_c": 89.5, "lat_min": 28.0, "lat_max": 29.0, "lon_min": 89.0, "lon_max": 90.0}, "geometry": {"type": "Polygon", "coordinates": [[[89.0, 28.0], [90.0, 28.0], [90.0, 29.0], [89.0, 29.0], [89.0, 28.0]]]}}, {"type": "Feature", "properties": {"cell_id": "r23c22", "lat_c": 28.5, "lon_c": 90.5, "lat_min": 28.0, "lat_max": 29.0, "lon_min": 90.0, "lon_max": 91.0}, "geometry": {"type": "Polygon", "coordinates": [[[90.0, 28.0], [91.0, 28.0], [91.0, 29.0], [90.0, 29.0], [90.0, 28.0]]]}}, {"type": "Feature", "properties": {"cell_id": "r23c23", "lat_c": 28.5, "lon_c": 91.5, "lat_min": 28.0, "lat_max": 29.0, "lon_min": 91.0, "lon_max": 92.0}, "geometry": {"type": "Polygon", "coordinates": [[[91.0, 28.0], [92.0, 28.0], [92.0, 29.0], [91.0, 29.0], [91.0, 28.0]]]}}, {"type": "Feature", "properties": {"cell_id": "r23c24", "lat_c": 28.5, "lon_c": 92.5, "lat_min": 28.0, "lat_max": 29.0, "lon_min": 92.0, "lon_max": 93.0}, "geometry": {"type": "Polygon", "coordinates": [[[92.0, 28.0], [93.0, 28.0], [93.0, 29.0], [92.0, 29.0], [92.0, 28.0]]]}}, {"type": "Feature", "properties": {"cell_id": "r23c25", "lat_c": 28.5, "lon_c": 93.5, "lat_min": 28.0, "lat_max": 29.0, "lon_min": 93.0, "lon_max": 94.0}, "geometry": {"type": "Polygon", "coordinates": [[[93.0, 28.0], [94.0, 28.0], [94.0, 29.0], [93.0, 29.0], [93.0, 28.0]]]}}, {"type": "Feature", "properties": {"cell_id": "r23c26", "lat_c": 28.5, "lon_c": 94.5, "lat_min": 28.0, "lat_max": 29.0, "lon_min": 94.0, "lon_max": 95.0}, "geometry": {"type": "Polygon", "coordinates": [[[94.0, 28.0], [95.0, 28.0], [95.0, 29.0], [94.0, 29.0], [94.0, 28.0]]]}}, {"type": "Feature", "properties": {"cell_id": "r23c27", "lat_c": 28.5, "lon_c": 95.5, "lat_min": 28.0, "lat_max": 29.0, "lon_min": 95.0, "lon_max": 96.0}, "geometry": {"type": "Polygon", "coordinates": [[[95.0, 28.0], [96.0, 28.0], [96.0, 29.0], [95.0, 29.0], [95.0, 28.0]]]}}, {"type": "Feature", "properties": {"cell_id": "r23c28", "lat_c": 28.5, "lon_c": 96.5, "lat_min": 28.0, "lat_max": 29.0, "lon_min": 96.0, "lon_max": 97.0}, "geometry": {"type": "Polygon", "coordinates": [[[96.0, 28.0], [97.0, 28.0], [97.0, 29.0], [96.0, 29.0], [96.0, 28.0]]]}}, {"type": "Feature", "properties": {"cell_id": "r23c29", "lat_c": 28.5, "lon_c": 97.5, "lat_min": 28.0, "lat_max": 29.0, "lon_min": 97.0, "lon_max": 98.0}, "geometry": {"type": "Polygon", "coordinates": [[[97.0, 28.0], [98.0, 28.0], [98.0, 29.0], [97.0, 29.0], [97.0, 28.0]]]}}, {"type": "Feature", "properties": {"cell_id": "r23c30", "lat_c": 28.5, "lon_c": 98.5, "lat_min": 28.0, "lat_max": 29.0, "lon_min": 98.0, "lon_max": 99.0}, "geometry": {"type": "Polygon", "coordinates": [[[98.0, 28.0], [99.0, 28.0], [99.0, 29.0], [98.0, 29.0], [98.0, 28.0]]]}}, {"type": "Feature", "properties": {"cell_id": "r23c31", "lat_c": 28.5, "lon_c": 99.5, "lat_min": 28.0, "lat_max": 29.0, "lon_min": 99.0, "lon_max": 100.0}, "geometry": {"type": "Polygon", "coordinates": [[[99.0, 28.0], [100.0, 28.0], [100.0, 29.0], [99.0, 29.0], [99.0, 28.0]]]}}, {"type": "Feature", "properties": {"cell_id": "r23c32", "lat_c": 28.5, "lon_c": 100.5, "lat_min": 28.0, "lat_max": 29.0, "lon_min": 100.0, "lon_max": 101.0}, "geometry": {"type": "Polygon", "coordinates": [[[100.0, 28.0], [101.0, 28.0], [101.0, 29.0], [100.0, 29.0], [100.0, 28.0]]]}}, {"type": "Feature", "properties": {"cell_id": "r23c33", "lat_c": 28.5, "lon_c": 101.5, "lat_min": 28.0, "lat_max": 29.0, "lon_min": 101.0, "lon_max": 102.0}, "geometry": {"type": "Polygon", "coordinates": [[[101.0, 28.0], [102.0, 28.0], [102.0, 29.0], [101.0, 29.0], [101.0, 28.0]]]}}, {"type": "Feature", "properties": {"cell_id": "r24c00", "lat_c": 29.5, "lon_c": 68.5, "lat_min": 29.0, "lat_max": 30.0, "lon_min": 68.0, "lon_max": 69.0}, "geometry": {"type": "Polygon", "coordinates": [[[68.0, 29.0], [69.0, 29.0], [69.0, 30.0], [68.0, 30.0], [68.0, 29.0]]]}}, {"type": "Feature", "properties": {"cell_id": "r24c01", "lat_c": 29.5, "lon_c": 69.5, "lat_min": 29.0, "lat_max": 30.0, "lon_min": 69.0, "lon_max": 70.0}, "geometry": {"type": "Polygon", "coordinates": [[[69.0, 29.0], [70.0, 29.0], [70.0, 30.0], [69.0, 30.0], [69.0, 29.0]]]}}, {"type": "Feature", "properties": {"cell_id": "r24c02", "lat_c": 29.5, "lon_c": 70.5, "lat_min": 29.0, "lat_max": 30.0, "lon_min": 70.0, "lon_max": 71.0}, "geometry": {"type": "Polygon", "coordinates": [[[70.0, 29.0], [71.0, 29.0], [71.0, 30.0], [70.0, 30.0], [70.0, 29.0]]]}}, {"type": "Feature", "properties": {"cell_id": "r24c03", "lat_c": 29.5, "lon_c": 71.5, "lat_min": 29.0, "lat_max": 30.0, "lon_min": 71.0, "lon_max": 72.0}, "geometry": {"type": "Polygon", "coordinates": [[[71.0, 29.0], [72.0, 29.0], [72.0, 30.0], [71.0, 30.0], [71.0, 29.0]]]}}, {"type": "Feature", "properties": {"cell_id": "r24c04", "lat_c": 29.5, "lon_c": 72.5, "lat_min": 29.0, "lat_max": 30.0, "lon_min": 72.0, "lon_max": 73.0}, "geometry": {"type": "Polygon", "coordinates": [[[72.0, 29.0], [73.0, 29.0], [73.0, 30.0], [72.0, 30.0], [72.0, 29.0]]]}}, {"type": "Feature", "properties": {"cell_id": "r24c05", "lat_c": 29.5, "lon_c": 73.5, "lat_min": 29.0, "lat_max": 30.0, "lon_min": 73.0, "lon_max": 74.0}, "geometry": {"type": "Polygon", "coordinates": [[[73.0, 29.0], [74.0, 29.0], [74.0, 30.0], [73.0, 30.0], [73.0, 29.0]]]}}, {"type": "Feature", "properties": {"cell_id": "r24c06", "lat_c": 29.5, "lon_c": 74.5, "lat_min": 29.0, "lat_max": 30.0, "lon_min": 74.0, "lon_max": 75.0}, "geometry": {"type": "Polygon", "coordinates": [[[74.0, 29.0], [75.0, 29.0], [75.0, 30.0], [74.0, 30.0], [74.0, 29.0]]]}}, {"type": "Feature", "properties": {"cell_id": "r24c07", "lat_c": 29.5, "lon_c": 75.5, "lat_min": 29.0, "lat_max": 30.0, "lon_min": 75.0, "lon_max": 76.0}, "geometry": {"type": "Polygon", "coordinates": [[[75.0, 29.0], [76.0, 29.0], [76.0, 30.0], [75.0, 30.0], [75.0, 29.0]]]}}, {"type": "Feature", "properties": {"cell_id": "r24c08", "lat_c": 29.5, "lon_c": 76.5, "lat_min": 29.0, "lat_max": 30.0, "lon_min": 76.0, "lon_max": 77.0}, "geometry": {"type": "Polygon", "coordinates": [[[76.0, 29.0], [77.0, 29.0], [77.0, 30.0], [76.0, 30.0], [76.0, 29.0]]]}}, {"type": "Feature", "properties": {"cell_id": "r24c09", "lat_c": 29.5, "lon_c": 77.5, "lat_min": 29.0, "lat_max": 30.0, "lon_min": 77.0, "lon_max": 78.0}, "geometry": {"type": "Polygon", "coordinates": [[[77.0, 29.0], [78.0, 29.0], [78.0, 30.0], [77.0, 30.0], [77.0, 29.0]]]}}, {"type": "Feature", "properties": {"cell_id": "r24c10", "lat_c": 29.5, "lon_c": 78.5, "lat_min": 29.0, "lat_max": 30.0, "lon_min": 78.0, "lon_max": 79.0}, "geometry": {"type": "Polygon", "coordinates": [[[78.0, 29.0], [79.0, 29.0], [79.0, 30.0], [78.0, 30.0], [78.0, 29.0]]]}}, {"type": "Feature", "properties": {"cell_id": "r24c11", "lat_c": 29.5, "lon_c": 79.5, "lat_min": 29.0, "lat_max": 30.0, "lon_min": 79.0, "lon_max": 80.0}, "geometry": {"type": "Polygon", "coordinates": [[[79.0, 29.0], [80.0, 29.0], [80.0, 30.0], [79.0, 30.0], [79.0, 29.0]]]}}, {"type": "Feature", "properties": {"cell_id": "r24c12", "lat_c": 29.5, "lon_c": 80.5, "lat_min": 29.0, "lat_max": 30.0, "lon_min": 80.0, "lon_max": 81.0}, "geometry": {"type": "Polygon", "coordinates": [[[80.0, 29.0], [81.0, 29.0], [81.0, 30.0], [80.0, 30.0], [80.0, 29.0]]]}}, {"type": "Feature", "properties": {"cell_id": "r24c13", "lat_c": 29.5, "lon_c": 81.5, "lat_min": 29.0, "lat_max": 30.0, "lon_min": 81.0, "lon_max": 82.0}, "geometry": {"type": "Polygon", "coordinates": [[[81.0, 29.0], [82.0, 29.0], [82.0, 30.0], [81.0, 30.0], [81.0, 29.0]]]}}, {"type": "Feature", "properties": {"cell_id": "r24c14", "lat_c": 29.5, "lon_c": 82.5, "lat_min": 29.0, "lat_max": 30.0, "lon_min": 82.0, "lon_max": 83.0}, "geometry": {"type": "Polygon", "coordinates": [[[82.0, 29.0], [83.0, 29.0], [83.0, 30.0], [82.0, 30.0], [82.0, 29.0]]]}}, {"type": "Feature", "properties": {"cell_id": "r24c15", "lat_c": 29.5, "lon_c": 83.5, "lat_min": 29.0, "lat_max": 30.0, "lon_min": 83.0, "lon_max": 84.0}, "geometry": {"type": "Polygon", "coordinates": [[[83.0, 29.0], [84.0, 29.0], [84.0, 30.0], [83.0, 30.0], [83.0, 29.0]]]}}, {"type": "Feature", "properties": {"cell_id": "r24c16", "lat_c": 29.5, "lon_c": 84.5, "lat_min": 29.0, "lat_max": 30.0, "lon_min": 84.0, "lon_max": 85.0}, "geometry": {"type": "Polygon", "coordinates": [[[84.0, 29.0], [85.0, 29.0], [85.0, 30.0], [84.0, 30.0], [84.0, 29.0]]]}}, {"type": "Feature", "properties": {"cell_id": "r24c17", "lat_c": 29.5, "lon_c": 85.5, "lat_min": 29.0, "lat_max": 30.0, "lon_min": 85.0, "lon_max": 86.0}, "geometry": {"type": "Polygon", "coordinates": [[[85.0, 29.0], [86.0, 29.0], [86.0, 30.0], [85.0, 30.0], [85.0, 29.0]]]}}, {"type": "Feature", "properties": {"cell_id": "r24c18", "lat_c": 29.5, "lon_c": 86.5, "lat_min": 29.0, "lat_max": 30.0, "lon_min": 86.0, "lon_max": 87.0}, "geometry": {"type": "Polygon", "coordinates": [[[86.0, 29.0], [87.0, 29.0], [87.0, 30.0], [86.0, 30.0], [86.0, 29.0]]]}}, {"type": "Feature", "properties": {"cell_id": "r24c19", "lat_c": 29.5, "lon_c": 87.5, "lat_min": 29.0, "lat_max": 30.0, "lon_min": 87.0, "lon_max": 88.0}, "geometry": {"type": "Polygon", "coordinates": [[[87.0, 29.0], [88.0, 29.0], [88.0, 30.0], [87.0, 30.0], [87.0, 29.0]]]}}, {"type": "Feature", "properties": {"cell_id": "r24c20", "lat_c": 29.5, "lon_c": 88.5, "lat_min": 29.0, "lat_max": 30.0, "lon_min": 88.0, "lon_max": 89.0}, "geometry": {"type": "Polygon", "coordinates": [[[88.0, 29.0], [89.0, 29.0], [89.0, 30.0], [88.0, 30.0], [88.0, 29.0]]]}}, {"type": "Feature", "properties": {"cell_id": "r24c21", "lat_c": 29.5, "lon_c": 89.5, "lat_min": 29.0, "lat_max": 30.0, "lon_min": 89.0, "lon_max": 90.0}, "geometry": {"type": "Polygon", "coordinates": [[[89.0, 29.0], [90.0, 29.0], [90.0, 30.0], [89.0, 30.0], [89.0, 29.0]]]}}, {"type": "Feature", "properties": {"cell_id": "r24c22", "lat_c": 29.5, "lon_c": 90.5, "lat_min": 29.0, "lat_max": 30.0, "lon_min": 90.0, "lon_max": 91.0}, "geometry": {"type": "Polygon", "coordinates": [[[90.0, 29.0], [91.0, 29.0], [91.0, 30.0], [90.0, 30.0], [90.0, 29.0]]]}}, {"type": "Feature", "properties": {"cell_id": "r24c23", "lat_c": 29.5, "lon_c": 91.5, "lat_min": 29.0, "lat_max": 30.0, "lon_min": 91.0, "lon_max": 92.0}, "geometry": {"type": "Polygon", "coordinates": [[[91.0, 29.0], [92.0, 29.0], [92.0, 30.0], [91.0, 30.0], [91.0, 29.0]]]}}, {"type": "Feature", "properties": {"cell_id": "r24c24", "lat_c": 29.5, "lon_c": 92.5, "lat_min": 29.0, "lat_max": 30.0, "lon_min": 92.0, "lon_max": 93.0}, "geometry": {"type": "Polygon", "coordinates": [[[92.0, 29.0], [93.0, 29.0], [93.0, 30.0], [92.0, 30.0], [92.0, 29.0]]]}}, {"type": "Feature", "properties": {"cell_id": "r24c25", "lat_c": 29.5, "lon_c": 93.5, "lat_min": 29.0, "lat_max": 30.0, "lon_min": 93.0, "lon_max": 94.0}, "geometry": {"type": "Polygon", "coordinates": [[[93.0, 29.0], [94.0, 29.0], [94.0, 30.0], [93.0, 30.0], [93.0, 29.0]]]}}, {"type": "Feature", "properties": {"cell_id": "r24c26", "lat_c": 29.5, "lon_c": 94.5, "lat_min": 29.0, "lat_max": 30.0, "lon_min": 94.0, "lon_max": 95.0}, "geometry": {"type": "Polygon", "coordinates": [[[94.0, 29.0], [95.0, 29.0], [95.0, 30.0], [94.0, 30.0], [94.0, 29.0]]]}}, {"type": "Feature", "properties": {"cell_id": "r24c27", "lat_c": 29.5, "lon_c": 95.5, "lat_min": 29.0, "lat_max": 30.0, "lon_min": 95.0, "lon_max": 96.0}, "geometry": {"type": "Polygon", "coordinates": [[[95.0, 29.0], [96.0, 29.0], [96.0, 30.0], [95.0, 30.0], [95.0, 29.0]]]}}, {"type": "Feature", "properties": {"cell_id": "r24c28", "lat_c": 29.5, "lon_c": 96.5, "lat_min": 29.0, "lat_max": 30.0, "lon_min": 96.0, "lon_max": 97.0}, "geometry": {"type": "Polygon", "coordinates": [[[96.0, 29.0], [97.0, 29.0], [97.0, 30.0], [96.0, 30.0], [96.0, 29.0]]]}}, {"type": "Feature", "properties": {"cell_id": "r24c29", "lat_c": 29.5, "lon_c": 97.5, "lat_min": 29.0, "lat_max": 30.0, "lon_min": 97.0, "lon_max": 98.0}, "geometry": {"type": "Polygon", "coordinates": [[[97.0, 29.0], [98.0, 29.0], [98.0, 30.0], [97.0, 30.0], [97.0, 29.0]]]}}, {"type": "Feature", "properties": {"cell_id": "r24c30", "lat_c": 29.5, "lon_c": 98.5, "lat_min": 29.0, "lat_max": 30.0, "lon_min": 98.0, "lon_max": 99.0}, "geometry": {"type": "Polygon", "coordinates": [[[98.0, 29.0], [99.0, 29.0], [99.0, 30.0], [98.0, 30.0], [98.0, 29.0]]]}}, {"type": "Feature", "properties": {"cell_id": "r24c31", "lat_c": 29.5, "lon_c": 99.5, "lat_min": 29.0, "lat_max": 30.0, "lon_min": 99.0, "lon_max": 100.0}, "geometry": {"type": "Polygon", "coordinates": [[[99.0, 29.0], [100.0, 29.0], [100.0, 30.0], [99.0, 30.0], [99.0, 29.0]]]}}, {"type": "Feature", "properties": {"cell_id": "r24c32", "lat_c": 29.5, "lon_c": 100.5, "lat_min": 29.0, "lat_max": 30.0, "lon_min": 100.0, "lon_max": 101.0}, "geometry": {"type": "Polygon", "coordinates": [[[100.0, 29.0], [101.0, 29.0], [101.0, 30.0], [100.0, 30.0], [100.0, 29.0]]]}}, {"type": "Feature", "properties": {"cell_id": "r24c33", "lat_c": 29.5, "lon_c": 101.5, "lat_min": 29.0, "lat_max": 30.0, "lon_min": 101.0, "lon_max": 102.0}, "geometry": {"type": "Polygon", "coordinates": [[[101.0, 29.0], [102.0, 29.0], [102.0, 30.0], [101.0, 30.0], [101.0, 29.0]]]}}, {"type": "Feature", "properties": {"cell_id": "r25c00", "lat_c": 30.5, "lon_c": 68.5, "lat_min": 30.0, "lat_max": 31.0, "lon_min": 68.0, "lon_max": 69.0}, "geometry": {"type": "Polygon", "coordinates": [[[68.0, 30.0], [69.0, 30.0], [69.0, 31.0], [68.0, 31.0], [68.0, 30.0]]]}}, {"type": "Feature", "properties": {"cell_id": "r25c01", "lat_c": 30.5, "lon_c": 69.5, "lat_min": 30.0, "lat_max": 31.0, "lon_min": 69.0, "lon_max": 70.0}, "geometry": {"type": "Polygon", "coordinates": [[[69.0, 30.0], [70.0, 30.0], [70.0, 31.0], [69.0, 31.0], [69.0, 30.0]]]}}, {"type": "Feature", "properties": {"cell_id": "r25c02", "lat_c": 30.5, "lon_c": 70.5, "lat_min": 30.0, "lat_max": 31.0, "lon_min": 70.0, "lon_max": 71.0}, "geometry": {"type": "Polygon", "coordinates": [[[70.0, 30.0], [71.0, 30.0], [71.0, 31.0], [70.0, 31.0], [70.0, 30.0]]]}}, {"type": "Feature", "properties": {"cell_id": "r25c03", "lat_c": 30.5, "lon_c": 71.5, "lat_min": 30.0, "lat_max": 31.0, "lon_min": 71.0, "lon_max": 72.0}, "geometry": {"type": "Polygon", "coordinates": [[[71.0, 30.0], [72.0, 30.0], [72.0, 31.0], [71.0, 31.0], [71.0, 30.0]]]}}, {"type": "Feature", "properties": {"cell_id": "r25c04", "lat_c": 30.5, "lon_c": 72.5, "lat_min": 30.0, "lat_max": 31.0, "lon_min": 72.0, "lon_max": 73.0}, "geometry": {"type": "Polygon", "coordinates": [[[72.0, 30.0], [73.0, 30.0], [73.0, 31.0], [72.0, 31.0], [72.0, 30.0]]]}}, {"type": "Feature", "properties": {"cell_id": "r25c05", "lat_c": 30.5, "lon_c": 73.5, "lat_min": 30.0, "lat_max": 31.0, "lon_min": 73.0, "lon_max": 74.0}, "geometry": {"type": "Polygon", "coordinates": [[[73.0, 30.0], [74.0, 30.0], [74.0, 31.0], [73.0, 31.0], [73.0, 30.0]]]}}, {"type": "Feature", "properties": {"cell_id": "r25c06", "lat_c": 30.5, "lon_c": 74.5, "lat_min": 30.0, "lat_max": 31.0, "lon_min": 74.0, "lon_max": 75.0}, "geometry": {"type": "Polygon", "coordinates": [[[74.0, 30.0], [75.0, 30.0], [75.0, 31.0], [74.0, 31.0], [74.0, 30.0]]]}}, {"type": "Feature", "properties": {"cell_id": "r25c07", "lat_c": 30.5, "lon_c": 75.5, "lat_min": 30.0, "lat_max": 31.0, "lon_min": 75.0, "lon_max": 76.0}, "geometry": {"type": "Polygon", "coordinates": [[[75.0, 30.0], [76.0, 30.0], [76.0, 31.0], [75.0, 31.0], [75.0, 30.0]]]}}, {"type": "Feature", "properties": {"cell_id": "r25c08", "lat_c": 30.5, "lon_c": 76.5, "lat_min": 30.0, "lat_max": 31.0, "lon_min": 76.0, "lon_max": 77.0}, "geometry": {"type": "Polygon", "coordinates": [[[76.0, 30.0], [77.0, 30.0], [77.0, 31.0], [76.0, 31.0], [76.0, 30.0]]]}}, {"type": "Feature", "properties": {"cell_id": "r25c09", "lat_c": 30.5, "lon_c": 77.5, "lat_min": 30.0, "lat_max": 31.0, "lon_min": 77.0, "lon_max": 78.0}, "geometry": {"type": "Polygon", "coordinates": [[[77.0, 30.0], [78.0, 30.0], [78.0, 31.0], [77.0, 31.0], [77.0, 30.0]]]}}, {"type": "Feature", "properties": {"cell_id": "r25c10", "lat_c": 30.5, "lon_c": 78.5, "lat_min": 30.0, "lat_max": 31.0, "lon_min": 78.0, "lon_max": 79.0}, "geometry": {"type": "Polygon", "coordinates": [[[78.0, 30.0], [79.0, 30.0], [79.0, 31.0], [78.0, 31.0], [78.0, 30.0]]]}}, {"type": "Feature", "properties": {"cell_id": "r25c11", "lat_c": 30.5, "lon_c": 79.5, "lat_min": 30.0, "lat_max": 31.0, "lon_min": 79.0, "lon_max": 80.0}, "geometry": {"type": "Polygon", "coordinates": [[[79.0, 30.0], [80.0, 30.0], [80.0, 31.0], [79.0, 31.0], [79.0, 30.0]]]}}, {"type": "Feature", "properties": {"cell_id": "r25c12", "lat_c": 30.5, "lon_c": 80.5, "lat_min": 30.0, "lat_max": 31.0, "lon_min": 80.0, "lon_max": 81.0}, "geometry": {"type": "Polygon", "coordinates": [[[80.0, 30.0], [81.0, 30.0], [81.0, 31.0], [80.0, 31.0], [80.0, 30.0]]]}}, {"type": "Feature", "properties": {"cell_id": "r25c13", "lat_c": 30.5, "lon_c": 81.5, "lat_min": 30.0, "lat_max": 31.0, "lon_min": 81.0, "lon_max": 82.0}, "geometry": {"type": "Polygon", "coordinates": [[[81.0, 30.0], [82.0, 30.0], [82.0, 31.0], [81.0, 31.0], [81.0, 30.0]]]}}, {"type": "Feature", "properties": {"cell_id": "r25c14", "lat_c": 30.5, "lon_c": 82.5, "lat_min": 30.0, "lat_max": 31.0, "lon_min": 82.0, "lon_max": 83.0}, "geometry": {"type": "Polygon", "coordinates": [[[82.0, 30.0], [83.0, 30.0], [83.0, 31.0], [82.0, 31.0], [82.0, 30.0]]]}}, {"type": "Feature", "properties": {"cell_id": "r25c15", "lat_c": 30.5, "lon_c": 83.5, "lat_min": 30.0, "lat_max": 31.0, "lon_min": 83.0, "lon_max": 84.0}, "geometry": {"type": "Polygon", "coordinates": [[[83.0, 30.0], [84.0, 30.0], [84.0, 31.0], [83.0, 31.0], [83.0, 30.0]]]}}, {"type": "Feature", "properties": {"cell_id": "r25c16", "lat_c": 30.5, "lon_c": 84.5, "lat_min": 30.0, "lat_max": 31.0, "lon_min": 84.0, "lon_max": 85.0}, "geometry": {"type": "Polygon", "coordinates": [[[84.0, 30.0], [85.0, 30.0], [85.0, 31.0], [84.0, 31.0], [84.0, 30.0]]]}}, {"type": "Feature", "properties": {"cell_id": "r25c17", "lat_c": 30.5, "lon_c": 85.5, "lat_min": 30.0, "lat_max": 31.0, "lon_min": 85.0, "lon_max": 86.0}, "geometry": {"type": "Polygon", "coordinates": [[[85.0, 30.0], [86.0, 30.0], [86.0, 31.0], [85.0, 31.0], [85.0, 30.0]]]}}, {"type": "Feature", "properties": {"cell_id": "r25c18", "lat_c": 30.5, "lon_c": 86.5, "lat_min": 30.0, "lat_max": 31.0, "lon_min": 86.0, "lon_max": 87.0}, "geometry": {"type": "Polygon", "coordinates": [[[86.0, 30.0], [87.0, 30.0], [87.0, 31.0], [86.0, 31.0], [86.0, 30.0]]]}}, {"type": "Feature", "properties": {"cell_id": "r25c19", "lat_c": 30.5, "lon_c": 87.5, "lat_min": 30.0, "lat_max": 31.0, "lon_min": 87.0, "lon_max": 88.0}, "geometry": {"type": "Polygon", "coordinates": [[[87.0, 30.0], [88.0, 30.0], [88.0, 31.0], [87.0, 31.0], [87.0, 30.0]]]}}, {"type": "Feature", "properties": {"cell_id": "r25c20", "lat_c": 30.5, "lon_c": 88.5, "lat_min": 30.0, "lat_max": 31.0, "lon_min": 88.0, "lon_max": 89.0}, "geometry": {"type": "Polygon", "coordinates": [[[88.0, 30.0], [89.0, 30.0], [89.0, 31.0], [88.0, 31.0], [88.0, 30.0]]]}}, {"type": "Feature", "properties": {"cell_id": "r25c21", "lat_c": 30.5, "lon_c": 89.5, "lat_min": 30.0, "lat_max": 31.0, "lon_min": 89.0, "lon_max": 90.0}, "geometry": {"type": "Polygon", "coordinates": [[[89.0, 30.0], [90.0, 30.0], [90.0, 31.0], [89.0, 31.0], [89.0, 30.0]]]}}, {"type": "Feature", "properties": {"cell_id": "r25c22", "lat_c": 30.5, "lon_c": 90.5, "lat_min": 30.0, "lat_max": 31.0, "lon_min": 90.0, "lon_max": 91.0}, "geometry": {"type": "Polygon", "coordinates": [[[90.0, 30.0], [91.0, 30.0], [91.0, 31.0], [90.0, 31.0], [90.0, 30.0]]]}}, {"type": "Feature", "properties": {"cell_id": "r25c23", "lat_c": 30.5, "lon_c": 91.5, "lat_min": 30.0, "lat_max": 31.0, "lon_min": 91.0, "lon_max": 92.0}, "geometry": {"type": "Polygon", "coordinates": [[[91.0, 30.0], [92.0, 30.0], [92.0, 31.0], [91.0, 31.0], [91.0, 30.0]]]}}, {"type": "Feature", "properties": {"cell_id": "r25c24", "lat_c": 30.5, "lon_c": 92.5, "lat_min": 30.0, "lat_max": 31.0, "lon_min": 92.0, "lon_max": 93.0}, "geometry": {"type": "Polygon", "coordinates": [[[92.0, 30.0], [93.0, 30.0], [93.0, 31.0], [92.0, 31.0], [92.0, 30.0]]]}}, {"type": "Feature", "properties": {"cell_id": "r25c25", "lat_c": 30.5, "lon_c": 93.5, "lat_min": 30.0, "lat_max": 31.0, "lon_min": 93.0, "lon_max": 94.0}, "geometry": {"type": "Polygon", "coordinates": [[[93.0, 30.0], [94.0, 30.0], [94.0, 31.0], [93.0, 31.0], [93.0, 30.0]]]}}, {"type": "Feature", "properties": {"cell_id": "r25c26", "lat_c": 30.5, "lon_c": 94.5, "lat_min": 30.0, "lat_max": 31.0, "lon_min": 94.0, "lon_max": 95.0}, "geometry": {"type": "Polygon", "coordinates": [[[94.0, 30.0], [95.0, 30.0], [95.0, 31.0], [94.0, 31.0], [94.0, 30.0]]]}}, {"type": "Feature", "properties": {"cell_id": "r25c27", "lat_c": 30.5, "lon_c": 95.5, "lat_min": 30.0, "lat_max": 31.0, "lon_min": 95.0, "lon_max": 96.0}, "geometry": {"type": "Polygon", "coordinates": [[[95.0, 30.0], [96.0, 30.0], [96.0, 31.0], [95.0, 31.0], [95.0, 30.0]]]}}, {"type": "Feature", "properties": {"cell_id": "r25c28", "lat_c": 30.5, "lon_c": 96.5, "lat_min": 30.0, "lat_max": 31.0, "lon_min": 96.0, "lon_max": 97.0}, "geometry": {"type": "Polygon", "coordinates": [[[96.0, 30.0], [97.0, 30.0], [97.0, 31.0], [96.0, 31.0], [96.0, 30.0]]]}}, {"type": "Feature", "properties": {"cell_id": "r25c29", "lat_c": 30.5, "lon_c": 97.5, "lat_min": 30.0, "lat_max": 31.0, "lon_min": 97.0, "lon_max": 98.0}, "geometry": {"type": "Polygon", "coordinates": [[[97.0, 30.0], [98.0, 30.0], [98.0, 31.0], [97.0, 31.0], [97.0, 30.0]]]}}, {"type": "Feature", "properties": {"cell_id": "r25c30", "lat_c": 30.5, "lon_c": 98.5, "lat_min": 30.0, "lat_max": 31.0, "lon_min": 98.0, "lon_max": 99.0}, "geometry": {"type": "Polygon", "coordinates": [[[98.0, 30.0], [99.0, 30.0], [99.0, 31.0], [98.0, 31.0], [98.0, 30.0]]]}}, {"type": "Feature", "properties": {"cell_id": "r25c31", "lat_c": 30.5, "lon_c": 99.5, "lat_min": 30.0, "lat_max": 31.0, "lon_min": 99.0, "lon_max": 100.0}, "geometry": {"type": "Polygon", "coordinates": [[[99.0, 30.0], [100.0, 30.0], [100.0, 31.0], [99.0, 31.0], [99.0, 30.0]]]}}, {"type": "Feature", "properties": {"cell_id": "r25c32", "lat_c": 30.5, "lon_c": 100.5, "lat_min": 30.0, "lat_max": 31.0, "lon_min": 100.0, "lon_max": 101.0}, "geometry": {"type": "Polygon", "coordinates": [[[100.0, 30.0], [101.0, 30.0], [101.0, 31.0], [100.0, 31.0], [100.0, 30.0]]]}}, {"type": "Feature", "properties": {"cell_id": "r25c33", "lat_c": 30.5, "lon_c": 101.5, "lat_min": 30.0, "lat_max": 31.0, "lon_min": 101.0, "lon_max": 102.0}, "geometry": {"type": "Polygon", "coordinates": [[[101.0, 30.0], [102.0, 30.0], [102.0, 31.0], [101.0, 31.0], [101.0, 30.0]]]}}]}