cell_id,lat_c,lon_c,total_records,obs_richness,truncated,rarefied,gpp,temp_c,precip_mm_yr,natural_frac,wc_mode,log_effort
r00c00,5.25,68.25,0,0,0,,,,,,,0.0
r00c01,5.25,68.75,0,0,0,,,,,,,0.0
r00c02,5.25,69.25,0,0,0,,,,,,,0.0
r00c03,5.25,69.75,0,0,0,,,,,,,0.0
r00c04,5.25,70.25,0,0,0,,,,,,,0.0
r00c05,5.25,70.75,0,0,0,,,,,,,0.0
r00c06,5.25,71.25,0,0,0,,,,,,,0.0
r00c07,5.25,71.75,0,0,0,,,,,,,0.0
r00c08,5.25,72.25,0,0,0,,,,,,,0.0
r00c09,5.25,72.75,363,32,0,28.166567242004216,0.9483466073018699,,,0.0005286502314594959,80.0,2.5599066250361124
r00c10,5.25,73.25,1050,62,0,36.26897039067127,1.0088057142857143,,,0.002340127667492388,80.0,3.0211892990699383
r00c11,5.25,73.75,231,34,0,,0.69601,,,0.000932010730915712,80.0,2.3636119798921444
r00c12,5.25,74.25,0,0,0,,,,,,,0.0
r00c13,5.25,74.75,0,0,0,,,,,,,0.0
r00c14,5.25,75.25,0,0,0,,,,,,,0.0
r00c15,5.25,75.75,0,0,0,,,,,,,0.0
r00c16,5.25,76.25,0,0,0,,,,,,,0.0
r00c17,5.25,76.75,1,1,0,,,,,,,0.0
r00c18,5.25,77.25,0,0,0,,,,,,,0.0
r00c19,5.25,77.75,0,0,0,,,,,,,0.0
r00c20,5.25,78.25,0,0,0,,,,,,,0.0
r00c21,5.25,78.75,0,0,0,,,,,,,0.0
r00c22,5.25,79.25,0,0,0,,,,,,,0.0
r00c23,5.25,79.75,0,0,0,,,,,,,0.0
r00c24,5.25,80.25,1,1,0,,,,,,,0.0
r00c25,5.25,80.75,0,0,0,,,,,,,0.0
r00c26,5.25,81.25,0,0,0,,,,,,,0.0
r00c27,5.25,81.75,0,0,0,,,,,,,0.0
r00c28,5.25,82.25,0,0,0,,,,,,,0.0
r00c29,5.25,82.75,0,0,0,,,,,,,0.0
r00c30,5.25,83.25,0,0,0,,,,,,,0.0
r00c31,5.25,83.75,0,0,0,,,,,,,0.0
r00c32,5.25,84.25,0,0,0,,,,,,,0.0
r00c33,5.25,84.75,0,0,0,,,,,,,0.0
r00c34,5.25,85.25,0,0,0,,,,,,,0.0
r00c35,5.25,85.75,0,0,0,,,,,,,0.0
r00c36,5.25,86.25,0,0,0,,,,,,,0.0
r00c37,5.25,86.75,0,0,0,,,,,,,0.0
r00c38,5.25,87.25,0,0,0,,,,,,,0.0
r00c39,5.25,87.75,0,0,0,,,,,,,0.0
r00c40,5.25,88.25,0,0,0,,,,,,,0.0
r00c41,5.25,88.75,0,0,0,,,,,,,0.0
r00c42,5.25,89.25,0,0,0,,,,,,,0.0
r00c43,5.25,89.75,0,0,0,,,,,,,0.0
r00c44,5.25,90.25,0,0,0,,,,,,,0.0
r00c45,5.25,90.75,0,0,0,,,,,,,0.0
r00c46,5.25,91.25,0,0,0,,,,,,,0.0
r00c47,5.25,91.75,0,0,0,,,,,,,0.0
r00c48,5.25,92.25,0,0,0,,,,,,,0.0
r00c49,5.25,92.75,0,0,0,,,,,,,0.0
r00c50,5.25,93.25,0,0,0,,,,,,,0.0
r00c51,5.25,93.75,0,0,0,,,,,,,0.0
r00c52,5.25,94.25,0,0,0,,,,,,,0.0
r00c53,5.25,94.75,0,0,0,,,,,0.0,80.0,0.0
r00c54,5.25,95.25,589,108,0,83.0409797256446,2.489615702619776,24.85748061188149,2931.148886488008,0.4181780882545683,80.0,2.7701152947871015
r00c55,5.25,95.75,223,101,0,,2.5041900048782177,23.88226208561945,2591.862730448597,0.8745385246840628,10.0,2.3483048630481607
r00c56,5.25,96.25,5,1,0,,2.5472404721488644,23.869514863506236,3686.501363635257,0.4463639087960673,80.0,0.6989700043360189
r00c57,5.25,96.75,57,19,0,,2.259273191767431,25.785471437488706,2864.3485930737525,0.4134763506286525,80.0,1.7558748556724915
r00c58,5.25,97.25,124,54,0,,1.7222620063025145,26.59915381815848,2100.0631497394156,0.24525184221878246,80.0,2.093421685162235
r00c59,5.25,97.75,8,7,0,,1.416539719188989,26.874738312357007,2094.669812479712,0.07747233259075384,80.0,0.9030899869919435
r00c60,5.25,98.25,0,0,0,,,,,0.0,80.0,0.0
r00c61,5.25,98.75,0,0,0,,,,,0.0,80.0,0.0
r00c62,5.25,99.25,0,0,0,,,,,0.0,80.0,0.0
r00c63,5.25,99.75,46,30,0,,,,,0.0,80.0,1.662757831681574
r00c64,5.25,100.25,130646,426,0,103.89310155415035,1.7188559764603963,26.741675085651,2544.3838830460268,0.1565484748569863,80.0,5.116096117434787
r00c65,5.25,100.75,22549,393,0,134.17564097482406,2.7112383064662433,24.830484101770125,3227.925390190142,0.9518683528249107,10.0,4.353127286608135
r00c66,5.25,101.25,1418,220,0,114.30212909956528,2.8913915612965644,23.55379577353021,2889.1587587301874,0.9639882876494065,10.0,3.151676230847048
r00c67,5.25,101.75,207,89,0,,2.8269168187933085,23.213720046286152,3258.3522724814516,0.9983053652673615,10.0,2.315970345456918
r01c00,5.75,68.25,0,0,0,,,,,,,0.0
r01c01,5.75,68.75,0,0,0,,,,,,,0.0
r01c02,5.75,69.25,0,0,0,,,,,,,0.0
r01c03,5.75,69.75,0,0,0,,,,,,,0.0
r01c04,5.75,70.25,0,0,0,,,,,,,0.0
r01c05,5.75,70.75,0,0,0,,,,,,,0.0
r01c06,5.75,71.25,0,0,0,,,,,,,0.0
r01c07,5.75,71.75,0,0,0,,,,,,,0.0
r01c08,5.75,72.25,0,0,0,,,,,,,0.0
r01c09,5.75,72.75,80,19,0,,0.62914,,,0.0005450287817944131,80.0,1.9030899869919435
r01c10,5.75,73.25,253,32,0,,1.028202745098039,,,0.003632511979375561,80.0,2.403120521175818
r01c11,5.75,73.75,23,13,0,,0.1694,,,0.00014285066055826044,80.0,1.3617278360175928
r01c12,5.75,74.25,0,0,0,,,,,,,0.0
r01c13,5.75,74.75,0,0,0,,,,,,,0.0
r01c14,5.75,75.25,3,2,0,,,,,,,0.47712125471966244
r01c15,5.75,75.75,0,0,0,,,,,,,0.0
r01c16,5.75,76.25,0,0,0,,,,,,,0.0
r01c17,5.75,76.75,0,0,0,,,,,,,0.0
r01c18,5.75,77.25,0,0,0,,,,,,,0.0
r01c19,5.75,77.75,0,0,0,,,,,,,0.0
r01c20,5.75,78.25,0,0,0,,,,,,,0.0
r01c21,5.75,78.75,0,0,0,,,,,,,0.0
r01c22,5.75,79.25,1,0,0,,,,,,,0.0
r01c23,5.75,79.75,4,4,0,,,,,0.0,80.0,0.6020599913279624
r01c24,5.75,80.25,14455,227,0,81.60581935845609,2.2214348905713615,26.586712087866026,2405.6152415959277,0.04236113053800692,80.0,4.160018096006676
r01c25,5.75,80.75,111912,262,0,81.6726516359974,2.3762190737348425,26.639979046079436,1959.411444292489,0.06878354264887247,80.0,5.048876657166098
r01c26,5.75,81.25,0,0,0,,,,,0.0,80.0,0.0
r01c27,5.75,81.75,0,0,0,,,,,0.0,80.0,0.0
r01c28,5.75,82.25,0,0,0,,,,,,,0.0
r01c29,5.75,82.75,1,1,0,,,,,,,0.0
r01c30,5.75,83.25,0,0,0,,,,,,,0.0
r01c31,5.75,83.75,0,0,0,,,,,,,0.0
r01c32,5.75,84.25,0,0,0,,,,,,,0.0
r01c33,5.75,84.75,0,0,0,,,,,,,0.0
r01c34,5.75,85.25,0,0,0,,,,,,,0.0
r01c35,5.75,85.75,0,0,0,,,,,,,0.0
r01c36,5.75,86.25,0,0,0,,,,,,,0.0
r01c37,5.75,86.75,0,0,0,,,,,,,0.0
r01c38,5.75,87.25,0,0,0,,,,,,,0.0
r01c39,5.75,87.75,0,0,0,,,,,,,0.0
r01c40,5.75,88.25,0,0,0,,,,,,,0.0
r01c41,5.75,88.75,0,0,0,,,,,,,0.0
r01c42,5.75,89.25,0,0,0,,,,,,,0.0
r01c43,5.75,89.75,0,0,0,,,,,,,0.0
r01c44,5.75,90.25,0,0,0,,,,,,,0.0
r01c45,5.75,90.75,0,0,0,,,,,,,0.0
r01c46,5.75,91.25,0,0,0,,,,,,,0.0
r01c47,5.75,91.75,0,0,0,,,,,,,0.0
r01c48,5.75,92.25,0,0,0,,,,,,,0.0
r01c49,5.75,92.75,1,1,0,,,,,,,0.0
r01c50,5.75,93.25,0,0,0,,,,,,,0.0
r01c51,5.75,93.75,1,1,0,,,,,,,0.0
r01c52,5.75,94.25,0,0,0,,,,,,,0.0
r01c53,5.75,94.75,0,0,0,,,,,0.00028070938266315846,80.0,0.0
r01c54,5.75,95.25,1324,175,0,93.59200726293369,1.956711534736082,26.897959086285727,2053.349278420763,0.14455637313078543,80.0,3.121887985103681
r01c55,5.75,95.75,30,13,0,,1.9991794467858635,25.643738502924236,2223.264207511223,0.13978868546788106,80.0,1.4771212547196624
r01c56,5.75,96.25,0,0,0,,,,,0.0,80.0,0.0
r01c57,5.75,96.75,0,0,0,,,,,0.0,80.0,0.0
r01c58,5.75,97.25,0,0,0,,,,,0.0,80.0,0.0
r01c59,5.75,97.75,4,4,0,,,,,0.0,80.0,0.6020599913279624
r01c60,5.75,98.25,0,0,0,,,,,,,0.0
r01c61,5.75,98.75,4,4,0,,,,,0.0,80.0,0.6020599913279624
r01c62,5.75,99.25,0,0,0,,,,,0.0,80.0,0.0
r01c63,5.75,99.75,2,2,0,,,,,0.0,80.0,0.3010299956639812
r01c64,5.75,100.25,16059,337,0,106.25274781359929,1.7801670260657954,26.91906745208216,2438.584807259367,0.13088642330348646,80.0,4.205718498103094
r01c65,5.75,100.75,3859,307,0,132.64268431534623,2.5917183615018957,25.441782124464698,2545.507086611869,0.9439808089406323,10.0,3.5864747785713966
r01c66,5.75,101.25,10714,361,0,138.22146189025787,2.8821547621994443,23.782683296370838,2302.9826036611253,0.9759014868682601,10.0,4.02995164203684
r01c67,5.75,101.75,64340,380,0,122.47548077701958,2.757856937598845,24.487229510029973,3086.851312313501,0.9962066619194557,10.0,4.808481056565951
r02c00,6.25,68.25,0,0,0,,,,,,,0.0
r02c01,6.25,68.75,0,0,0,,,,,,,0.0
r02c02,6.25,69.25,0,0,0,,,,,,,0.0
r02c03,6.25,69.75,0,0,0,,,,,,,0.0
r02c04,6.25,70.25,0,0,0,,,,,,,0.0
r02c05,6.25,70.75,0,0,0,,,,,,,0.0
r02c06,6.25,71.25,0,0,0,,,,,,,0.0
r02c07,6.25,71.75,0,0,0,,,,,,,0.0
r02c08,6.25,72.25,0,0,0,,,,,0.0,80.0,0.0
r02c09,6.25,72.75,44,8,0,,1.17236,,,0.0008669632927741819,80.0,1.6434526764861874
r02c10,6.25,73.25,33,15,0,,1.1961173684210527,,,0.003185031600509609,80.0,1.5185139398778875
r02c11,6.25,73.75,0,0,0,,,,,0.0,80.0,0.0
r02c12,6.25,74.25,0,0,0,,,,,,,0.0
r02c13,6.25,74.75,0,0,0,,,,,,,0.0
r02c14,6.25,75.25,0,0,0,,,,,,,0.0
r02c15,6.25,75.75,0,0,0,,,,,,,0.0
r02c16,6.25,76.25,0,0,0,,,,,,,0.0
r02c17,6.25,76.75,0,0,0,,,,,,,0.0
r02c18,6.25,77.25,0,0,0,,,,,,,0.0
r02c19,6.25,77.75,1,1,0,,,,,,,0.0
r02c20,6.25,78.25,0,0,0,,,,,,,0.0
r02c21,6.25,78.75,1,0,0,,,,,,,0.0
r02c22,6.25,79.25,0,0,0,,,,,,,0.0
r02c23,6.25,79.75,2920,148,0,65.98711886315836,1.8867924179912072,26.595732569109714,2918.262091304882,0.006937331714270638,80.0,3.4653828514484184
r02c24,6.25,80.25,270798,347,0,95.38365301746445,2.674902939219246,25.53940596300969,2950.230615719129,0.8347420763346989,10.0,5.4326454525087815
r02c25,6.25,80.75,155268,350,0,121.07719697057541,2.4587210322564204,25.784182451031747,1893.2947567255196,0.8375723042717568,10.0,5.191081958913239
r02c26,6.25,81.25,348199,362,0,114.17706544652326,1.9980133231022417,27.0104096416573,1355.3086416189028,0.5327782548088198,10.0,5.541827519523686
r02c27,6.25,81.75,5429,235,0,108.93885431294879,2.144906648738256,27.41541548103237,1281.487554337604,0.10140887127422774,80.0,3.73471984165568
r02c28,6.25,82.25,0,0,0,,,,,0.0,80.0,0.0
r02c29,6.25,82.75,0,0,0,,,,,,,0.0
r02c30,6.25,83.25,0,0,0,,,,,,,0.0
r02c31,6.25,83.75,0,0,0,,,,,,,0.0
r02c32,6.25,84.25,0,0,0,,,,,,,0.0
r02c33,6.25,84.75,0,0,0,,,,,,,0.0
r02c34,6.25,85.25,0,0,0,,,,,,,0.0
r02c35,6.25,85.75,0,0,0,,,,,,,0.0
r02c36,6.25,86.25,0,0,0,,,,,,,0.0
r02c37,6.25,86.75,0,0,0,,,,,,,0.0
r02c38,6.25,87.25,0,0,0,,,,,,,0.0
r02c39,6.25,87.75,0,0,0,,,,,,,0.0
r02c40,6.25,88.25,0,0,0,,,,,,,0.0
r02c41,6.25,88.75,0,0,0,,,,,,,0.0
r02c42,6.25,89.25,0,0,0,,,,,,,0.0
r02c43,6.25,89.75,0,0,0,,,,,,,0.0
r02c44,6.25,90.25,0,0,0,,,,,,,0.0
r02c45,6.25,90.75,2,2,0,,,,,,,0.3010299956639812
r02c46,6.25,91.25,0,0,0,,,,,,,0.0
r02c47,6.25,91.75,0,0,0,,,,,,,0.0
r02c48,6.25,92.25,0,0,0,,,,,,,0.0
r02c49,6.25,92.75,0,0,0,,,,,,,0.0
r02c50,6.25,93.25,3,3,0,,,,,,,0.47712125471966244
r02c51,6.25,93.75,1,1,0,,,,,0.0,80.0,0.0
r02c52,6.25,94.25,0,0,0,,,,,0.0,80.0,0.0
r02c53,6.25,94.75,3,3,0,,,,,0.0,80.0,0.47712125471966244
r02c54,6.25,95.25,0,0,0,,1.42598,,,0.00021779365631136125,80.0,0.0
r02c55,6.25,95.75,1,1,0,,,,,0.0,80.0,0.0
r02c56,6.25,96.25,0,0,0,,,,,,,0.0
r02c57,6.25,96.75,0,0,0,,,,,,,0.0
r02c58,6.25,97.25,0,0,0,,,,,,,0.0
r02c59,6.25,97.75,0,0,0,,,,,,,0.0
r02c60,6.25,98.25,0,0,0,,,,,,,0.0
r02c61,6.25,98.75,0,0,0,,,,,0.0,80.0,0.0
r02c62,6.25,99.25,665,74,0,52.99100982729781,1.580728,,,0.00044492057731498186,80.0,2.8228216453031045
r02c63,6.25,99.75,30161,300,0,88.51928821166021,2.2217209625668457,27.299361329864592,2084.696490095082,0.14008065859059934,80.0,4.4794457366434335
r02c64,6.25,100.25,12146,393,0,140.9206909445924,1.635929310035863,26.764828843472824,2202.029905663393,0.2132469034258751,80.0,4.0844332767865446
r02c65,6.25,100.75,59366,363,0,134.75408147765972,2.541594246383044,25.59377536480641,2206.2958334900813,0.9298155620982721,10.0,4.77353778774279
r02c66,6.25,101.25,10498,297,0,124.98046214029796,2.7471542362739005,25.23314135587539,2103.531678479699,0.9825134395161647,10.0,4.021106568432121
r02c67,6.25,101.75,6629,272,0,98.11643062937395,2.448640083601226,26.060336154351113,2639.3138825519973,0.892556043991515,10.0,3.8214480190175304
r03c00,6.75,68.25,0,0,0,,,,,,,0.0
r03c01,6.75,68.75,0,0,0,,,,,,,0.0
r03c02,6.75,69.25,0,0,0,,,,,,,0.0
r03c03,6.75,69.75,0,0,0,,,,,,,0.0
r03c04,6.75,70.25,0,0,0,,,,,,,0.0
r03c05,6.75,70.75,0,0,0,,,,,,,0.0
r03c06,6.75,71.25,0,0,0,,,,,,,0.0
r03c07,6.75,71.75,0,0,0,,,,,,,0.0
r03c08,6.75,72.25,0,0,0,,,,,0.0,80.0,0.0
r03c09,6.75,72.75,29,11,0,,1.4558142857142857,,,0.0027273532276631393,80.0,1.462397997898956
r03c10,6.75,73.25,84,20,0,,1.6360996491228073,,,0.008897659639114323,80.0,1.9242792860618816
r03c11,6.75,73.75,0,0,0,,,,,0.0,80.0,0.0
r03c12,6.75,74.25,0,0,0,,,,,,,0.0
r03c13,6.75,74.75,0,0,0,,,,,,,0.0
r03c14,6.75,75.25,0,0,0,,,,,,,0.0
r03c15,6.75,75.75,0,0,0,,,,,,,0.0
r03c16,6.75,76.25,0,0,0,,,,,,,0.0
r03c17,6.75,76.75,0,0,0,,,,,,,0.0
r03c18,6.75,77.25,0,0,0,,,,,,,0.0
r03c19,6.75,77.75,0,0,0,,,,,,,0.0
r03c20,6.75,78.25,0,0,0,,,,,,,0.0
r03c21,6.75,78.75,0,0,0,,,,,,,0.0
r03c22,6.75,79.25,0,0,0,,,,,,,0.0
r03c23,6.75,79.75,381482,307,0,67.1620913240263,1.7533035902937297,26.731938924597713,2949.2000003474727,0.14868872060581914,80.0,5.581474050848963
r03c24,6.75,80.25,140580,273,0,94.17659957704615,2.827650055407529,24.665643433829707,3983.3565941032116,0.9830659511158409,10.0,5.147923538980606
r03c25,6.75,80.75,163813,295,0,96.88567343188839,2.6719583294497298,21.853428822332482,2822.1787954941187,0.9624494159016032,10.0,5.214348363872726
r03c26,6.75,81.25,34360,271,0,106.7230166686648,2.43683669064936,25.525472355858234,1884.6295423056638,0.9207829830650934,10.0,4.5360531551592045
r03c27,6.75,81.75,15339,255,0,108.43412049133971,2.3961121611574496,27.257748785809866,1425.4141525934372,0.5425292492224898,10.0,4.1857970474462
r03c28,6.75,82.25,0,0,0,,,,,0.0,80.0,0.0
r03c29,6.75,82.75,0,0,0,,,,,,,0.0
r03c30,6.75,83.25,0,0,0,,,,,,,0.0
r03c31,6.75,83.75,0,0,0,,,,,,,0.0
r03c32,6.75,84.25,0,0,0,,,,,,,0.0
r03c33,6.75,84.75,0,0,0,,,,,,,0.0
r03c34,6.75,85.25,0,0,0,,,,,,,0.0
r03c35,6.75,85.75,0,0,0,,,,,,,0.0
r03c36,6.75,86.25,0,0,0,,,,,,,0.0
r03c37,6.75,86.75,0,0,0,,,,,,,0.0
r03c38,6.75,87.25,0,0,0,,,,,,,0.0
r03c39,6.75,87.75,0,0,0,,,,,,,0.0
r03c40,6.75,88.25,2,2,0,,,,,,,0.3010299956639812
r03c41,6.75,88.75,0,0,0,,,,,,,0.0
r03c42,6.75,89.25,0,0,0,,,,,,,0.0
r03c43,6.75,89.75,0,0,0,,,,,,,0.0
r03c44,6.75,90.25,0,0,0,,,,,,,0.0
r03c45,6.75,90.75,0,0,0,,,,,,,0.0
r03c46,6.75,91.25,0,0,0,,,,,,,0.0
r03c47,6.75,91.75,0,0,0,,,,,,,0.0
r03c48,6.75,92.25,0,0,0,,,,,,,0.0
r03c49,6.75,92.75,0,0,0,,,,,,,0.0
r03c50,6.75,93.25,0,0,0,,,,,0.0,80.0,0.0
r03c51,6.75,93.75,10050,127,0,57.729561858114685,2.5782120516992326,26.98877757285858,2664.979020159466,0.1162873800259054,80.0,4.002166061756507
r03c52,6.75,94.25,0,0,0,,,,,0.0,80.0,0.0
r03c53,6.75,94.75,0,0,0,,,,,,,0.0
r03c54,6.75,95.25,0,0,0,,,,,,,0.0
r03c55,6.75,95.75,0,0,0,,,,,,,0.0
r03c56,6.75,96.25,0,0,0,,,,,,,0.0
r03c57,6.75,96.75,0,0,0,,,,,,,0.0
r03c58,6.75,97.25,0,0,0,,,,,,,0.0
r03c59,6.75,97.75,0,0,0,,,,,,,0.0
r03c60,6.75,98.25,0,0,0,,,,,,,0.0
r03c61,6.75,98.75,0,0,0,,,,,0.0,80.0,0.0
r03c62,6.75,99.25,414,67,0,55.61133905244255,2.433235880149812,27.555299335495704,2134.6035048624112,0.022277843262629077,80.0,2.617000341120899
r03c63,6.75,99.75,6959,290,0,116.28643393675958,2.119463031499003,26.730886050850636,2305.306913941659,0.34763295774193237,80.0,3.842546836495015
r03c64,6.75,100.25,50064,438,0,140.1117912451602,2.1425133622545873,26.10195354085009,2271.3611632100733,0.9244359644706087,10.0,4.699525545802118
r03c65,6.75,100.75,11515,304,0,116.43067050167406,2.124773125032052,26.37161997655228,2101.1382338235912,0.9116852589994452,10.0,4.06126394230025
r03c66,6.75,101.25,31161,299,0,92.17995845732922,1.9993014841337775,26.554281735148603,2213.9018922387227,0.6813018261539888,10.0,4.493611386340491
r03c67,6.75,101.75,748,92,0,69.1605645609691,2.080228433821863,26.75824110389996,2216.241757352838,0.24141405269851074,80.0,2.8739015978644615
r04c00,7.25,68.25,0,0,0,,,,,,,0.0
r04c01,7.25,68.75,0,0,0,,,,,,,0.0
r04c02,7.25,69.25,0,0,0,,,,,,,0.0
r04c03,7.25,69.75,0,0,0,,,,,,,0.0
r04c04,7.25,70.25,0,0,0,,,,,,,0.0
r04c05,7.25,70.75,0,0,0,,,,,,,0.0
r04c06,7.25,71.25,0,0,0,,,,,,,0.0
r04c07,7.25,71.75,0,0,0,,,,,,,0.0
r04c08,7.25,72.25,0,0,0,,,,,,,0.0
r04c09,7.25,72.75,28,10,0,,1.309626961325967,,,0.0014156888215963231,80.0,1.4471580313422192
r04c10,7.25,73.25,0,0,0,,2.3309400000000005,,,0.00010899555526264769,80.0,0.0
r04c11,7.25,73.75,0,0,0,,,,,0.0,80.0,0.0
r04c12,7.25,74.25,0,0,0,,,,,,,0.0
r04c13,7.25,74.75,0,0,0,,,,,,,0.0
r04c14,7.25,75.25,1,1,0,,,,,,,0.0
r04c15,7.25,75.75,0,0,0,,,,,,,0.0
r04c16,7.25,76.25,0,0,0,,,,,,,0.0
r04c17,7.25,76.75,0,0,0,,,,,,,0.0
r04c18,7.25,77.25,0,0,0,,,,,,,0.0
r04c19,7.25,77.75,0,0,0,,,,,,,0.0
r04c20,7.25,78.25,0,0,0,,,,,,,0.0
r04c21,7.25,78.75,0,0,0,,,,,,,0.0
r04c22,7.25,79.25,1,1,0,,,,,0.0,80.0,0.0
r04c23,7.25,79.75,229640,322,0,80.51651702057934,2.067188908118672,26.848280856323047,2445.789975545942,0.2894642025721303,80.0,5.3610475381955816
r04c24,7.25,80.25,48373,238,0,88.14139747599624,2.8100943237725153,25.408771029729838,2467.6288410877646,0.9474419722782798,10.0,4.684603022328371
r04c25,7.25,80.75,68248,262,0,95.15289311998828,2.8333134885534372,23.65154059630902,1907.1249526279464,0.9529581423638745,10.0,4.834089928948096
r04c26,7.25,81.25,21266,214,0,106.37386734558714,2.248857337622858,26.182084866355112,1802.4495045947765,0.9464678998236884,10.0,4.327685809541024
r04c27,7.25,81.75,4179,205,0,103.07489038117009,1.8087813510847752,27.31755327180007,1694.0379681590289,0.44993800254316135,80.0,3.621072371143626
r04c28,7.25,82.25,0,0,0,,,,,0.0,80.0,0.0
r04c29,7.25,82.75,1,1,0,,,,,,,0.0
r04c30,7.25,83.25,0,0,0,,,,,,,0.0
r04c31,7.25,83.75,0,0,0,,,,,,,0.0
r04c32,7.25,84.25,0,0,0,,,,,,,0.0
r04c33,7.25,84.75,0,0,0,,,,,,,0.0
r04c34,7.25,85.25,0,0,0,,,,,,,0.0
r04c35,7.25,85.75,0,0,0,,,,,,,0.0
r04c36,7.25,86.25,0,0,0,,,,,,,0.0
r04c37,7.25,86.75,0,0,0,,,,,,,0.0
r04c38,7.25,87.25,0,0,0,,,,,,,0.0
r04c39,7.25,87.75,0,0,0,,,,,,,0.0
r04c40,7.25,88.25,0,0,0,,,,,,,0.0
r04c41,7.25,88.75,0,0,0,,,,,,,0.0
r04c42,7.25,89.25,0,0,0,,,,,,,0.0
r04c43,7.25,89.75,0,0,0,,,,,,,0.0
r04c44,7.25,90.25,0,0,0,,,,,,,0.0
r04c45,7.25,90.75,0,0,0,,,,,,,0.0
r04c46,7.25,91.25,0,0,0,,,,,,,0.0
r04c47,7.25,91.75,0,0,0,,,,,,,0.0
r04c48,7.25,92.25,0,0,0,,,,,,,0.0
r04c49,7.25,92.75,0,0,0,,,,,,,0.0
r04c50,7.25,93.25,0,0,0,,,,,0.0,80.0,0.0
r04c51,7.25,93.75,12761,116,0,55.762055805170434,2.606281034385478,26.82757083101326,2599.380543108804,0.22423240270138536,80.0,4.105884708669233
r04c52,7.25,94.25,0,0,0,,,,,0.0,80.0,0.0
r04c53,7.25,94.75,0,0,0,,,,,,,0.0
r04c54,7.25,95.25,6,5,0,,,,,,,0.7781512503836436
r04c55,7.25,95.75,0,0,0,,,,,,,0.0
r04c56,7.25,96.25,0,0,0,,,,,,,0.0
r04c57,7.25,96.75,20,8,0,,,,,,,1.3010299956639813
r04c58,7.25,97.25,0,0,0,,,,,,,0.0
r04c59,7.25,97.75,0,0,0,,,,,,,0.0
r04c60,7.25,98.25,51,36,0,,1.390373375970763,,,0.0010074392151038338,80.0,1.7075701760979363
r04c61,7.25,98.75,276,36,0,35.11641749162682,,,,0.0,80.0,2.4409090820652177
r04c62,7.25,99.25,5884,245,0,89.67038782657696,2.250838755537957,26.709770568054697,2265.32685609525,0.13158755837077035,80.0,3.7696726640554923
r04c63,7.25,99.75,3426,263,0,113.4709916268723,2.2680645091378064,25.89840656616949,2390.6243540686746,0.8292636924743918,10.0,3.5347873586294916
r04c64,7.25,100.25,23849,360,0,102.47208964838507,1.8535940382171716,26.645093043961523,2204.203536912129,0.778132517404059,10.0,4.377470173582134
r04c65,7.25,100.75,15296,295,0,94.08064636902877,1.716554479644179,27.03066769373538,2089.105560806578,0.14927770367651974,80.0,4.184577874932025
r04c66,7.25,101.25,0,0,0,,,,,0.0,80.0,0.0
r04c67,7.25,101.75,0,0,0,,,,,0.0,80.0,0.0
r05c00,7.75,68.25,0,0,0,,,,,,,0.0
r05c01,7.75,68.75,0,0,0,,,,,,,0.0
r05c02,7.75,69.25,0,0,0,,,,,,,0.0
r05c03,7.75,69.75,1,1,0,,,,,,,0.0
r05c04,7.75,70.25,0,0,0,,,,,,,0.0
r05c05,7.75,70.75,0,0,0,,,,,,,0.0
r05c06,7.75,71.25,0,0,0,,,,,,,0.0
r05c07,7.75,71.75,0,0,0,,,,,,,0.0
r05c08,7.75,72.25,0,0,0,,,,,,,0.0
r05c09,7.75,72.75,0,0,0,,,,,0.0,80.0,0.0
r05c10,7.75,73.25,0,0,0,,,,,0.0,80.0,0.0
r05c11,7.75,73.75,0,0,0,,,,,,,0.0
r05c12,7.75,74.25,0,0,0,,,,,,,0.0
r05c13,7.75,74.75,0,0,0,,,,,,,0.0
r05c14,7.75,75.25,0,0,0,,,,,,,0.0
r05c15,7.75,75.75,1,1,0,,,,,,,0.0
r05c16,7.75,76.25,0,0,0,,,,,,,0.0
r05c17,7.75,76.75,0,0,0,,,,,0.0,80.0,0.0
r05c18,7.75,77.25,18,6,0,,,,,0.0,80.0,1.255272505103306
r05c19,7.75,77.75,18,6,0,,,,,0.0,80.0,1.255272505103306
r05c20,7.75,78.25,0,0,0,,,,,0.0,80.0,0.0
r05c21,7.75,78.75,0,0,0,,,,,,,0.0
r05c22,7.75,79.25,0,0,0,,,,,0.0,80.0,0.0
r05c23,7.75,79.75,29574,264,0,99.31656278919465,1.81038455235521,26.945209952442717,1829.8610085810578,0.3833718054775803,80.0,4.470910068538368
r05c24,7.75,80.25,11681,210,0,99.17121312730069,1.9879872111772632,26.28508272852063,1621.4265656909313,0.8556769314168193,10.0,4.067480023931482
r05c25,7.75,80.75,87903,282,0,105.71284701088523,2.38219419239776,26.23315887960327,1512.7045485262245,0.8620200672537186,10.0,4.944003697158103
r05c26,7.75,81.25,6770,199,0,93.77154535852267,1.6752066171468467,27.41263795931962,1610.147004029731,0.7464680772415053,10.0,3.8305886686851442
r05c27,7.75,81.75,4879,168,0,81.89476802527246,1.3535568800075373,27.616902553937564,1647.9148257782292,0.20384682397653942,80.0,3.688330818112266
r05c28,7.75,82.25,0,0,0,,,,,0.0,80.0,0.0
r05c29,7.75,82.75,0,0,0,,,,,,,0.0
r05c30,7.75,83.25,0,0,0,,,,,,,0.0
r05c31,7.75,83.75,0,0,0,,,,,,,0.0
r05c32,7.75,84.25,0,0,0,,,,,,,0.0
r05c33,7.75,84.75,0,0,0,,,,,,,0.0
r05c34,7.75,85.25,0,0,0,,,,,,,0.0
r05c35,7.75,85.75,0,0,0,,,,,,,0.0
r05c36,7.75,86.25,0,0,0,,,,,,,0.0
r05c37,7.75,86.75,0,0,0,,,,,,,0.0
r05c38,7.75,87.25,0,0,0,,,,,,,0.0
r05c39,7.75,87.75,0,0,0,,,,,,,0.0
r05c40,7.75,88.25,0,0,0,,,,,,,0.0
r05c41,7.75,88.75,0,0,0,,,,,,,0.0
r05c42,7.75,89.25,0,0,0,,,,,,,0.0
r05c43,7.75,89.75,0,0,0,,,,,,,0.0
r05c44,7.75,90.25,0,0,0,,,,,,,0.0
r05c45,7.75,90.75,0,0,0,,,,,,,0.0
r05c46,7.75,91.25,0,0,0,,,,,,,0.0
r05c47,7.75,91.75,0,0,0,,,,,,,0.0
r05c48,7.75,92.25,0,0,0,,,,,,,0.0
r05c49,7.75,92.75,0,0,0,,,,,0.0,80.0,0.0
r05c50,7.75,93.25,968,68,0,53.146078113721835,2.5370975016285735,27.301608220492653,2402.6520073672364,0.05545582048880546,80.0,2.9858753573083936
r05c51,7.75,93.75,153,43,0,,2.6751089510093844,,,0.016473733800345985,80.0,2.184691430817599
r05c52,7.75,94.25,0,0,0,,,,,,,0.0
r05c53,7.75,94.75,0,0,0,,,,,,,0.0
r05c54,7.75,95.25,0,0,0,,,,,,,0.0
r05c55,7.75,95.75,0,0,0,,,,,,,0.0
r05c56,7.75,96.25,0,0,0,,,,,,,0.0
r05c57,7.75,96.75,0,0,0,,,,,,,0.0
r05c58,7.75,97.25,0,0,0,,,,,,,0.0
r05c59,7.75,97.75,1,1,0,,,,,0.0,80.0,0.0
r05c60,7.75,98.25,27986,317,0,78.00484447566096,1.9156959403768574,27.358361240043166,2263.5156426837275,0.08090592545532513,80.0,4.446940829796355
r05c61,7.75,98.75,9753,235,0,79.46935018168715,2.3012267929466432,27.0040223204154,2544.207437362297,0.038935573431869236,80.0,3.989138224215789
r05c62,7.75,99.25,42388,390,0,123.33151960777374,2.232318988593363,26.57143464239412,2249.903654313068,0.7733237678537855,10.0,4.6272429256634116
r05c63,7.75,99.75,6535,276,0,110.09055597257942,2.083728331413059,26.297757597348763,2035.4413932969985,0.973246298861953,10.0,3.8152455919165633
r05c64,7.75,100.25,17583,257,0,86.73397681596553,1.5470170917465478,27.172127870213547,2057.781665690448,0.3732277090100726,80.0,4.245092976101281
r05c65,7.75,100.75,7,5,0,,,,,0.0,80.0,0.8450980400142568
r05c66,7.75,101.25,0,0,0,,,,,,,0.0
r05c67,7.75,101.75,0,0,0,,,,,0.0,80.0,0.0
r06c00,8.25,68.25,0,0,0,,,,,,,0.0
r06c01,8.25,68.75,0,0,0,,,,,,,0.0
r06c02,8.25,69.25,0,0,0,,,,,,,0.0
r06c03,8.25,69.75,0,0,0,,,,,,,0.0
r06c04,8.25,70.25,0,0,0,,,,,,,0.0
r06c05,8.25,70.75,0,0,0,,,,,,,0.0
r06c06,8.25,71.25,0,0,0,,,,,,,0.0
r06c07,8.25,71.75,0,0,0,,,,,,,0.0
r06c08,8.25,72.25,0,0,0,,,,,,,0.0
r06c09,8.25,72.75,0,0,0,,,,,0.0,80.0,0.0
r06c10,8.25,73.25,37,15,0,,1.85863,,,0.0,80.0,1.568201724066995
r06c11,8.25,73.75,1,1,0,,,,,,,0.0
r06c12,8.25,74.25,0,0,0,,,,,,,0.0
r06c13,8.25,74.75,1,1,0,,,,,,,0.0
r06c14,8.25,75.25,0,0,0,,,,,,,0.0
r06c15,8.25,75.75,0,0,0,,,,,,,0.0
r06c16,8.25,76.25,0,0,0,,,,,,,0.0
r06c17,8.25,76.75,101191,268,0,77.39703731589464,1.8071631011365266,25.974001245716938,2326.674863086115,0.028650805182634676,80.0,5.005141887759205
r06c18,8.25,77.25,106538,396,0,110.71752329730136,2.2611885582949642,26.035668826420018,1746.5282278536033,0.5687139962102283,10.0,5.027504539669417
r06c19,8.25,77.75,91671,355,0,103.96396048225427,1.214916714761678,27.518407500589387,1106.775428553997,0.46833245091174075,80.0,4.962231968909953
r06c20,8.25,78.25,1448,128,0,75.70047631895706,1.2468224380034842,27.943874789579638,1104.887084688766,0.07183156343786304,80.0,3.1607685618611283
r06c21,8.25,78.75,0,0,0,,,,,,,0.0
r06c22,8.25,79.25,0,0,0,,,,,0.0,80.0,0.0
r06c23,8.25,79.75,18192,249,0,110.08411389846705,2.2439606007104564,27.07793511756155,1394.883151626691,0.35528310745012226,80.0,4.25988044734366
r06c24,8.25,80.25,61915,269,0,102.99828855994889,1.9486420067216559,26.775150394457132,1388.759164300956,0.843821240194881,10.0,4.7917958772599984
r06c25,8.25,80.75,34070,232,0,100.62162608087631,1.9561890005599223,26.794357709475623,1394.15364426086,0.8173073880314584,10.0,4.532372133567877
r06c26,8.25,81.25,1765,155,0,86.65246874847684,1.7947174676489213,27.68134017698756,1484.9278647711108,0.5934448277323608,10.0,3.2467447097238415
r06c27,8.25,81.75,0,0,0,,,,,7.909134990074028e-05,80.0,0.0
r06c28,8.25,82.25,0,0,0,,,,,,,0.0
r06c29,8.25,82.75,0,0,0,,,,,,,0.0
r06c30,8.25,83.25,0,0,0,,,,,,,0.0
r06c31,8.25,83.75,0,0,0,,,,,,,0.0
r06c32,8.25,84.25,0,0,0,,,,,,,0.0
r06c33,8.25,84.75,2,2,0,,,,,,,0.3010299956639812
r06c34,8.25,85.25,0,0,0,,,,,,,0.0
r06c35,8.25,85.75,0,0,0,,,,,,,0.0
r06c36,8.25,86.25,0,0,0,,,,,,,0.0
r06c37,8.25,86.75,0,0,0,,,,,,,0.0
r06c38,8.25,87.25,0,0,0,,,,,,,0.0
r06c39,8.25,87.75,0,0,0,,,,,,,0.0
r06c40,8.25,88.25,0,0,0,,,,,,,0.0
r06c41,8.25,88.75,1,1,0,,,,,,,0.0
r06c42,8.25,89.25,0,0,0,,,,,,,0.0
r06c43,8.25,89.75,0,0,0,,,,,,,0.0
r06c44,8.25,90.25,0,0,0,,,,,,,0.0
r06c45,8.25,90.75,0,0,0,,,,,,,0.0
r06c46,8.25,91.25,0,0,0,,,,,,,0.0
r06c47,8.25,91.75,0,0,0,,,,,,,0.0
r06c48,8.25,92.25,0,0,0,,,,,,,0.0
r06c49,8.25,92.75,0,0,0,,,,,0.0,80.0,0.0
r06c50,8.25,93.25,1327,74,0,51.79864038518897,2.2192720979208387,27.501972562054164,2366.94673153363,0.05461437340940153,80.0,3.1228709228644354
r06c51,8.25,93.75,2048,91,0,49.985252703035044,2.0839379435882526,27.501972562054164,2366.94673153363,0.038857535131024495,80.0,3.3113299523037933
r06c52,8.25,94.25,0,0,0,,,,,,,0.0
r06c53,8.25,94.75,0,0,0,,,,,,,0.0
r06c54,8.25,95.25,0,0,0,,,,,,,0.0
r06c55,8.25,95.75,0,0,0,,,,,,,0.0
r06c56,8.25,96.25,0,0,0,,,,,,,0.0
r06c57,8.25,96.75,0,0,0,,,,,,,0.0
r06c58,8.25,97.25,0,0,0,,,,,0.0,80.0,0.0
r06c59,8.25,97.75,36,13,0,,1.4965950000000001,,,0.00042414602741800946,80.0,1.5563025007672873
r06c60,8.25,98.25,27337,319,0,86.87619894002563,2.3357942207583493,26.73670933601807,2505.112602333718,0.347721202095745,80.0,4.436750852772652
r06c61,8.25,98.75,64275,413,0,99.74124503977345,2.5744134879446627,26.368517243502865,2284.9280046409126,0.6668455711488656,10.0,4.808042085314899
r06c62,8.25,99.25,591,127,0,90.02069949799808,2.1556039471033235,26.403964530017003,1992.9810955911519,0.9891794015602117,10.0,2.7715874808812555
r06c63,8.25,99.75,9077,341,0,116.30183300890447,2.137363962707823,25.772233269569234,2196.503143942262,0.9636394861839347,10.0,3.9579423354454044
r06c64,8.25,100.25,2761,119,0,76.21079507808639,1.6643301192974258,27.05246167628497,2107.0226105847087,0.4066056028378428,80.0,3.4410664066392633
r06c65,8.25,100.75,33,27,0,,1.1372200000000001,,,8.913219842994488e-05,80.0,1.5185139398778875
r06c66,8.25,101.25,0,0,0,,,,,0.0,80.0,0.0
r06c67,8.25,101.75,3,3,0,,,,,,,0.47712125471966244
r07c00,8.75,68.25,0,0,0,,,,,,,0.0
r07c01,8.75,68.75,0,0,0,,,,,,,0.0
r07c02,8.75,69.25,0,0,0,,,,,,,0.0
r07c03,8.75,69.75,0,0,0,,,,,,,0.0
r07c04,8.75,70.25,0,0,0,,,,,,,0.0
r07c05,8.75,70.75,0,0,0,,,,,,,0.0
r07c06,8.75,71.25,0,0,0,,,,,,,0.0
r07c07,8.75,71.75,0,0,0,,,,,,,0.0
r07c08,8.75,72.25,0,0,0,,,,,,,0.0
r07c09,8.75,72.75,0,0,0,,,,,0.0,80.0,0.0
r07c10,8.75,73.25,0,0,0,,,,,0.0,80.0,0.0
r07c11,8.75,73.75,0,0,0,,,,,,,0.0
r07c12,8.75,74.25,0,0,0,,,,,,,0.0
r07c13,8.75,74.75,0,0,0,,,,,,,0.0
r07c14,8.75,75.25,0,0,0,,,,,,,0.0
r07c15,8.75,75.75,0,0,0,,,,,,,0.0
r07c16,8.75,76.25,61,12,0,,,26.85899408750572,2550.8463204165528,0.0,80.0,1.7853298350107671
r07c17,8.75,76.75,279051,325,0,62.53907060161163,2.194765189363731,26.238715939730934,2371.017157154303,0.5626157616945422,80.0,5.445683583182024
r07c18,8.75,77.25,198780,352,0,104.07276657701901,2.2105876764927817,25.12354180901755,1886.5181783711766,0.8426787190903219,10.0,5.298372686265604
r07c19,8.75,77.75,68886,279,0,88.35188320892634,1.0116593220049315,27.87831724640152,1142.534252371311,0.5612373903194745,40.0,4.838130967327805
r07c20,8.75,78.25,21730,249,0,104.16989954265685,0.9140266234153207,28.265736988567653,1099.2784798403811,0.19215197179501883,80.0,4.337059726320525
r07c21,8.75,78.75,0,0,0,,,,,0.0,80.0,0.0
r07c22,8.75,79.25,0,0,0,,,,,0.0,80.0,0.0
r07c23,8.75,79.75,41211,264,0,104.03070129938884,1.7586780406445457,27.403361763512365,1278.927072535975,0.11269612462868968,80.0,4.615013152967022
r07c24,8.75,80.25,16569,230,0,106.34929665866572,2.3369420385828006,27.188415163305176,1297.6814249833953,0.8906893403729838,10.0,4.219296297943339
r07c25,8.75,80.75,1100,161,0,97.93816876659878,2.140434608606983,27.195695606831595,1401.5566033880148,0.8283118241833082,10.0,3.041392685158225
r07c26,8.75,81.25,16424,216,0,73.62410724718323,2.1785547575872304,27.599629725852736,1376.2797516097855,0.2442727580137219,80.0,4.215478936362535
r07c27,8.75,81.75,0,0,0,,,,,0.0,80.0,0.0
r07c28,8.75,82.25,0,0,0,,,,,,,0.0
r07c29,8.75,82.75,0,0,0,,,,,,,0.0
r07c30,8.75,83.25,0,0,0,,,,,,,0.0
r07c31,8.75,83.75,0,0,0,,,,,,,0.0
r07c32,8.75,84.25,0,0,0,,,,,,,0.0
r07c33,8.75,84.75,1,1,0,,,,,,,0.0
r07c34,8.75,85.25,0,0,0,,,,,,,0.0
r07c35,8.75,85.75,0,0,0,,,,,,,0.0
r07c36,8.75,86.25,0,0,0,,,,,,,0.0
r07c37,8.75,86.75,0,0,0,,,,,,,0.0
r07c38,8.75,87.25,0,0,0,,,,,,,0.0
r07c39,8.75,87.75,0,0,0,,,,,,,0.0
r07c40,8.75,88.25,0,0,0,,,,,,,0.0
r07c41,8.75,88.75,0,0,0,,,,,,,0.0
r07c42,8.75,89.25,0,0,0,,,,,,,0.0
r07c43,8.75,89.75,0,0,0,,,,,,,0.0
r07c44,8.75,90.25,0,0,0,,,,,,,0.0
r07c45,8.75,90.75,0,0,0,,,,,,,0.0
r07c46,8.75,91.25,0,0,0,,,,,,,0.0
r07c47,8.75,91.75,0,0,0,,,,,,,0.0
r07c48,8.75,92.25,0,0,0,,,,,0.0,80.0,0.0
r07c49,8.75,92.75,0,0,0,,1.9981849999999999,,,0.0006242597116246541,80.0,0.0
r07c50,8.75,93.25,0,0,0,,,,,0.0,80.0,0.0
r07c51,8.75,93.75,1,1,0,,2.0847903278688524,,,0.00425422402747371,80.0,0.0
r07c52,8.75,94.25,0,0,0,,,,,,,0.0
r07c53,8.75,94.75,0,0,0,,,,,,,0.0
r07c54,8.75,95.25,0,0,0,,,,,,,0.0
r07c55,8.75,95.75,0,0,0,,,,,,,0.0
r07c56,8.75,96.25,0,0,0,,,,,,,0.0
r07c57,8.75,96.75,0,0,0,,,,,,,0.0
r07c58,8.75,97.25,0,0,0,,,,,0.0,80.0,0.0
r07c59,8.75,97.75,2661,121,0,52.61499012124381,1.5239200000000002,,,0.0017350195162007375,80.0,3.425044874551389
r07c60,8.75,98.25,69640,435,0,117.79627152372734,2.560703693638962,25.895951959263193,2645.2638969220384,0.4852541028690517,80.0,4.842858762445293
r07c61,8.75,98.75,22031,351,0,115.34214687036473,2.6849542404517908,25.759822928790186,2138.460073608183,0.9870152144737971,10.0,4.343034210479198
r07c62,8.75,99.25,1145,201,0,112.07858256201888,2.1673303629763874,26.05995990881588,2191.5409659045813,0.9827659974417513,10.0,3.0588054866759067
r07c63,8.75,99.75,56560,384,0,125.54869836099972,2.3940786112256993,25.66892360958279,2186.1015277548017,0.8744314828673543,10.0,4.752509400788843
r07c64,8.75,100.25,636,120,0,93.4757202221013,1.5159612729159466,,,0.010266375416896728,80.0,2.803457115648414
r07c65,8.75,100.75,0,0,0,,,,,0.0,80.0,0.0
r07c66,8.75,101.25,0,0,0,,,,,0.0,80.0,0.0
r07c67,8.75,101.75,0,0,0,,,,,,,0.0
r08c00,9.25,68.25,0,0,0,,,,,,,0.0
r08c01,9.25,68.75,0,0,0,,,,,,,0.0
r08c02,9.25,69.25,0,0,0,,,,,,,0.0
r08c03,9.25,69.75,0,0,0,,,,,,,0.0
r08c04,9.25,70.25,0,0,0,,,,,,,0.0
r08c05,9.25,70.75,0,0,0,,,,,,,0.0
r08c06,9.25,71.25,0,0,0,,,,,,,0.0
r08c07,9.25,71.75,0,0,0,,,,,,,0.0
r08c08,9.25,72.25,1,1,0,,,,,,,0.0
r08c09,9.25,72.75,0,0,0,,,,,,,0.0
r08c10,9.25,73.25,0,0,0,,,,,,,0.0
r08c11,9.25,73.75,0,0,0,,,,,,,0.0
r08c12,9.25,74.25,0,0,0,,,,,,,0.0
r08c13,9.25,74.75,0,0,0,,,,,,,0.0
r08c14,9.25,75.25,1,1,0,,,,,,,0.0
r08c15,9.25,75.75,317,9,0,8.95585592767455,,,,,,2.5010592622177517
r08c16,9.25,76.25,142277,275,0,85.80308115958857,1.7466778100300895,26.729797550004374,2820.574289701637,0.12465745477122196,80.0,5.153134699238078
r08c17,9.25,76.75,456648,375,0,92.25981552856419,2.5287752349187795,25.68082423764641,2911.760451388572,0.9673422550281455,10.0,5.659581559890714
r08c18,9.25,77.25,165193,337,0,102.93411655123228,2.1569853219044046,23.875527187493013,2025.3760411644762,0.8311294889629525,10.0,5.217991640285918
r08c19,9.25,77.75,42741,232,0,80.90177005091445,0.9250486823175386,27.9337689569858,1082.052304812559,0.3855683537426112,40.0,4.630844679021343
r08c20,9.25,78.25,12107,190,0,78.01027860397257,0.7964346502202542,28.387559482605184,1193.9076550615764,0.3537901601659782,40.0,4.083036542411965
r08c21,9.25,78.75,11455,200,0,92.09697431233937,0.9536195333807012,28.119310522868144,1217.2364202187405,0.29082075033448757,80.0,4.058995093525416
r08c22,9.25,79.25,13376,195,0,83.53771223295685,1.04914037034751,,,0.041439581464910974,80.0,4.126326260094941
r08c23,9.25,79.75,61591,294,0,104.91083804791631,1.2429909572575335,,,0.04268961876877416,80.0,4.789517255412811
r08c24,9.25,80.25,6111,208,0,103.53487995936756,2.058109113653642,27.466664463693956,1307.592222355669,0.6442724307328542,10.0,3.7861122837198264
r08c25,9.25,80.75,2973,190,0,107.08232119986579,2.2339765838199654,27.55519335271348,1400.978408237863,0.4950801940707947,10.0,3.473194909204938
r08c26,9.25,81.25,2,2,0,,,,,0.0,80.0,0.3010299956639812
r08c27,9.25,81.75,0,0,0,,,,,,,0.0
r08c28,9.25,82.25,0,0,0,,,,,,,0.0
r08c29,9.25,82.75,0,0,0,,,,,,,0.0
r08c30,9.25,83.25,0,0,0,,,,,,,0.0
r08c31,9.25,83.75,0,0,0,,,,,,,0.0
r08c32,9.25,84.25,0,0,0,,,,,,,0.0
r08c33,9.25,84.75,0,0,0,,,,,,,0.0
r08c34,9.25,85.25,0,0,0,,,,,,,0.0
r08c35,9.25,85.75,0,0,0,,,,,,,0.0
r08c36,9.25,86.25,0,0,0,,,,,,,0.0
r08c37,9.25,86.75,0,0,0,,,,,,,0.0
r08c38,9.25,87.25,0,0,0,,,,,,,0.0
r08c39,9.25,87.75,0,0,0,,,,,,,0.0
r08c40,9.25,88.25,0,0,0,,,,,,,0.0
r08c41,9.25,88.75,0,0,0,,,,,,,0.0
r08c42,9.25,89.25,0,0,0,,,,,,,0.0
r08c43,9.25,89.75,0,0,0,,,,,,,0.0
r08c44,9.25,90.25,0,0,0,,,,,,,0.0
r08c45,9.25,90.75,0,0,0,,,,,,,0.0
r08c46,9.25,91.25,0,0,0,,,,,,,0.0
r08c47,9.25,91.75,0,0,0,,,,,,,0.0
r08c48,9.25,92.25,0,0,0,,,,,0.0,80.0,0.0
r08c49,9.25,92.75,499,64,0,55.568540316051134,2.692923575638507,27.435307710654513,2263.177932824714,0.041084481389060824,80.0,2.6981005456233897
r08c50,9.25,93.25,0,0,0,,,,,0.0,80.0,0.0
r08c51,9.25,93.75,0,0,0,,,,,,,0.0
r08c52,9.25,94.25,0,0,0,,,,,,,0.0
r08c53,9.25,94.75,0,0,0,,,,,,,0.0
r08c54,9.25,95.25,0,0,0,,,,,,,0.0
r08c55,9.25,95.75,0,0,0,,,,,,,0.0
r08c56,9.25,96.25,0,0,0,,,,,,,0.0
r08c57,9.25,96.75,0,0,0,,,,,,,0.0
r08c58,9.25,97.25,0,0,0,,,,,0.0,80.0,0.0
r08c59,9.25,97.75,2705,133,0,62.959317069637095,2.0946504000000004,,,0.007508575134102047,80.0,3.4321672694425884
r08c60,9.25,98.25,23433,340,0,121.81823524570505,2.532164608768548,25.795888341225286,2719.965614600731,0.29062969841831315,80.0,4.369827892525328
r08c61,9.25,98.75,10629,296,0,100.5399757696443,2.662461050187412,25.206610191975948,2403.352500052611,0.9509657202767238,10.0,4.02649240705284
r08c62,9.25,99.25,10864,227,0,75.22323821064008,1.9995601666268958,26.794239195620538,1903.7831827583245,0.6613393821176968,10.0,4.035989756936426
r08c63,9.25,99.75,5175,200,0,81.74901577266635,2.1448781006247137,26.831845149836905,1905.1010685116628,0.4608330031733364,10.0,3.7139103541289553
r08c64,9.25,100.25,2077,136,0,65.0826295239823,2.293724824373605,27.454657140016536,1611.202251937015,0.022955131618380094,80.0,3.317436496535099
r08c65,9.25,100.75,0,0,0,,,,,,,0.0
r08c66,9.25,101.25,0,0,0,,,,,,,0.0
r08c67,9.25,101.75,1,1,0,,,,,,,0.0
r09c00,9.75,68.25,0,0,0,,,,,,,0.0
r09c01,9.75,68.75,0,0,0,,,,,,,0.0
r09c02,9.75,69.25,1,1,0,,,,,,,0.0
r09c03,9.75,69.75,0,0,0,,,,,,,0.0
r09c04,9.75,70.25,0,0,0,,,,,,,0.0
r09c05,9.75,70.75,0,0,0,,,,,,,0.0
r09c06,9.75,71.25,0,0,0,,,,,,,0.0
r09c07,9.75,71.75,0,0,0,,,,,,,0.0
r09c08,9.75,72.25,0,0,0,,,,,,,0.0
r09c09,9.75,72.75,0,0,0,,,,,,,0.0
r09c10,9.75,73.25,0,0,0,,,,,0.0,80.0,0.0
r09c11,9.75,73.75,0,0,0,,,,,0.0,80.0,0.0
r09c12,9.75,74.25,1,1,0,,,,,,,0.0
r09c13,9.75,74.75,0,0,0,,,,,,,0.0
r09c14,9.75,75.25,0,0,0,,,,,,,0.0
r09c15,9.75,75.75,1387,25,0,17.450706167966448,,,,0.0,80.0,3.1420764610732848
r09c16,9.75,76.25,890882,355,0,79.20545684372215,1.8702076389067568,26.50880119525736,3125.637305068844,0.2762462715260196,80.0,5.949820184235969
r09c17,9.75,76.75,284678,341,0,84.68904121859005,2.6578156762515612,24.256259364875138,3241.942625257998,0.9787711759829385,10.0,5.454353906037792
r09c18,9.75,77.25,268507,339,0,105.22731678678846,2.161075460548748,23.192679335625844,1731.553663978396,0.8434108080671282,10.0,5.428955612276713
r09c19,9.75,77.75,41782,283,0,95.42490144099325,1.2185283898292174,27.151582026698158,1106.640959085853,0.47368407728531187,40.0,4.620989224734163
r09c20,9.75,78.25,111191,261,0,78.57425434366931,0.9381447622950903,28.09409678959264,1133.042022617565,0.5195019444517383,40.0,5.046069636090288
r09c21,9.75,78.75,7155,182,0,89.85313117476655,0.9016701872913017,27.985377213067522,1238.3300233216892,0.43436960358319837,40.0,3.8546096380957953
r09c22,9.75,79.25,4992,136,0,70.10561929601617,0.9621196006547106,27.88337618671099,1311.638957287891,0.045160697988902994,80.0,3.6982745766743674
r09c23,9.75,79.75,15778,198,0,95.24870507087878,1.1778322860415995,27.79343294076375,1471.952084229413,0.06839240385154957,80.0,4.198051951724344
r09c24,9.75,80.25,17208,220,0,99.26036748370834,1.2064832503952985,27.865063931039675,1218.4539106746745,0.2398903104737548,80.0,4.235730397379406
r09c25,9.75,80.75,290,111,0,106.78586234331941,1.347222431206907,,,0.01195632896854247,80.0,2.462397997898956
r09c26,9.75,81.25,0,0,0,,,,,0.0,80.0,0.0
r09c27,9.75,81.75,0,0,0,,,,,,,0.0
r09c28,9.75,82.25,1,1,0,,,,,,,0.0
r09c29,9.75,82.75,0,0,0,,,,,,,0.0
r09c30,9.75,83.25,0,0,0,,,,,,,0.0
r09c31,9.75,83.75,0,0,0,,,,,,,0.0
r09c32,9.75,84.25,0,0,0,,,,,,,0.0
r09c33,9.75,84.75,0,0,0,,,,,,,0.0
r09c34,9.75,85.25,0,0,0,,,,,,,0.0
r09c35,9.75,85.75,0,0,0,,,,,,,0.0
r09c36,9.75,86.25,0,0,0,,,,,,,0.0
r09c37,9.75,86.75,0,0,0,,,,,,,0.0
r09c38,9.75,87.25,0,0,0,,,,,,,0.0
r09c39,9.75,87.75,0,0,0,,,,,,,0.0
r09c40,9.75,88.25,0,0,0,,,,,,,0.0
r09c41,9.75,88.75,0,0,0,,,,,,,0.0
r09c42,9.75,89.25,0,0,0,,,,,,,0.0
r09c43,9.75,89.75,0,0,0,,,,,,,0.0
r09c44,9.75,90.25,0,0,0,,,,,,,0.0
r09c45,9.75,90.75,0,0,0,,,,,,,0.0
r09c46,9.75,91.25,0,0,0,,,,,,,0.0
r09c47,9.75,91.75,0,0,0,,,,,,,0.0
r09c48,9.75,92.25,0,0,0,,,,,,,0.0
r09c49,9.75,92.75,0,0,0,,,,,0.0,80.0,0.0
r09c50,9.75,93.25,0,0,0,,,,,,,0.0
r09c51,9.75,93.75,0,0,0,,,,,,,0.0
r09c52,9.75,94.25,0,0,0,,,,,,,0.0
r09c53,9.75,94.75,0,0,0,,,,,,,0.0
r09c54,9.75,95.25,0,0,0,,,,,,,0.0
r09c55,9.75,95.75,0,0,0,,,,,,,0.0
r09c56,9.75,96.25,0,0,0,,,,,,,0.0
r09c57,9.75,96.75,0,0,0,,,,,,,0.0
r09c58,9.75,97.25,0,0,0,,,,,0.0,80.0,0.0
r09c59,9.75,97.75,8,4,0,,2.0360523809523805,,,0.0018298357159794855,80.0,0.9030899869919435
r09c60,9.75,98.25,2584,201,0,94.06563179645173,2.473374065837058,26.974672038218586,2879.2442553003857,0.08188231928490589,80.0,3.4122925093230463
r09c61,9.75,98.75,3296,257,0,101.48700875581243,2.511289211229848,25.52604037913503,2495.4692403779186,0.9176489386273823,10.0,3.5179872030250783
r09c62,9.75,99.25,1384,140,0,80.88573837824245,2.089483605439878,26.626472485537363,2035.1484068836278,0.33826371969448066,80.0,3.141136090120739
r09c63,9.75,99.75,4063,184,0,69.24116437876306,2.2361230374038112,,,0.038121269136256145,80.0,3.6088468223264116
r09c64,9.75,100.25,8844,232,0,65.52341175870558,2.3474291678854406,,,0.06220885143907772,80.0,3.9466487339066765
r09c65,9.75,100.75,1,1,0,,,,,,,0.0
r09c66,9.75,101.25,1,1,0,,,,,,,0.0
r09c67,9.75,101.75,1,1,0,,,,,,,0.0
r10c00,10.25,68.25,0,0,0,,,,,,,0.0
r10c01,10.25,68.75,0,0,0,,,,,,,0.0
r10c02,10.25,69.25,1,1,0,,,,,,,0.0
r10c03,10.25,69.75,0,0,0,,,,,,,0.0
r10c04,10.25,70.25,0,0,0,,,,,,,0.0
r10c05,10.25,70.75,0,0,0,,,,,,,0.0
r10c06,10.25,71.25,0,0,0,,,,,,,0.0
r10c07,10.25,71.75,0,0,0,,,,,,,0.0
r10c08,10.25,72.25,14,6,0,,0.77908,,,0.0,80.0,1.146128035678238
r10c09,10.25,72.75,0,0,0,,,,,0.0,80.0,0.0
r10c10,10.25,73.25,0,0,0,,,,,0.0,80.0,0.0
r10c11,10.25,73.75,111,31,0,,1.1871900000000002,,,0.001117632337530229,80.0,2.0453229787866576
r10c12,10.25,74.25,0,0,0,,,,,,,0.0
r10c13,10.25,74.75,0,0,0,,,,,,,0.0
r10c14,10.25,75.25,0,0,0,,,,,,,0.0
r10c15,10.25,75.75,1273,17,0,14.021600427984612,,,,0.0,80.0,3.1048284036536553
r10c16,10.25,76.25,790252,417,0,92.90247961570071,1.9258893274730209,26.494053842634397,2963.834244355226,0.6178625465724327,10.0,5.897765603642101
r10c17,10.25,76.75,972892,378,0,108.8089895518425,2.6239523624949244,23.158540937850763,3205.6749008737575,0.9755699861819613,10.0,5.988064632244377
r10c18,10.25,77.25,311677,353,0,106.32243715541945,2.1120392183641736,21.937315011359843,2244.8081355965273,0.9087994982059342,10.0,5.493704754982543
r10c19,10.25,77.75,115259,326,0,110.14047047050406,1.50049819230908,25.660547117851927,1695.3594634706444,0.6420199230156504,10.0,5.061674847274091
r10c20,10.25,78.25,29639,266,0,95.82714994172119,1.1951819863821327,26.9086593094235,1285.2745152398745,0.6800221536513958,10.0,4.471863546749658
r10c21,10.25,78.75,51434,204,0,81.49371795615966,1.0175600663634734,27.741064951266086,1224.056953977395,0.6567518908256473,20.0,4.711250300529064
r10c22,10.25,79.25,19021,175,0,72.09596576217373,1.1464902511838908,27.87129780570848,1316.3450955691999,0.37751886856943223,80.0,4.279233345570139
r10c23,10.25,79.75,66113,259,0,97.40252113365798,0.9753973848325371,27.990788025727063,1484.7496599217486,0.1431784160139254,80.0,4.820286864525734
r10c24,10.25,80.25,0,0,0,,,,,0.0,80.0,0.0
r10c25,10.25,80.75,8,6,0,,,,,,,0.9030899869919435
r10c26,10.25,81.25,0,0,0,,,,,,,0.0
r10c27,10.25,81.75,0,0,0,,,,,,,0.0
r10c28,10.25,82.25,0,0,0,,,,,,,0.0
r10c29,10.25,82.75,0,0,0,,,,,,,0.0
r10c30,10.25,83.25,0,0,0,,,,,,,0.0
r10c31,10.25,83.75,0,0,0,,,,,,,0.0
r10c32,10.25,84.25,0,0,0,,,,,,,0.0
r10c33,10.25,84.75,0,0,0,,,,,,,0.0
r10c34,10.25,85.25,0,0,0,,,,,,,0.0
r10c35,10.25,85.75,0,0,0,,,,,,,0.0
r10c36,10.25,86.25,0,0,0,,,,,,,0.0
r10c37,10.25,86.75,0,0,0,,,,,,,0.0
r10c38,10.25,87.25,0,0,0,,,,,,,0.0
r10c39,10.25,87.75,0,0,0,,,,,,,0.0
r10c40,10.25,88.25,0,0,0,,,,,,,0.0
r10c41,10.25,88.75,0,0,0,,,,,,,0.0
r10c42,10.25,89.25,0,0,0,,,,,,,0.0
r10c43,10.25,89.75,0,0,0,,,,,,,0.0
r10c44,10.25,90.25,0,0,0,,,,,,,0.0
r10c45,10.25,90.75,0,0,0,,,,,,,0.0
r10c46,10.25,91.25,0,0,0,,,,,,,0.0
r10c47,10.25,91.75,0,0,0,,,,,,,0.0
r10c48,10.25,92.25,1,1,0,,,,,0.0,80.0,0.0
r10c49,10.25,92.75,0,0,0,,,,,0.0,80.0,0.0
r10c50,10.25,93.25,0,0,0,,,,,,,0.0
r10c51,10.25,93.75,0,0,0,,,,,,,0.0
r10c52,10.25,94.25,0,0,0,,,,,,,0.0
r10c53,10.25,94.75,0,0,0,,,,,,,0.0
r10c54,10.25,95.25,0,0,0,,,,,,,0.0
r10c55,10.25,95.75,0,0,0,,,,,,,0.0
r10c56,10.25,96.25,1,1,0,,,,,,,0.0
r10c57,10.25,96.75,0,0,0,,,,,,,0.0
r10c58,10.25,97.25,0,0,0,,,,,0.0,80.0,0.0
r10c59,10.25,97.75,64,41,0,,2.0948851955382795,,,0.017873996101928427,80.0,1.806179973983887
r10c60,10.25,98.25,13,8,0,,2.3998913884289306,26.757825535563313,2709.9898591896135,0.05121541184244868,80.0,1.1139433523068367
r10c61,10.25,98.75,4214,266,0,117.21596251760043,2.4019163991871233,25.98392814701352,2630.901931098463,0.9163073292800618,10.0,3.6246945312720813
r10c62,10.25,99.25,8490,224,0,87.29610432216657,2.044441191631112,26.735144825033455,2058.0531182036116,0.3809916772822693,80.0,3.928907690243953
r10c63,10.25,99.75,2025,135,0,56.64702084107677,2.2542009999999997,,,0.005788893173354498,80.0,3.3064250275506875
r10c64,10.25,100.25,0,0,0,,,,,0.0,80.0,0.0
r10c65,10.25,100.75,1,1,0,,,,,,,0.0
r10c66,10.25,101.25,0,0,0,,,,,,,0.0
r10c67,10.25,101.75,2,2,0,,,,,,,0.3010299956639812
r11c00,10.75,68.25,0,0,0,,,,,,,0.0
r11c01,10.75,68.75,0,0,0,,,,,,,0.0
r11c02,10.75,69.25,0,0,0,,,,,,,0.0
r11c03,10.75,69.75,0,0,0,,,,,,,0.0
r11c04,10.75,70.25,0,0,0,,,,,,,0.0
r11c05,10.75,70.75,0,0,0,,,,,,,0.0
r11c06,10.75,71.25,0,0,0,,,,,,,0.0
r11c07,10.75,71.75,0,0,0,,,,,0.0,80.0,0.0
r11c08,10.75,72.25,1422,73,0,43.229839505394516,1.8070000000000004,,,0.0,80.0,3.1528995963937474
r11c09,10.75,72.75,1433,77,0,40.370440380276634,1.34407,,,0.0,80.0,3.1562461903973444
r11c10,10.75,73.25,0,0,0,,,,,0.0,80.0,0.0
r11c11,10.75,73.75,2,2,0,,2.0276905882352945,,,0.001301018365748248,80.0,0.3010299956639812
r11c12,10.75,74.25,0,0,0,,,,,,,0.0
r11c13,10.75,74.75,0,0,0,,,,,,,0.0
r11c14,10.75,75.25,0,0,0,,,,,,,0.0
r11c15,10.75,75.75,112477,285,0,90.56415221384383,2.056995026384922,26.985137688334632,2939.0357670152453,0.1524562401210971,80.0,5.051063724275847
r11c16,10.75,76.25,988908,416,0,96.98574044171674,1.9044978494484779,26.46403656196847,2774.466012439446,0.8801569831688014,10.0,5.995155890231328
r11c17,10.75,76.75,1097672,408,0,106.88108710859717,1.7475648392510117,25.180102069306628,1605.1284341203136,0.837970991108137,10.0,6.0404725861334025
r11c18,10.75,77.25,155742,305,0,90.07023183038362,1.1231569445858722,26.142185697531794,1005.5503679489293,0.6119864573177357,10.0,5.192405747497581
r11c19,10.75,77.75,40139,210,0,74.36453247043617,0.931506087256121,27.581437489215272,876.6640273801141,0.6349676749712837,30.0,4.603566548522873
r11c20,10.75,78.25,13673,164,0,68.24137764422339,0.9865731251707415,27.994510149579863,920.5244597735071,0.32380055146040776,40.0,4.13586381379987
r11c21,10.75,78.75,113160,247,0,84.41881964109358,0.9951061022551141,28.15956333807752,1022.9861248238012,0.39955741682816065,40.0,5.053692938784954
r11c22,10.75,79.25,130977,245,0,84.39612898509029,1.1887823050352573,28.04668245743804,1188.6608157426326,0.3219097689745587,40.0,5.117195038785051
r11c23,10.75,79.75,14490,191,0,72.63128560068108,1.2237917944793,28.035907018985043,1349.795911536637,0.18510791073214855,40.0,4.161068385471174
r11c24,10.75,80.25,0,0,0,,,,,0.0,80.0,0.0
r11c25,10.75,80.75,0,0,0,,,,,,,0.0
r11c26,10.75,81.25,0,0,0,,,,,,,0.0
r11c27,10.75,81.75,0,0,0,,,,,,,0.0
r11c28,10.75,82.25,0,0,0,,,,,,,0.0
r11c29,10.75,82.75,0,0,0,,,,,,,0.0
r11c30,10.75,83.25,0,0,0,,,,,,,0.0
r11c31,10.75,83.75,0,0,0,,,,,,,0.0
r11c32,10.75,84.25,0,0,0,,,,,,,0.0
r11c33,10.75,84.75,0,0,0,,,,,,,0.0
r11c34,10.75,85.25,2,1,0,,,,,,,0.3010299956639812
r11c35,10.75,85.75,0,0,0,,,,,,,0.0
r11c36,10.75,86.25,0,0,0,,,,,,,0.0
r11c37,10.75,86.75,0,0,0,,,,,,,0.0
r11c38,10.75,87.25,0,0,0,,,,,,,0.0
r11c39,10.75,87.75,0,0,0,,,,,,,0.0
r11c40,10.75,88.25,0,0,0,,,,,,,0.0
r11c41,10.75,88.75,0,0,0,,,,,,,0.0
r11c42,10.75,89.25,0,0,0,,,,,,,0.0
r11c43,10.75,89.75,0,0,0,,,,,,,0.0
r11c44,10.75,90.25,0,0,0,,,,,,,0.0
r11c45,10.75,90.75,0,0,0,,,,,,,0.0
r11c46,10.75,91.25,0,0,0,,,,,,,0.0
r11c47,10.75,91.75,0,0,0,,,,,0.0,80.0,0.0
r11c48,10.75,92.25,1239,119,0,80.04617509792874,2.8558211604310864,27.28536087014616,2175.99365316433,0.1408694768087876,80.0,3.0930713063760633
r11c49,10.75,92.75,29079,184,0,89.3605916189082,2.8215030977077036,27.285360870146157,2175.99365316433,0.12194960036113574,80.0,4.463579467456969
r11c50,10.75,93.25,1,1,0,,,,,0.0,80.0,0.0
r11c51,10.75,93.75,0,0,0,,,,,,,0.0
r11c52,10.75,94.25,0,0,0,,,,,,,0.0
r11c53,10.75,94.75,0,0,0,,,,,,,0.0
r11c54,10.75,95.25,0,0,0,,,,,,,0.0
r11c55,10.75,95.75,0,0,0,,,,,,,0.0
r11c56,10.75,96.25,0,0,0,,,,,,,0.0
r11c57,10.75,96.75,0,0,0,,,,,,,0.0
r11c58,10.75,97.25,0,0,0,,,,,0.0,80.0,0.0
r11c59,10.75,97.75,36,17,0,,2.431430138564479,,,0.017874497335696852,80.0,1.5563025007672873
r11c60,10.75,98.25,763,138,0,92.41616354738022,2.4129557060726428,27.168706721462698,2930.114823703531,0.1130819788650099,80.0,2.8825245379548803
r11c61,10.75,98.75,598,149,0,106.18069376309919,2.478307267439252,25.693865615410964,2843.8009718264816,0.8795797604705549,10.0,2.776701183988411
r11c62,10.75,99.25,57782,368,0,105.19443946781597,2.236900429822362,26.250543185929928,1978.6360261203783,0.7583510438330129,10.0,4.76179256994036
r11c63,10.75,99.75,60,32,0,,1.9307798484013239,26.948760906691348,1622.9031108578276,0.0029243087203287997,80.0,1.7781512503836436
r11c64,10.75,100.25,1,1,0,,,,,,,0.0
r11c65,10.75,100.75,0,0,0,,,,,,,0.0
r11c66,10.75,101.25,1,1,0,,,,,,,0.0
r11c67,10.75,101.75,2,2,0,,,,,,,0.3010299956639812
r12c00,11.25,68.25,0,0,0,,,,,,,0.0
r12c01,11.25,68.75,0,0,0,,,,,,,0.0
r12c02,11.25,69.25,0,0,0,,,,,,,0.0
r12c03,11.25,69.75,0,0,0,,,,,,,0.0
r12c04,11.25,70.25,0,0,0,,,,,,,0.0
r12c05,11.25,70.75,0,0,0,,,,,,,0.0
r12c06,11.25,71.25,0,0,0,,,,,,,0.0
r12c07,11.25,71.75,0,0,0,,,,,0.0,80.0,0.0
r12c08,11.25,72.25,2,2,0,,,,,0.0,80.0,0.3010299956639812
r12c09,11.25,72.75,183,38,0,,1.3137089142857143,,,0.0,80.0,2.2624510897304293
r12c10,11.25,73.25,17,11,0,,0.9659495652173913,,,0.0,80.0,1.2304489213782739
r12c11,11.25,73.75,2,1,0,,,,,0.0,80.0,0.3010299956639812
r12c12,11.25,74.25,0,0,0,,,,,,,0.0
r12c13,11.25,74.75,0,0,0,,,,,,,0.0
r12c14,11.25,75.25,14,13,0,,,,,0.0,80.0,1.146128035678238
r12c15,11.25,75.75,211535,375,0,95.48959633488877,2.4259031338681125,26.190855735189388,3177.048343714404,0.45003927086140455,80.0,5.325382234828304
r12c16,11.25,76.25,241949,323,0,96.6729714999599,2.5548757390986427,23.121177481184176,3433.4341963880133,0.9953219597960055,10.0,5.383723831464773
r12c17,11.25,76.75,1025918,415,0,110.65619122952667,2.0264173816486117,21.91646137489324,2038.3456924415502,0.912515166801588,10.0,6.0111126496932545
r12c18,11.25,77.25,423966,354,0,82.60547413330025,1.0671372714049823,26.197031068507098,1296.4895990802731,0.40708645943793303,40.0,5.627331029695445
r12c19,11.25,77.75,63218,224,0,87.00107162535943,1.0740442666381924,27.44691174548597,1001.1695836777548,0.534216664562292,40.0,4.800840752137803
r12c20,11.25,78.25,56750,260,0,81.38464692988894,1.0967884557026033,26.643432151006838,1152.8184627981623,0.43386332314755216,40.0,4.75396586586516
r12c21,11.25,78.75,64603,249,0,79.82978741889609,1.0926247866454266,27.320939513882756,1115.4107231915812,0.3834510780564455,40.0,4.810252686001182
r12c22,11.25,79.25,40111,215,0,76.55048999556588,1.0700472476830032,27.93864087742715,1157.8885151593101,0.40328508856058803,40.0,4.603263489432861
r12c23,11.25,79.75,74698,226,0,63.687837096970725,1.2252692395050802,27.94438283225135,1314.8701270297784,0.22637187089889663,40.0,4.873308973962765
r12c24,11.25,80.25,4,4,0,,,,,0.0,80.0,0.6020599913279624
r12c25,11.25,80.75,0,0,0,,,,,,,0.0
r12c26,11.25,81.25,0,0,0,,,,,,,0.0
r12c27,11.25,81.75,0,0,0,,,,,,,0.0
r12c28,11.25,82.25,0,0,0,,,,,,,0.0
r12c29,11.25,82.75,0,0,0,,,,,,,0.0
r12c30,11.25,83.25,0,0,0,,,,,,,0.0
r12c31,11.25,83.75,0,0,0,,,,,,,0.0
r12c32,11.25,84.25,0,0,0,,,,,,,0.0
r12c33,11.25,84.75,0,0,0,,,,,,,0.0
r12c34,11.25,85.25,0,0,0,,,,,,,0.0
r12c35,11.25,85.75,0,0,0,,,,,,,0.0
r12c36,11.25,86.25,0,0,0,,,,,,,0.0
r12c37,11.25,86.75,0,0,0,,,,,,,0.0
r12c38,11.25,87.25,0,0,0,,,,,,,0.0
r12c39,11.25,87.75,0,0,0,,,,,,,0.0
r12c40,11.25,88.25,0,0,0,,,,,,,0.0
r12c41,11.25,88.75,0,0,0,,,,,,,0.0
r12c42,11.25,89.25,0,0,0,,,,,,,0.0
r12c43,11.25,89.75,0,0,0,,,,,,,0.0
r12c44,11.25,90.25,0,0,0,,,,,,,0.0
r12c45,11.25,90.75,0,0,0,,,,,,,0.0
r12c46,11.25,91.25,0,0,0,,,,,,,0.0
r12c47,11.25,91.75,1,1,0,,,,,0.0,80.0,0.0
r12c48,11.25,92.25,17,14,0,,,,,0.0,80.0,1.2304489213782739
r12c49,11.25,92.75,2893,130,0,78.8984719274896,2.647844628632602,,,0.04097663582607953,80.0,3.461348433647983
r12c50,11.25,93.25,5,3,0,,,,,0.0,80.0,0.6989700043360189
r12c51,11.25,93.75,0,0,0,,,,,,,0.0
r12c52,11.25,94.25,1,1,0,,,,,,,0.0
r12c53,11.25,94.75,0,0,0,,,,,,,0.0
r12c54,11.25,95.25,0,0,0,,,,,,,0.0
r12c55,11.25,95.75,0,0,0,,,,,,,0.0
r12c56,11.25,96.25,0,0,0,,,,,,,0.0
r12c57,11.25,96.75,0,0,0,,,,,,,0.0
r12c58,11.25,97.25,0,0,0,,,,,0.0,80.0,0.0
r12c59,11.25,97.75,0,0,0,,1.9254319043693324,,,0.002590117710104283,80.0,0.0
r12c60,11.25,98.25,1,1,0,,2.197914481651526,,,0.04546999437337165,80.0,0.0
r12c61,11.25,98.75,369,104,0,92.45009388974071,2.6253911324263743,26.02811446639983,2848.3767554576025,0.5808671271475448,80.0,2.56702636615906
r12c62,11.25,99.25,3231,320,0,124.53937748685607,2.6460726015734997,25.472689074302107,2233.6450153994806,0.9933615667689751,10.0,3.509336958017644
r12c63,11.25,99.75,4097,182,0,82.3498277029012,1.9815086828636452,26.572226387243465,1636.015742697848,0.12128463907289454,80.0,3.6124659639531425
r12c64,11.25,100.25,1,1,0,,,,,,,0.0
r12c65,11.25,100.75,0,0,0,,,,,,,0.0
r12c66,11.25,101.25,1,1,0,,,,,,,0.0
r12c67,11.25,101.75,3,2,0,,,,,,,0.47712125471966244
r13c00,11.75,68.25,0,0,0,,,,,,,0.0
r13c01,11.75,68.75,0,0,0,,,,,,,0.0
r13c02,11.75,69.25,0,0,0,,,,,,,0.0
r13c03,11.75,69.75,0,0,0,,,,,,,0.0
r13c04,11.75,70.25,0,0,0,,,,,,,0.0
r13c05,11.75,70.75,0,0,0,,,,,,,0.0
r13c06,11.75,71.25,0,0,0,,,,,,,0.0
r13c07,11.75,71.75,0,0,0,,,,,,,0.0
r13c08,11.75,72.25,51,21,0,,,,,0.0,80.0,1.7075701760979363
r13c09,11.75,72.75,47,20,0,,1.0402733333333334,,,0.00044916017615533364,80.0,1.6720978579357175
r13c10,11.75,73.25,0,0,0,,,,,0.0,80.0,0.0
r13c11,11.75,73.75,0,0,0,,,,,,,0.0
r13c12,11.75,74.25,23,5,0,,,,,,,1.3617278360175928
r13c13,11.75,74.75,100,17,0,,,,,0.0,80.0,2.0
r13c14,11.75,75.25,379364,364,0,96.33412529104316,2.0388773908135733,26.33516377563399,2861.8002047831965,0.14757107692403,80.0,5.579056115843226
r13c15,11.75,75.75,313481,379,0,101.73102631779386,2.7281516103279064,24.10041514290602,3315.2017430884407,0.9241102451706922,10.0,5.496211223491409
r13c16,11.75,76.25,388497,393,0,112.88788308846694,2.1382981225953093,22.48591984789793,1661.0025618050188,0.8926832324710363,10.0,5.589387669498642
r13c17,11.75,76.75,262351,380,0,116.90865239144604,1.5141588103394072,22.97436475273668,1139.783789902818,0.6210747111504422,40.0,5.418882723932316
r13c18,11.75,77.25,140989,341,0,110.98820047331922,1.7490055387749195,23.31565308874661,1341.6730532950612,0.872173294182458,10.0,5.149185230203913
r13c19,11.75,77.75,398143,302,0,75.73940782070551,1.3563194412690092,26.351591809529484,1055.4452510477752,0.5913759227210119,10.0,5.6000390845276815
r13c20,11.75,78.25,591209,328,0,73.29516272750264,1.323319390387462,25.510198086110638,1200.0218794447833,0.6637090455231901,10.0,5.771741036720643
r13c21,11.75,78.75,133185,261,0,79.51527346800863,1.3391272401932601,26.265715442254194,1201.3566653806336,0.5478101215030964,10.0,5.124455315044051
r13c22,11.75,79.25,39385,174,0,58.14377292781066,1.0637709889724396,27.73292352716808,1153.3458799454752,0.34335619743826934,40.0,4.595330849805335
r13c23,11.75,79.75,204489,267,0,79.39051885477893,1.189506090140552,27.822436218795552,1258.401358792067,0.30900327312923015,80.0,5.31066995113168
r13c24,11.75,80.25,0,0,0,,,,,0.0,80.0,0.0
r13c25,11.75,80.75,0,0,0,,,,,,,0.0
r13c26,11.75,81.25,0,0,0,,,,,,,0.0
r13c27,11.75,81.75,0,0,0,,,,,,,0.0
r13c28,11.75,82.25,0,0,0,,,,,,,0.0
r13c29,11.75,82.75,0,0,0,,,,,,,0.0
r13c30,11.75,83.25,0,0,0,,,,,,,0.0
r13c31,11.75,83.75,0,0,0,,,,,,,0.0
r13c32,11.75,84.25,0,0,0,,,,,,,0.0
r13c33,11.75,84.75,0,0,0,,,,,,,0.0
r13c34,11.75,85.25,0,0,0,,,,,,,0.0
r13c35,11.75,85.75,0,0,0,,,,,,,0.0
r13c36,11.75,86.25,0,0,0,,,,,,,0.0
r13c37,11.75,86.75,0,0,0,,,,,,,0.0
r13c38,11.75,87.25,0,0,0,,,,,,,0.0
r13c39,11.75,87.75,0,0,0,,,,,,,0.0
r13c40,11.75,88.25,0,0,0,,,,,,,0.0
r13c41,11.75,88.75,0,0,0,,,,,,,0.0
r13c42,11.75,89.25,0,0,0,,,,,,,0.0
r13c43,11.75,89.75,1,1,0,,,,,,,0.0
r13c44,11.75,90.25,1,1,0,,,,,,,0.0
r13c45,11.75,90.75,1,1,0,,,,,,,0.0
r13c46,11.75,91.25,1,1,0,,,,,,,0.0
r13c47,11.75,91.75,1,1,0,,,,,0.0,80.0,0.0
r13c48,11.75,92.25,1,1,0,,2.7692760052910037,,,0.018937280740522748,80.0,0.0
r13c49,11.75,92.75,512408,286,0,91.40479519021221,2.6533309570696058,27.26252091339016,2349.853315523412,0.33369302841316717,80.0,5.70961590157369
r13c50,11.75,93.25,7935,148,0,72.15293915042395,2.475363740206346,27.448609100574856,2330.0157666464875,0.032596530750168905,80.0,3.899546931090867
r13c51,11.75,93.75,0,0,0,,,,,0.0,80.0,0.0
r13c52,11.75,94.25,0,0,0,,,,,0.0,80.0,0.0
r13c53,11.75,94.75,0,0,0,,,,,,,0.0
r13c54,11.75,95.25,0,0,0,,,,,,,0.0
r13c55,11.75,95.75,0,0,0,,,,,,,0.0
r13c56,11.75,96.25,0,0,0,,,,,,,0.0
r13c57,11.75,96.75,0,0,0,,,,,,,0.0
r13c58,11.75,97.25,1,1,0,,2.2158520680996383,,,0.00958941064145531,80.0,0.0
r13c59,11.75,97.75,1,1,0,,2.2670795949563862,,,0.013733816485199854,80.0,0.0
r13c60,11.75,98.25,1,1,0,,2.468022219582838,27.259443487119594,3051.1783012385235,0.24251402068498043,80.0,0.0
r13c61,11.75,98.75,0,0,0,,2.5678863397550615,26.366459198031926,3076.250276317743,0.688658830737212,10.0,0.0
r13c62,11.75,99.25,1159,265,0,149.7540769399897,2.8056204233348,25.24233950352988,2405.1720736320344,0.9932302432466985,10.0,3.064083435963596
r13c63,11.75,99.75,6662,318,0,111.2377535733664,2.2925764207559323,25.708501839288445,1873.6143954001445,0.5072932426016736,80.0,3.823604628355158
r13c64,11.75,100.25,0,0,0,,,,,0.0,80.0,0.0
r13c65,11.75,100.75,2,2,0,,,,,,,0.3010299956639812
r13c66,11.75,101.25,1,1,0,,,,,,,0.0
r13c67,11.75,101.75,0,0,0,,,,,0.0,80.0,0.0
r14c00,12.25,68.25,0,0,0,,,,,,,0.0
r14c01,12.25,68.75,0,0,0,,,,,,,0.0
r14c02,12.25,69.25,0,0,0,,,,,,,0.0
r14c03,12.25,69.75,0,0,0,,,,,,,0.0
r14c04,12.25,70.25,0,0,0,,,,,,,0.0
r14c05,12.25,70.75,0,0,0,,,,,,,0.0
r14c06,12.25,71.25,0,0,0,,,,,,,0.0
r14c07,12.25,71.75,0,0,0,,,,,,,0.0
r14c08,12.25,72.25,0,0,0,,,,,,,0.0
r14c09,12.25,72.75,0,0,0,,,,,,,0.0
r14c10,12.25,73.25,0,0,0,,,,,,,0.0
r14c11,12.25,73.75,0,0,0,,,,,,,0.0
r14c12,12.25,74.25,30,14,0,,,,,,,1.4771212547196624
r14c13,12.25,74.75,2807,171,0,78.24702678715236,1.3627789248704658,,,0.003349846183978142,80.0,3.448242412634439
r14c14,12.25,75.25,687363,427,0,102.5946839772807,2.3950694805917085,25.37176465721966,3684.6786129699162,0.7744286853124216,10.0,5.837186150832472
r14c15,12.25,75.75,233917,344,0,105.8487070419226,2.546747576835737,22.426372249529084,2786.893784442884,0.9700285413831068,10.0,5.369061785459878
r14c16,12.25,76.25,239433,388,0,125.83737894006413,1.5375951500995184,23.136195035982617,1233.1615716561626,0.441946953960352,40.0,5.379184007098874
r14c17,12.25,76.75,1288752,382,0,101.53885092878463,1.2804704875905943,24.20836433974492,1092.485194876435,0.5099256238861835,40.0,6.110169352268907
r14c18,12.25,77.25,163048,361,0,120.17776943069319,1.4081199463649159,24.66820431644647,1014.9680006337562,0.6786619162482402,10.0,5.2123154759767445
r14c19,12.25,77.75,69172,296,0,107.68232376810595,1.5500348351689939,24.645877345772085,1084.638257445462,0.8126180192045946,10.0,4.8399303328047
r14c20,12.25,78.25,48316,226,0,80.11899520079156,1.1730201869736414,25.982282124976155,988.3198692061134,0.4111466378205125,40.0,4.684090972594975
r14c21,12.25,78.75,15885,235,0,99.77454216094038,1.3153554223794768,26.206797316733866,1177.537169935774,0.559407804879284,40.0,4.200987219163166
r14c22,12.25,79.25,52063,259,0,93.87003805264906,1.0648125362491012,27.42966002695287,1184.9332883847867,0.3030650199968287,40.0,4.716529189626219
r14c23,12.25,79.75,112847,280,0,94.16405644991698,1.1324266451309535,27.750994527159065,1264.6752127645034,0.35805942096820065,40.0,5.052490017992745
r14c24,12.25,80.25,15259,225,0,101.54083996840964,1.1490838303353517,27.850170403653834,1331.6216290255618,0.06414671880030956,80.0,4.183526073021722
r14c25,12.25,80.75,0,0,0,,,,,,,0.0
r14c26,12.25,81.25,0,0,0,,,,,,,0.0
r14c27,12.25,81.75,0,0,0,,,,,,,0.0
r14c28,12.25,82.25,0,0,0,,,,,,,0.0
r14c29,12.25,82.75,0,0,0,,,,,,,0.0
r14c30,12.25,83.25,0,0,0,,,,,,,0.0
r14c31,12.25,83.75,0,0,0,,,,,,,0.0
r14c32,12.25,84.25,0,0,0,,,,,,,0.0
r14c33,12.25,84.75,0,0,0,,,,,,,0.0
r14c34,12.25,85.25,0,0,0,,,,,,,0.0
r14c35,12.25,85.75,0,0,0,,,,,,,0.0
r14c36,12.25,86.25,0,0,0,,,,,,,0.0
r14c37,12.25,86.75,0,0,0,,,,,,,0.0
r14c38,12.25,87.25,0,0,0,,,,,,,0.0
r14c39,12.25,87.75,0,0,0,,,,,,,0.0
r14c40,12.25,88.25,0,0,0,,,,,,,0.0
r14c41,12.25,88.75,0,0,0,,,,,,,0.0
r14c42,12.25,89.25,0,0,0,,,,,,,0.0
r14c43,12.25,89.75,0,0,0,,,,,,,0.0
r14c44,12.25,90.25,0,0,0,,,,,,,0.0
r14c45,12.25,90.75,1,1,0,,,,,,,0.0
r14c46,12.25,91.25,1,1,0,,,,,,,0.0
r14c47,12.25,91.75,0,0,0,,,,,,,0.0
r14c48,12.25,92.25,0,0,0,,,,,0.0,80.0,0.0
r14c49,12.25,92.75,12859,165,0,79.2322531050317,2.6922151319075174,27.121100937988235,2382.048484991452,0.36494868785271295,80.0,4.109207196320066
r14c50,12.25,93.25,3588,115,0,68.04960868937155,2.477162452532367,27.448602617238038,2207.074564487924,0.04967878421552537,80.0,3.5548524343720547
r14c51,12.25,93.75,22,14,0,,1.636402727272727,,,0.003470719378047089,80.0,1.3424226808222062
r14c52,12.25,94.25,0,0,0,,,,,0.0,80.0,0.0
r14c53,12.25,94.75,0,0,0,,,,,,,0.0
r14c54,12.25,95.25,1,1,0,,,,,,,0.0
r14c55,12.25,95.75,0,0,0,,,,,,,0.0
r14c56,12.25,96.25,1,1,0,,,,,,,0.0
r14c57,12.25,96.75,0,0,0,,,,,,,0.0
r14c58,12.25,97.25,0,0,0,,,,,0.0,80.0,0.0
r14c59,12.25,97.75,0,0,0,,2.174846098129443,,,0.037944499385986964,80.0,0.0
r14c60,12.25,98.25,261,84,0,,2.458022004110355,26.99479664562324,3368.346311550362,0.21564739219624063,80.0,2.416640507338281
r14c61,12.25,98.75,302,110,0,104.58921768763207,2.3464476041680533,26.27915272793629,3232.63236945442,0.7006777511169773,10.0,2.4800069429571505
r14c62,12.25,99.25,445,192,0,143.27250048069342,2.739342431485419,24.794830310162908,2354.745727691837,0.9849755045375389,10.0,2.6483600109809315
r14c63,12.25,99.75,49683,447,0,112.80098046651177,2.123201786111524,26.264555351819645,1476.9191562828023,0.8766334395895159,10.0,4.696207811888915
r14c64,12.25,100.25,1286,168,0,93.26358436820428,1.4624081990710025,27.181783966485444,1178.874300446136,0.0039633350986494585,80.0,3.109240968588203
r14c65,12.25,100.75,3,3,0,,,,,0.0,80.0,0.47712125471966244
r14c66,12.25,101.25,1,1,0,,,,,0.0,80.0,0.0
r14c67,12.25,101.75,2,2,0,,,,,0.0,80.0,0.3010299956639812
r15c00,12.75,68.25,0,0,0,,,,,,,0.0
r15c01,12.75,68.75,0,0,0,,,,,,,0.0
r15c02,12.75,69.25,0,0,0,,,,,,,0.0
r15c03,12.75,69.75,0,0,0,,,,,,,0.0
r15c04,12.75,70.25,0,0,0,,,,,,,0.0
r15c05,12.75,70.75,0,0,0,,,,,,,0.0
r15c06,12.75,71.25,7,5,0,,,,,,,0.8450980400142568
r15c07,12.75,71.75,0,0,0,,,,,,,0.0
r15c08,12.75,72.25,0,0,0,,,,,,,0.0
r15c09,12.75,72.75,0,0,0,,,,,,,0.0
r15c10,12.75,73.25,0,0,0,,,,,,,0.0
r15c11,12.75,73.75,2,2,0,,,,,,,0.3010299956639812
r15c12,12.75,74.25,1258,38,0,22.48188727034584,,,,0.0,80.0,3.09968064110925
r15c13,12.75,74.75,342509,372,0,103.25189016998345,1.7783581721086466,26.80455433752496,2982.7038428961646,0.24706963323652964,80.0,5.53467198779628
r15c14,12.75,75.25,84003,265,0,88.83738650506999,2.3218752919173573,25.760658826710102,3451.57259193312,0.9920626255395413,10.0,4.924294796302125
r15c15,12.75,75.75,92987,316,0,100.46154888360971,2.387506704323942,22.427713752328277,2295.9838646430044,0.9259471520800976,10.0,4.968422236479715
r15c16,12.75,76.25,17324,230,0,100.53823356438062,1.3533936213279472,22.888077359405283,1175.9048472222796,0.4028506174258508,40.0,4.238648175057805
r15c17,12.75,76.75,66753,268,0,108.08929895305134,1.2681483997257472,23.800562768155984,1111.0572042733452,0.5693108193301217,40.0,4.824470788451119
r15c18,12.75,77.25,328014,318,0,101.03672146736763,1.2683822337681658,23.81726856221375,1121.5501261518123,0.6373815659777595,40.0,5.515892380275678
r15c19,12.75,77.75,2499508,382,0,95.18348652936523,1.184355633264797,23.275248219942764,1082.0637272053289,0.37734626213578465,40.0,6.397854531106731
r15c20,12.75,78.25,34675,267,0,100.12782441019039,1.234918971719744,24.410589955138928,1032.4505744378816,0.43014810888381017,40.0,4.540016469745322
r15c21,12.75,78.75,17716,221,0,84.46255623162968,1.3949857540612445,25.58910217590228,1167.8265832983097,0.7518074515802982,10.0,4.248365671612721
r15c22,12.75,79.25,54417,277,0,83.98927612061597,1.1102383301504946,27.18081870288797,1175.7924867857812,0.39078960360319437,40.0,4.735734595522406
r15c23,12.75,79.75,132023,264,0,93.24508024496835,1.0501055664326122,27.694824662685946,1208.0987788850393,0.3208676408236522,40.0,5.120649597137295
r15c24,12.75,80.25,794677,377,0,92.74967932581339,1.0891154348752043,27.818710739468862,1222.8150554259848,0.23067194257518034,80.0,5.9001906435974485
r15c25,12.75,80.75,288,28,0,26.92742842168779,,,,0.0,80.0,2.459392487759231
r15c26,12.75,81.25,0,0,0,,,,,,,0.0
r15c27,12.75,81.75,0,0,0,,,,,,,0.0
r15c28,12.75,82.25,0,0,0,,,,,,,0.0
r15c29,12.75,82.75,0,0,0,,,,,,,0.0
r15c30,12.75,83.25,0,0,0,,,,,,,0.0
r15c31,12.75,83.75,0,0,0,,,,,,,0.0
r15c32,12.75,84.25,0,0,0,,,,,,,0.0
r15c33,12.75,84.75,0,0,0,,,,,,,0.0
r15c34,12.75,85.25,0,0,0,,,,,,,0.0
r15c35,12.75,85.75,0,0,0,,,,,,,0.0
r15c36,12.75,86.25,0,0,0,,,,,,,0.0
r15c37,12.75,86.75,0,0,0,,,,,,,0.0
r15c38,12.75,87.25,0,0,0,,,,,,,0.0
r15c39,12.75,87.75,0,0,0,,,,,,,0.0
r15c40,12.75,88.25,0,0,0,,,,,,,0.0
r15c41,12.75,88.75,0,0,0,,,,,,,0.0
r15c42,12.75,89.25,0,0,0,,,,,,,0.0
r15c43,12.75,89.75,0,0,0,,,,,,,0.0
r15c44,12.75,90.25,0,0,0,,,,,,,0.0
r15c45,12.75,90.75,0,0,0,,,,,,,0.0
r15c46,12.75,91.25,0,0,0,,,,,,,0.0
r15c47,12.75,91.75,0,0,0,,,,,,,0.0
r15c48,12.75,92.25,0,0,0,,,,,0.0,80.0,0.0
r15c49,12.75,92.75,14696,172,0,82.02812627525864,2.775507935224039,26.99989444148811,2223.4510223329294,0.4362839694250654,80.0,4.1671991432977515
r15c50,12.75,93.25,19,13,0,,1.73138,,,0.00021694641095770591,80.0,1.2787536009528289
r15c51,12.75,93.75,10,10,0,,,,,0.0,80.0,1.0
r15c52,12.75,94.25,0,0,0,,,,,0.0,80.0,0.0
r15c53,12.75,94.75,0,0,0,,,,,,,0.0
r15c54,12.75,95.25,0,0,0,,,,,,,0.0
r15c55,12.75,95.75,0,0,0,,,,,,,0.0
r15c56,12.75,96.25,0,0,0,,,,,,,0.0
r15c57,12.75,96.75,0,0,0,,,,,,,0.0
r15c58,12.75,97.25,0,0,0,,,,,,,0.0
r15c59,12.75,97.75,0,0,0,,2.216022947165659,,,0.013901870747291356,80.0,0.0
r15c60,12.75,98.25,8,6,0,,2.58718044149403,26.609895649381315,3628.31030639611,0.10096387090199839,80.0,0.9030899869919435
r15c61,12.75,98.75,321,102,0,96.541426363803,2.6485664984697777,25.327810590374696,3334.3252502065616,0.6767881002398193,10.0,2.506505032404872
r15c62,12.75,99.25,302188,503,0,125.74313523227858,2.9527857635809034,23.86570846640876,2228.254370712906,0.9987081216088193,10.0,5.48027721434696
r15c63,12.75,99.75,222570,542,0,116.4017951327845,1.9107609197161015,26.85189711679507,1207.7130834067157,0.805462006965881,10.0,5.347466625800622
r15c64,12.75,100.25,3502,173,0,90.47159245695543,1.2240201674584712,27.986089113517423,1014.9586354951292,0.017110636985631675,80.0,3.5443161417474274
r15c65,12.75,100.75,26153,302,0,94.42276156991417,1.402825907594651,27.602068831881084,1239.9245087178115,0.13069269046325527,80.0,4.417521513804297
r15c66,12.75,101.25,37978,303,0,100.34405204158398,1.5389366953157293,27.15945551251001,1671.161804770194,0.5534075973191009,10.0,4.579532090157864
r15c67,12.75,101.75,43386,354,0,110.98384386870676,1.7925267916013952,26.726272729417243,2108.1228617078846,0.6810423999529086,10.0,4.6373496119175215
r16c00,13.25,68.25,0,0,0,,,,,,,0.0
r16c01,13.25,68.75,0,0,0,,,,,,,0.0
r16c02,13.25,69.25,0,0,0,,,,,,,0.0
r16c03,13.25,69.75,0,0,0,,,,,,,0.0
r16c04,13.25,70.25,0,0,0,,,,,,,0.0
r16c05,13.25,70.75,0,0,0,,,,,,,0.0
r16c06,13.25,71.25,0,0,0,,,,,,,0.0
r16c07,13.25,71.75,1,1,0,,,,,,,0.0
r16c08,13.25,72.25,0,0,0,,,,,,,0.0
r16c09,13.25,72.75,0,0,0,,,,,,,0.0
r16c10,13.25,73.25,0,0,0,,,,,,,0.0
r16c11,13.25,73.75,0,0,0,,,,,,,0.0
r16c12,13.25,74.25,204,36,0,,,,,0.0,80.0,2.3096301674258988
r16c13,13.25,74.75,635349,370,0,98.66880374905683,1.8823741880035763,26.323750706264146,3609.6007223195597,0.5048856296225052,10.0,5.803012350705933
r16c14,13.25,75.25,92534,302,0,104.3632726806625,2.4290707576839754,23.314591265213387,3554.499458582757,0.9943660911026772,10.0,4.966301335974664
r16c15,13.25,75.75,53847,340,0,123.34006761420397,2.0738052935512457,22.10327555113295,1742.0742337123695,0.809923090652021,10.0,4.731161512281371
r16c16,13.25,76.25,10954,229,0,103.4323220543253,1.2703772031727818,23.280083362240635,1125.9255057444693,0.39280613831978567,40.0,4.039572736592766
r16c17,13.25,76.75,33765,215,0,79.91172559609475,1.2527740453861467,23.785594071584768,1099.3171897010116,0.6195423662354956,10.0,4.528466754056201
r16c18,13.25,77.25,275109,328,0,107.04010433782753,1.2097296003929934,23.457892904471954,1114.9913390243516,0.318436471941886,40.0,5.439504798264646
r16c19,13.25,77.75,1825536,374,0,91.43640320539245,1.1007657404874487,23.202117538676138,1027.7389059249638,0.2154006714380615,40.0,6.261390401759693
r16c20,13.25,78.25,32389,253,0,98.60413512418532,1.157533582112821,23.641329693885066,1039.7559401693068,0.22157815905389164,40.0,4.510397539514154
r16c21,13.25,78.75,4531,180,0,90.24952577357864,1.2432784719074288,25.03603758088884,1059.9819941655023,0.5853567770213626,40.0,3.656194062179186
r16c22,13.25,79.25,4419,165,0,81.85569700609385,1.1066497688299137,26.70771650631463,1082.1262144872182,0.615739754738414,40.0,3.6453240015622934
r16c23,13.25,79.75,37020,243,0,93.59894137640939,1.1491200978811626,27.46168112669226,1185.966907250052,0.5065649315880019,40.0,4.568436414416885
r16c24,13.25,80.25,388861,324,0,77.49969871895537,1.0184628633058397,27.91324570998527,1223.150593217237,0.1881156286084901,80.0,5.589794388675563
r16c25,13.25,80.75,62,4,0,,,,,0.0,80.0,1.792391689498254
r16c26,13.25,81.25,0,0,0,,,,,,,0.0
r16c27,13.25,81.75,0,0,0,,,,,,,0.0
r16c28,13.25,82.25,0,0,0,,,,,,,0.0
r16c29,13.25,82.75,0,0,0,,,,,,,0.0
r16c30,13.25,83.25,0,0,0,,,,,,,0.0
r16c31,13.25,83.75,0,0,0,,,,,,,0.0
r16c32,13.25,84.25,0,0,0,,,,,,,0.0
r16c33,13.25,84.75,0,0,0,,,,,,,0.0
r16c34,13.25,85.25,0,0,0,,,,,,,0.0
r16c35,13.25,85.75,0,0,0,,,,,,,0.0
r16c36,13.25,86.25,0,0,0,,,,,,,0.0
r16c37,13.25,86.75,0,0,0,,,,,,,0.0
r16c38,13.25,87.25,0,0,0,,,,,,,0.0
r16c39,13.25,87.75,0,0,0,,,,,,,0.0
r16c40,13.25,88.25,0,0,0,,,,,,,0.0
r16c41,13.25,88.75,0,0,0,,,,,,,0.0
r16c42,13.25,89.25,0,0,0,,,,,,,0.0
r16c43,13.25,89.75,0,0,0,,,,,,,0.0
r16c44,13.25,90.25,0,0,0,,,,,,,0.0
r16c45,13.25,90.75,0,0,0,,,,,,,0.0
r16c46,13.25,91.25,0,0,0,,,,,,,0.0
r16c47,13.25,91.75,0,0,0,,,,,,,0.0
r16c48,13.25,92.25,0,0,0,,,,,0.0,80.0,0.0
r16c49,13.25,92.75,7754,151,0,86.53542326494055,2.8359850813246887,27.157267040449018,2171.0686557136305,0.33280463553591616,80.0,3.889525796671191
r16c50,13.25,93.25,8171,146,0,76.69199800072548,2.7315129286170046,27.163424433635452,2157.1048283835485,0.09662921835502025,80.0,3.9122752104988123
r16c51,13.25,93.75,0,0,0,,,,,0.0,80.0,0.0
r16c52,13.25,94.25,2751,85,0,38.145051582720576,2.2979673333333333,,,0.0038240415995741068,80.0,3.4394905903896835
r16c53,13.25,94.75,2,1,0,,,,,0.0,80.0,0.3010299956639812
r16c54,13.25,95.25,0,0,0,,,,,,,0.0
r16c55,13.25,95.75,0,0,0,,,,,,,0.0
r16c56,13.25,96.25,0,0,0,,,,,,,0.0
r16c57,13.25,96.75,0,0,0,,,,,,,0.0
r16c58,13.25,97.25,0,0,0,,,,,,,0.0
r16c59,13.25,97.75,0,0,0,,,,,0.0,80.0,0.0
r16c60,13.25,98.25,224,87,0,,2.4916334412336822,26.240798786476507,3826.8657335789744,0.0751493287130439,80.0,2.3502480183341627
r16c61,13.25,98.75,43,22,0,,2.866309643454711,24.46180219057008,3237.729324767883,0.918508797385292,10.0,1.6334684555795864
r16c62,13.25,99.25,3210,252,0,115.05523492941524,2.7345173137984404,23.999238743372125,1810.169375079659,0.9896363547183067,10.0,3.506505032404872
r16c63,13.25,99.75,160217,438,0,105.42876091704169,1.7893542470847446,27.176833159143044,1237.877517102956,0.691050934089095,10.0,5.204708595484096
r16c64,13.25,100.25,337225,389,0,98.68857928812216,1.1708208230513333,28.02722981728848,1163.899658613182,0.04427228857078115,80.0,5.527919763341748
r16c65,13.25,100.75,94324,359,0,105.4055576347445,1.0074053700456986,27.840781824379874,1304.4858848140275,0.06111594471866417,80.0,4.974622209613462
r16c66,13.25,101.25,33015,312,0,103.60368956403101,1.4491979225221832,27.225772743586795,1525.1919705927603,0.7036533534087561,10.0,4.518711301609029
r16c67,13.25,101.75,6634,278,0,119.43240875122979,2.1148016783132997,26.536675335530745,1688.0265617645482,0.9505888026855935,10.0,3.8217754671834636
r17c00,13.75,68.25,0,0,0,,,,,,,0.0
r17c01,13.75,68.75,0,0,0,,,,,,,0.0
r17c02,13.75,69.25,0,0,0,,,,,,,0.0
r17c03,13.75,69.75,0,0,0,,,,,,,0.0
r17c04,13.75,70.25,0,0,0,,,,,,,0.0
r17c05,13.75,70.75,1,1,0,,,,,,,0.0
r17c06,13.75,71.25,0,0,0,,,,,,,0.0
r17c07,13.75,71.75,0,0,0,,,,,,,0.0
r17c08,13.75,72.25,0,0,0,,,,,,,0.0
r17c09,13.75,72.75,0,0,0,,,,,,,0.0
r17c10,13.75,73.25,0,0,0,,,,,,,0.0
r17c11,13.75,73.75,0,0,0,,,,,,,0.0
r17c12,13.75,74.25,53,27,0,,,,,0.0,80.0,1.724275869600789
r17c13,13.75,74.75,81173,343,0,124.96444908012995,2.165298326872908,25.310305707085927,3606.0997988038953,0.6860568112449071,10.0,4.909411596963402
r17c14,13.75,75.25,61353,318,0,106.57254585536364,2.1456877661430456,23.735877774078745,2029.0678270697865,0.9349161808653204,10.0,4.7878358034377815
r17c15,13.75,75.75,80396,339,0,117.63466505475537,1.7500156886761817,23.8062291044552,1224.6986530638383,0.7908650514213093,10.0,4.905234441520312
r17c16,13.75,76.25,12074,231,0,101.50646135579373,1.1124295118345144,24.24008253922141,983.7158969986776,0.4140913817645343,40.0,4.081851171517454
r17c17,13.75,76.75,8730,221,0,106.11844999543402,1.0054211875678718,24.866822465257787,923.4577545685376,0.5331381299993408,40.0,3.9410142437055695
r17c18,13.75,77.25,62793,261,0,103.31743318424311,1.004074704607985,24.754990511957338,906.2292004927158,0.21381638387416588,40.0,4.7979112324184685
r17c19,13.75,77.75,65715,270,0,102.87074153673296,1.0230458897239618,24.53530412310916,920.823030620201,0.2370186137189509,40.0,4.817664512233857
r17c20,13.75,78.25,151193,247,0,89.0871467492179,1.034506483417075,25.151995364970293,915.7363681312796,0.3077217637104918,40.0,5.179531684473737
r17c21,13.75,78.75,5136,182,0,87.63000023135794,1.013332156049455,25.834124016114462,915.8572431607171,0.3814197764986046,40.0,3.710625015060797
r17c22,13.75,79.25,133126,295,0,99.64834745779703,1.2290112135151916,26.13478021215188,1071.3384163462383,0.7909794794835989,10.0,5.124262883076527
r17c23,13.75,79.75,69450,266,0,88.00675811524592,1.1177857190388432,27.793795172151974,1125.046332139023,0.4566714981043452,40.0,4.841672250073635
r17c24,13.75,80.25,29983,240,0,96.38562734506768,0.9005533793129112,28.13207892531675,1116.9955095907283,0.17260075736570446,80.0,4.476875084758506
r17c25,13.75,80.75,0,0,0,,,,,0.0,80.0,0.0
r17c26,13.75,81.25,0,0,0,,,,,,,0.0
r17c27,13.75,81.75,0,0,0,,,,,,,0.0
r17c28,13.75,82.25,0,0,0,,,,,,,0.0
r17c29,13.75,82.75,0,0,0,,,,,,,0.0
r17c30,13.75,83.25,0,0,0,,,,,,,0.0
r17c31,13.75,83.75,0,0,0,,,,,,,0.0
r17c32,13.75,84.25,0,0,0,,,,,,,0.0
r17c33,13.75,84.75,0,0,0,,,,,,,0.0
r17c34,13.75,85.25,0,0,0,,,,,,,0.0
r17c35,13.75,85.75,0,0,0,,,,,,,0.0
r17c36,13.75,86.25,0,0,0,,,,,,,0.0
r17c37,13.75,86.75,0,0,0,,,,,,,0.0
r17c38,13.75,87.25,0,0,0,,,,,,,0.0
r17c39,13.75,87.75,0,0,0,,,,,,,0.0
r17c40,13.75,88.25,0,0,0,,,,,,,0.0
r17c41,13.75,88.75,0,0,0,,,,,,,0.0
r17c42,13.75,89.25,0,0,0,,,,,,,0.0
r17c43,13.75,89.75,0,0,0,,,,,,,0.0
r17c44,13.75,90.25,0,0,0,,,,,,,0.0
r17c45,13.75,90.75,0,0,0,,,,,,,0.0
r17c46,13.75,91.25,0,0,0,,,,,,,0.0
r17c47,13.75,91.75,0,0,0,,,,,,,0.0
r17c48,13.75,92.25,0,0,0,,,,,,,0.0
r17c49,13.75,92.75,0,0,0,,2.534193002621986,,,0.03165763342865704,80.0,0.0
r17c50,13.75,93.25,158,51,0,,2.717112490871152,,,0.019807107231396025,80.0,2.1986570869544226
r17c51,13.75,93.75,0,0,0,,,,,0.0,80.0,0.0
r17c52,13.75,94.25,13,2,0,,,,,0.0,80.0,1.1139433523068367
r17c53,13.75,94.75,0,0,0,,,,,0.0,80.0,0.0
r17c54,13.75,95.25,0,0,0,,,,,,,0.0
r17c55,13.75,95.75,0,0,0,,,,,,,0.0
r17c56,13.75,96.25,0,0,0,,,,,,,0.0
r17c57,13.75,96.75,0,0,0,,,,,,,0.0
r17c58,13.75,97.25,0,0,0,,,,,0.0,80.0,0.0
r17c59,13.75,97.75,3,2,0,,1.9925096103896107,,,0.009487214539967414,80.0,0.47712125471966244
r17c60,13.75,98.25,913,200,0,127.58242054919381,2.5562076712147066,25.47886715763486,3653.639885974492,0.529887507689503,10.0,2.960470777534299
r17c61,13.75,98.75,309,137,0,134.37048587235674,2.9809569726630674,23.843594359748284,2318.752172690185,0.9992515495929887,10.0,2.4899584794248346
r17c62,13.75,99.25,6752,302,0,111.07681758469526,2.0620956334396077,26.05635884748844,1324.4157367583816,0.7758246668563307,10.0,3.8294324336175984
r17c63,13.75,99.75,13617,250,0,89.06044785624796,1.3372610785576984,27.73162132787053,1242.2575819699432,0.4772851463193957,40.0,4.134081437462512
r17c64,13.75,100.25,243435,388,0,97.80560892816219,1.132309336644411,28.02592599292158,1299.2513478521269,0.4445199778463468,10.0,5.386383019309403
r17c65,13.75,100.75,702230,446,0,85.74920980482524,1.0062001468642514,27.94234401148094,1417.1196505449793,0.23647470840279824,50.0,5.8464793790401135
r17c66,13.75,101.25,15796,253,0,88.17101832985882,1.1740056854675258,27.607363757232516,1573.1714177069941,0.39198891635748767,40.0,4.198547125064507
r17c67,13.75,101.75,8218,247,0,96.26419401824994,1.5082846697598151,27.14802562048978,1546.004738942221,0.6200325721554935,10.0,3.9147661369258526
r18c00,14.25,68.25,0,0,0,,,,,,,0.0
r18c01,14.25,68.75,0,0,0,,,,,,,0.0
r18c02,14.25,69.25,0,0,0,,,,,,,0.0
r18c03,14.25,69.75,0,0,0,,,,,,,0.0
r18c04,14.25,70.25,0,0,0,,,,,,,0.0
r18c05,14.25,70.75,0,0,0,,,,,,,0.0
r18c06,14.25,71.25,0,0,0,,,,,,,0.0
r18c07,14.25,71.75,0,0,0,,,,,,,0.0
r18c08,14.25,72.25,1,1,0,,,,,,,0.0
r18c09,14.25,72.75,0,0,0,,,,,,,0.0
r18c10,14.25,73.25,0,0,0,,,,,,,0.0
r18c11,14.25,73.75,0,0,0,,,,,0.0,80.0,0.0
r18c12,14.25,74.25,70234,345,0,110.93657793977661,1.8675558745299068,26.36734633004925,3378.8690876096566,0.1240855100783638,80.0,4.846547403265474
r18c13,14.25,74.75,25992,289,0,107.89777795916353,2.2826343760723624,24.64517064090809,2911.5293630778015,0.8954477159467911,10.0,4.414839698336927
r18c14,14.25,75.25,9931,271,0,109.34696726934081,1.67029469282514,24.287347978307718,1363.742390913124,0.5851734856046316,40.0,3.9969929818907057
r18c15,14.25,75.75,21633,249,0,102.00327583963038,1.2780081377181616,24.784200415378688,1042.6844468955894,0.3595448728578135,40.0,4.335116750280586
r18c16,14.25,76.25,8135,221,0,96.03910660270793,1.068105287815539,24.55313575712248,944.5852954787103,0.2991168269947338,40.0,3.9103575572728775
r18c17,14.25,76.75,7468,206,0,94.98423234243378,0.7932444415972686,25.561666478506385,806.6783384006668,0.2283776227007308,40.0,3.8732043092770407
r18c18,14.25,77.25,2603,162,0,89.47487227581436,0.790806382908891,25.813497052049506,810.4875553885777,0.20618439256678078,40.0,3.4154741681092355
r18c19,14.25,77.75,25751,241,0,99.07560731806284,0.8747955446402855,26.68722530033436,785.7635472231865,0.36010731363701853,40.0,4.41079409885485
r18c20,14.25,78.25,5606,174,0,85.67393424860207,0.8891605079474512,27.185066559602927,855.9709661703828,0.45350370193153905,40.0,3.7486530934242674
r18c21,14.25,78.75,2940,184,0,87.91376483045882,0.9623224627310228,27.249955493135694,891.1698656347963,0.5668532861784709,40.0,3.4683473304121573
r18c22,14.25,79.25,2750,190,0,101.0787184162143,1.0819054554465786,27.733026903388026,968.9882919927743,0.788361549810222,10.0,3.439332693830263
r18c23,14.25,79.75,865,108,0,73.71884683825768,1.0548596521750646,28.22795588686903,1058.87700007581,0.509455618766361,40.0,2.9370161074648142
r18c24,14.25,80.25,107,50,0,,1.0092114415624236,28.26647742165178,1079.813653554542,0.1176105847952221,80.0,2.0293837776852097
r18c25,14.25,80.75,0,0,0,,,,,,,0.0
r18c26,14.25,81.25,0,0,0,,,,,,,0.0
r18c27,14.25,81.75,0,0,0,,,,,,,0.0
r18c28,14.25,82.25,0,0,0,,,,,,,0.0
r18c29,14.25,82.75,0,0,0,,,,,,,0.0
r18c30,14.25,83.25,0,0,0,,,,,,,0.0
r18c31,14.25,83.75,0,0,0,,,,,,,0.0
r18c32,14.25,84.25,0,0,0,,,,,,,0.0
r18c33,14.25,84.75,0,0,0,,,,,,,0.0
r18c34,14.25,85.25,0,0,0,,,,,,,0.0
r18c35,14.25,85.75,0,0,0,,,,,,,0.0
r18c36,14.25,86.25,0,0,0,,,,,,,0.0
r18c37,14.25,86.75,0,0,0,,,,,,,0.0
r18c38,14.25,87.25,0,0,0,,,,,,,0.0
r18c39,14.25,87.75,0,0,0,,,,,,,0.0
r18c40,14.25,88.25,0,0,0,,,,,,,0.0
r18c41,14.25,88.75,0,0,0,,,,,,,0.0
r18c42,14.25,89.25,0,0,0,,,,,,,0.0
r18c43,14.25,89.75,0,0,0,,,,,,,0.0
r18c44,14.25,90.25,0,0,0,,,,,,,0.0
r18c45,14.25,90.75,0,0,0,,,,,,,0.0
r18c46,14.25,91.25,2,2,0,,,,,,,0.3010299956639812
r18c47,14.25,91.75,0,0,0,,,,,,,0.0
r18c48,14.25,92.25,0,0,0,,,,,,,0.0
r18c49,14.25,92.75,0,0,0,,,,,,,0.0
r18c50,14.25,93.25,0,0,0,,2.2871505084745762,,,0.008314791181368388,80.0,0.0
r18c51,14.25,93.75,0,0,0,,,,,0.0,80.0,0.0
r18c52,14.25,94.25,0,0,0,,,,,,,0.0
r18c53,14.25,94.75,0,0,0,,,,,,,0.0
r18c54,14.25,95.25,0,0,0,,,,,,,0.0
r18c55,14.25,95.75,0,0,0,,,,,,,0.0
r18c56,14.25,96.25,0,0,0,,,,,,,0.0
r18c57,14.25,96.75,0,0,0,,,,,,,0.0
r18c58,14.25,97.25,0,0,0,,,,,0.0,80.0,0.0
r18c59,14.25,97.75,9,6,0,,2.167888634213944,25.622429665238286,4059.612038012369,0.030215388141141653,80.0,0.9542425094393249
r18c60,14.25,98.25,928,190,0,120.37955335206384,2.691524669081203,24.983598795390414,3285.7277994617766,0.8732688538794483,10.0,2.967547976218862
r18c61,14.25,98.75,5385,231,0,98.7138792644083,2.8270255969744444,24.742979392542512,1635.0695370516585,0.9917353724224858,10.0,3.7311857076340003
r18c62,14.25,99.25,59951,330,0,93.68389187172639,1.8930510720572702,26.064100593207776,1374.3649365585454,0.7700998549089646,10.0,4.777796431652712
r18c63,14.25,99.75,18569,268,0,92.01902313486585,1.2097264174849505,27.97219953356189,1176.1794236876447,0.27390411140969845,40.0,4.268788516223584
r18c64,14.25,100.25,22640,238,0,91.22989119488466,1.126486029308455,28.334028490460877,1241.7088083640263,0.187186022680738,40.0,4.3548764225162335
r18c65,14.25,100.75,112322,330,0,89.13362263349092,1.2186092976042322,27.79954098438434,1377.291718204956,0.4023637986723794,40.0,5.050464827880733
r18c66,14.25,101.25,300844,475,0,124.49881719793603,1.8190502311177983,25.654209286596867,1872.288881660115,0.6748722502313269,10.0,5.478341354392156
r18c67,14.25,101.75,8882,327,0,127.0724967363178,2.1023417302223666,25.160447243706855,1593.5429909137179,0.8381786806406262,10.0,3.9485107688376573
r19c00,14.75,68.25,0,0,0,,,,,,,0.0
r19c01,14.75,68.75,0,0,0,,,,,,,0.0
r19c02,14.75,69.25,0,0,0,,,,,,,0.0
r19c03,14.75,69.75,0,0,0,,,,,,,0.0
r19c04,14.75,70.25,0,0,0,,,,,,,0.0
r19c05,14.75,70.75,0,0,0,,,,,,,0.0
r19c06,14.75,71.25,0,0,0,,,,,,,0.0
r19c07,14.75,71.75,0,0,0,,,,,,,0.0
r19c08,14.75,72.25,0,0,0,,,,,,,0.0
r19c09,14.75,72.75,0,0,0,,,,,,,0.0
r19c10,14.75,73.25,0,0,0,,,,,,,0.0
r19c11,14.75,73.75,46,19,0,,,26.661820485985118,3194.729460801704,0.0,80.0,1.662757831681574
r19c12,14.75,74.25,150709,405,0,115.26729197779527,2.4302024182287036,25.612770893965866,2895.269980698237,0.5747610581606079,10.0,5.178139188171479
r19c13,14.75,74.75,39680,287,0,108.6743393393,2.1837489458593256,24.568753174569967,1843.461172357875,0.9654407920802109,10.0,4.598571663482141
r19c14,14.75,75.25,6199,269,0,113.73008247378127,1.265507660512035,24.62795735059938,1086.6981766200577,0.21245589149124824,40.0,3.7923216363515735
r19c15,14.75,75.75,17545,246,0,110.25193379347348,1.0087827427177374,25.134601384871434,933.2006120735955,0.17122524946338416,40.0,4.244153372551425
r19c16,14.75,76.25,3814,218,0,107.13487708340519,0.8959522579676437,25.04697685964802,876.6107555675376,0.20306145802436987,40.0,3.5813806887099866
r19c17,14.75,76.75,1578,157,0,91.62366699320268,0.7393732488601471,25.846838734574828,788.3048739857228,0.292079527523669,40.0,3.1981069988734014
r19c18,14.75,77.25,1275,157,0,99.32231699289514,0.7528847694313462,26.8434921635902,764.4028721090477,0.19748015404475117,40.0,3.1055101847699738
r19c19,14.75,77.75,1370,139,0,84.88605960195184,0.8172008430447293,27.71176054839594,770.7385951750915,0.27049922422923783,40.0,3.1367205671564067
r19c20,14.75,78.25,2194,161,0,88.32525311806998,0.6705256904552257,28.28493458856758,824.05925108397,0.4241843205622318,40.0,3.3412366232386925
r19c21,14.75,78.75,13901,240,0,91.50000696196403,0.9501682830758408,27.995965107182894,849.404926309489,0.43878854679935453,40.0,4.143046043337588
r19c22,14.75,79.25,28423,225,0,78.11037082015487,1.002166323232982,27.76836327255214,941.4118764289251,0.7357269395254542,20.0,4.453669915065227
r19c23,14.75,79.75,782,101,0,72.32141682148452,1.0429653949970805,28.19323173493048,1053.6543983325744,0.34599716173399553,40.0,2.893206753059848
r19c24,14.75,80.25,256,76,0,,1.0866983328203985,28.315080190902847,1101.8883213659358,0.0669109496688378,80.0,2.4082399653118496
r19c25,14.75,80.75,0,0,0,,,,,,,0.0
r19c26,14.75,81.25,0,0,0,,,,,,,0.0
r19c27,14.75,81.75,0,0,0,,,,,,,0.0
r19c28,14.75,82.25,0,0,0,,,,,,,0.0
r19c29,14.75,82.75,0,0,0,,,,,,,0.0
r19c30,14.75,83.25,0,0,0,,,,,,,0.0
r19c31,14.75,83.75,0,0,0,,,,,,,0.0
r19c32,14.75,84.25,0,0,0,,,,,,,0.0
r19c33,14.75,84.75,0,0,0,,,,,,,0.0
r19c34,14.75,85.25,0,0,0,,,,,,,0.0
r19c35,14.75,85.75,0,0,0,,,,,,,0.0
r19c36,14.75,86.25,0,0,0,,,,,,,0.0
r19c37,14.75,86.75,0,0,0,,,,,,,0.0
r19c38,14.75,87.25,0,0,0,,,,,,,0.0
r19c39,14.75,87.75,0,0,0,,,,,,,0.0
r19c40,14.75,88.25,0,0,0,,,,,,,0.0
r19c41,14.75,88.75,0,0,0,,,,,,,0.0
r19c42,14.75,89.25,0,0,0,,,,,,,0.0
r19c43,14.75,89.75,0,0,0,,,,,,,0.0
r19c44,14.75,90.25,0,0,0,,,,,,,0.0
r19c45,14.75,90.75,0,0,0,,,,,,,0.0
r19c46,14.75,91.25,0,0,0,,,,,,,0.0
r19c47,14.75,91.75,0,0,0,,,,,,,0.0
r19c48,14.75,92.25,0,0,0,,,,,,,0.0
r19c49,14.75,92.75,0,0,0,,,,,,,0.0
r19c50,14.75,93.25,0,0,0,,,,,0.0,80.0,0.0
r19c51,14.75,93.75,1,1,0,,2.5620352000000004,,,0.0034968109245697124,80.0,0.0
r19c52,14.75,94.25,0,0,0,,,,,0.0,80.0,0.0
r19c53,14.75,94.75,0,0,0,,,,,,,0.0
r19c54,14.75,95.25,0,0,0,,,,,,,0.0
r19c55,14.75,95.75,0,0,0,,,,,,,0.0
r19c56,14.75,96.25,0,0,0,,,,,,,0.0
r19c57,14.75,96.75,0,0,0,,,,,,,0.0
r19c58,14.75,97.25,0,0,0,,,,,0.0,80.0,0.0
r19c59,14.75,97.75,8,8,0,,2.4487192730652545,25.86892279420374,3962.356138480057,0.29415702482168626,80.0,0.9030899869919435
r19c60,14.75,98.25,1267,245,0,129.6015070061545,2.787553141100824,24.74563848485599,2847.0626216955275,0.987208122598477,10.0,3.1027766148834415
r19c61,14.75,98.75,3030,212,0,100.16823678390143,2.6309471358313403,24.160629908394185,1740.9335819500566,0.936077618384714,10.0,3.481442628502305
r19c62,14.75,99.25,2283,204,0,99.4069044862982,2.0548306048935894,24.94799082220743,1479.5458594162324,0.7616078438446079,10.0,3.3585059114902354
r19c63,14.75,99.75,2658,159,0,82.04020660604486,1.21245002784026,27.66791924575309,1194.761512269599,0.1912091577312515,40.0,3.4245549766067134
r19c64,14.75,100.25,17477,218,0,81.99902576528063,1.2906911789444906,28.42734441841565,1258.1777482943437,0.18233802615430783,40.0,4.2424668862353405
r19c65,14.75,100.75,27281,288,0,93.90997882658878,1.2461413522006346,27.826546129446957,1320.6306374481144,0.29811603168902207,40.0,4.435860285578362
r19c66,14.75,101.25,44946,373,0,108.76089622909869,1.6016493741321929,26.043877846470174,1436.6033624606034,0.5862722593045818,10.0,4.6526910474546535
r19c67,14.75,101.75,17440,327,0,115.94908741259285,1.5124687644744412,25.969760864441117,1254.1110502884897,0.4459493799472322,40.0,4.241546480596549
r20c00,15.25,68.25,0,0,0,,,,,,,0.0
r20c01,15.25,68.75,0,0,0,,,,,,,0.0
r20c02,15.25,69.25,0,0,0,,,,,,,0.0
r20c03,15.25,69.75,0,0,0,,,,,,,0.0
r20c04,15.25,70.25,0,0,0,,,,,,,0.0
r20c05,15.25,70.75,0,0,0,,,,,,,0.0
r20c06,15.25,71.25,0,0,0,,,,,,,0.0
r20c07,15.25,71.75,0,0,0,,,,,,,0.0
r20c08,15.25,72.25,0,0,0,,,,,,,0.0
r20c09,15.25,72.75,0,0,0,,,,,,,0.0
r20c10,15.25,73.25,266,24,0,23.59776984478234,,,,0.0,80.0,2.424881636631067
r20c11,15.25,73.75,396674,444,0,114.08267694766904,1.6299264661105697,26.57643063044642,3137.065126236244,0.16730753705173257,80.0,5.598433735572267
r20c12,15.25,74.25,407265,429,0,122.14412924918805,2.167734918963392,24.79183809676225,2871.7751044684355,0.9489700619004081,10.0,5.609877088799481
r20c13,15.25,74.75,212293,368,0,123.08358670614098,1.659940614961062,24.481992952714606,1339.6946796945947,0.728989832787055,10.0,5.326935674281434
r20c14,15.25,75.25,83356,340,0,107.22848569799191,0.9887872995868171,24.687424878465688,1025.7532062850191,0.08338441858235042,40.0,4.920936865988944
r20c15,15.25,75.75,15880,236,0,100.79426738123337,0.8191277648462205,25.255408422010547,895.6018839415046,0.18969740469842997,40.0,4.200850498091078
r20c16,15.25,76.25,156923,288,0,112.14187801471886,0.8673937152695018,25.726829821453766,793.9048397736909,0.2843012944744248,40.0,5.195686602229558
r20c17,15.25,76.75,33889,252,0,96.01566080764482,0.8437599764893506,26.59649464256618,768.8290375624898,0.3283527010522392,40.0,4.530058753821461
r20c18,15.25,77.25,700,127,0,88.41914067870847,0.746536524332373,26.909454054575402,821.2581753423541,0.09844968720094259,40.0,2.845098040014257
r20c19,15.25,77.75,1659,145,0,88.0162947268342,0.7730512764212355,26.95491842658895,868.2499136687085,0.3458229043474362,40.0,3.219846386024361
r20c20,15.25,78.25,637,112,0,91.05587838794361,0.7671504275334726,28.06243455277449,835.9662657517896,0.3082572702454993,40.0,2.8041394323353503
r20c21,15.25,78.75,3018,211,0,109.2333167814416,1.1660634297552983,27.11040898377425,915.0754338039955,0.5792251119747911,10.0,3.479719235439571
r20c22,15.25,79.25,669,115,0,89.15480014394007,1.0147801429088967,27.456759936080744,896.5849204943507,0.6533866117931474,20.0,2.8254261177678233
r20c23,15.25,79.75,471,96,0,80.58961834647408,0.9671301664843098,28.065704099624554,1038.7673844945004,0.3893123491907116,40.0,2.673020907128896
r20c24,15.25,80.25,2386,180,0,107.19876003466099,0.9229357977281697,28.027486525153677,1104.4601316511862,0.09103884241485402,80.0,3.377670439334323
r20c25,15.25,80.75,0,0,0,,,,,0.0,80.0,0.0
r20c26,15.25,81.25,0,0,0,,,,,0.0,80.0,0.0
r20c27,15.25,81.75,0,0,0,,,,,,,0.0
r20c28,15.25,82.25,0,0,0,,,,,,,0.0
r20c29,15.25,82.75,0,0,0,,,,,,,0.0
r20c30,15.25,83.25,0,0,0,,,,,,,0.0
r20c31,15.25,83.75,0,0,0,,,,,,,0.0
r20c32,15.25,84.25,0,0,0,,,,,,,0.0
r20c33,15.25,84.75,0,0,0,,,,,,,0.0
r20c34,15.25,85.25,0,0,0,,,,,,,0.0
r20c35,15.25,85.75,0,0,0,,,,,,,0.0
r20c36,15.25,86.25,1,0,0,,,,,,,0.0
r20c37,15.25,86.75,0,0,0,,,,,,,0.0
r20c38,15.25,87.25,0,0,0,,,,,,,0.0
r20c39,15.25,87.75,0,0,0,,,,,,,0.0
r20c40,15.25,88.25,0,0,0,,,,,,,0.0
r20c41,15.25,88.75,0,0,0,,,,,,,0.0
r20c42,15.25,89.25,0,0,0,,,,,,,0.0
r20c43,15.25,89.75,0,0,0,,,,,,,0.0
r20c44,15.25,90.25,0,0,0,,,,,,,0.0
r20c45,15.25,90.75,0,0,0,,,,,,,0.0
r20c46,15.25,91.25,0,0,0,,,,,,,0.0
r20c47,15.25,91.75,0,0,0,,,,,,,0.0
r20c48,15.25,92.25,0,0,0,,,,,,,0.0
r20c49,15.25,92.75,0,0,0,,,,,,,0.0
r20c50,15.25,93.25,0,0,0,,,,,0.0,80.0,0.0
r20c51,15.25,93.75,0,0,0,,,,,0.0,80.0,0.0
r20c52,15.25,94.25,0,0,0,,,,,0.0,80.0,0.0
r20c53,15.25,94.75,0,0,0,,,,,0.0,80.0,0.0
r20c54,15.25,95.25,0,0,0,,,,,0.0,80.0,0.0
r20c55,15.25,95.75,0,0,0,,,,,0.0,80.0,0.0
r20c56,15.25,96.25,0,0,0,,,,,,,0.0
r20c57,15.25,96.75,0,0,0,,,,,,,0.0
r20c58,15.25,97.25,0,0,0,,,,,0.0,80.0,0.0
r20c59,15.25,97.75,0,0,0,,2.4329880350048048,25.73634256223365,3740.437827244637,0.41200980167215845,80.0,0.0
r20c60,15.25,98.25,4970,185,0,81.27782695309683,2.7774136570857784,24.605435154891385,2866.415977105813,0.9897735645075947,10.0,3.696356388733332
r20c61,15.25,98.75,9943,334,0,120.17307616832991,2.9506412981982435,22.291289600567975,2266.8657889112765,0.9881794483172881,10.0,3.997517439414725
r20c62,15.25,99.25,2819,276,0,124.81040057437005,2.5557362238184527,24.253974596611478,1591.1997160417422,0.9548917802602739,10.0,3.4500950758716025
r20c63,15.25,99.75,4888,187,0,86.63471782708274,1.266857116335275,27.61910348147884,1262.6335045093645,0.20055742923031844,40.0,3.689131197234498
r20c64,15.25,100.25,11716,199,0,82.88168781985023,1.2147122339972487,28.162820878975708,1309.0329537498246,0.1550899912425906,40.0,4.068779363009561
r20c65,15.25,100.75,1633,137,0,83.65065779247318,1.1999769619768816,27.61700982286844,1412.6031555728819,0.19362326784420678,40.0,3.212986184736668
r20c66,15.25,101.25,5127,242,0,105.55694876991635,1.3098234854263702,27.089022607081546,1293.9197479588372,0.2826029049255682,40.0,3.709863317440399
r20c67,15.25,101.75,1751,156,0,96.75780982512454,1.1758233390627568,26.708998491665767,1271.740724672663,0.0744710815729092,40.0,3.243286146083446
r21c00,15.75,68.25,0,0,0,,,,,,,0.0
r21c01,15.75,68.75,0,0,0,,,,,,,0.0
r21c02,15.75,69.25,0,0,0,,,,,,,0.0
r21c03,15.75,69.75,0,0,0,,,,,,,0.0
r21c04,15.75,70.25,0,0,0,,,,,,,0.0
r21c05,15.75,70.75,0,0,0,,,,,,,0.0
r21c06,15.75,71.25,0,0,0,,,,,,,0.0
r21c07,15.75,71.75,0,0,0,,,,,,,0.0
r21c08,15.75,72.25,0,0,0,,,,,,,0.0
r21c09,15.75,72.75,1,1,0,,,,,,,0.0
r21c10,15.75,73.25,1226,89,0,53.39476707363093,1.2919389435336976,,,0.0003960702938669372,80.0,3.0884904701823963
r21c11,15.75,73.75,348774,448,0,121.16393722310676,1.7100207271523122,26.364838954302034,3399.250864101061,0.6387943821038973,80.0,5.542544102185421
r21c12,15.75,74.25,114377,373,0,116.89131837087801,1.7828411232849075,23.821311736430562,2580.0656534295576,0.8147633493186986,10.0,5.058338701228556
r21c13,15.75,74.75,15056,278,0,103.59329827776823,1.1598679931772073,24.166567102601654,1193.6952240710345,0.2679586998320311,40.0,4.177709606083182
r21c14,15.75,75.25,2159,185,0,98.29530248576107,0.9164455599132731,25.19156412498502,954.0705264908818,0.17137235033337295,40.0,3.334252642334231
r21c15,15.75,75.75,8266,189,0,87.19127083482145,0.8034263115716447,25.450420982754302,908.7976703076229,0.14034975019651336,40.0,3.9172954009456893
r21c16,15.75,76.25,4539,205,0,98.83715210849113,0.7956229428989727,25.848524309413406,843.6701661822873,0.11964270570022816,40.0,3.656960182742849
r21c17,15.75,76.75,1569,143,0,80.75333966209746,0.8698445131567002,27.002809559996933,830.3371863558511,0.06400087598734475,40.0,3.1956229435869368
r21c18,15.75,77.25,2929,184,0,104.9843897730904,0.8518918004701049,27.15803198986808,848.8482004408698,0.06510554782720937,40.0,3.4667193716815987
r21c19,15.75,77.75,864,114,0,84.58451077932155,0.8282769600689154,27.398296575704794,847.656139460124,0.07160252702143356,40.0,2.936513742478893
r21c20,15.75,78.25,25341,246,0,109.43847266144965,0.8240736373242433,27.434851754355993,865.1870069266312,0.2806723348585581,40.0,4.403823748902307
r21c21,15.75,78.75,4434,222,0,111.99550859441845,1.3230677717891304,26.119248173072982,980.4507273830169,0.7266717361537649,10.0,3.6467956887784694
r21c22,15.75,79.25,1565,157,0,89.23488805075763,0.9185694851796609,27.499476945139783,911.9656776603363,0.50015775451246,40.0,3.194514341882467
r21c23,15.75,79.75,1809,174,0,98.06553260683178,0.9832711889908655,27.873896018254204,1061.4545063745006,0.2654896101960367,40.0,3.257438566859814
r21c24,15.75,80.25,3002,175,0,85.82715384543003,0.9132792924708949,28.016213324620036,1126.7669178054466,0.11408339591080348,40.0,3.4774106879072515
r21c25,15.75,80.75,2105,178,0,95.16356157138459,1.0952817568935078,28.089907755320198,1226.7665958207108,0.11756644904028055,80.0,3.323252100171687
r21c26,15.75,81.25,888,114,0,92.22480439614945,0.8007802400861003,28.042115422601626,1272.0472470184397,0.031186673024198364,80.0,2.948412965778601
r21c27,15.75,81.75,0,0,0,,,,,,,0.0
r21c28,15.75,82.25,0,0,0,,,,,,,0.0
r21c29,15.75,82.75,0,0,0,,,,,,,0.0
r21c30,15.75,83.25,0,0,0,,,,,,,0.0
r21c31,15.75,83.75,0,0,0,,,,,,,0.0
r21c32,15.75,84.25,0,0,0,,,,,,,0.0
r21c33,15.75,84.75,0,0,0,,,,,,,0.0
r21c34,15.75,85.25,0,0,0,,,,,,,0.0
r21c35,15.75,85.75,0,0,0,,,,,,,0.0
r21c36,15.75,86.25,0,0,0,,,,,,,0.0
r21c37,15.75,86.75,0,0,0,,,,,,,0.0
r21c38,15.75,87.25,0,0,0,,,,,,,0.0
r21c39,15.75,87.75,0,0,0,,,,,,,0.0
r21c40,15.75,88.25,0,0,0,,,,,,,0.0
r21c41,15.75,88.75,1,1,0,,,,,,,0.0
r21c42,15.75,89.25,0,0,0,,,,,,,0.0
r21c43,15.75,89.75,0,0,0,,,,,,,0.0
r21c44,15.75,90.25,0,0,0,,,,,,,0.0
r21c45,15.75,90.75,0,0,0,,,,,,,0.0
r21c46,15.75,91.25,0,0,0,,,,,,,0.0
r21c47,15.75,91.75,0,0,0,,,,,,,0.0
r21c48,15.75,92.25,0,0,0,,,,,,,0.0
r21c49,15.75,92.75,0,0,0,,,,,,,0.0
r21c50,15.75,93.25,0,0,0,,,,,,,0.0
r21c51,15.75,93.75,0,0,0,,,,,0.0,80.0,0.0
r21c52,15.75,94.25,65,62,0,,1.1539316278255538,27.224642474474763,2859.639431562049,0.03604003603794759,80.0,1.8129133566428555
r21c53,15.75,94.75,0,0,0,,1.2048305542551294,27.144529542746625,2597.7922460206646,0.1472842650544754,80.0,0.0
r21c54,15.75,95.25,1025,171,0,107.40896465956494,1.4805614368001727,27.08892234552724,2548.5593925342964,0.23643081760508633,80.0,3.010723865391773
r21c55,15.75,95.75,0,0,0,,1.2174281794104456,27.162248266415983,2331.3729408280997,0.05790849232635878,80.0,0.0
r21c56,15.75,96.25,0,0,0,,,,,0.0,80.0,0.0
r21c57,15.75,96.75,0,0,0,,,,,,,0.0
r21c58,15.75,97.25,0,0,0,,,,,0.0,80.0,0.0
r21c59,15.75,97.75,117,71,0,,2.2646285683122582,26.11825999534036,3484.146122027166,0.5449733440545699,80.0,2.0681858617461617
r21c60,15.75,98.25,0,0,0,,2.5635127170706618,25.484573383761177,2972.728255053969,0.9805007889305418,10.0,0.0
r21c61,15.75,98.75,1359,240,0,127.05112118291227,2.870969260650993,22.63210626641319,2302.51100328193,0.9872033716743782,10.0,3.1332194567324945
r21c62,15.75,99.25,33654,437,0,122.26351620622306,2.3176766309871204,24.3771735925361,1580.9323908143415,0.7947110882847075,10.0,4.52703669039316
r21c63,15.75,99.75,3569,153,0,78.64950978872847,1.1740929685616248,27.66560409992855,1306.736697707129,0.11821303427789699,40.0,3.5525465479556604
r21c64,15.75,100.25,68256,333,0,103.52753802402185,1.1054013992382319,28.125425807850824,1362.8122640181055,0.12670078630016113,40.0,4.834140833769335
r21c65,15.75,100.75,2107,151,0,81.15984607100603,1.1423099735646254,27.481096473732027,1482.3198018648106,0.16848196708757315,40.0,3.3236645356081
r21c66,15.75,101.25,1304,174,0,94.97395238367905,1.4721368858200832,26.144480543489834,1528.3461910319322,0.4230467997201341,40.0,3.1152775913959014
r21c67,15.75,101.75,10567,250,0,109.02879752767896,1.3584199175281497,26.119921844575824,1306.5402494160796,0.3303040880412577,40.0,4.023951707423388
r22c00,16.25,68.25,0,0,0,,,,,,,0.0
r22c01,16.25,68.75,0,0,0,,,,,,,0.0
r22c02,16.25,69.25,0,0,0,,,,,,,0.0
r22c03,16.25,69.75,0,0,0,,,,,,,0.0
r22c08,16.25,72.25,1,1,0,,,,,,,0.0
r22c09,16.25,72.75,1,1,0,,,,,,,0.0
r22c10,16.25,73.25,10790,297,0,108.06143230047826,1.3552905857863062,26.894663225075146,2756.563126548572,0.1874929427809291,80.0,4.033021444682911
r22c11,16.25,73.75,29361,319,0,110.58125932201291,1.572356652533376,25.522544605155748,3402.9323958065224,0.9317377922443545,10.0,4.467770843038517
r22c12,16.25,74.25,7679,241,0,99.5084179977824,1.357822644343322,24.280323507151586,1692.374473767316,0.5821199794681875,10.0,3.8853046675889678
r22c13,16.25,74.75,3992,206,0,102.00796505463772,1.1001667290933308,24.99532589326913,1060.4314654402958,0.30882030580552255,40.0,3.6011905326153335
r22c14,16.25,75.25,2655,176,0,94.77074130445371,0.9932927117604097,25.717385862812087,942.2110800516105,0.24082491870181114,40.0,3.4240645254174877
r22c15,16.25,75.75,51184,243,0,101.10954602137724,0.855703433330079,26.183152517845127,883.021929354584,0.2254021246230325,40.0,4.7091342227400315
r22c16,16.25,76.25,2911,165,0,89.81827910190908,0.7869016245174489,26.338591573945386,866.77726278423,0.1111053095757297,40.0,3.464042205438811
r22c17,16.25,76.75,3849,171,0,88.93344498342782,0.8435079136896699,26.691429366301758,913.7347741997754,0.169870339315343,40.0,3.585347911094591
r22c18,16.25,77.25,44731,265,0,109.02349357278507,0.8262726851596066,26.92879569871697,945.4261184920658,0.035529931337794744,40.0,4.650608607308078
r22c19,16.25,77.75,3042,175,0,96.59347524228478,0.8449935073585266,26.89809889066296,949.6407499776102,0.06854028834052787,40.0,3.4831592097169795
r22c20,16.25,78.25,1004,151,0,107.33449538637112,0.9370863340787539,26.397779039290484,967.4898905993623,0.22115554031573662,40.0,3.0017337128090005
r22c21,16.25,78.75,79331,300,0,113.50898144889211,1.180340303686142,25.74872195833729,1022.2249493184261,0.7298131948391245,10.0,4.8994429287818875
r22c22,16.25,79.25,741,159,0,106.53919185887182,1.0060661089551715,27.200933027973374,997.5686592205842,0.7200082497419599,20.0,2.869818207979328
r22c23,16.25,79.75,430,102,0,87.01620224411568,1.015855719400139,27.780778305623624,1080.6478214732367,0.37315635291820465,40.0,2.6334684555795866
r22c24,16.25,80.25,3055,145,0,77.63166218164734,0.9325335729923933,28.08679625613841,1149.7498107291678,0.10353807050698667,40.0,3.485011214578573
r22c25,16.25,80.75,11651,232,0,92.40801634371196,1.0852239983937568,28.10863384579464,1229.9880222794282,0.13772228935098788,40.0,4.066363202258494
r22c26,16.25,81.25,2839,161,0,86.53642561158614,0.9524556181885169,27.963442710789234,1252.656086814571,0.10291892855380838,80.0,3.4531653925258574
r22c27,16.25,81.75,4281,177,0,91.7646304771164,1.1123450886568607,27.759838398281254,1290.4954142919173,0.1736960698406628,80.0,3.631545227834309
r22c28,16.25,82.25,760,89,0,67.65432649123261,0.831187728519489,,,0.017626794507642537,80.0,2.8808135922807914
r22c29,16.25,82.75,0,0,0,,,,,0.0,80.0,0.0
r22c50,16.25,93.25,0,0,0,,,,,,,0.0
r22c51,16.25,93.75,0,0,0,,,,,0.0,80.0,0.0
r22c52,16.25,94.25,530,155,0,116.3479875692453,2.204701689985631,26.519208238984575,2772.991740875311,0.4150863030583017,80.0,2.724275869600789
r22c53,16.25,94.75,0,0,0,,1.167501120705388,26.850912714257223,2505.2595149296403,0.26110341968649503,40.0,0.0
r22c54,16.25,95.25,46,38,0,,1.112252792700574,27.073934976499064,2349.479511699162,0.15921180339199023,40.0,1.662757831681574
r22c55,16.25,95.75,3,3,0,,1.0557176752187007,27.11723018842058,2297.2336055499445,0.12932452270953002,40.0,0.47712125471966244
r22c56,16.25,96.25,911,128,0,94.006874686289,1.0212739610833725,27.19619025274075,2328.912263544489,0.034573295596262654,80.0,2.9595183769729982
r22c57,16.25,96.75,9,9,0,,1.0331228150572833,,,0.0037030088326288615,80.0,0.9542425094393249
r22c58,16.25,97.25,3,3,0,,1.0517249469403587,27.203400624558185,3607.511776711566,0.013375813378327519,80.0,0.47712125471966244
r22c59,16.25,97.75,370,97,0,83.19989585941346,1.6287956839394904,26.742435391241845,3218.2781869423065,0.5255441075440058,10.0,2.568201724066995
r22c60,16.25,98.25,36,17,0,,2.387943989564832,24.788553300486345,3385.348508785426,0.9493733016073241,10.0,1.5563025007672873
r22c61,16.25,98.75,1060,204,0,117.3470432892881,2.492106618571943,22.698580749583627,2032.078751043852,0.852593993682857,10.0,3.0253058652647704
r22c62,16.25,99.25,31998,410,0,129.57209080854082,2.005559543367685,24.975915486388477,1719.105791612606,0.6536747124443529,10.0,4.50512283406652
r22c63,16.25,99.75,5272,148,0,77.91345960074146,1.1793763302754576,27.628724808786263,1428.304023358307,0.09457030084336365,40.0,3.7219754015859534
r22c64,16.25,100.25,15950,262,0,98.31793432999768,1.160238543425928,27.77645948721288,1488.2983908860351,0.1300546890798742,40.0,4.2027606873932
r22c65,16.25,100.75,3776,202,0,100.38701353372569,1.4133862137863513,26.310408467706726,1752.8185221444387,0.42033471262156047,40.0,3.5770319856260313
r22c66,16.25,101.25,3828,238,0,106.1980886687493,1.968034987550862,24.768171962491394,1674.7589098796184,0.7157347716073365,10.0,3.582971929104806
r22c67,16.25,101.75,14150,356,0,126.1925424828502,1.94645249216167,24.37782792174864,1489.5764571927573,0.6181720540017219,10.0,4.150756439860309
r23c08,16.75,72.25,0,0,0,,,,,,,0.0
r23c09,16.75,72.75,0,0,0,,,,,0.0,80.0,0.0
r23c10,16.75,73.25,14150,267,0,91.12209314775743,1.5031031830670256,26.670359520083334,2719.3742123891584,0.3621555155823068,80.0,4.150756439860309
r23c11,16.75,73.75,6577,241,0,105.19288213811045,1.517612300663474,25.030121406803232,2926.4255589606723,0.9465767692307206,10.0,3.8180278418592564
r23c12,16.75,74.25,49104,306,0,106.91779501488105,1.1558167725469897,24.775308543054106,1376.1848914026607,0.41765792862407647,40.0,4.691116871087748
r23c13,16.75,74.75,163212,274,0,91.6263892924472,1.0222665416077594,25.413024595059685,1065.5439238960437,0.1452082027283149,40.0,5.212752086661665
r23c14,16.75,75.25,890,122,0,84.77766434864293,0.862861308641713,25.97399656297193,974.1933048502207,0.1638914471081575,40.0,2.949390006644913
r23c15,16.75,75.75,62046,245,0,94.6279817176239,0.7206757564630867,26.485626268976045,906.043030433247,0.11971023793881715,40.0,4.792713788511254
r23c16,16.75,76.25,1857,149,0,88.68179352771466,0.7834369156995187,26.829054219978005,925.7961493116594,0.021328786297878294,40.0,3.2688119037397803
r23c17,16.75,76.75,3023,169,0,98.02138186549034,0.8779942884734775,26.76994187465175,977.3455816100048,0.05725990980299055,40.0,3.480438147177817
r23c18,16.75,77.25,1592,144,0,89.65646262398512,0.861237322506874,26.352581460254427,1072.7547128592958,0.13944980491230474,40.0,3.20194306340165
r23c19,16.75,77.75,2242,153,0,90.3533011330036,0.9337806030033314,25.861550018642312,1078.0047071097852,0.1836734048044085,40.0,3.3506356082589543
r23c20,16.75,78.25,3828,190,0,102.59645037640084,0.9261108338653078,25.55153299850495,1019.6641974306788,0.10580690283746745,40.0,3.582971929104806
r23c21,16.75,78.75,5208,219,0,108.87464599668259,0.9195251887821574,26.527798524278708,981.0443934876279,0.2339704183190337,40.0,3.7166709755601355
r23c22,16.75,79.25,1312,154,0,100.06514709792873,0.9554933960117975,27.695200443740134,1019.3030068727594,0.2290571550276566,40.0,3.1179338350396413
r23c23,16.75,79.75,314,91,0,84.73443658363033,0.9354324367688208,28.07778349150285,1122.4205723986952,0.18566816995015467,40.0,2.496929648073215
r23c24,16.75,80.25,5163,192,0,93.74220634952468,1.015933722780065,28.131499447209332,1205.0631265636287,0.32585468293558295,40.0,3.7129021250472225
r23c25,16.75,80.75,28971,253,0,101.15938408821872,1.0900025266868283,27.803547656665522,1312.965251277341,0.42205147631493795,10.0,4.461963486124938
r23c26,16.75,81.25,36942,216,0,83.23916289154202,1.0076229082331014,27.835799185801783,1341.9817246596222,0.35589176358888963,40.0,4.567520403975125
r23c27,16.75,81.75,6699,190,0,83.82636944666137,1.2555463421506583,27.67025240034772,1391.5034938776828,0.33448302706479754,40.0,3.8260099777911005
r23c28,16.75,82.25,22276,246,0,97.09996994956802,1.3367179710465644,27.690795890593794,1382.91008400522,0.2242674225381037,80.0,4.3478372092177215
r23c29,16.75,82.75,0,0,0,,,,,0.0,80.0,0.0
r23c50,16.75,93.25,0,0,0,,,,,,,0.0
r23c51,16.75,93.75,0,0,0,,,,,0.0,80.0,0.0
r23c52,16.75,94.25,286,90,0,86.59997697307068,2.4141045491758564,26.315996750836067,2947.4834413222725,0.2635229555547188,80.0,2.456366033129043
r23c53,16.75,94.75,531,124,0,97.08672441413036,1.4942679788251636,26.542008399736524,2485.010910002764,0.41645882524579364,40.0,2.725094521081469
r23c54,16.75,95.25,7811,205,0,98.66969812485245,1.1146848369992362,26.889474561211383,2262.3931022414035,0.1610137281355095,40.0,3.8927066378056656
r23c55,16.75,95.75,1158,179,0,101.6017128691275,0.9891340519577395,27.032842427045242,2330.4378029373574,0.2346622359363873,40.0,3.0637085593914173
r23c56,16.75,96.25,33022,354,0,83.57364729491819,1.0032907734626795,27.235631183754684,2361.2235334418797,0.1922592985001131,40.0,4.518803373065476
r23c57,16.75,96.75,295,106,0,100.56438615832228,0.9664274293290261,27.321758155610393,2585.068170653004,0.07253800407022576,40.0,2.469822015978163
r23c58,16.75,97.25,917,168,0,100.67613571160601,1.3199228927404314,26.95529971126249,3445.472446178529,0.16217499424740386,80.0,2.962369335670021
r23c59,16.75,97.75,1305,211,0,109.76622833215539,1.5040023032157293,26.894138594364666,3351.9123109786183,0.5577020935628508,10.0,3.1156105116742996
r23c60,16.75,98.25,219,63,0,,2.141612698065523,25.168560146348085,2598.73612006566,0.7979279481420511,10.0,2.3404441148401185
r23c61,16.75,98.75,48525,373,0,103.26148251593455,2.162717110518116,24.19087206425776,1466.2514754018591,0.7612645742124176,10.0,4.685965544060401
r23c62,16.75,99.25,184285,344,0,81.80229002823853,1.645554994973955,26.77661670658678,1282.3951104616647,0.6345272570366891,10.0,5.265489986969785
r23c63,16.75,99.75,9524,284,0,102.66915345070568,1.259367708467486,27.658214245543817,1456.8964553441715,0.2245019182125913,40.0,3.9788193867328423
r23c64,16.75,100.25,20173,278,0,94.10742839952519,1.2603519906754488,27.484290679150003,1452.8407361445704,0.20836142099849517,40.0,4.304770488523259
r23c65,16.75,100.75,6050,326,0,126.19324083058197,1.996179785576855,24.69474298157442,2072.8716309039255,0.8361260795981741,10.0,3.781755374652469
r23c66,16.75,101.25,12811,319,0,101.69190622880096,1.9488425680145283,24.436465016131976,1510.4290000070773,0.7605289665449667,10.0,4.1075830311913215
r23c67,16.75,101.75,49771,391,0,116.72412303835725,2.0495968816783208,24.54047778005067,1439.5394883524198,0.8310730025551688,10.0,4.696976366685734
r24c08,17.25,72.25,0,0,0,,,,,,,0.0
r24c09,17.25,72.75,23,17,0,,,,,0.0,80.0,1.3617278360175928
r24c10,17.25,73.25,36333,311,0,103.71666788677148,1.6460310090767307,26.30772272343565,3475.8298127264293,0.5052446634054593,80.0,4.560301258849639
r24c11,17.25,73.75,31924,289,0,104.34658205471564,1.4781897857238642,24.018590423526707,2668.3396030909585,0.8813867209813607,10.0,4.504117302136429
r24c12,17.25,74.25,11667,237,0,97.11907100347334,1.142648233090806,24.430344318671356,1177.194265555463,0.346036411693668,40.0,4.0669591978671225
r24c13,17.25,74.75,5047,205,0,100.96474617286782,0.8598662945267257,25.34286709671126,978.8111210794175,0.36940114064229707,40.0,3.703033304733686
r24c14,17.25,75.25,684,116,0,85.73710080010761,0.7021545476611767,26.647768583056173,886.583022437693,0.34301273463220266,40.0,2.835056101720116
r24c15,17.25,75.75,3547,169,0,82.58929082634451,0.7533097535858538,27.24836799508424,911.9780933459492,0.11655254125508623,40.0,3.549861188471943
r24c16,17.25,76.25,1913,152,0,89.2566832683805,0.8399377405371575,27.00832220219419,1013.8742589202886,0.015926834087351252,40.0,3.281714970027296
r24c17,17.25,76.75,8664,213,0,90.47178364595717,0.7856771639985433,26.6733846070565,1067.6373993246946,0.03148663835432696,40.0,3.937718443617264
r24c18,17.25,77.25,1528,162,0,98.88133253572599,0.8308389115066647,26.252379336886673,1101.8681879516425,0.0793150004812881,40.0,3.184123354239671
r24c19,17.25,77.75,96533,295,0,114.5092536487028,0.9325702302118094,25.439155115469852,1126.7406722515132,0.20146773313080044,40.0,4.984675803167216
r24c20,17.25,78.25,403808,345,0,99.56570790945041,0.8989991153466037,25.32086194339374,1040.7697233316394,0.18938238106043265,40.0,5.6061749186726
r24c21,17.25,78.75,62946,269,0,91.12878511367136,0.9570159947560494,26.16001331275666,1011.9174140910999,0.37576962522556445,40.0,4.798968137412551
r24c22,17.25,79.25,2760,173,0,97.2213730356803,0.9577081214188173,27.122798393028464,1094.9587631830566,0.07616846801001574,40.0,3.4409090820652177
r24c23,17.25,79.75,1599,137,0,87.26571054749427,0.9779464072389604,27.53597186187029,1219.2802416452532,0.08450099918273166,40.0,3.2038484637462346
r24c24,17.25,80.25,800,123,0,91.44551761794003,1.0673983847393458,27.70453144028699,1312.1439453188882,0.22499235753205607,40.0,2.9030899869919438
r24c25,17.25,80.75,721,166,0,116.63774406185715,1.1690314626987772,27.579610732213705,1432.313499527593,0.48601794951035143,40.0,2.857935264719429
r24c26,17.25,81.25,18661,256,0,111.32812562256841,1.3080505424045707,27.182320213354586,1589.710379788302,0.7359254776957145,10.0,4.270934912874858
r24c27,17.25,81.75,19227,321,0,117.36382520643402,1.3611485639664676,27.023565505497796,1588.5111447830661,0.67738648399844,10.0,4.283911526303729
r24c28,17.25,82.25,7743,252,0,101.64575410675613,1.4831469624516678,26.79696611706195,1405.2388492947907,0.5303143284783413,10.0,3.8889092592635315
r24c29,17.25,82.75,789,78,0,55.41388349768595,1.448523982319515,26.99544555680424,1231.3725282297478,0.21473781821749877,80.0,2.89707700320942
r24c30,17.25,83.25,136,41,0,,0.7125999468556246,,,0.0006674228062058034,80.0,2.1335389083702174
r24c31,17.25,83.75,0,0,0,,,,,0.0,80.0,0.0
r24c32,17.25,84.25,0,0,0,,,,,,,0.0
r24c33,17.25,84.75,0,0,0,,,,,,,0.0
r24c50,17.25,93.25,0,0,0,,,,,,,0.0
r24c51,17.25,93.75,0,0,0,,,,,,,0.0
r24c52,17.25,94.25,48,24,0,,2.297539745815551,26.593942907137887,2913.511946078165,0.04196663934051785,80.0,1.6812412373755872
r24c53,17.25,94.75,993,199,0,122.57590567935164,1.9832232010069297,26.26967921885957,2771.065973658511,0.691911603826367,10.0,2.996949248495381
r24c54,17.25,95.25,110,56,0,,1.1042271103698535,26.737856389959337,2116.528503922761,0.1422988908063417,40.0,2.041392685158225
r24c55,17.25,95.75,1443,178,0,103.98999047982421,1.039294668208654,27.023785202667604,2125.612952582882,0.1885378530386481,40.0,3.159266331093494
r24c56,17.25,96.25,9231,282,0,103.41614312014877,1.3216706474185873,26.921974490320817,2442.4754410282294,0.6530018917877176,10.0,3.965248750967121
r24c57,17.25,96.75,1089,171,0,94.37207313408662,1.0021258799199624,26.904780444382155,2646.527761515775,0.15297554776079178,40.0,3.037027879755775
r24c58,17.25,97.25,1595,251,0,125.1159907494177,1.9271312182683826,26.405807840680744,3198.19345572366,0.7093129383498383,10.0,3.2027606873931997
r24c59,17.25,97.75,0,0,0,,2.0581799565796772,25.804720337683406,3364.238760539971,0.8111132595120281,10.0,0.0
r24c60,17.25,98.25,3655,264,0,121.62626652654292,2.4183895351755735,23.496222292910556,2461.507795829305,0.9695438656932074,10.0,3.562887381293879
r24c61,17.25,98.75,3448,294,0,129.08391231416857,2.1982854796077356,24.38723321213794,1278.9778353243712,0.9462555643252769,10.0,3.5375672571526753
r24c62,17.25,99.25,190959,326,0,81.92393213243719,1.7530110079676788,26.510009156325445,1314.045410654965,0.7910706505494276,10.0,5.280940131723358
r24c63,17.25,99.75,25409,292,0,93.75510235517423,1.2538963379571622,27.825889262302812,1340.8975781386032,0.2411871110331927,40.0,4.404987573235026
r24c64,17.25,100.25,4270,194,0,91.70946062692617,1.4420514238717683,26.937140580648638,1495.9005119537835,0.37172189462970295,40.0,3.630427875025024
r24c65,17.25,100.75,3847,296,0,121.02847197185588,2.107411054735079,24.2428269153976,1698.9276046153607,0.8343961057907441,10.0,3.5851221863068155
r24c66,17.25,101.25,2304,175,0,85.38324236218567,2.0045199431692162,23.826051096125067,1325.7941524656608,0.8888731011309273,10.0,3.3624824747511743
r24c67,17.25,101.75,7684,313,0,125.63401872502345,1.7708196606546585,25.4582819716639,1297.2165483733247,0.6841280777046335,10.0,3.885587356189656
r25c08,17.75,72.25,0,0,0,,,,,,,0.0
r25c09,17.75,72.75,0,0,0,,,26.9570090967523,2371.3259056469037,0.0,80.0,0.0
r25c10,17.75,73.25,133513,305,0,89.05007580729509,1.6260078419507025,26.17272747648145,3211.588391227894,0.7371828524757116,10.0,5.125523554490048
r25c11,17.75,73.75,43385,320,0,108.48767187463534,1.3953240583940691,23.483802888242998,2513.519254815557,0.756011232612803,10.0,4.637339601787825
r25c12,17.75,74.25,18154,257,0,94.17390428366178,0.9679111008929032,24.463058205642483,1081.8432583038689,0.39602446096075533,40.0,4.258972331109386
r25c13,17.75,74.75,20754,223,0,94.01152027765599,0.7901126734509543,26.00555780102811,914.1140479035922,0.41971402415735476,40.0,4.317101812398005
r25c14,17.75,75.25,12344,223,0,101.86884896851306,0.9472068688915698,27.040831219574766,950.9676474877006,0.06628062961297441,40.0,4.091455913055092
r25c15,17.75,75.75,20326,244,0,101.38548674997254,0.8009229486727072,27.22712714855708,1050.5494056688767,0.07296511765887864,40.0,4.308051921242662
r25c16,17.75,76.25,3905,181,0,95.07147082655308,0.7834278370609006,26.25038326831473,1143.6221386024179,0.05312863419813082,40.0,3.591621038213319
r25c17,17.75,76.75,2184,175,0,95.32623867242015,0.812877537427366,25.880846923064365,1118.609143385772,0.03922067532020359,40.0,3.3392526340327
r25c18,17.75,77.25,59928,290,0,113.21721682667682,0.879954499739945,25.65963642947767,1153.2793743616135,0.1354122660702264,40.0,4.777629784062953
r25c19,17.75,77.75,17913,257,0,115.70791042668664,0.9167867961497778,25.850042145690132,1068.1604271131202,0.1680436342831396,40.0,4.253168325901442
r25c20,17.75,78.25,333720,327,0,120.23212234719944,0.9109981161564744,25.63189567073205,1022.478143721113,0.2838024926544698,40.0,5.523382234911784
r25c21,17.75,78.75,68120,249,0,93.55269301251558,0.9434881974641889,25.73106859678925,1060.9404043559143,0.3201111109704685,40.0,4.833274639290563
r25c22,17.75,79.25,2157,146,0,83.07903104203658,0.9507488126450382,26.58659136965376,1174.8922819509744,0.1163430362338237,40.0,3.333850145102545
r25c23,17.75,79.75,27581,273,0,122.09154801335082,0.9948883910663349,27.250315635938524,1278.3178402544202,0.14394422232587986,40.0,4.440610008272345
r25c24,17.75,80.25,7916,217,0,108.72950515963493,1.2263309900757855,27.27665144347461,1439.1926081217186,0.5104102687269175,40.0,3.8985057855343586
r25c25,17.75,80.75,2523,206,0,111.20772396952032,1.2182933638584512,27.965603813172475,1472.2008374205695,0.5885791607372346,10.0,3.4019172505175748
r25c26,17.75,81.25,2526,178,0,93.30680032909055,1.3299771668339437,27.693173247732613,1650.0646629754626,0.7824009402942265,10.0,3.402433346219312
r25c27,17.75,81.75,54518,290,0,111.84441378724475,1.655365724401362,25.25458803778711,2066.513418092417,0.9559283664684086,10.0,4.73653991530468
r25c28,17.75,82.25,3300,223,0,108.24608828737625,1.722447575080321,24.06126487370253,1731.7970341577225,0.9218077747300389,10.0,3.5185139398778875
r25c29,17.75,82.75,3873,183,0,84.33398009326964,1.6034732027164174,25.771405886135458,1397.748700414453,0.8030445383589371,10.0,3.588047496986083
r25c30,17.75,83.25,255572,312,0,64.53130873488573,1.3863197827659284,26.954216053749395,1232.655811173832,0.45868067389369294,10.0,5.407513271584969
r25c31,17.75,83.75,74,27,0,,1.2291490238339609,,,0.017103668268810185,80.0,1.8692317197309762
r25c32,17.75,84.25,0,0,0,,,,,0.0,80.0,0.0
r25c33,17.75,84.75,0,0,0,,,,,,,0.0
r25c50,17.75,93.25,0,0,0,,,,,,,0.0
r25c51,17.75,93.75,0,0,0,,,,,0.0,80.0,0.0
r25c52,17.75,94.25,26,26,0,,1.9614873590841795,25.80118279368918,3424.7443363329003,0.02487705552643589,80.0,1.414973347970818
r25c53,17.75,94.75,567,180,0,131.20609864263963,2.256896138136841,25.083407569877863,2902.844102096549,0.9167794010473765,10.0,2.7535830588929064
r25c54,17.75,95.25,221,85,0,,1.2005192880294007,26.608860302563745,1818.5758899381576,0.26302132283741675,40.0,2.3443922736851106
r25c55,17.75,95.75,589,151,0,106.45938261323784,1.1660811597083272,26.80566451575461,2037.7881320302622,0.2976469750551826,40.0,2.7701152947871015
r25c56,17.75,96.25,753,197,0,124.60248552103701,1.683904224913794,26.5839606530953,2355.20906378559,0.9476380841895606,10.0,2.8767949762007006
r25c57,17.75,96.75,3191,208,0,100.26079956616933,1.2760994254958913,26.434114050303425,2485.5055580752964,0.3144057158461956,40.0,3.5039268041935103
r25c58,17.75,97.25,0,0,0,,2.5779121355426464,25.064937038080675,2717.0264592251588,0.9820295932908287,10.0,0.0
r25c59,17.75,97.75,1075,135,0,85.29872820681888,2.6526277406808028,24.256516000728322,2418.370550914278,0.9780377546202829,10.0,3.031408464251624
r25c60,17.75,98.25,871,174,0,107.86635706528524,2.501962146076551,21.953323071513573,1886.212946395453,0.9913723946375492,10.0,2.9400181550076634
r25c61,17.75,98.75,27152,326,0,101.97587262879723,2.056819182497703,24.65817483973958,1262.8860526273293,0.9183129567717317,10.0,4.4338018249736
r25c62,17.75,99.25,4669,292,0,115.18513805278825,2.0251714438856765,25.509731317540947,1311.670684113128,0.8848046808867486,10.0,3.6692238739308056
r25c63,17.75,99.75,6580,264,0,113.42500252270798,2.0644228771130364,26.58109516515447,1500.1794798677104,0.8977948054545385,10.0,3.8182258936139557
r25c64,17.75,100.25,5838,299,0,109.8973546952672,1.90887726654146,26.3358831595428,1404.0491433173063,0.7390785613173708,10.0,3.7662640906519957
r25c65,17.75,100.75,11821,322,0,109.01020443493951,2.228245321267569,24.599387205217973,1481.7441144685183,0.9234849453368968,10.0,4.072654217333034
r25c66,17.75,101.25,947,177,0,110.66973757345416,1.9955643149548103,24.84758593067193,1275.2769848467317,0.9050425986236295,10.0,2.9763499790032735
r25c67,17.75,101.75,2423,158,0,80.50462072497614,1.8463224567191465,25.79775884750066,1305.1921477868507,0.8614085821013592,10.0,3.384353414137506
r26c08,18.25,72.25,60,15,0,,,,,,,1.7781512503836436
r26c09,18.25,72.75,19322,309,0,110.072332451985,1.4105373273137691,26.525637393681187,2731.043983717661,0.09259046471008085,80.0,4.286052077773516
r26c10,18.25,73.25,41917,332,0,110.23043329948489,1.4067276413487517,25.64459517595966,2818.381058403339,0.7892649048789045,10.0,4.622390192628622
r26c11,18.25,73.75,511972,367,0,90.65274095986207,1.2046428206292856,23.669139852423235,1770.1512609808833,0.7234558735336765,30.0,5.709246209846901
r26c12,18.25,74.25,125446,327,0,111.65528472647794,0.8848835327101876,25.200124510761096,945.72454710748,0.3839819587057918,40.0,5.098456817857697
r26c13,18.25,74.75,226270,335,0,115.85890558828227,0.9195594571295341,26.23203408679921,900.4330368765919,0.1791372900970994,40.0,5.354626976852949
r26c14,18.25,75.25,9303,226,0,105.02758227560332,0.8773186813533391,26.601023000883437,1000.156853790465,0.08414990406223576,40.0,3.968623020956989
r26c15,18.25,75.75,1525,171,0,95.96666487898129,0.8140349713121403,26.197520939985505,1129.7231481609758,0.08432289906366272,40.0,3.1832698436828046
r26c16,18.25,76.25,3167,177,0,93.72513369966373,0.8523593193356813,25.55636429440542,1122.542537613123,0.03227148848154354,40.0,3.500648063371912
r26c17,18.25,76.75,1997,171,0,96.40049710169635,0.8466786791568603,25.650750724116644,1084.8639422587732,0.014483740802278633,40.0,3.3003780648707024
r26c18,18.25,77.25,6968,204,0,92.85044956327044,0.8537810260349399,26.075368028959062,1061.46565881242,0.06635341504500196,40.0,3.8431081419996067
r26c19,18.25,77.75,1961,187,0,114.2152425213338,0.9246874910327365,26.64195343915724,1056.693330399096,0.2255506613505872,40.0,3.292477593667784
r26c20,18.25,78.25,30039,273,0,124.06529960498465,0.9595715981149231,26.072434044314807,1099.256967002639,0.35014419938092156,40.0,4.477685470885038
r26c21,18.25,78.75,1225,141,0,91.2720107332269,0.92689674256173,26.45692120978062,1091.5031655983687,0.24022586276080984,40.0,3.0881360887005513
r26c22,18.25,79.25,5200,189,0,94.84419434376994,0.9209424569155186,27.179002899041286,1214.372073482726,0.12602828857715984,40.0,3.716003343634799
r26c23,18.25,79.75,3499,182,0,98.65731414284093,1.000576210683344,27.489739825820426,1375.2849116286902,0.24115491156098345,40.0,3.5439439424829065
r26c24,18.25,80.25,2284,178,0,107.30193073150816,1.3022788348966596,27.95459638108012,1454.7324270226432,0.796846746207406,10.0,3.3586960995738107
r26c25,18.25,80.75,1556,133,0,93.53738579904524,1.2645334992849455,27.53636430802801,1639.144209536366,0.7667854229180372,10.0,3.1920095926536702
r26c26,18.25,81.25,7,7,0,,1.4182832334302486,27.022391290962624,1819.4020298009696,0.947427802832502,10.0,0.8450980400142568
r26c27,18.25,81.75,650,137,0,99.55686720135809,1.339863891891317,26.831777571871687,1656.5218858426879,0.6802131916275261,10.0,2.8129133566428557
r26c28,18.25,82.25,1115,152,0,101.0876555037099,1.488925088401566,24.171541266778384,1808.7002721160911,0.7660324945814403,10.0,3.0472748673841794
r26c29,18.25,82.75,2978,211,0,106.83227716028486,1.5245525239755664,22.42569239475231,1765.8057769957638,0.8076738185635373,30.0,3.473924693416157
r26c30,18.25,83.25,10640,210,0,85.34200081119494,1.3670068033206209,26.301850949029788,1494.517873011485,0.589133068267694,10.0,4.0269416279590295
r26c31,18.25,83.75,3090,149,0,78.3401809404225,1.1931787353836818,27.197123369173987,1362.9380870063026,0.33853482795604095,40.0,3.4899584794248346
r26c32,18.25,84.25,508,96,0,77.38668509406413,1.1816812337226132,27.062854206695988,1288.254631709082,0.05655064493335623,80.0,2.7058637122839193
r26c33,18.25,84.75,0,0,0,,,,,0.0,80.0,0.0
r26c34,18.25,85.25,0,0,0,,,,,,,0.0
r26c35,18.25,85.75,0,0,0,,,,,,,0.0
r26c50,18.25,93.25,0,0,0,,,,,0.0,80.0,0.0
r26c51,18.25,93.75,0,0,0,,1.08302,,,0.0,80.0,0.0
r26c52,18.25,94.25,450,118,0,94.99048830665178,2.1416260470730992,25.375751515869943,3427.054906361702,0.1792243161571326,80.0,2.6532125137753435
r26c53,18.25,94.75,1,1,0,,2.422022165571754,24.10164992729112,2658.857290539227,0.9976642205487197,10.0,0.0
r26c54,18.25,95.25,18,17,0,,1.2488627003607837,26.595446170928916,1615.841503511363,0.34859444766716013,40.0,1.255272505103306
r26c55,18.25,95.75,603,166,0,120.07262252460838,1.2494347219457391,26.43886160098617,1832.2694839794488,0.4474619461229634,40.0,2.780317312140151
r26c56,18.25,96.25,1604,193,0,111.66275248099909,1.6448707471084867,26.115832279699884,2280.5487858624083,0.8481487505909852,10.0,3.2052043639481447
r26c57,18.25,96.75,0,0,0,,1.6273408005527579,25.01737717517727,2826.8310617567504,0.42685161333605987,40.0,0.0
r26c58,18.25,97.25,1,1,0,,2.5931756896868277,23.12399271791982,2126.1178553811706,0.9912325285091566,10.0,0.0
r26c59,18.25,97.75,3673,206,0,82.90827065201374,2.3944951370164804,23.98917791986995,1394.033173054012,0.9758165655212876,10.0,3.5650209283452936
r26c60,18.25,98.25,1254,209,0,115.78943311171993,2.324564376869156,22.365389076517577,1568.2891341049526,0.9830062198918813,10.0,3.0982975364946976
r26c61,18.25,98.75,84817,485,0,108.19216467457885,2.034935860758122,25.019552271279327,1224.131434421352,0.9175739059407991,10.0,4.9284829072832395
r26c62,18.25,99.25,11219,339,0,112.15629492681292,1.9459809691327576,25.745678952750197,1354.8484539491517,0.7957954717348941,10.0,4.049954148022047
r26c63,18.25,99.75,3500,230,0,100.21616901493944,1.9025981491016515,25.928186680027775,1368.7244355434525,0.843733474937919,10.0,3.5440680443502757
r26c64,18.25,100.25,1726,188,0,93.88830394510481,1.986143689873272,25.664102765601776,1476.7944574757175,0.7861441569744421,10.0,3.237040791379191
r26c65,18.25,100.75,333,136,0,119.75618202646505,2.147667941600794,25.190342083382035,1267.2790675842525,0.9700313800248864,10.0,2.5224442335063197
r26c66,18.25,101.25,348,125,0,110.36559189069762,2.151226080443514,24.46675233166438,1595.2681199346328,0.8760023822995899,10.0,2.5415792439465807
r26c67,18.25,101.75,851,116,0,82.7455139095875,2.2625491531495365,25.10662571520131,1674.41889194381,0.8987620025058065,10.0,2.929929560084588
r27c08,18.75,72.25,0,0,0,,,,,0.0,80.0,0.0
r27c09,18.75,72.75,191549,405,0,113.10897553896747,1.100378695098153,26.601267372523935,2712.8352703442674,0.12402371305497503,80.0,5.282279889048851
r27c10,18.75,73.25,141182,389,0,123.59984698411512,1.196023044671248,25.42822057726733,2521.1767257979564,0.7011728169251203,10.0,5.149779329867439
r27c11,18.75,73.75,777253,364,0,80.83945330516953,1.0270645254026887,23.91107483873978,1415.792119712624,0.5071481646039894,40.0,5.890562406985325
r27c12,18.75,74.25,42467,282,0,100.81121998070151,0.9654231861912509,24.922344913404025,953.1540882088033,0.27687309505902646,40.0,4.628051582171172
r27c13,18.75,74.75,8849,211,0,104.03296133472413,0.8349114769830205,25.691992206505144,960.1943529042559,0.20944000222778927,40.0,3.9468941951023266
r27c14,18.75,75.25,2292,185,0,102.19153966939011,0.8063432260814932,25.634983574280056,1107.99709312096,0.12800168608982287,40.0,3.3602146132953523
r27c15,18.75,75.75,776,137,0,98.15920231244529,0.8530121241168797,25.49829064288354,1157.7257687496729,0.18645675241544335,40.0,2.8898617212581885
r27c16,18.75,76.25,17146,223,0,105.35221913939473,0.889468219442505,25.832588067397158,1121.5149463402663,0.16914898464724426,40.0,4.234162819390716
r27c17,18.75,76.75,993,156,0,103.16423242920102,0.8821633567556832,26.308274643821168,1097.5599923155219,0.10344654073719667,40.0,2.996949248495381
r27c18,18.75,77.25,124,72,0,,0.883008540788097,26.7222197550899,1079.1285642682712,0.1368368688933581,40.0,2.093421685162235
r27c19,18.75,77.75,3360,187,0,116.00796765567895,0.9133024099323581,27.0378036486698,1068.3671242905696,0.07453472755787573,40.0,3.526339277389844
r27c20,18.75,78.25,4584,241,0,120.80529539846422,0.9097284987935721,26.870235704757427,1077.8822725073774,0.2580673132120734,40.0,3.6612446089593336
r27c21,18.75,78.75,239,72,0,,0.9790889532168253,26.894734470851578,1123.9229329086031,0.3433851758371016,40.0,2.3783979009481375
r27c22,18.75,79.25,2896,181,0,86.17622987538455,0.9379251038868891,27.474738395327172,1258.96852430511,0.26960846209226585,40.0,3.461798557525109
r27c23,18.75,79.75,2286,174,0,101.77630264348122,0.989563813292275,27.785986266968074,1420.688053413749,0.4903108349343527,40.0,3.359076226059263
r27c24,18.75,80.25,1898,181,0,83.5652896946036,1.25771935624254,27.565670452418935,1649.6552306067144,0.8201588945103999,10.0,3.2782962080912736
r27c25,18.75,80.75,2259,226,0,122.94226036420122,1.396146608199976,26.516869284331737,1828.4479004545326,0.8871565163595279,10.0,3.353916230920363
r27c26,18.75,81.25,5377,195,0,96.3908596534278,1.4636541625759643,25.582744048413716,1816.000993389586,0.9022081020601195,10.0,3.730540036477119
r27c27,18.75,81.75,34767,268,0,92.36163687063897,1.3625155661492265,25.28336006637917,1842.6518779061162,0.73127264971438,10.0,4.541167217584145
r27c28,18.75,82.25,26446,277,0,99.41556641250305,1.4160365752375923,24.738072954346045,1785.2163793888114,0.6969467593435008,10.0,4.422359993600072
r27c29,18.75,82.75,13144,219,0,93.79172940726708,1.309058808029713,22.7314612955004,1707.1828627079483,0.6841311618801789,30.0,4.118727550427005
r27c30,18.75,83.25,3484,195,0,103.20484628744495,1.4143616691716192,25.3599599675479,1629.885873282806,0.6910560950101069,10.0,3.5420781463356255
r27c31,18.75,83.75,439,104,0,87.6367804739524,1.2837935460589254,26.189145459828808,1582.112690157083,0.5707181675286528,10.0,2.6424645202421213
r27c32,18.75,84.25,7115,216,0,100.35824502040428,1.464774343945165,25.87569632164508,1633.692072106694,0.5142689510321761,40.0,3.8521749044203033
r27c33,18.75,84.75,773,97,0,74.57847541814412,1.3626246154227404,26.749896413455104,1447.4483661612103,0.08570454939667592,80.0,2.888179493918325
r27c34,18.75,85.25,0,0,0,,,,,0.0,80.0,0.0
r27c35,18.75,85.75,0,0,0,,,,,,,0.0
r27c50,18.75,93.25,0,0,0,,1.0048067424242424,26.89219712358476,3369.4297746082375,0.00047390252847131993,80.0,0.0
r27c51,18.75,93.75,0,0,0,,1.7794211453460722,26.70984778341276,3391.084409663148,0.16669034830361001,80.0,0.0
r27c52,18.75,94.25,108,76,0,,2.196573260306938,25.06403336790404,3209.6685347596817,0.5958954242657588,10.0,2.03342375548695
r27c53,18.75,94.75,11,6,0,,2.1418644542442076,24.57217384229705,2293.99134959464,0.9796989509452756,10.0,1.0413926851582251
r27c54,18.75,95.25,351,114,0,102.68420473722001,1.1728103295861958,26.578937767817887,1506.202819616327,0.34284470152118673,40.0,2.545307116465824
r27c55,18.75,95.75,195,89,0,,1.3491604500146495,26.015962294826853,1771.4411122603974,0.7387708692447681,10.0,2.290034611362518
r27c56,18.75,96.25,266,74,0,72.93589055944491,1.6223591898570824,26.174701280256286,1998.1096388507356,0.6998788639795652,10.0,2.424881636631067
r27c57,18.75,96.75,0,0,0,,2.2393726909809875,23.42915550401981,2770.8257076685563,0.834174661179898,10.0,0.0
r27c58,18.75,97.25,0,0,0,,2.1475163649914135,23.411487911588434,1761.2365681098015,0.9606370054427676,10.0,0.0
r27c59,18.75,97.75,1880,179,0,95.76992387868634,2.404875623536143,23.40502017658333,1431.1400916393127,0.9907610080108603,10.0,3.27415784926368
r27c60,18.75,98.25,140518,485,0,114.81552058374282,2.664165722813225,21.57671063626252,1780.5647228945934,0.987590404224845,10.0,5.147731959828036
r27c61,18.75,98.75,267914,603,0,138.16354339780307,2.37396899562608,23.852859133410103,1522.455445144363,0.8845328741732925,10.0,5.427995408508857
r27c62,18.75,99.25,66960,465,0,107.06103795598065,2.177916752969601,24.642259251978448,1400.6579121095524,0.8156223645882978,10.0,4.825815444985204
r27c63,18.75,99.75,704,159,0,104.141472981451,2.2165747397027316,25.17745705875404,1426.4071402847997,0.9213922794457364,10.0,2.847572659142112
r27c64,18.75,100.25,2178,155,0,88.30833017953316,2.2101122671410396,25.304104900823422,1384.9697779156643,0.9278285166160685,10.0,3.3380578754197563
r27c65,18.75,100.75,7186,249,0,97.57646776145877,2.1185792955743965,25.36500046996842,1424.2054291086097,0.9220216930942345,10.0,3.8564872128686307
r27c66,18.75,101.25,60,52,0,,2.6134847606329923,23.081146092118146,2006.6388609660835,0.98406498055115,10.0,1.7781512503836436
r27c67,18.75,101.75,67,49,0,,2.5040333817071496,24.170432851166247,1908.7182501576922,0.9491559107764812,10.0,1.8260748027008264
r28c08,19.25,72.25,96,54,0,,,,,0.0,80.0,1.9822712330395684
r28c09,19.25,72.75,1128685,438,0,103.12897790411496,1.1345502855190484,26.787225726650366,2030.123084101668,0.20909365442239217,80.0,6.052572753395402
r28c10,19.25,73.25,496420,396,0,111.59136813431287,1.1199449647268518,26.502714851413813,2153.024892584864,0.5659738791753647,10.0,5.695849270237379
r28c11,19.25,73.75,25056,335,0,122.47977020536096,1.1636687007267508,23.89677676255432,1808.8416933561189,0.637715256012163,10.0,4.39891174037785
r28c12,19.25,74.25,2286,191,0,94.79441083388213,0.8852229561614134,24.415106358250984,918.722183610018,0.5174670796237835,40.0,3.359076226059263
r28c13,19.25,74.75,105382,255,0,85.35571784984946,0.8657251477754935,25.413078820940232,947.2460431317282,0.2582504344832213,40.0,5.022766436604595
r28c14,19.25,75.25,5281,215,0,104.7701787511352,0.901008374780511,25.910840048885934,978.2534444091751,0.15975985878364796,40.0,3.7227161674884948
r28c15,19.25,75.75,460,124,0,98.39242491175041,0.923849957093346,26.29825873102552,1036.3590944264008,0.03224471248232641,40.0,2.662757831681574
r28c16,19.25,76.25,1662,122,0,76.92366452008359,0.9782492491873169,26.533676234302582,1089.8462830680244,0.023073791690117557,40.0,3.220631019448092
r28c17,19.25,76.75,2228,169,0,90.58364898670013,0.9718420497758848,26.807712332915823,1118.3509815814105,0.0201866410621729,40.0,3.3479151865016914
r28c18,19.25,77.25,4509,194,0,97.71782319208864,0.9170181100241795,26.81663562171884,1145.769401715113,0.10112547641138678,40.0,3.6540802353065707
r28c19,19.25,77.75,669,180,0,122.47447340894752,0.9395356917466833,26.672946870367184,1193.1410870954214,0.18001293636498375,40.0,2.8254261177678233
r28c20,19.25,78.25,1170,163,0,100.60482631158355,0.9563715677982535,26.49193690493501,1221.584726978436,0.3328759454590287,40.0,3.0681858617461617
r28c21,19.25,78.75,11431,261,0,124.20849587287653,1.1010611961229495,26.72549550013341,1308.1206903332852,0.5591492375358545,10.0,4.058084224750925
r28c22,19.25,79.25,6008,229,0,119.86680377281485,1.114383961907793,27.03789188246144,1398.3244326068695,0.5745392208923211,10.0,3.778729923996112
r28c23,19.25,79.75,6683,260,0,128.00246715594076,1.0469755122155064,27.730187024480156,1482.879919787069,0.4579354133926451,40.0,3.824971461123693
r28c24,19.25,80.25,441,161,0,131.13681815194997,1.2919154216429718,27.24937699835466,1748.8218547911538,0.8846530661843164,10.0,2.6444385894678386
r28c25,19.25,80.75,248,95,0,,1.4434710173423912,25.800100514803116,2009.1797201971267,0.9474991637877871,10.0,2.3944516808262164
r28c26,19.25,81.25,757,121,0,89.62286317271762,1.5233628534181536,24.988658267196737,1666.3418056522426,0.9168052275700649,10.0,2.8790958795000727
r28c27,19.25,81.75,6287,235,0,106.46569786547448,1.2139051435051853,24.75084210537121,1567.3227772957289,0.5478452471516609,40.0,3.7984434603501875
r28c28,19.25,82.25,33645,312,0,120.56450449549392,1.1839180896135106,24.591673998761483,1628.5952154811334,0.36782333386602284,40.0,4.526920532638649
r28c29,19.25,82.75,357,94,0,85.57755235496516,1.2714342205112594,24.040101318393393,1684.6424632381274,0.5869417238691591,40.0,2.552668216112193
r28c30,19.25,83.25,803,118,0,81.66188176223024,1.4695610940720045,24.28197017334252,1802.160591523088,0.8046484854986403,10.0,2.904715545278681
r28c31,19.25,83.75,374,122,0,108.47010393147951,1.427327657309022,25.35723485077363,1488.0070639550547,0.7943283710562238,10.0,2.5728716022004803
r28c32,19.25,84.25,495,150,0,114.04709686812512,1.581774115948802,24.504113407524127,1702.6721343934807,0.8100424243996925,10.0,2.694605198933569
r28c33,19.25,84.75,5502,193,0,87.68565421753954,1.269621189515987,26.516346982131733,1479.3124072819842,0.31158507178923267,40.0,3.7405205860536648
r28c34,19.25,85.25,4080,175,0,90.27596793973522,1.2713830184006272,26.85763490125771,1531.1824739237857,0.05723379062442883,80.0,3.61066016308988
r28c35,19.25,85.75,0,0,0,,,,,0.0,80.0,0.0
r28c36,19.25,86.25,0,0,0,,,,,,,0.0
r28c37,19.25,86.75,0,0,0,,,,,,,0.0
r28c48,19.25,92.25,0,0,0,,,,,,,0.0
r28c49,19.25,92.75,0,0,0,,,,,,,0.0
r28c50,19.25,93.25,0,0,0,,1.6554469078527339,,,0.008750437327189655,80.0,0.0
r28c51,19.25,93.75,0,0,0,,1.574751355346183,26.26844760033618,2867.6471861506,0.505662864840937,80.0,0.0
r28c52,19.25,94.25,0,0,0,,2.1796165628389352,24.32649135605876,2661.4344785356593,0.8411760070858891,10.0,0.0
r28c53,19.25,94.75,684,156,0,127.01696281423943,1.785165982030842,25.684107973789835,1626.2218441850061,0.9167547181513908,10.0,2.835056101720116
r28c54,19.25,95.25,75,51,0,,1.1969981616072283,26.721810351552918,1319.9755207098226,0.529287433785038,40.0,1.8750612633917
r28c55,19.25,95.75,238,114,0,,1.569643154452771,25.970078443877117,1446.4447507698392,0.9295079866138183,10.0,2.376576957056512
r28c56,19.25,96.25,218,151,0,,1.6212833755895737,25.593700215412888,1651.7697078023702,0.6937944351461676,10.0,2.3384564936046046
r28c57,19.25,96.75,63,34,0,,2.7358372266904816,22.07752075204456,1929.7068231651826,0.9968098939173433,10.0,1.7993405494535817
r28c58,19.25,97.25,3,3,0,,2.035086839804579,23.12213884898865,1480.7245286021976,0.9308259912347344,10.0,0.47712125471966244
r28c59,19.25,97.75,2211,232,0,106.69429649105933,2.372139730677978,24.177701707494492,1274.296496473714,0.9873775547176739,10.0,3.344588742578714
r28c60,19.25,98.25,4997,317,0,118.21321513343145,2.4656414856920197,22.314913786270054,1296.9869382387512,0.9845166447572037,10.0,3.698709349442587
r28c61,19.25,98.75,135334,563,0,136.9901365416946,2.6943338215847574,22.772075445844294,1401.3432730874824,0.9626819478147272,10.0,5.131406918233947
r28c62,19.25,99.25,9157,350,0,123.47464024182909,2.4439364836135744,23.661288536752956,1377.8665239735208,0.9493782283566596,10.0,3.9617532141867824
r28c63,19.25,99.75,6928,300,0,106.18523199605451,2.0223655253808763,25.055730207184524,1232.21117453145,0.6931921135032735,10.0,3.84060787900929
r28c64,19.25,100.25,6646,236,0,98.42570066330205,2.0370870777807,25.043861539654912,1385.4326509124155,0.734076529875966,10.0,3.822560336942692
r28c65,19.25,100.75,4754,318,0,113.738462791822,2.462382748844849,23.88150944961096,1648.22721852195,0.9407186644405658,10.0,3.6770591773921613
r28c66,19.25,101.25,10270,337,0,116.1219528293913,2.6676615214491513,21.904258875064098,2011.0509551122138,0.9920970430207056,10.0,4.011570443597278
r28c67,19.25,101.75,1143,110,0,66.99544049226381,2.4772763845327663,23.059042328734023,1760.5686614573228,0.9210800218862625,10.0,3.0580462303952816
r29c08,19.75,72.25,5,5,0,,,,,0.0,80.0,0.6989700043360189
r29c09,19.75,72.75,29272,342,0,122.68395572030013,1.2410724109470297,26.641842449479995,1997.9166829891954,0.38684018895755895,80.0,4.466452396478551
r29c10,19.75,73.25,51513,308,0,108.59907490079114,1.0896669583002816,25.821261194641526,2188.6131020996513,0.6669191037712714,10.0,4.711916842940305
r29c11,19.75,73.75,49343,286,0,87.46648824285428,1.0264457386913606,23.79861624377251,1396.2358092158229,0.49514025279164153,40.0,4.693225550582132
r29c12,19.75,74.25,2895,163,0,80.04976814284932,0.9226741556591926,25.060049086779276,891.0164057709534,0.2169967769622429,40.0,3.4616485680634552
r29c13,19.75,74.75,1017,159,0,98.32516171228764,0.9634791987903394,25.592213641895647,958.4752301326556,0.04963814973603086,40.0,3.0073209529227447
r29c14,19.75,75.25,25841,267,0,102.00844571266464,0.9238024433067523,25.500309409866322,1000.770023342324,0.15051064166468844,40.0,4.412309316059834
r29c15,19.75,75.75,2570,179,0,92.3066359259428,0.9144161350669396,25.796020930217992,1015.098489512503,0.13895491106383318,40.0,3.4099331233312946
r29c16,19.75,76.25,865,122,0,83.13254143127617,0.9429896556003989,26.09586337185467,1088.7988552917714,0.09415215338381666,40.0,2.9370161074648142
r29c17,19.75,76.75,7117,213,0,106.66736445387099,0.9020321426165783,26.212729540333626,1129.9712283778358,0.1709127714192843,40.0,3.8522969658269255
r29c18,19.75,77.25,2215,178,0,105.70801830633837,0.911135973330738,26.41221156744702,1195.2991218210757,0.1928716529798913,40.0,3.3453737305590883
r29c19,19.75,77.75,1989,174,0,100.33912131991106,0.9542855826129965,26.852702451730753,1202.2927846371672,0.2950063673626469,40.0,3.2986347831244354
r29c20,19.75,78.25,9416,229,0,96.16675074554908,0.9923773183329287,27.06571213029643,1235.2777287332635,0.4157997992878556,40.0,3.9738664498353784
r29c21,19.75,78.75,7476,218,0,93.24057374957657,0.9739486828107133,27.300645147554558,1283.6252808357142,0.32339018388133217,40.0,3.8736692927067944
r29c22,19.75,79.25,15705,261,0,105.40220602858332,1.025046219011868,27.522214614054423,1343.8811780896156,0.4357672487483969,40.0,4.196037940734524
r29c23,19.75,79.75,1246,180,0,110.49874978909662,1.0593582777434278,27.669424151156104,1504.217754099753,0.4441712160772207,40.0,3.095518042323151
r29c24,19.75,80.25,356,57,0,56.759105643241696,1.3097476491686193,26.96679871454329,1803.156137274165,0.8264557672278826,10.0,2.5514499979728753
r29c25,19.75,80.75,1,1,0,,1.4742028219533316,25.667088200518965,1810.6030055280153,0.9107296457883288,10.0,0.0
r29c26,19.75,81.25,1846,181,0,101.44004826496979,1.4579488844408448,24.809843601522847,1577.464099643946,0.8186426301730553,10.0,3.266231696689893
r29c27,19.75,81.75,2319,199,0,103.79230579565659,1.3109159033015445,24.65349360577103,1504.702661462453,0.569191765592369,10.0,3.3653007486379876
r29c28,19.75,82.25,384,104,0,90.42537350073897,1.200236920889899,25.047944048722353,1534.7878875678045,0.36257774466804304,40.0,2.584331224367531
r29c29,19.75,82.75,11306,229,0,91.007025716221,1.2064854470585649,26.115380077089558,1512.3799060746528,0.3356942796107281,40.0,4.0533089811241
r29c30,19.75,83.25,12019,249,0,105.36863737338487,1.4817207016551386,25.223990114090313,1668.0073030871781,0.7632967747979029,10.0,4.079868335175173
r29c31,19.75,83.75,152,57,0,,1.572452280401397,24.323741845088097,1723.759759468015,0.886892036745934,10.0,2.1818435879447726
r29c32,19.75,84.25,1113,160,0,101.68226539117964,1.5688556334915837,24.43319815387397,1722.9928185172848,0.8507726877126346,10.0,3.0464951643347082
r29c33,19.75,84.75,1065,142,0,90.0011566925356,1.299261299020037,26.24384374160882,1667.8313567553164,0.5169651342479099,10.0,3.0273496077747564
r29c34,19.75,85.25,103569,346,0,100.77756773123598,1.3280993901560627,26.630636096402736,1757.8369684196593,0.3912444938277392,10.0,5.0152297829805255
r29c35,19.75,85.75,5377,204,0,87.33806641003045,1.2011143721892725,26.927767704802534,1747.8932895562768,0.1554618979853746,80.0,3.730540036477119
r29c36,19.75,86.25,2097,171,0,90.31590168158677,1.1921840442746703,26.8301185551517,1834.9327222576464,0.07518954217824556,80.0,3.3215984304653436
r29c37,19.75,86.75,0,0,0,,,,,0.0,80.0,0.0
r29c48,19.75,92.25,0,0,0,,,,,,,0.0
r29c49,19.75,92.75,0,0,0,,1.8361449837983796,,,0.013710440372606755,80.0,0.0
r29c50,19.75,93.25,0,0,0,,1.8925491636397196,26.246291535471688,3236.064100016058,0.0974788548441616,80.0,0.0
r29c51,19.75,93.75,0,0,0,,1.7000186948641685,25.386141786405446,2866.4432273105226,0.549228404390092,10.0,0.0
r29c52,19.75,94.25,500,139,0,108.10877065652699,2.3204509530230895,23.462653090199368,2265.7016508592337,0.9931550808231497,10.0,2.6989700043360187
r29c53,19.75,94.75,643,213,0,140.3047665695398,1.453233952920916,25.922677049795556,1251.064702099117,0.7515484057378444,10.0,2.808210972924222
r29c54,19.75,95.25,35,27,0,,1.0101616454244344,26.62630044210601,1094.8537414895782,0.526919368013492,40.0,1.5440680443502757
r29c55,19.75,95.75,13,11,0,,1.3995538541614487,26.088079888985064,1279.0023416195659,0.6584309966196684,10.0,1.1139433523068367
r29c56,19.75,96.25,5046,245,0,89.08166984754425,1.6642585716480647,24.644934217424662,1450.1540419851094,0.6593869229814973,10.0,3.702947246181556
r29c57,19.75,96.75,75,47,0,,2.4784957676721295,21.401388177171594,1832.034131554201,0.9226605465681729,10.0,1.8750612633917
r29c58,19.75,97.25,256,126,0,124.79939706960303,1.7522429044860652,22.547986619615525,1304.6142830363906,0.6100335121343404,40.0,2.4082399653118496
r29c59,19.75,97.75,331,99,0,88.31861383386232,2.139275689544437,23.447844186440378,1343.5897908894683,0.9869019637876704,10.0,2.519827993775719
r29c60,19.75,98.25,1054,194,0,111.0881025992192,2.5544265256780436,22.247016260432332,1250.6527617404504,0.9952132304096115,10.0,3.022840610876528
r29c61,19.75,98.75,4794,306,0,127.58633161287328,2.4706182912380497,22.38973454642879,1295.8294676193063,0.9469486677905944,10.0,3.680698029697635
r29c62,19.75,99.25,135576,513,0,124.71400091149381,2.227425268627743,23.41067160303599,1344.8822901376552,0.9023628556048161,10.0,5.1321828164479335
r29c63,19.75,99.75,19258,373,0,100.20071286356898,1.8977360269148569,24.8653615141912,1466.518115309079,0.6730614586771628,10.0,4.284611182369772
r29c64,19.75,100.25,6679,317,0,113.38743776704302,1.9947935828961159,25.03086921779533,1550.2791330769012,0.6970834326326488,10.0,3.8247114434647345
r29c65,19.75,100.75,329,137,0,123.3215355468838,2.597862274432389,23.42060570719749,1596.111847072629,0.9637465295172607,10.0,2.5171958979499744
r29c66,19.75,101.25,824,153,0,97.65386861110618,2.5891777931155966,22.73582272537731,1420.1594645924656,0.974921064615776,10.0,2.9159272116971158
r29c67,19.75,101.75,1944,208,0,101.01474318597985,2.6444516119187687,23.09213161945591,1385.333758874874,0.971805047867711,10.0,3.288696260590256
r30c02,20.25,69.25,0,0,0,,,,,,,0.0
r30c03,20.25,69.75,0,0,0,,,,,,,0.0
r30c04,20.25,70.25,0,0,0,,,,,0.0,80.0,0.0
r30c05,20.25,70.75,0,0,0,,,,,0.0,80.0,0.0
r30c06,20.25,71.25,0,0,0,,,,,0.0,80.0,0.0
r30c07,20.25,71.75,0,0,0,,,,,,,0.0
r30c08,20.25,72.25,81,3,0,,,,,0.0,80.0,1.9084850188786497
r30c09,20.25,72.75,11674,264,0,96.91921367652049,1.1660996731956914,26.602162366338785,1828.9413235283453,0.29434638065147006,80.0,4.067219688974141
r30c10,20.25,73.25,17283,267,0,104.58080634393926,1.0785774604357525,25.795218592703375,1777.4067246414045,0.7179912679508739,10.0,4.237619129946189
r30c11,20.25,73.75,42566,277,0,97.3004731193609,1.033145794691077,23.935666161705345,1345.7951317855632,0.33654553770528606,40.0,4.6290628406975065
r30c12,20.25,74.25,39074,272,0,113.0729862662208,0.8774166368557524,24.725961410812452,947.2666902954645,0.2199084549429838,40.0,4.591887872166869
r30c13,20.25,74.75,2551,199,0,103.79303734164488,0.7920932975910726,25.749064480850787,978.7670866273484,0.3223575702418042,40.0,3.40671045860979
r30c14,20.25,75.25,4234,214,0,98.77689100243265,0.9459435891616739,25.1601495457,1129.1225429573076,0.25806486321243927,40.0,3.6267508536833932
r30c15,20.25,75.75,11424,206,0,89.74828001011723,0.9344313249594931,25.40839551504976,1114.5207888177797,0.0778432085486361,40.0,4.057818194432099
r30c16,20.25,76.25,3703,181,0,92.38182270281122,0.9104197801167433,25.703234242198494,1173.93213874219,0.0929811020786479,40.0,3.5685537120494426
r30c17,20.25,76.75,2899,192,0,103.45797713204671,0.9074148796221222,26.21829400292637,1143.505448200807,0.2064614826655451,40.0,3.4622482153549976
r30c18,20.25,77.25,8582,229,0,108.59598138885933,0.8902413344404249,26.39203731928097,1210.8103433123224,0.1760731676752898,40.0,3.9335885101966532
r30c19,20.25,77.75,11145,234,0,95.64021385547046,0.9156665952654598,26.891888940778582,1219.2193535642123,0.21098742944807858,40.0,4.047080072816256
r30c20,20.25,78.25,22998,292,0,113.51865093963582,0.9309426064681786,27.167214221115778,1334.0226295868085,0.3295366764209689,40.0,4.361690069637996
r30c21,20.25,78.75,5300,225,0,108.8062644292601,0.927959063808809,27.580161542019308,1398.6401255636345,0.14371711122777492,40.0,3.724275869600789
r30c22,20.25,79.25,195772,319,0,109.85278484827316,1.0550980121553044,27.429592332304008,1472.8974746322378,0.48115063008449915,40.0,5.2917505775843185
r30c23,20.25,79.75,17407,265,0,114.97400102597747,1.0812512235508414,27.347026152588903,1561.054581897846,0.509492327940777,40.0,4.240723929318846
r30c24,20.25,80.25,720,142,0,102.1091553851179,1.2793181915489802,26.82451771542502,1677.9944919513985,0.7336837458486084,10.0,2.8573324964312685
r30c25,20.25,80.75,688,152,0,115.39043244530644,1.3050919100010856,26.169692734356772,1502.4067304298062,0.7353576677075667,10.0,2.837588438235511
r30c26,20.25,81.25,2633,188,0,93.30077586786346,1.2668599524746993,25.54974394792654,1491.5805669075548,0.6370235038670948,10.0,3.4204508591060683
r30c27,20.25,81.75,3414,206,0,97.11144890795778,1.3013502217535085,25.341552638348844,1466.110492405475,0.6034850983344426,10.0,3.5332635167787148
r30c28,20.25,82.25,1789,185,0,107.53333910505532,1.447115603628501,25.457191006062455,1624.1530615142242,0.8833369250111467,10.0,3.252610340567373
r30c29,20.25,82.75,671,146,0,108.0022408146314,1.13616781711159,26.382630246286492,1531.9109010247041,0.46012639981417525,40.0,2.826722520168992
r30c30,20.25,83.25,1589,184,0,102.04957519243496,1.1045344026429191,26.668373740941945,1537.812551166992,0.3923055867168137,40.0,3.2011238972073794
r30c31,20.25,83.75,1374,169,0,99.54173596745183,1.4916776248342196,25.32493721363456,1749.3554145952387,0.8473674150483531,10.0,3.137986732723532
r30c32,20.25,84.25,414,106,0,91.1568570164646,1.4666338661094733,24.269610273131057,1898.5327844745757,0.8469316035295238,10.0,2.617000341120899
r30c33,20.25,84.75,1841,209,0,113.79815923667121,1.4837637693107508,26.02978209555403,1612.5097077854396,0.7983214364939152,10.0,3.2650537885040145
r30c34,20.25,85.25,2239,192,0,100.7010994914428,1.2087441966535042,26.42266764277355,1650.7724807645386,0.503484876821273,40.0,3.3500540935790304
r30c35,20.25,85.75,266161,305,0,84.0378787992211,1.1417190139168747,26.66707167284034,1684.5356606328248,0.3824151509896577,40.0,5.425144419562247
r30c36,20.25,86.25,11645,165,0,59.59484666210532,1.096100347817777,26.662195000901875,1662.7281870530937,0.24349244144684612,40.0,4.0661394928706995
r30c37,20.25,86.75,1157,140,0,90.12025596993026,1.1379172189063242,26.676114788720902,1576.1335637408056,0.08212127140950755,80.0,3.0633333589517497
r30c38,20.25,87.25,3,1,0,,,,,0.0,80.0,0.47712125471966244
r30c39,20.25,87.75,0,0,0,,,,,,,0.0
r30c46,20.25,91.25,0,0,0,,,,,,,0.0
r30c47,20.25,91.75,0,0,0,,,,,,,0.0
r30c48,20.25,92.25,0,0,0,,,,,0.0,80.0,0.0
r30c49,20.25,92.75,466,111,0,93.7434779519189,1.3115002542001961,25.972308665529965,2949.5008159871813,0.1626020044158612,80.0,2.66838591669
r30c50,20.25,93.25,62,57,0,,1.291941012974093,25.675290293781913,2676.9073835813465,0.3425412179154707,40.0,1.792391689498254
r30c51,20.25,93.75,0,0,0,,2.3570652535751204,23.598030392844585,2970.258877034888,0.9914401140263267,10.0,0.0
r30c52,20.25,94.25,226,160,0,,1.946179000814514,24.32307515385934,1614.977609689469,0.9470257585006472,10.0,2.3541084391474008
r30c53,20.25,94.75,1188,197,0,113.46094473688129,1.0349552192556926,26.724083015720627,925.3202447228801,0.44816498548772715,40.0,3.074816440645175
r30c54,20.25,95.25,28,24,0,,0.8545253877051996,26.46468332986403,955.2551566985535,0.41747748557424785,40.0,1.4471580313422192
r30c55,20.25,95.75,12,11,0,,1.1774633488084314,25.772079282582418,1117.2782729874868,0.5926122833250262,40.0,1.0791812460476249
r30c56,20.25,96.25,2,2,0,,1.6887560264958463,23.967759419023118,1343.2188923869878,0.6285850719743761,10.0,0.3010299956639812
r30c57,20.25,96.75,916,160,0,95.56501773710654,2.0764965696397466,20.733194585353004,1407.0737846331497,0.7426222665670492,30.0,2.9618954736678504
r30c58,20.25,97.25,26,16,0,,1.7872553419585153,21.075402620981695,1200.9011338562586,0.5903012462448238,40.0,1.414973347970818
r30c59,20.25,97.75,0,0,0,,1.9901110536094329,22.908658970270785,1042.25494891162,0.8821043997564626,10.0,0.0
r30c60,20.25,98.25,10,10,0,,2.2719650763881774,23.33773060375795,1024.1006901062233,0.9511758641052109,10.0,1.0
r30c61,20.25,98.75,2,2,0,,2.5455906169198936,22.947124038907415,1269.9079043207446,0.9789814593293864,10.0,0.3010299956639812
r30c62,20.25,99.25,221094,556,0,142.56757539644872,2.691476395639083,22.184156230435487,1326.1551617277835,0.9586425419838654,10.0,5.344576956951177
r30c63,20.25,99.75,11180,389,0,121.21874175041485,2.199488920190219,23.6857605961388,1759.5659995856468,0.8067357724464835,10.0,4.048441803550404
r30c64,20.25,100.25,104703,458,0,107.92103845597684,2.0976184431292344,24.83468536063149,1477.7228754821006,0.7402735498342793,10.0,5.019959125468528
r30c65,20.25,100.75,5020,265,0,93.50868324809245,2.7294860672135868,23.44156020209238,1512.1392612276354,0.941643323405328,10.0,3.7007037171450192
r30c66,20.25,101.25,2,2,0,,2.7287960754214207,22.659182055452238,1368.714887930739,0.95396040105263,10.0,0.3010299956639812
r30c67,20.25,101.75,15,11,0,,2.6862072540718347,22.146973121283978,1613.582530525759,0.9692718893484215,10.0,1.1760912590556813
r31c02,20.75,69.25,0,0,0,,,,,,,0.0
r31c03,20.75,69.75,0,0,0,,,,,0.0,80.0,0.0
r31c04,20.75,70.25,3094,211,0,102.10536190878369,1.2478365617109755,26.394632725261737,1089.256249716862,0.055628134479482214,80.0,3.490520309363349
r31c05,20.75,70.75,18507,313,0,128.22023738864902,1.1585697938277435,26.614730043261446,1098.7142197726878,0.15973413772610068,80.0,4.267336024963642
r31c06,20.75,71.25,4513,243,0,118.001964901982,1.0242780399877824,26.89669507406761,965.4372575969253,0.09292075701841966,80.0,3.654465333520146
r31c07,20.75,71.75,1661,190,0,111.95244176527564,0.5407187481040103,26.86977020608157,902.6339665313792,0.011452720493194136,80.0,3.2203696324513946
r31c08,20.75,72.25,0,0,0,,,,,0.0,80.0,0.0
r31c09,20.75,72.75,49143,296,0,106.8968856332766,0.8864360880041878,26.924020548270327,1634.0497891931811,0.21125338292321527,80.0,4.691461665039397
r31c10,20.75,73.25,21989,279,0,102.40256640285719,1.1061350695162202,26.569912953245872,1460.3678839919028,0.765137255845098,10.0,4.342205479276342
r31c11,20.75,73.75,36875,284,0,102.12694784442259,1.111776963485928,24.704581820096966,1315.6152238530083,0.6925692086609587,10.0,4.56673202898622
r31c12,20.75,74.25,766,160,0,107.82763283133949,0.8554381642914812,24.979122661235916,978.3165032342896,0.40563624890584504,40.0,2.884228769632604
r31c13,20.75,74.75,25297,254,0,105.30465017701108,0.796497375773734,26.465595638612772,948.2049470618533,0.3029261247485818,40.0,4.4030690207529775
r31c14,20.75,75.25,7971,213,0,92.50650132401927,0.8994404908652148,26.789814085485098,954.5859899229445,0.13648597630422712,40.0,3.90151280912994
r31c15,20.75,75.75,48406,278,0,102.72778203179797,0.8973190511103678,26.594696005223696,974.8743564712385,0.2162663346080874,40.0,4.684899196466526
r31c16,20.75,76.25,10540,229,0,92.85272255537271,0.9015674615319386,26.620779612993243,1056.3227292592294,0.20022853822873013,40.0,4.022840610876528
r31c17,20.75,76.75,15176,254,0,109.15137520303236,0.8733456206316232,26.81393706532492,1138.35900057323,0.08101553769894411,40.0,4.181157317880606
r31c18,20.75,77.25,68831,308,0,113.89965389682635,0.8581012113836373,26.786244719208863,1201.9413149906181,0.050670804953285846,40.0,4.837784079176385
r31c19,20.75,77.75,83851,327,0,118.2277913327116,0.8668310650349706,26.783214578111398,1244.5346902675033,0.1087651123308389,40.0,4.92350824633259
r31c20,20.75,78.25,14628,277,0,116.22798574151447,0.8863524408904901,26.89889461864064,1349.083728951447,0.12633996355666194,40.0,4.165184951666006
r31c21,20.75,78.75,54643,293,0,88.66773095681236,0.9205562603003439,27.063387904860775,1498.8407850979893,0.18752412910542843,40.0,4.737534534884306
r31c22,20.75,79.25,17744,274,0,120.64397370315847,0.9371654336252387,26.88726255395646,1566.8249185541774,0.28880649017998117,40.0,4.249051528805085
r31c23,20.75,79.75,19390,264,0,110.71486422930631,0.9570579526575086,26.901811804101524,1589.0981518296912,0.3426045095954935,40.0,4.287577809078705
r31c24,20.75,80.25,11743,241,0,109.47422867016687,1.2352358676042072,26.540905226005616,1636.2009720689393,0.6935697575032046,10.0,4.0697790608815145
r31c25,20.75,80.75,544,135,0,101.19890463488882,1.1283627491999555,26.09486857585484,1463.9386428439036,0.4368472483642856,40.0,2.73559889969818
r31c26,20.75,81.25,5590,236,0,109.41234564318711,1.043011306078433,26.152608426335973,1441.4305120567649,0.3120790363379649,40.0,3.747411807886423
r31c27,20.75,81.75,42408,294,0,109.59648933933155,1.0850026694673072,26.115895992211644,1468.6512742112257,0.36274553548118754,40.0,4.62744779121837
r31c28,20.75,82.25,3901,193,0,91.93056713222444,1.2270643896810844,25.987280592542522,1511.7757886857603,0.6721304472066101,10.0,3.5911759503117913
r31c29,20.75,82.75,592,119,0,90.34968143956264,1.1375855198416724,26.067846996259654,1505.8893431999868,0.489711617697877,10.0,2.77232170672292
r31c30,20.75,83.25,2081,163,0,91.02279670012591,1.0698044759600278,26.808851911508814,1581.9196531366351,0.5514684266204413,10.0,3.318272080211627
r31c31,20.75,83.75,13121,263,0,117.16827039066276,1.057139872806774,27.005502704237053,1534.9407362855588,0.4004543709708918,40.0,4.117966935491767
r31c32,20.75,84.25,3529,236,0,106.46556147178856,1.2295567598806152,26.492559265752497,1491.6775953003773,0.6108618649589723,10.0,3.5476516583599693
r31c33,20.75,84.75,30757,290,0,103.70968817563664,1.3854715060013651,25.972104805460244,1583.587162566379,0.8460356895689132,10.0,4.487943972644853
r31c34,20.75,85.25,3796,224,0,104.10454614987832,1.1978981645849975,26.28753575226593,1616.6651209450852,0.7453604857847099,10.0,3.579326203755255
r31c35,20.75,85.75,32143,260,0,104.87290699582712,1.1470602456978953,26.44608400019665,1555.442128951082,0.522491339626206,40.0,4.5070864082905135
r31c36,20.75,86.25,8582,173,0,72.90743816605331,1.0039459228532737,26.568642823904334,1508.1269945288636,0.29047154590928226,40.0,3.9335885101966532
r31c37,20.75,86.75,44802,276,0,102.23651939234917,1.085738931414285,26.67514412771693,1464.7828348909275,0.17928263276629047,40.0,4.651297401711899
r31c38,20.75,87.25,415,103,0,90.77758047981345,1.5416762650807139,,,0.009142446924189465,80.0,2.6180480967120925
r31c39,20.75,87.75,0,0,0,,,,,,,0.0
r31c46,20.75,91.25,0,0,0,,,,,,,0.0
r31c47,20.75,91.75,0,0,0,,,,,0.0,80.0,0.0
r31c48,20.75,92.25,1481,149,0,85.59959158109882,1.8503885647160263,25.558773683496113,2702.5965019597093,0.22092827060276993,80.0,3.1705550585212086
r31c49,20.75,92.75,0,0,0,,1.9767820513414658,25.288086141099672,2588.3924712608623,0.6935012824022149,10.0,0.0
r31c50,20.75,93.25,9,8,0,,1.9430267253344564,24.02439463103147,2449.1842047307064,0.7110695496008679,10.0,0.9542425094393249
r31c51,20.75,93.75,0,0,0,,2.4155180122228774,21.373411063477683,2518.459836037626,0.9997579093239087,10.0,0.0
r31c52,20.75,94.25,59,36,0,,1.5774390196778028,24.997565524614355,1260.684459273394,0.9005963132625594,10.0,1.7708520116421442
r31c53,20.75,94.75,607,128,0,92.77250530065123,0.8870741620016563,26.616329849713093,841.9973515897634,0.4440456506707892,40.0,2.7831886910752575
r31c54,20.75,95.25,2129,219,0,100.62756259917458,0.962916256470671,25.857416916194637,907.5344499844191,0.46463308389027336,40.0,3.3281756614383227
r31c55,20.75,95.75,204,59,0,,0.9243782976315682,26.13543337112297,870.4416497115056,0.23749854824708835,40.0,2.3096301674258988
r31c56,20.75,96.25,301,134,0,122.57250971995546,1.4882116732239878,24.083650247009924,1205.423018147571,0.5731613463439587,10.0,2.4785664955938436
r31c57,20.75,96.75,37483,605,0,144.3774485203041,1.6949882851799034,20.561538329017694,1231.3802100578002,0.5361344825010986,40.0,4.573834342922927
r31c58,20.75,97.25,1472,251,0,131.95957382453955,1.959690391355998,20.21595424901149,1340.465015532128,0.7334489883299622,30.0,3.16790781000148
r31c59,20.75,97.75,736,181,0,129.82360269081568,1.8784265666040223,21.497657145007633,1162.750143228465,0.6259343106069348,10.0,2.866877814337499
r31c60,20.75,98.25,6,6,0,,2.265921794059592,23.5462800949825,1157.0494787210573,0.9507964306035434,10.0,0.7781512503836436
r31c61,20.75,98.75,0,0,0,,2.8202218554434513,23.224289638976686,1334.2643731885325,0.9948461584956579,10.0,0.0
r31c62,20.75,99.25,0,0,0,,2.8167469444435707,21.574517335942755,1476.4077861462385,0.9845583169809143,10.0,0.0
r31c63,20.75,99.75,1,1,0,,2.7038589032085047,21.66102140054478,1961.2125025290125,0.9623396086939469,10.0,0.0
r31c64,20.75,100.25,101,48,0,,2.796722995599919,22.717036985272276,1884.5102584940773,0.9740555207615003,10.0,2.0043213737826426
r31c65,20.75,100.75,158,56,0,,2.9290912295334066,22.64626840715786,1546.8534418703525,0.9833248050763224,10.0,2.1986570869544226
r31c66,20.75,101.25,1383,233,0,108.51483158279666,2.9226981683496525,22.124379623468176,1488.456897926704,0.9777211547924534,10.0,3.1408221801093106
r31c67,20.75,101.75,308,65,0,60.86190477055238,2.8456889227631326,22.195658478537243,1338.0271197565858,0.9800431839132802,10.0,2.4885507165004443
r32c00,21.25,68.25,0,0,0,,,,,,,0.0
r32c01,21.25,68.75,0,0,0,,,,,,,0.0
r32c02,21.25,69.25,40,14,0,,,,,0.0,80.0,1.6020599913279623
r32c03,21.25,69.75,5973,241,0,118.14322644238447,0.6517538259540532,26.454004175215328,1054.634042539396,0.018536452738411764,80.0,3.776192514747072
r32c04,21.25,70.25,14026,253,0,103.34028557434145,1.087847074350115,26.209887693556173,1055.2218633779,0.1594955729079306,40.0,4.1469338345627635
r32c05,21.25,70.75,83160,329,0,107.22537558136739,1.069537238367475,26.040891319637723,1055.082684470249,0.5569251305674529,40.0,4.919914480659432
r32c06,21.25,71.25,8635,278,0,128.53639039282774,0.8830684320119252,26.80577931605982,945.8267603651846,0.24968338347087618,40.0,3.9362623419034777
r32c07,21.25,71.75,47281,343,0,133.04814611360064,0.9164677958548688,27.13412708973654,881.4765090716484,0.16220872067979913,40.0,4.674686653361548
r32c08,21.25,72.25,5408,229,0,106.36108617240845,0.9222967582049837,27.080398049777255,821.7175637940795,0.02774361453350319,80.0,3.7330366829335797
r32c09,21.25,72.75,45316,311,0,102.4573256564603,0.8479873659681422,27.0453075849649,1168.6237643411187,0.19974264690756957,80.0,4.656251568124394
r32c10,21.25,73.25,12873,255,0,104.40682470095449,0.962127841867204,26.956339655665424,1201.9067164506002,0.4702296506963831,40.0,4.109679769252335
r32c11,21.25,73.75,11177,264,0,106.21592408099971,0.9750975231944227,26.322508525698634,1028.5356473790366,0.35289780151721856,40.0,4.048325250931222
r32c12,21.25,74.25,611,130,0,93.750581555876,0.7894991764427858,25.974701561995868,933.0395497731379,0.34301877740230474,40.0,2.786041210242554
r32c13,21.25,74.75,11998,242,0,114.7587539226951,0.8087110657672603,26.68736139282577,931.7126351830531,0.20125077018063184,40.0,4.079108857601436
r32c14,21.25,75.25,35927,235,0,90.99325403153897,0.8805015085757999,26.275088007025428,1059.3257055517824,0.28004028168060235,40.0,4.555420953975
r32c15,21.25,75.75,356088,304,0,86.60217105957933,0.9527538543399756,25.748556013816977,1148.5627761391975,0.49210198947902445,40.0,5.5515573383987835
r32c16,21.25,76.25,25050,266,0,117.21514658321554,0.944636435394469,26.25228527799749,1200.953395291948,0.4853593243500275,40.0,4.398807730203265
r32c17,21.25,76.75,12435,249,0,108.07841425306972,0.9937793158781184,25.812895010099762,1410.5890304104014,0.47933285861222963,40.0,4.094645789605955
r32c18,21.25,77.25,39115,304,0,118.25232247778254,1.0130492954810648,25.268628544833707,1501.6248835235147,0.501190400463819,40.0,4.5923433345820435
r32c19,21.25,77.75,34792,309,0,117.87364770063259,0.9681284590847101,25.774181717969117,1424.831402386085,0.28056885296171896,40.0,4.541479394657279
r32c20,21.25,78.25,12683,270,0,117.79371547368991,0.9508947876257412,26.023849317932143,1437.409068518175,0.3625561377541599,40.0,4.103221992452924
r32c21,21.25,78.75,18017,274,0,115.58611990145344,0.9347953334365275,26.110022845243353,1437.98391605058,0.36157824663806454,40.0,4.255682478545882
r32c22,21.25,79.25,205280,347,0,105.2080654131194,0.9214252583161927,26.518259387548873,1425.8190921729765,0.25401552346273387,40.0,5.312346639030853
r32c23,21.25,79.75,57086,271,0,106.27210913529544,0.9674088968996909,26.49988932622844,1577.6828602862458,0.3198528364585812,40.0,4.756529613180304
r32c24,21.25,80.25,56383,295,0,109.59858601929076,1.071814191092361,26.2031853057654,1658.86207557936,0.46678405163588454,40.0,4.75114817988577
r32c25,21.25,80.75,9500,279,0,118.78778698701029,1.1099085666990571,25.740181860958586,1490.0517920740103,0.4264434416577183,40.0,3.9777236052888476
r32c26,21.25,81.25,32810,274,0,101.1312328779342,0.8710105416022492,26.122323894919674,1416.6972597809258,0.12092222485956125,40.0,4.516006230386048
r32c27,21.25,81.75,459210,330,0,84.80566495034913,0.8187940737670475,26.182906733847133,1508.5619860249728,0.13346917837589142,40.0,5.6620113369193845
r32c28,21.25,82.25,20223,263,0,102.33585022887846,1.0259489945936695,26.135829339580503,1510.4042105380413,0.3801986859548562,40.0,4.305845581858454
r32c29,21.25,82.75,7035,219,0,101.6277469115318,1.04907182433896,26.116377286534686,1525.9227448124843,0.3719733241430552,40.0,3.8472641017707647
r32c30,21.25,83.25,2612,200,0,101.62493551431969,1.0359050464487511,26.474217426423696,1601.350143720518,0.42612317440545694,40.0,3.4169731726030363
r32c31,21.25,83.75,11898,271,0,115.81900267543813,1.0417554229702848,26.812195999755023,1639.659829882051,0.3404650771251796,40.0,4.075473964588946
r32c32,21.25,84.25,1200,166,0,103.47488399719755,1.3490813198214393,25.98497144604621,1691.2340815937562,0.8121715325579556,10.0,3.0791812460476247
r32c33,21.25,84.75,289,105,0,100.80660597493218,1.2637131635131398,26.062774687581648,1573.7853540077988,0.7338360169533097,10.0,2.4608978427565478
r32c34,21.25,85.25,853,145,0,94.06520591293187,1.259409911839762,25.81303904974174,1620.1793679425425,0.6991076816844204,10.0,2.930949031167523
r32c35,21.25,85.75,1443,146,0,82.49716977509458,1.3111595529926674,24.956724163915123,1559.7550225637935,0.7369160233065365,10.0,3.159266331093494
r32c36,21.25,86.25,1267,190,0,102.90178308501756,1.184223234703933,25.83684746948731,1480.4461744828782,0.5070939156578821,40.0,3.1027766148834415
r32c37,21.25,86.75,17319,281,0,107.74353945998436,1.1631300280259265,26.110452555361633,1495.7613079867378,0.2711771182339981,40.0,4.238522812218293
r32c38,21.25,87.25,2798,175,0,90.11688100386397,0.8304902483095405,26.35212471730921,1630.5756606420111,0.010002266098093448,80.0,3.446847710155809
r32c39,21.25,87.75,0,0,0,,,,,0.0,80.0,0.0
r32c40,21.25,88.25,398,11,0,10.256276178558638,,,,0.0,80.0,2.5998830720736876
r32c41,21.25,88.75,0,0,0,,,,,0.0,80.0,0.0
r32c42,21.25,89.25,0,0,0,,,,,0.0,80.0,0.0
r32c43,21.25,89.75,23,11,0,,,,,0.0,80.0,1.3617278360175928
r32c44,21.25,90.25,0,0,0,,,,,,,0.0
r32c45,21.25,90.75,0,0,0,,,,,,,0.0
r32c46,21.25,91.25,0,0,0,,,,,,,0.0
r32c47,21.25,91.75,3620,219,0,88.65887370980055,1.2025039453574085,25.660221055900564,2443.4115119536946,0.01415034973973541,80.0,3.558708570533166
r32c48,21.25,92.25,5696,271,0,100.51117712975736,2.2567343754610207,25.234119988084952,2262.3203978133165,0.7783497438653137,10.0,3.7555699806288
r32c49,21.25,92.75,440,168,0,143.08608970636885,2.4257507571231107,24.390359573959326,2143.560984037109,0.9850998726887855,10.0,2.6434526764861874
r32c50,21.25,93.25,75,59,0,,2.5104009223243584,21.90260972228266,2335.852280976632,0.9968808764433382,10.0,1.8750612633917
r32c51,21.25,93.75,21221,434,0,121.31706830756038,2.441727659144604,18.64157647891578,2653.0838532928383,0.999677200990803,10.0,4.326765845364053
r32c52,21.25,94.25,11490,435,0,143.78923101181104,1.5768403224319238,24.359339460883383,1657.3355876559365,0.8810356923935746,10.0,4.0603200286882855
r32c53,21.25,94.75,27283,399,0,99.91037293522166,0.8457693824178868,26.742799719432416,840.049407441382,0.5089809311661798,40.0,4.435892123015654
r32c54,21.25,95.25,710,133,0,97.18992517151204,0.8257780560222588,27.13056592009668,732.3554716343035,0.3642793148179582,40.0,2.8512583487190755
r32c55,21.25,95.75,695,128,0,91.33606572188489,0.8847637844173274,26.72567216375794,830.3435453367227,0.2596307242628698,40.0,2.8419848045901137
r32c56,21.25,96.25,213,110,0,,1.3695693761471102,24.47337346145423,1340.9425828226872,0.551666738924663,10.0,2.3283796034387376
r32c57,21.25,96.75,562,195,0,135.10624891984884,1.8712239228789815,21.406676428374766,1654.7836280429128,0.6621108274941487,10.0,2.749736315569061
r32c58,21.25,97.25,0,0,0,,2.116364161210793,21.078376059035296,1387.1849487778247,0.7836209302811332,10.0,0.0
r32c59,21.25,97.75,78,31,0,,1.9901293751923335,21.432181197921114,1312.8040259126585,0.7960906627999668,10.0,1.8920946026904804
r32c60,21.25,98.25,103,102,0,,2.2641413305541964,22.674182394717885,1563.8728406014625,0.836718767059686,10.0,2.012837224705172
r32c61,21.25,98.75,0,0,0,,2.689078795214939,22.63223756380576,1460.4056420439829,0.9665877707911832,10.0,0.0
r32c62,21.25,99.25,1,1,0,,2.6394490134487683,20.652234818952337,1508.7104203543474,0.9807903361169023,10.0,0.0
r32c63,21.25,99.75,3,3,0,,2.4280856843256013,20.732641688252293,1652.632591153266,0.9293971592153353,10.0,0.47712125471966244
r32c64,21.25,100.25,0,0,0,,2.831603496569314,21.364959614926242,1713.151123316521,0.9633993195664217,10.0,0.0
r32c65,21.25,100.75,12,11,0,,2.908742499355967,21.87618079088647,1428.4005521724266,0.9822723224937924,10.0,1.0791812460476249
r32c66,21.25,101.25,317,104,0,93.00542929643733,2.8172399666832875,22.070816713857493,1531.4716536864573,0.9352368089104528,10.0,2.5010592622177517
r32c67,21.25,101.75,648,113,0,84.80616481654053,2.9617869645971604,21.553136547786515,1592.5976337466982,0.9660374408755825,10.0,2.8115750058705933
r33c00,21.75,68.25,8,5,0,,,,,,,0.9030899869919435
r33c01,21.75,68.75,0,0,0,,,,,0.0,80.0,0.0
r33c02,21.75,69.25,6406,211,0,112.64954081465568,0.8219643258123527,26.467447262250584,943.0780501334173,0.02951288454759829,80.0,3.806586934327803
r33c03,21.75,69.75,66373,333,0,121.81657438717032,0.9194183826530995,26.252366365220443,997.9948682204165,0.20636864181511402,40.0,4.821991447806284
r33c04,21.75,70.25,23107,275,0,99.7841695254665,0.9078217327072673,26.370765871570754,911.152578263928,0.1270805161942837,40.0,4.363743564344569
r33c05,21.75,70.75,25496,296,0,108.21265867297964,0.8260990653463675,26.37261469121732,828.6275541606999,0.09513121136965727,40.0,4.406472050465676
r33c06,21.75,71.25,13292,269,0,121.99361149465777,0.7902985424364642,26.936787445418663,784.7241502952056,0.08207345121205636,40.0,4.123590332606674
r33c07,21.75,71.75,8225,260,0,111.36073558091981,0.7594513284423353,27.70142442354868,777.641497263578,0.10810355522638258,40.0,3.915135906622012
r33c08,21.75,72.25,120251,340,0,121.39853947731217,0.6399024766929168,27.45178172295936,773.3178958555292,0.15472689966469272,80.0,5.080088696627375
r33c09,21.75,72.75,17362,270,0,109.4335667918157,0.6549676560742512,27.50043852881726,937.3431911709133,0.1842894632830845,40.0,4.239599751885042
r33c10,21.75,73.25,39591,282,0,101.23158647923539,0.8938996092093002,26.960340623035005,1061.0449867900084,0.31756231115253986,40.0,4.597596471416188
r33c11,21.75,73.75,21694,269,0,112.51583807235467,0.9610786395206699,26.09091531381683,1314.1546086647136,0.5769783475998044,40.0,4.336339635820782
r33c12,21.75,74.25,2188,194,0,111.67617265895534,0.9128299086895435,25.637416644348228,1172.3689739724941,0.5849562027894432,30.0,3.340047317661393
r33c13,21.75,74.75,253,106,0,,0.8229754900909363,25.948152148518837,1054.3230519480876,0.5751635083118055,30.0,2.403120521175818
r33c14,21.75,75.25,850,164,0,107.9231992536415,0.826945952668082,26.164679583782217,1045.1814283080796,0.4075002406440135,40.0,2.929418925714293
r33c15,21.75,75.75,2283,138,0,69.6753852805536,0.8603894008205689,26.341564182092192,1082.5255913987996,0.30681377672675003,40.0,3.3585059114902354
r33c16,21.75,76.25,3902,213,0,102.04973356948115,0.8167552996838295,26.427252768188247,1182.0577261294595,0.2367383272090241,40.0,3.591287265058499
r33c17,21.75,76.75,4942,227,0,103.89467296838806,0.9241092041590871,26.141993016467936,1418.5337839370704,0.4258611375626956,40.0,3.6939027410660605
r33c18,21.75,77.25,15804,257,0,106.93100626821678,1.059861965563174,25.16804935027066,1585.543264523822,0.8158931268577451,10.0,4.198767021009409
r33c19,21.75,77.75,5195,225,0,104.2552766397877,0.9963091549808454,24.26505846268073,1524.0470047338997,0.41566309502286486,40.0,3.7155855518931964
r33c20,21.75,78.25,2777,219,0,109.42162422003334,0.9781545544289635,24.245575992915814,1552.8925567978943,0.3180833133437171,40.0,3.4435758797502576
r33c21,21.75,78.75,2532,192,0,95.47443214891702,1.0860012275243092,24.8955630346419,1400.2227876443112,0.499166324183058,40.0,3.4034637013453173
r33c22,21.75,79.25,160755,335,0,103.25881524268027,1.1383104232755838,25.271852480209006,1435.456293734972,0.5716857164014667,10.0,5.206164489768199
r33c23,21.75,79.75,38827,290,0,96.38167675180331,1.1052376735369778,25.712163286945923,1505.8917234351234,0.5736952266062936,10.0,4.5891338357230085
r33c24,21.75,80.25,39072,289,0,106.80957799822613,1.0802107065437305,25.267449699398387,1649.3329421103253,0.4480679779613385,40.0,4.591865642264788
r33c25,21.75,80.75,1621,212,0,114.261777086492,1.2423799630518872,24.886633782109858,1586.0598082222748,0.799526151686523,10.0,3.209783014848515
r33c26,21.75,81.25,4743,223,0,101.54979284700953,0.9954498085978147,25.850987012970627,1394.4740783879247,0.14891526977110442,40.0,3.6760531246518715
r33c27,21.75,81.75,95504,267,0,92.77688966387387,0.8733962516832132,26.273978759802947,1494.997553276411,0.09282474769658032,40.0,4.980021561547599
r33c28,21.75,82.25,7588,221,0,96.27481435669144,0.8676863563311954,26.265075464256913,1493.5547984544066,0.17277457585765946,40.0,3.880127322216625
r33c29,21.75,82.75,5561,232,0,109.01185868688196,0.9571590093821258,26.2306442714841,1555.8671104963582,0.26421261693925324,40.0,3.7451528950769
r33c30,21.75,83.25,27865,228,0,78.93714598091049,0.9432416222997428,26.265467139834424,1544.3820510999583,0.28411681461632105,40.0,4.445059047392219
r33c31,21.75,83.75,9779,267,0,113.86936432251552,1.048367540138653,26.182535385748853,1573.3188719131476,0.6533293164213749,10.0,3.9902944461284386
r33c32,21.75,84.25,1549,156,0,87.34089041064142,1.0872201315939707,25.803533227999207,1620.5387037228904,0.5255404000159489,40.0,3.190051417759206
r33c33,21.75,84.75,477,124,0,99.28435468756004,1.309758548084191,25.37174990400163,1711.960517076352,0.747597612089549,10.0,2.678518379040114
r33c34,21.75,85.25,408,106,0,89.75476751201028,1.3229486217182955,24.31088623325954,1725.5637355999145,0.8502498193876555,10.0,2.61066016308988
r33c35,21.75,85.75,517,107,0,81.20787460586278,1.1073197114288778,24.29568085401721,1411.0830314908771,0.44296733884289174,40.0,2.7134905430939424
r33c36,21.75,86.25,10232,248,0,109.35578129751568,1.6116443007850358,23.649706808563195,1933.7987040214912,0.8296183000281004,10.0,4.009960531470598
r33c37,21.75,86.75,19883,289,0,109.26056805369979,1.1585793778188966,25.78555512488996,1650.5555428840598,0.5217128790604552,40.0,4.298481912513483
r33c38,21.75,87.25,3137,167,0,75.85671235987967,1.2211480765315625,26.20823763562681,1610.5970853875303,0.33073814833344545,40.0,3.496514518697745
r33c39,21.75,87.75,17533,256,0,95.38749373547132,1.2151201697247707,26.30033831247053,1676.1169076041394,0.2100153355692163,80.0,4.243856232806506
r33c40,21.75,88.25,67918,297,0,94.59538842572688,1.08607168981682,26.332155730043834,1808.1832476950908,0.19684451326120167,80.0,4.831984888635301
r33c41,21.75,88.75,27341,270,0,85.3072445171205,1.2829809021129632,26.301951250869493,1807.0140888845651,0.479132574866939,80.0,4.436814394889434
r33c42,21.75,89.25,1126,150,0,92.47762593789784,1.7321551355493827,26.25242449255948,1891.9692345446783,0.3894070014500118,80.0,3.0515383905153275
r33c43,21.75,89.75,9011,259,0,100.04206878250527,1.9090445767744533,26.170823106924338,2198.9751236110565,0.22989521982239816,80.0,3.954772989689717
r33c44,21.75,90.25,1967,189,0,101.19670558705485,1.2152593539752576,26.14416496630152,2123.1333683775406,0.09979035384665758,80.0,3.2938043599193367
r33c45,21.75,90.75,1331,158,0,94.47672143546892,1.2372098267557983,26.149240133888554,2038.3685231467318,0.05450078622429211,80.0,3.124178055474675
r33c46,21.75,91.25,20,10,0,,,,,0.0,80.0,1.3010299956639813
r33c47,21.75,91.75,6008,215,0,85.63797828033358,1.3439560820834644,25.623978128146664,2274.1617499068893,0.11625151024306482,80.0,3.778729923996112
r33c48,21.75,92.25,4425,319,0,129.5657191981978,2.191195059178269,24.821822292881734,1844.5033319888391,0.8865876744555495,10.0,3.6459132750338443
r33c49,21.75,92.75,239,92,0,,2.4874615659797805,23.60117070668636,1729.9989532219658,0.995894412933327,10.0,2.3783979009481375
r33c50,21.75,93.25,121,107,0,,2.618195261641551,19.768570601414936,2156.468738074536,0.9969832020716632,10.0,2.0827853703164503
r33c51,21.75,93.75,100,76,0,,2.2033442080499945,19.664619488655326,1775.387889156294,0.9993544248637567,10.0,2.0
r33c52,21.75,94.25,0,0,0,,1.6131555470120764,24.17566791524196,1386.245785515822,0.8962090881128478,10.0,0.0
r33c53,21.75,94.75,19,18,0,,1.0171791007483098,26.624058611215222,925.5536808791344,0.5144554747454421,40.0,1.2787536009528289
r33c54,21.75,95.25,166,70,0,,0.8056790626319044,27.599374619531755,763.3370177305443,0.26419561179794887,40.0,2.220108088040055
r33c55,21.75,95.75,2350,200,0,108.40969925486033,0.879389392478439,27.166575825430563,822.9767694353118,0.3016517535739995,40.0,3.3710678622717363
r33c56,21.75,96.25,8254,362,0,116.00205769306805,1.3289482390353373,24.76407107383256,1009.85114263053,0.6085536360912036,10.0,3.9166644645413973
r33c57,21.75,96.75,3,2,0,,1.912536038825757,22.802031722057823,1306.9479495113032,0.8454091726675624,10.0,0.47712125471966244
r33c58,21.75,97.25,0,0,0,,2.1350331628891968,22.000188791964494,1311.1496654016362,0.9163717802741415,10.0,0.0
r33c59,21.75,97.75,130,47,0,,2.101482770368002,21.32076850556972,1581.5400412406639,0.83508819230381,10.0,2.113943352306837
r33c60,21.75,98.25,79,35,0,,2.3101372201899806,22.2830314584005,1677.8933767128453,0.8606191063597369,10.0,1.8976270912904414
r33c61,21.75,98.75,0,0,0,,2.9504905976354796,21.664420354424742,1578.9267262364363,0.9949863511535222,10.0,0.0
r33c62,21.75,99.25,0,0,0,,2.565625116833315,20.209953775421987,1514.4632064519205,0.9724773138941877,10.0,0.0
r33c63,21.75,99.75,0,0,0,,2.5341067132618558,20.420846140366788,1261.8537230095671,0.9049496484744237,10.0,0.0
r33c64,21.75,100.25,401,81,0,71.1619264349954,2.574533596091027,19.934711779575736,1626.8289918225412,0.9136003681172244,10.0,2.603144372620182
r33c65,21.75,100.75,2682,259,0,106.85555168110031,2.6508229636161045,21.774417810207815,1374.5098091154935,0.9575694823302169,10.0,3.42845877351558
r33c66,21.75,101.25,34132,425,0,109.86465697309511,2.9357706835051682,21.566788909407695,1422.9396001686296,0.9886803606107814,10.0,4.533161736960601
r33c67,21.75,101.75,4131,276,0,114.69778412790198,3.0161277098390618,20.67115464143103,1704.4688837160313,0.9705089252344876,10.0,3.6160551949765862
r34c00,22.25,68.25,3,3,0,,,,,,,0.47712125471966244
r34c01,22.25,68.75,9637,227,0,108.737332414337,0.8799826099572249,26.40329062303897,790.8653840681147,0.028956255364268935,80.0,3.983941858983888
r34c02,22.25,69.25,43118,285,0,112.17120992993469,0.7921953596270105,26.482278636979007,847.3068103452753,0.16613712644471146,80.0,4.634658608182672
r34c03,22.25,69.75,28155,278,0,121.34598029440333,0.7898398907584298,26.42316749600931,899.5649693344898,0.17660716303063795,40.0,4.449555531677028
r34c04,22.25,70.25,79503,322,0,117.25425521111552,0.7904460991685017,26.4392175635029,894.4093397472408,0.1858865988451384,40.0,4.900383516818277
r34c05,22.25,70.75,118063,307,0,109.1634027841434,0.7501606828577703,26.366090503203292,842.0078559383439,0.14950217944831157,40.0,5.072113814518687
r34c06,22.25,71.25,26399,264,0,106.14003742114201,0.7544030630867647,26.774723757577675,777.6061953162799,0.21841793635010875,40.0,4.4215874760097025
r34c07,22.25,71.75,7025,227,0,105.05425325411262,0.7122550316821326,27.916341686502896,753.5870124526795,0.09222432646612692,40.0,3.8466463285771173
r34c08,22.25,72.25,71631,332,0,118.59815517649423,0.3998960393871651,27.76170224351359,818.8445419392724,0.2024880584460496,40.0,4.855101014141317
r34c09,22.25,72.75,38654,287,0,117.67816396735589,0.816231053136743,27.20876190267034,930.0157969832319,0.1930265881934462,40.0,4.587194442317501
r34c10,22.25,73.25,190622,313,0,110.73527979032914,0.8500394776051745,27.16906484343852,1039.4466755353747,0.2675056820087756,40.0,5.280173021838674
r34c11,22.25,73.75,31218,288,0,110.4046124848022,0.9426404023623735,26.70464929578848,1096.2163203052728,0.3878583938159319,40.0,4.49440507627968
r34c12,22.25,74.25,1852,175,0,104.5840091775471,0.9114248391480673,26.007230189334173,1081.4197744646015,0.4996404908565712,40.0,3.2676409823459154
r34c13,22.25,74.75,1288,177,0,105.62334463542749,0.8593853230992292,26.138091079156993,1078.3170289558598,0.4020681815736446,40.0,3.1099158630237933
r34c14,22.25,75.25,3783,192,0,99.56525734887242,0.8977480540004277,26.173693308913766,1171.7162672428128,0.3126047909687181,40.0,3.577836341292744
r34c15,22.25,75.75,42972,258,0,104.53404376265081,0.915918167460169,26.053273787826814,1180.2768061348584,0.3475383025303354,40.0,4.633185567059527
r34c16,22.25,76.25,6645,244,0,105.75973712281142,0.9297669309224491,26.37274089924007,1192.3840714004493,0.5327893624407554,40.0,3.822494985278751
r34c17,22.25,76.75,2302,204,0,110.72216969487653,0.8157152152039763,26.263927147470458,1303.7942884443912,0.26143032744341854,40.0,3.362105319293773
r34c18,22.25,77.25,1815,163,0,85.65968178787881,0.971760103900342,25.83475061338671,1463.884480041244,0.37619023960014947,40.0,3.258876629372131
r34c19,22.25,77.75,8284,242,0,107.17392772295726,1.0381804222595243,25.079243699926238,1438.7499261451276,0.6014638095123562,40.0,3.918240090221415
r34c20,22.25,78.25,98222,315,0,102.35660763393196,1.1341649510945155,24.142256487957535,1709.7913554493102,0.8107356621066542,10.0,4.9922087730059355
r34c21,22.25,78.75,9271,233,0,106.9702221930146,1.0635836548842752,23.757364430906055,1599.7748985404005,0.582874548058134,40.0,3.9671265810764127
r34c22,22.25,79.25,1042,148,0,97.85283325735826,0.9678392731103419,24.244313581723514,1427.037557058469,0.28067672554158046,40.0,3.0178677189635055
r34c23,22.25,79.75,3038,218,0,101.96287707896465,1.0537332335400986,25.087431228965837,1395.059986076485,0.34817300623476427,40.0,3.4825877695267677
r34c24,22.25,80.25,98950,288,0,87.58953377181363,1.2172166695952338,24.967983986684562,1561.409788499399,0.6632632620595174,10.0,4.995415798542415
r34c25,22.25,80.75,909322,385,0,91.82366460807677,1.2569550233884015,24.106972730006852,1580.5797647350696,0.7152493295041903,10.0,5.9587176984699095
r34c26,22.25,81.25,29347,283,0,101.34770334064733,1.187087627246955,24.53413475089136,1532.3279476443927,0.5645577768627945,10.0,4.467563712055963
r34c27,22.25,81.75,4886,253,0,111.77491281098642,1.095779130380272,25.426842540022758,1599.9445612653274,0.3693389979351099,40.0,3.688953462637418
r34c28,22.25,82.25,51301,314,0,100.37925937046127,1.0064725020090994,25.566394759351102,1625.4590737169246,0.369461701096812,40.0,4.710125830808679
r34c29,22.25,82.75,6679,239,0,99.349628898136,1.0019187514093268,25.498296486116583,1615.0228053468325,0.5010714072097415,40.0,3.8247114434647345
r34c30,22.25,83.25,1582,171,0,95.95357320254384,1.1275708073151276,25.477847009834424,1587.584195731289,0.7119146271186501,10.0,3.1992064791616577
r34c31,22.25,83.75,763,141,0,95.09466711700206,1.133895140448986,25.01677474068972,1565.342682839548,0.6521041247015285,10.0,2.8825245379548803
r34c32,22.25,84.25,2687,132,0,57.78358958032235,1.0889343400843978,25.34166877136947,1483.7307813019684,0.5618914882648308,10.0,3.4292676664331685
r34c33,22.25,84.75,2382,139,0,69.62868754694732,1.0850969184973345,25.378830780586707,1477.017748111701,0.646044239604504,10.0,3.3769417571467586
r34c34,22.25,85.25,968,145,0,92.55889037782423,1.2850904182762544,24.981951311703188,1403.3033230167432,0.8611121044388679,10.0,2.9858753573083936
r34c35,22.25,85.75,103,49,0,,1.1567092668824546,24.88391985841921,1286.7172470949674,0.5167110499291919,40.0,2.012837224705172
r34c36,22.25,86.25,2813,218,0,108.11505334978432,1.2355091702767136,25.190956017341396,1349.3807167669365,0.577657226787808,10.0,3.449169732165201
r34c37,22.25,86.75,8557,269,0,105.07222125265545,1.072536361873546,25.77383770637161,1398.7998216560306,0.5289426431989636,40.0,3.932321531989293
r34c38,22.25,87.25,22461,264,0,96.58420592291914,1.125374267295854,26.046404901028396,1531.8280089636871,0.38855395283440597,40.0,4.351429087847701
r34c39,22.25,87.75,27805,277,0,90.50088034654657,1.1839512043595906,26.189653788193226,1585.5939690257046,0.4372971233246494,40.0,4.444122899412919
r34c40,22.25,88.25,252908,345,0,94.54199733864294,1.18798005673705,26.129424070359637,1636.402059494654,0.47993669566164,40.0,5.402962567189023
r34c41,22.25,88.75,87167,322,0,94.04280617889978,0.9557712755835092,26.15177849987274,1701.492288266116,0.2834227306690197,40.0,4.940352099262412
r34c42,22.25,89.25,10232,201,0,82.86338518932473,1.0669967609781583,26.134186185748717,1775.0304009635304,0.5172138901046593,95.0,4.009960531470598
r34c43,22.25,89.75,14263,277,0,100.8483420830873,1.529420016952005,25.85657877340745,1852.1300840117412,0.622941398549925,95.0,4.154210882206974
r34c44,22.25,90.25,5635,186,0,91.71368028120298,1.3393706617560126,25.853614144314143,1763.3913243582665,0.37516479565971134,40.0,3.750893920382125
r34c45,22.25,90.75,2161,159,0,81.34863743117214,1.43961872714697,25.9973670205346,1990.318103416897,0.29146030810655577,80.0,3.3346547668832414
r34c46,22.25,91.25,4302,160,0,86.18348266566541,1.423619868635909,26.009157832933802,2673.5694713608536,0.14823295298094588,80.0,3.6336704060514435
r34c47,22.25,91.75,7207,275,0,104.25133879264692,1.5837436559881701,25.545609159926556,1989.7399387780872,0.264444905368532,80.0,3.8577545220594422
r34c48,22.25,92.25,3277,232,0,101.80299237733344,2.069765233046978,24.942411941139834,1626.7615727725213,0.9066120904608839,10.0,3.515476441382376
r34c49,22.25,92.75,280,134,0,127.68492989606912,2.5184790630429417,23.041170727109634,1687.0700122808935,0.9955616709383278,10.0,2.4471580313422194
r34c50,22.25,93.25,25,16,0,,2.5226188189424064,19.07124881208114,1796.3987008121899,0.9953744844714838,10.0,1.3979400086720377
r34c51,22.25,93.75,6,6,0,,2.024303082516921,20.542855618723475,1722.8080960219042,0.9970948089172277,10.0,0.7781512503836436
r34c52,22.25,94.25,952,219,0,138.60585195964003,1.6820848306791705,23.743295305009646,1822.5038293024131,0.8902317265168236,10.0,2.9786369483844743
r34c53,22.25,94.75,131,47,0,,1.1840817828729744,26.487761662531767,1049.5443942515517,0.5673491514009777,40.0,2.1172712956557644
r34c54,22.25,95.25,1194,131,0,89.58022762856747,0.8592190154299624,27.207849831268376,873.4375215026907,0.4433540314880723,40.0,3.0770043267933502
r34c55,22.25,95.75,422,139,0,115.23445732806327,0.8927443575121762,27.018648595588353,930.0118917405836,0.21151391690082655,40.0,2.625312450961674
r34c56,22.25,96.25,1287,195,0,98.14873209277596,1.5197555406503045,23.772863428839077,1200.7733792621943,0.5585297352036017,10.0,3.1095785469043866
r34c57,22.25,96.75,91,47,0,,1.8346759369809478,21.85774730994919,1458.7015710736255,0.5562740567720056,40.0,1.9590413923210936
r34c58,22.25,97.25,4,4,0,,1.9601713963594847,22.526833309600974,1129.1642813683952,0.7208714428441987,10.0,0.6020599913279624
r34c59,22.25,97.75,210,59,0,,2.135658456496244,21.814022961990542,1296.652780923095,0.7539292266104812,10.0,2.322219294733919
r34c60,22.25,98.25,151,75,0,,2.267435845193257,21.097553838022158,1573.5766386615524,0.8214350929549203,10.0,2.1789769472931693
r34c61,22.25,98.75,0,0,0,,2.9572085123783336,21.005245103171173,1515.817577664197,0.9869263236579077,10.0,0.0
r34c62,22.25,99.25,5,5,0,,2.620325448244853,20.256557507244484,1519.9854183399439,0.9722719325311118,10.0,0.6989700043360189
r34c63,22.25,99.75,149,79,0,,2.53986850385547,19.75681677417007,1322.7086292485626,0.9196448830417224,10.0,2.173186268412274
r34c64,22.25,100.25,287,101,0,95.45731847722597,2.619709991558513,19.157826376707995,1323.8785274371442,0.9154801024004078,10.0,2.4578818967339924
r34c65,22.25,100.75,7558,321,0,107.1811268120686,2.748612981477777,20.898279726649754,1367.326265035096,0.9501916630300318,10.0,3.878406887580996
r34c66,22.25,101.25,412,131,0,105.24006326598662,3.012484667453379,20.400229671473365,1561.6235645368047,0.9867258401493177,10.0,2.6148972160331345
r34c67,22.25,101.75,1086,174,0,108.70722032197548,3.0206063310711295,20.39988550542988,1968.2367271677183,0.9807855532931502,10.0,3.035829825252828
r35c00,22.75,68.25,0,0,0,,,,,0.0,80.0,0.0
r35c01,22.75,68.75,27,23,0,,0.8675949510617391,26.114632462535138,803.9718541620947,0.0038856602882116737,80.0,1.4313637641589874
r35c02,22.75,69.25,28831,276,0,109.15551182495737,0.7425910415376533,26.198987758842385,824.4668751459432,0.10413851506373172,80.0,4.459859706104825
r35c03,22.75,69.75,7381,255,0,112.46790702545806,0.6680630501944208,26.67846259026994,689.59210129034,0.17587127666512786,80.0,3.868115205327217
r35c04,22.75,70.25,152690,323,0,122.00751980648701,0.6284110692538565,27.041826695275795,726.1824425156115,0.16682189501373615,80.0,5.183810595098135
r35c05,22.75,70.75,3621,235,0,112.96185947534916,0.6713411258604677,26.816177588663905,786.5322735857443,0.1403500940437282,40.0,3.5588285248170117
r35c06,22.75,71.25,4868,222,0,103.75356401410046,0.7142329129561736,26.80613914774923,759.1499168961345,0.17773733438144382,40.0,3.6873505695580273
r35c07,22.75,71.75,61215,303,0,118.45998003591973,0.6372711447516538,27.452669516445663,723.7589103103593,0.09612374396708583,40.0,4.786857853828952
r35c08,22.75,72.25,326845,359,0,127.4842290299717,0.6571425808137165,27.184297996592758,809.5487796334936,0.047078250352139146,40.0,5.514341845615173
r35c09,22.75,72.75,189057,306,0,110.78402296273205,0.8347797025035509,26.946277196633176,873.7389129174377,0.22888138601184227,40.0,5.2765927621275
r35c10,22.75,73.25,16011,225,0,84.75538148585792,0.8690420377904523,26.9041079089084,953.013490145717,0.3337766681567612,40.0,4.20441845752325
r35c11,22.75,73.75,14316,256,0,105.54245072820315,0.9362381376564618,26.46772756247086,1084.9754631773158,0.3823079559512265,40.0,4.155821689717967
r35c12,22.75,74.25,20589,287,0,124.48004290888603,0.9037038261083713,25.65272429543208,1149.017428861939,0.359078683879342,40.0,4.313635253610334
r35c13,22.75,74.75,3512,181,0,93.02173297810292,0.8434608866998609,25.148983274156247,1204.9382821858296,0.34437857538656264,40.0,3.545554507234065
r35c14,22.75,75.25,558,132,0,99.0333369207923,0.8305423062997238,24.939331978592513,1179.2326917914686,0.10844017381530914,40.0,2.7466341989375787
r35c15,22.75,75.75,191214,303,0,98.83451753363356,0.8473391356818495,24.918468500481875,1200.2771043581513,0.10140304951876183,40.0,5.281519686581079
r35c16,22.75,76.25,31744,260,0,110.86047458768593,0.8979982582696258,25.141313208181312,1299.1998645424294,0.30292369494179466,40.0,4.501661650474085
r35c17,22.75,76.75,10662,211,0,91.2402924667588,0.8726293829503488,25.55482633457539,1373.8075992525758,0.2688481406021694,40.0,4.027838678188945
r35c18,22.75,77.25,3774,223,0,114.91406250811569,0.9032254382191014,25.66411466841512,1411.3283103253214,0.29562151322179014,40.0,3.5768018958289125
r35c19,22.75,77.75,16530,283,0,113.91213707900955,0.9932297740387703,25.441586519620703,1440.322162473379,0.3668437895344701,40.0,4.218272853571447
r35c20,22.75,78.25,246694,337,0,113.96579786763759,1.0172448160278806,25.415754260917602,1468.509524576163,0.30528146649488647,40.0,5.392158586868822
r35c21,22.75,78.75,7053,203,0,95.10446398505816,1.0436551257207642,25.11957296431293,1390.0351931588114,0.4720727554552032,40.0,3.848373883844602
r35c22,22.75,79.25,559,113,0,95.3997195197033,0.9805438990009034,24.95505991096759,1309.5218092113323,0.4990028045528593,40.0,2.747411807886423
r35c23,22.75,79.75,10404,287,0,123.24163739927013,0.9271551832438979,24.921361061295862,1352.4627596543367,0.4964045898206938,40.0,4.017200343523835
r35c24,22.75,80.25,16178,262,0,95.17654780503055,1.0445971339120041,24.7177460014784,1428.6026930025812,0.5540500538681721,40.0,4.208924831080264
r35c25,22.75,80.75,2487,199,0,103.42511141223672,1.0735665764470987,23.81098734455582,1462.1037704882567,0.6050042199727667,40.0,3.395675785269936
r35c26,22.75,81.25,1612,161,0,92.49557211082143,1.1164782273835618,23.02209187948827,1582.5491267402447,0.5312503265087082,40.0,3.2073650374690716
r35c27,22.75,81.75,4139,250,0,118.13738855119757,1.2000517186956743,23.464516927737222,1560.4921583981823,0.6028023024247365,10.0,3.61689542640076
r35c28,22.75,82.25,432,121,0,99.59370215444059,1.1831291734243352,24.187072277641356,1413.7037100646382,0.7187715084792876,10.0,2.635483746814912
r35c29,22.75,82.75,456,140,0,109.0020769230139,1.188532327830357,24.248645720685992,1513.0099861983047,0.7973439337996192,10.0,2.658964842664435
r35c30,22.75,83.25,1021,213,0,125.33449997092764,1.190441646257351,23.264027729515234,1559.717533777533,0.5834107866248072,10.0,3.0090257420869104
r35c31,22.75,83.75,2072,201,0,107.82811413347441,1.180858232254879,23.4237965031205,1457.789576616231,0.47017068155846276,40.0,3.3163897510731952
r35c32,22.75,84.25,2752,183,0,101.8300261079863,1.1034609168410057,23.504905586161733,1511.130541871526,0.5421418853550821,40.0,3.4396484295634737
r35c33,22.75,84.75,189,54,0,,1.0618649500513824,23.730927018480983,1446.8771270050695,0.6020413235202406,40.0,2.2764618041732443
r35c34,22.75,85.25,29,16,0,,1.2598957126024426,24.195061787971238,1347.3003366981402,0.783952516034953,10.0,1.462397997898956
r35c35,22.75,85.75,694,99,0,67.96506947692285,1.1475166376571901,25.05692444737801,1305.2453079168931,0.5687655783174839,10.0,2.841359470454855
r35c36,22.75,86.25,25817,286,0,100.98045586146358,1.0519195635143974,25.424477188825804,1290.1436935475288,0.5139226204604769,40.0,4.411905774756818
r35c37,22.75,86.75,18748,272,0,101.5721612968666,1.1040027732392337,25.606875562796144,1389.6829993527542,0.5061532151846824,40.0,4.2729549448481725
r35c38,22.75,87.25,7035,208,0,92.88431004480584,1.1489507791209879,25.828882078444316,1445.536161259015,0.419326684120403,40.0,3.8472641017707647
r35c39,22.75,87.75,25051,289,0,100.13470142147797,1.222893270119078,25.868962570887547,1485.8692615968569,0.2778755141444521,40.0,4.3988250669622895
r35c40,22.75,88.25,648485,400,0,84.71773465912507,1.2049196256623345,25.869864651624297,1567.047288417488,0.40143748018180025,40.0,5.811899934941965
r35c41,22.75,88.75,43680,264,0,98.32346791102542,1.150268742921804,25.859919057366923,1694.816161870395,0.45226880161222455,10.0,4.640282629696681
r35c42,22.75,89.25,2168,137,0,77.3117569013215,0.9959218331147629,25.877909773227707,1687.7276703284297,0.29556205162189125,40.0,3.336059277866349
r35c43,22.75,89.75,8821,191,0,71.01376575487753,1.0647975861619559,25.71113242499533,1669.7037334050847,0.37796537437673516,40.0,3.9455178220778397
r35c44,22.75,90.25,22659,217,0,65.49772683101536,1.3438343693785324,25.709207709121465,1730.8490811856582,0.5617377110500631,10.0,4.35524073941683
r35c45,22.75,90.75,3957,174,0,87.10973683429982,1.3898671706795176,25.75559541739088,1853.205050845393,0.3427382997826733,80.0,3.597366050266028
r35c46,22.75,91.25,4295,211,0,109.80625918730314,1.4314789163821295,25.573514383453002,2044.375318338896,0.48254351620837244,10.0,3.632963168167261
r35c47,22.75,91.75,10979,289,0,115.68966478268281,1.8227614740081202,25.35963631989741,1965.438614131009,0.7594235773533513,10.0,4.0405627850813115
r35c48,22.75,92.25,2396,227,0,115.5607904602744,1.9593228623806835,24.920313426115897,1557.0995303199802,0.8524840174931736,10.0,3.3794868137172736
r35c49,22.75,92.75,2515,166,0,86.78101055255772,2.593346458295708,22.413371358397498,1684.9033655899643,0.9963328788989269,10.0,3.400537989391946
r35c50,22.75,93.25,16816,251,0,103.84841156834649,2.6034470571688115,19.015085345569705,1502.0531739575254,0.9948241410542612,10.0,4.225722698684167
r35c51,22.75,93.75,122,105,0,,1.931984547202682,20.249193166330066,1780.274894578223,0.9894289687334447,10.0,2.0863598306747484
r35c52,22.75,94.25,0,0,0,,1.6810393517493907,24.18443399806029,1758.3580691149652,0.7164570709939612,10.0,0.0
r35c53,22.75,94.75,48,16,0,,1.382001104986023,25.982982142915883,1099.8459797498285,0.7171966342750409,10.0,1.6812412373755872
r35c54,22.75,95.25,36,25,0,,1.1187206316839071,26.90181784280501,919.1678134996747,0.2628880628331246,40.0,1.5563025007672873
r35c55,22.75,95.75,87,54,0,,1.087868893713122,26.39404146631378,975.3510950573748,0.2260430278148138,40.0,1.9395192526186185
r35c56,22.75,96.25,71,47,0,,2.1947397985139863,22.693006594011813,1661.7806537540753,0.9032905987774572,10.0,1.8512583487190752
r35c57,22.75,96.75,431,169,0,130.2409609323767,2.7391745726586705,20.93135309789825,1468.1531430542702,0.9710250597157193,10.0,2.6344772701607315
r35c58,22.75,97.25,657,205,0,128.9031502000534,2.4259153817143013,21.411873881261453,1543.5709780801976,0.8752989845759094,10.0,2.8175653695597807
r35c59,22.75,97.75,13,10,0,,2.2615673100489855,21.56593790059567,1455.114592218305,0.7626134029035713,10.0,1.1139433523068367
r35c60,22.75,98.25,5,4,0,,2.4439227332973,20.71834927897731,1730.6211491892382,0.8962976864179515,10.0,0.6989700043360189
r35c61,22.75,98.75,0,0,0,,2.907740188792987,20.81995681609039,1684.7535536316323,0.9871035507246835,10.0,0.0
r35c62,22.75,99.25,0,0,0,,2.8175866013060924,19.73645285297926,1590.5202744604558,0.984015374810046,10.0,0.0
r35c63,22.75,99.75,13,6,0,,2.45305931812057,18.290043574524148,1499.2941871663163,0.9371390198587143,10.0,1.1139433523068367
r35c64,22.75,100.25,1465,202,0,113.91667126911182,2.235749164645554,20.152633198406026,1152.2813039710936,0.9088551309439029,10.0,3.1658376246901283
r35c65,22.75,100.75,1271,176,0,94.59045748883561,2.541772017667293,20.129007847025708,1384.2446064992507,0.9465764591733983,10.0,3.104145550554008
r35c66,22.75,101.25,873,201,0,124.9613393006846,2.883920881849929,19.233539600347726,1848.1664024354425,0.9684538344010648,10.0,2.9410142437055695
r35c67,22.75,101.75,49,41,0,,2.7913185352866914,19.578672495713562,1873.1006909806583,0.9712769011041941,10.0,1.6901960800285136
r36c00,23.25,68.25,32,31,0,,0.561502766798419,26.054844970532656,613.2833495994639,0.017748746371074122,80.0,1.505149978319906
r36c01,23.25,68.75,34379,303,0,118.07834670776167,0.6683070355337674,26.125450358498462,625.8711247525436,0.3509277396741248,80.0,4.536293239983433
r36c02,23.25,69.25,90992,317,0,105.65633268019255,0.6344182882910031,26.17128665225264,667.4650592554888,0.5455532194713816,20.0,4.959003210908092
r36c03,23.25,69.75,134391,323,0,115.30154986543671,0.5630822641599532,26.66607200972267,608.4224529021029,0.5167764530707025,20.0,5.128370185524258
r36c04,23.25,70.25,12442,253,0,101.95872390805008,0.4514197884190535,27.129390118322743,594.1678113832318,0.3504327410392428,40.0,4.0948901970066505
r36c05,23.25,70.75,13045,272,0,116.85161605751755,0.486272867099187,27.220572180381005,625.8822923863585,0.35930374002716486,40.0,4.115444083436239
r36c06,23.25,71.25,30350,317,0,122.63940945246807,0.41572241810260285,27.501981286107043,653.4845897850337,0.6973885035942102,60.0,4.482158695411276
r36c07,23.25,71.75,147799,329,0,119.39459851929459,0.47702373983329793,27.449148334050815,708.5475544151719,0.2732273519453207,40.0,5.16967149565589
r36c08,23.25,72.25,310233,327,0,106.84328524335078,0.7311794361907412,26.848419653869325,730.3775196423541,0.06908505872228417,40.0,5.49168799256086
r36c09,23.25,72.75,320055,326,0,92.20394737279103,0.8224378877061609,26.5530534177441,775.8948976765066,0.13649198454597558,40.0,5.505224616269968
r36c10,23.25,73.25,6352,209,0,104.61708084493294,0.8901969709278823,26.431823614949636,900.5279538253699,0.21619742083800164,40.0,3.8029104894190398
r36c11,23.25,73.75,13154,242,0,114.86205162356454,0.9227500698516046,26.282439410897517,984.9460055598852,0.3943362807213852,40.0,4.119057837523237
r36c12,23.25,74.25,1219,146,0,94.4773670573612,0.8832356980066121,25.909458482669166,1143.5466754688464,0.26360318445355796,40.0,3.0860037056183818
r36c13,23.25,74.75,3563,204,0,105.72487843586606,0.8586320973416036,25.331451488627117,1182.8946013866425,0.3671500504416981,40.0,3.5518158223510157
r36c14,23.25,75.25,1682,158,0,91.92138020629733,0.8573282364889632,24.941478481483017,1069.5060235594776,0.08725011258007566,40.0,3.2258259914618934
r36c15,23.25,75.75,10009,236,0,101.93109227709861,0.8667187844634022,24.929753454899284,1156.5272537036017,0.0415450799664245,40.0,4.00039068924991
r36c16,23.25,76.25,2357,195,0,109.72920476804823,0.8565653723550479,25.067990417776535,1206.1088610457045,0.10767786795473425,40.0,3.3723595825243238
r36c17,23.25,76.75,2817,176,0,86.83588174313803,0.8412030436780547,25.05228236905306,1295.2759258017943,0.029966260824111773,40.0,3.4497868469857735
r36c18,23.25,77.25,117037,324,0,107.77267241421187,0.87912868027241,24.99170950694823,1327.3555386238922,0.17626999788613337,40.0,5.068323181024432
r36c19,23.25,77.75,15389,280,0,115.40606802614325,0.9440224421997364,24.994155259796,1355.123386710111,0.42783274996258425,40.0,4.187210399650053
r36c20,23.25,78.25,983,158,0,105.48235564528633,0.917729220452071,25.059195182780098,1439.8824602843765,0.3235179541091038,40.0,2.9925535178321354
r36c21,23.25,78.75,1215,154,0,95.33658654308266,0.891774224256491,25.142410630191698,1366.6670881463263,0.3393511058566828,40.0,3.084576277934331
r36c22,23.25,79.25,10983,245,0,109.23451267681443,0.9664733823126997,25.079902907767053,1292.6682742426708,0.5441175958670545,30.0,4.040720983601194
r36c23,23.25,79.75,83029,345,0,118.59007982794239,0.9780518848498412,25.113653403035176,1188.9566880706238,0.28429578353992446,40.0,4.9192298073186835
r36c24,23.25,80.25,46936,319,0,123.3854873943569,1.0506857001948797,24.797926726508706,1258.9698064106974,0.4366692267260099,40.0,4.671506075208275
r36c25,23.25,80.75,2210,227,0,125.87267232409857,1.057967431374934,24.135407997159863,1335.5141324649694,0.5827951354442328,40.0,3.3443922736851106
r36c26,23.25,81.25,1215,163,0,99.36880484421792,1.1654605397317024,24.126301861556644,1180.3832212205466,0.6322150675519812,10.0,3.084576277934331
r36c27,23.25,81.75,215,82,0,,1.0389372624805802,23.890225706494377,1170.5240671568984,0.4611611590071687,40.0,2.3324384599156054
r36c28,23.25,82.25,200,81,0,,1.105819782593452,23.600136657928726,1269.2766724720875,0.6676471258358958,30.0,2.3010299956639813
r36c29,23.25,82.75,1269,189,0,114.36578206175435,1.0607833130670357,23.76809373260936,1248.0218470069892,0.45922101233143475,40.0,3.103461622094705
r36c30,23.25,83.25,1292,202,0,112.538931090014,1.1087178942194418,23.326659019359745,1304.4265442327262,0.42169575239139595,40.0,3.1112625136590655
r36c31,23.25,83.75,774,138,0,100.355532833949,1.2982744910104145,22.18889589566621,1468.2591572484753,0.6352890878216131,10.0,2.8887409606828927
r36c32,23.25,84.25,404,132,0,108.60411420753475,1.2715443668764972,22.396406801003454,1420.4032573442375,0.6160327952169246,10.0,2.606381365110605
r36c33,23.25,84.75,349,112,0,94.26931655796434,1.016999288557113,22.746035300935006,1281.921352457904,0.27369027965404985,40.0,2.5428254269591797
r36c34,23.25,85.25,37108,294,0,102.9792211636371,0.9959652321708636,23.15875854270556,1407.1491912539543,0.42135317331855243,40.0,4.569467547925435
r36c35,23.25,85.75,10642,244,0,90.30659247989281,1.0716060218819496,24.461621333035627,1366.9396408863158,0.5032586169413946,40.0,4.027023254588704
r36c36,23.25,86.25,38479,311,0,113.97810526240994,0.988194230686497,24.90277576746406,1434.9629445535525,0.3340192280488112,40.0,4.585223776979987
r36c37,23.25,86.75,6588,240,0,103.07969235102661,1.008474261254504,25.328038338289765,1425.7921936263288,0.3669144975530746,40.0,3.8187535904977166
r36c38,23.25,87.25,20977,279,0,103.11207333533328,1.0254152664330274,25.60631832989667,1441.1500327055592,0.35730684459437256,40.0,4.32174337820423
r36c39,23.25,87.75,27355,259,0,99.72449010791199,1.0474840854326966,25.721976390269614,1462.3793034620373,0.16206594170266767,40.0,4.437036719113488
r36c40,23.25,88.25,54476,261,0,97.85847277657439,1.1319416854571134,25.683654746756464,1537.50087504097,0.215894329357807,40.0,4.736205211208257
r36c41,23.25,88.75,35581,245,0,87.87322573762071,1.21241209937496,25.603036657150355,1659.6718090823113,0.4316445108866489,40.0,4.55121814971696
r36c42,23.25,89.25,963,128,0,86.46303008745053,1.221780802976182,25.54983446232251,1691.8053003625769,0.39646015850773597,40.0,2.9836262871245345
r36c43,23.25,89.75,1187,122,0,75.83949778060523,1.2304683407846257,25.597169801092296,1684.74969507984,0.3269303369563405,40.0,3.074450718954591
r36c44,23.25,90.25,10481,257,0,105.47798911514482,1.2716953540526397,25.759259868139193,1690.828601174167,0.3449077128670389,40.0,4.020402720983878
r36c45,23.25,90.75,2022,173,0,98.05828642414438,1.4108693431620571,25.613819656424315,1731.7588169140301,0.4717793144829386,10.0,3.3057811512549824
r36c46,23.25,91.25,31296,293,0,106.72451206116027,1.4971602603111762,25.31844075335865,1726.8535146983459,0.5844776327219098,10.0,4.495488833107507
r36c47,23.25,91.75,3528,225,0,104.2934687397211,1.938018359262276,25.012702681597585,1682.7779925899408,0.9180778365138919,10.0,3.547528576459782
r36c48,23.25,92.25,1384,166,0,103.33706125018527,2.327899977863509,24.005907524838562,1580.9491523367747,0.9561262074074689,10.0,3.141136090120739
r36c49,23.25,92.75,9867,255,0,107.93270328389967,2.769123972787418,21.371851446420088,1631.514044026907,0.9976598715919803,10.0,3.994185128202317
r36c50,23.25,93.25,618,134,0,103.03282016664876,2.727439118362835,19.339702667543804,1298.337369252326,0.9894818721552368,10.0,2.790988475088816
r36c51,23.25,93.75,3,3,0,,2.1291124031843403,19.97372302067642,1548.179421343429,0.9738757261533565,10.0,0.47712125471966244
r36c52,23.25,94.25,96,93,0,,1.6656972252582316,24.43079255028941,1562.8352476275666,0.7301594735584644,10.0,1.9822712330395684
r36c53,23.25,94.75,677,192,0,127.4476132253615,2.21751868978586,24.77738620093994,1468.5784407458113,0.9691989200287084,10.0,2.8305886686851442
r36c54,23.25,95.25,50,38,0,,1.3634445223790888,26.029988712685416,1048.8924979461403,0.5187977871962862,10.0,1.6989700043360187
r36c55,23.25,95.75,675,185,0,135.58231284748612,1.314966927664668,25.731706352856076,1132.6887986514143,0.5454924629126728,40.0,2.829303772831025
r36c56,23.25,96.25,72,52,0,,1.8582133287304514,24.828776024436838,1425.746991778261,0.8107977509458602,10.0,1.8573324964312685
r36c57,23.25,96.75,0,0,0,,2.359190429109531,22.977427286685753,1793.8439358848211,0.9080904178496515,10.0,0.0
r36c58,23.25,97.25,219,92,0,,2.8567325084820583,20.03597172152951,2230.7074814033504,0.9900264970618419,10.0,2.3404441148401185
r36c59,23.25,97.75,62,31,0,,2.624976750615779,20.28603160106727,1539.7761918859385,0.8940733518708208,10.0,1.792391689498254
r36c60,23.25,98.25,79,38,0,,2.6531921532846257,20.21478124786019,1602.284411994756,0.9366573701737332,10.0,1.8976270912904414
r36c61,23.25,98.75,61,59,0,,2.815155562781914,20.792889443229186,1669.3382381176475,0.9705092416928888,10.0,1.7853298350107671
r36c62,23.25,99.25,468,177,0,130.24090852933716,2.674155397405548,18.66068965626887,1730.7606987127133,0.8953268662077125,10.0,2.670245853074124
r36c63,23.25,99.75,1,0,0,,2.161751858231954,17.86594945290752,1385.3674417782295,0.8355620181102719,10.0,0.0
r36c64,23.25,100.25,1,1,0,,2.2973280451089284,19.4329764962436,1268.4968385354205,0.8966853942718392,10.0,0.0
r36c65,23.25,100.75,0,0,0,,2.526081927149831,19.51153450019897,1509.3002981220034,0.9478732045962084,10.0,0.0
r36c66,23.25,101.25,88,66,0,,2.495429340065549,18.94989619752528,1676.7388576602464,0.9326384994829304,10.0,1.9444826721501687
r36c67,23.25,101.75,7,7,0,,2.237648327530827,18.37488554839146,1714.9498793470152,0.9313101725869172,10.0,0.8450980400142568
r37c00,23.75,68.25,50,41,0,,0.23505573513250458,26.592261542408103,521.5996357710522,0.05354098182200236,80.0,1.6989700043360187
r37c01,23.75,68.75,19761,243,0,96.45547187606317,0.5509342035621837,26.619845560614753,504.8738871269951,0.5075233237752387,80.0,4.2958089181611765
r37c02,23.75,69.25,72851,308,0,120.86654750307085,0.49347659279894796,26.894915535264122,498.9152180839426,0.6516567281122942,20.0,4.862435517554206
r37c03,23.75,69.75,33593,290,0,114.29489700031392,0.3928206070708213,27.104565870668637,517.6011366786809,0.6454429688345614,60.0,4.526248789946679
r37c04,23.75,70.25,11676,260,0,104.98471005442839,0.4687823980671815,27.28805095347145,533.8255172044433,0.5710759462425596,80.0,4.067294086315977
r37c05,23.75,70.75,16168,235,0,105.34237316987516,0.4819896334610603,27.346279201316662,580.7208222462621,0.5498717755604007,40.0,4.208656300507248
r37c06,23.75,71.25,11122,255,0,112.70178588572914,0.3751972654388428,27.566649066978094,662.3967677332791,0.555408337246735,60.0,4.046182890740882
r37c07,23.75,71.75,2514,184,0,99.34453569204447,0.5885931539045609,27.172107345170378,698.7803222110862,0.09060458969410702,40.0,3.400365273349939
r37c08,23.75,72.25,13208,223,0,99.34949914672539,0.7573261168417239,26.4165018447151,681.6917076217304,0.057807324109106335,40.0,4.120837060254737
r37c09,23.75,72.75,11972,247,0,106.45102747577043,0.8505313426376687,25.88239602113901,766.3146697222244,0.1383422086248345,40.0,4.078166708168154
r37c10,23.75,73.25,29627,262,0,110.09904109872505,0.9327313117087009,25.47072901400996,916.2727796606346,0.41956226480055936,40.0,4.471687677487212
r37c11,23.75,73.75,3047,196,0,112.75571500423662,0.8583589959431136,25.732953727074594,887.4152749376095,0.5771830961846811,40.0,3.4838724542226736
r37c12,23.75,74.25,1654,179,0,113.31516789166974,0.8894115475144911,26.002400972828887,977.9365990189531,0.40431313675366093,40.0,3.218535505216528
r37c13,23.75,74.75,808,156,0,111.33079194334414,0.8774992787001693,25.195945439617923,1143.148177181301,0.3121157538850248,40.0,2.907411360774586
r37c14,23.75,75.25,68,35,0,,0.8358429291341023,25.024591111290214,1074.0584073792415,0.09055140661012018,40.0,1.8325089127062364
r37c15,23.75,75.75,178,44,0,,0.8692585010795275,25.09270613058107,1185.7203355751792,0.13808398764083546,40.0,2.250420002308894
r37c16,23.75,76.25,1221,162,0,98.46198822854468,0.8103400017329612,25.2634068789737,1216.290130239358,0.15957740363863862,40.0,3.0867156639448825
r37c17,23.75,76.75,1503,144,0,87.20605869897358,0.8242115443728113,25.142045924826604,1284.047398005421,0.0426879266601116,40.0,3.176958980586908
r37c18,23.75,77.25,1506,199,0,115.88853029668776,0.897297164505301,24.791846272627755,1324.4561630510307,0.22094887351095613,40.0,3.177824971864682
r37c19,23.75,77.75,3030,232,0,120.80742553359916,0.8795607082970927,24.838768613371503,1272.0305079829977,0.07795647204314873,40.0,3.481442628502305
r37c20,23.75,78.25,614,158,0,110.4042444462513,0.8862215634456515,24.697920072074854,1266.364196386496,0.24959991746765092,40.0,2.788168371141168
r37c21,23.75,78.75,1559,176,0,88.53300557354355,0.8625727896511101,24.72674828960283,1201.6797231308835,0.29957156188619266,40.0,3.192846115188842
r37c22,23.75,79.25,12437,259,0,115.73837101057936,0.8780010135482803,25.037217761327135,1089.638434696855,0.3302337297711952,40.0,4.094715634328187
r37c23,23.75,79.75,7534,252,0,118.45512701756087,0.9291181936311657,25.011657454949486,1142.6406900221825,0.4686998907902095,40.0,3.877025615867249
r37c24,23.75,80.25,1842,211,0,111.24178490221166,0.9730337944626456,24.855524540344252,1122.9868615662929,0.38883504009230463,40.0,3.26528962586083
r37c25,23.75,80.75,30300,304,0,103.74660283904353,1.0082862290150303,24.86244873292023,1080.9415635776056,0.46278485002297776,40.0,4.481442628502305
r37c26,23.75,81.25,101496,335,0,106.14720928159083,1.0232788478660868,24.833037783325377,1080.3247556779027,0.6306994955161042,10.0,5.006448926858506
r37c27,23.75,81.75,11364,213,0,86.15063686627607,1.1324956019044605,24.444222916205618,1121.521931613987,0.7349882898645381,10.0,4.055531225050898
r37c28,23.75,82.25,6108,222,0,96.46230773357485,1.2604199027548983,24.085343837447763,1207.6420448815325,0.8828337736698687,10.0,3.7858990283843834
r37c29,23.75,82.75,470,71,0,60.16749909058469,1.2266417522545656,24.553572951649564,1165.3603532494642,0.8307099459394123,10.0,2.6720978579357175
r37c30,23.75,83.25,24,18,0,,1.2168784420189673,24.211132047043343,1231.2301289746251,0.6605348656981529,10.0,1.380211241711606
r37c31,23.75,83.75,1186,207,0,120.00349423763755,1.2795221176256408,24.080595789247216,1174.4336862909756,0.6918163541270786,10.0,3.074084689028244
r37c32,23.75,84.25,2157,213,0,109.24441316887058,1.344423688365379,24.07691961661454,1132.3219574797547,0.766482814884816,10.0,3.333850145102545
r37c33,23.75,84.75,312,97,0,90.15045994858784,1.1615014111402042,23.4637171274,1096.422968860378,0.6270534666336344,10.0,2.494154594018443
r37c34,23.75,85.25,7571,224,0,97.19150696839735,1.0712395352823911,23.45277743611967,1144.4338033264135,0.6348877545304947,10.0,3.879153246184246
r37c35,23.75,85.75,818,135,0,86.46660098508305,1.011266264973717,23.999928143928866,1255.8909082145315,0.5823811701267574,10.0,2.912753303671323
r37c36,23.75,86.25,14931,228,0,82.26303205718011,1.040460997982208,24.76514573905836,1307.960170037512,0.5615496621214302,40.0,4.174088895463686
r37c37,23.75,86.75,49321,317,0,102.59943507066691,0.9548806251997806,25.153464939348734,1338.5265202280582,0.4017733078529923,40.0,4.693031873480854
r37c38,23.75,87.25,41008,301,0,108.6208348920302,0.919949525344806,25.38424995998571,1369.0934574928,0.28197636518523095,40.0,4.612868588840168
r37c39,23.75,87.75,64366,308,0,102.49241061268337,1.012183392831453,25.799264673005,1431.5395239106808,0.15960326243293935,40.0,4.808656520906123
r37c40,23.75,88.25,44302,276,0,96.71805400414544,1.0808954785752962,25.61306117904504,1504.9775023716566,0.21912589004782537,40.0,4.64642333275484
r37c41,23.75,88.75,1844,136,0,85.19189203358857,1.227508791398341,25.493682108045213,1566.102650826725,0.3937323534940462,40.0,3.2657609167176105
r37c42,23.75,89.25,12535,228,0,97.27497778344409,1.2073960373637753,25.47787138768829,1648.9970065758735,0.3790526058292296,40.0,4.098124338294236
r37c43,23.75,89.75,4915,202,0,86.79147505672319,1.16931448996663,25.63243506567046,1666.2292560653586,0.31607555877488097,40.0,3.6915235221681546
r37c44,23.75,90.25,230289,378,0,78.9946478600179,1.1404459667861624,25.52863445157236,1751.3140256724164,0.34744614383668626,40.0,5.362273193919966
r37c45,23.75,90.75,7024,207,0,79.03535458985829,1.1980076191729288,25.405439630999467,1788.6288825980819,0.3424585179800537,40.0,3.8465845028980463
r37c46,23.75,91.25,163628,334,0,94.50496212159457,1.5065636573886718,25.206173515819014,1686.9185654239554,0.6147952443021322,10.0,5.213857622104278
r37c47,23.75,91.75,42275,296,0,101.64317569511604,2.0726750188426584,24.712045447279266,1637.138707337566,0.9481918835068945,10.0,4.62608361626978
r37c48,23.75,92.25,11042,263,0,104.07583529908194,2.5227055555843787,23.69057817760346,1569.66569253641,0.9951107177181576,10.0,4.043047742804119
r37c49,23.75,92.75,8865,284,0,104.3931859665488,2.731479336151184,21.87644074816042,1686.5276635650555,0.9962880721803826,10.0,3.9476787399369364
r37c50,23.75,93.25,2909,245,0,120.44835006679679,2.848539858157006,19.52511361068823,1486.2242996584196,0.9937796956557239,10.0,3.463743721247059
r37c51,23.75,93.75,11,11,0,,2.389766099997703,19.257907103664543,1647.942796102131,0.996587312613114,10.0,1.0413926851582251
r37c52,23.75,94.25,46,42,0,,2.0646125775992004,23.30817796908716,2149.329364782127,0.8550034919968933,10.0,1.662757831681574
r37c53,23.75,94.75,112,78,0,,2.5715086366876925,24.464665363012706,1670.982093493751,0.9654809808853179,10.0,2.0492180226701815
r37c54,23.75,95.25,0,0,0,,1.9035541185282512,24.764257334755015,1262.551871877932,0.7957840146102507,10.0,0.0
r37c55,23.75,95.75,948,232,0,139.61345219472216,1.6246022465736516,24.96603497063545,1277.5939081165366,0.6473419234911217,10.0,2.976808337338066
r37c56,23.75,96.25,185,73,0,,1.6299701569318696,25.454169706264,1329.1763918625602,0.5355123471401438,10.0,2.2671717284030137
r37c57,23.75,96.75,0,0,0,,2.4728901858751815,24.605684304589122,1785.3460992917355,0.9464754734367824,10.0,0.0
r37c58,23.75,97.25,43,26,0,,2.873871417405979,21.862435339655875,1817.8915764630067,0.9696953106877807,10.0,1.6334684555795864
r37c59,23.75,97.75,2705,348,0,137.20412499547547,2.669685839372163,19.66898364268318,1759.8997313269442,0.8583822455352447,10.0,3.4321672694425884
r37c60,23.75,98.25,0,0,0,,2.7263552002296456,19.115747932101772,1621.2017326459222,0.9485046395951364,10.0,0.0
r37c61,23.75,98.75,59,30,0,,2.418262520849825,19.01835627618765,1640.1274780050442,0.9353662199012465,10.0,1.7708520116421442
r37c62,23.75,99.25,44,42,0,,2.335214482469344,18.235475125562033,1530.1580484672147,0.8670057504800519,10.0,1.6434526764861874
r37c63,23.75,99.75,20,19,0,,2.1818125373549018,17.09141749945663,1412.7517643114159,0.877452308229781,10.0,1.3010299956639813
r37c64,23.75,100.25,6,5,0,,2.220012039836704,18.020101261522438,1477.2897182886736,0.9212652573861582,10.0,0.7781512503836436
r37c65,23.75,100.75,5,3,0,,2.3730699691962496,17.721602748387845,1518.9580156619872,0.9107824348973007,10.0,0.6989700043360189
r37c66,23.75,101.25,164,96,0,,2.2247644839322707,18.444140355027198,1771.326509039448,0.9133956565711544,10.0,2.214843848047698
r37c67,23.75,101.75,107,77,0,,1.9321626374847087,19.231600012836935,1408.2278892628349,0.9080530118453538,10.0,2.0293837776852097
r38c00,24.25,68.25,195,89,0,,0.3393586239880283,26.95147481133312,403.7517306001435,0.3418418624315048,40.0,2.290034611362518
r38c01,24.25,68.75,160,85,0,,0.31133436044966123,27.084013556214185,403.9873254924247,0.29486851367062417,80.0,2.2041199826559246
r38c02,24.25,69.25,993,168,0,100.67671597904757,0.27958344588750683,27.212838513234907,409.8947719325318,0.799853041834662,60.0,2.996949248495381
r38c03,24.25,69.75,798,80,0,63.86121490932544,0.2557342349216897,27.38781893867078,421.7137285160363,0.9492204682696768,20.0,2.9020028913507296
r38c04,24.25,70.25,513,179,0,128.00538222140133,0.2573886513249588,27.510039068131814,425.58862046285856,0.6892551365121559,80.0,2.7101173651118162
r38c05,24.25,70.75,1221,208,0,118.79344436616344,0.27614510956078625,27.55622450809415,482.8086541315298,0.7795365566231789,60.0,3.0867156639448825
r38c06,24.25,71.25,14026,232,0,103.43117853341695,0.481428069211061,27.355540006068136,569.2651169098328,0.6448726798321838,40.0,4.1469338345627635
r38c07,24.25,71.75,2280,153,0,81.49742621322336,0.7016909997823918,26.803183349880197,641.3294743176283,0.05130602181170492,40.0,3.357934847000454
r38c08,24.25,72.25,16842,265,0,107.73650105526877,0.7867781447299342,26.099500166888994,705.7571589022334,0.11398895379975307,40.0,4.226393663018083
r38c09,24.25,72.75,31462,289,0,118.44576167211001,0.8833239242182813,25.08902549824246,831.1576356125555,0.5529112517262198,40.0,4.497786326721968
r38c10,24.25,73.25,6351,231,0,111.23443047732404,0.9949314983831721,24.206980331128097,930.7340138725561,0.7321414222833557,10.0,3.8028421127390746
r38c11,24.25,73.75,15533,272,0,116.74296293218532,0.91238529244697,24.702683128316774,838.9564347195569,0.806210685977379,30.0,4.191255342246265
r38c12,24.25,74.25,11218,266,0,122.99136686391589,0.963811719196643,24.925176324465582,980.9233050833342,0.5995073375626965,40.0,4.049915435673498
r38c13,24.25,74.75,6927,245,0,98.16269195175552,0.9206465174487333,24.839761302155384,1008.0593923978395,0.33846047261590734,40.0,3.8405451876368386
r38c14,24.25,75.25,2147,175,0,94.73251297407234,0.7829955321549905,25.12393369837507,1037.7610250383075,0.11308166240660898,40.0,3.331832044436249
r38c15,24.25,75.75,497,95,0,78.74861885975797,0.8182054887994964,25.383905758576695,1108.2074740889504,0.22218921667718497,40.0,2.696356388733332
r38c16,24.25,76.25,187,96,0,,0.8013156629970034,25.578526588599853,1154.8684666164297,0.2479925369048858,40.0,2.271841606536499
r38c17,24.25,76.75,208,61,0,,0.8140312779434771,25.223470326994708,1222.3094061137622,0.3536364254721408,40.0,2.3180633349627615
r38c18,24.25,77.25,95,57,0,,0.8636474014542029,24.745294546979853,1281.6312933244424,0.21844141435525558,40.0,1.9777236052888478
r38c19,24.25,77.75,217,92,0,,0.8505890509507799,24.722060061711726,1190.453079178864,0.09586640865672934,40.0,2.3364597338485296
r38c20,24.25,78.25,1497,175,0,98.76906267432457,0.8456306036086049,24.781790046109528,1147.9860121645702,0.17433444606982143,40.0,3.1752218003430523
r38c21,24.25,78.75,316,68,0,63.871335145700435,0.9175241156010948,24.67735970725717,1136.1329908238326,0.3596872741357514,40.0,2.499687082618404
r38c22,24.25,79.25,681,152,0,103.49619651959704,0.9150538093112143,24.70636095896258,1145.8589761735254,0.5057494900309265,40.0,2.833147111912785
r38c23,24.25,79.75,11355,233,0,99.79909126998898,0.865051844304485,24.835519508395276,1075.9419713992434,0.40136305005234113,40.0,4.055187138555754
r38c24,24.25,80.25,607,110,0,82.95873442365652,0.901326826487174,24.736365987865533,1093.166944914457,0.47317915425268386,40.0,2.7831886910752575
r38c25,24.25,80.75,800,154,0,99.78014880192949,0.9315643628136407,24.611734582744944,1058.6142222484593,0.4359789170161301,40.0,2.9030899869919438
r38c26,24.25,81.25,1854,184,0,100.98961728905282,0.869038227340996,24.8524579448194,1056.2593235991849,0.3384708962157859,40.0,3.2681097298084785
r38c27,24.25,81.75,13941,259,0,100.98203077218348,0.9740666402212367,24.89431174693308,1075.4948690090814,0.48326515474435416,40.0,4.144293927198531
r38c28,24.25,82.25,550,120,0,96.55128373103585,0.9625009407591574,24.810471784329827,1111.390121440721,0.5766867515821581,40.0,2.7403626894942437
r38c29,24.25,82.75,297,88,0,83.492742589015,0.8944154521533155,25.05772273019096,1094.1886024532844,0.5731653767697057,30.0,2.4727564493172123
r38c30,24.25,83.25,287,119,0,114.38960341337182,1.0546655254514155,25.034736635689182,1106.6529260604248,0.5929266437221289,10.0,2.4578818967339924
r38c31,24.25,83.75,295,94,0,89.03159089381333,0.9931388402366352,25.09965145265927,1113.54634579896,0.44468132627390994,40.0,2.469822015978163
r38c32,24.25,84.25,441,78,0,66.33913793233933,0.9829740306318497,24.888804733389026,1113.8168884577622,0.48194477672586894,40.0,2.6444385894678386
r38c33,24.25,84.75,613,108,0,82.29025015231748,1.119776446084296,24.616386620153126,1111.1373205285138,0.6241741118825045,10.0,2.787460474518415
r38c34,24.25,85.25,7918,245,0,100.05030348646423,1.1233430274367084,24.105300499016977,1213.842314741982,0.61367051835631,10.0,3.898615497416186
r38c35,24.25,85.75,2852,160,0,85.21407599821003,0.9782871314576924,24.089849284640433,1182.808160505949,0.47652973781709657,40.0,3.4551495211798278
r38c36,24.25,86.25,473,125,0,98.92068067325678,0.8813775884423302,24.23451460387842,1301.241546186185,0.4550440952661574,40.0,2.6748611407378116
r38c37,24.25,86.75,1005,153,0,96.61869266146608,0.9134294154336333,24.60472998024512,1323.6651707346764,0.36974914899387074,40.0,3.002166061756508
r38c38,24.25,87.25,1851,185,0,107.04562003928007,1.0115171330788442,24.889797127091807,1351.4475917824573,0.4863009970621044,40.0,3.267406418752904
r38c39,24.25,87.75,1440,124,0,72.9052897780767,0.9970297861322297,25.404403384516513,1413.7170696863002,0.20104026172367298,40.0,3.1583624920952498
r38c40,24.25,88.25,29851,299,0,106.42963144463928,1.0404243622475295,25.486134786493885,1490.3013279233724,0.24219570043210925,40.0,4.474958884450563
r38c41,24.25,88.75,75534,347,0,106.92964902841351,1.1448317905311,25.409870842864382,1564.1292525376991,0.41259055061546446,40.0,4.878142483928328
r38c42,24.25,89.25,2345,142,0,78.24099506415445,1.1806356608398176,25.27335889395423,1676.6511870093434,0.3421368923522104,40.0,3.370142847051102
r38c43,24.25,89.75,2178,172,0,85.06125394536323,1.0881789443276575,25.271965439222335,1770.530892430707,0.2863174796358195,40.0,3.3380578754197563
r38c44,24.25,90.25,15163,188,0,68.45921346011741,1.2571620781666,25.14231911672718,1944.0461178701528,0.5864263144820484,10.0,4.180785134973439
r38c45,24.25,90.75,1065,119,0,72.62327156264651,1.2680170916370297,25.191880412018968,2056.4379226438205,0.43575546289333894,40.0,3.0273496077747564
r38c46,24.25,91.25,30033,314,0,110.49278169206457,1.246436708756145,25.152923474978238,1991.1567183136003,0.21245169826235727,40.0,4.477598716094118
r38c47,24.25,91.75,27543,389,0,126.48854255401778,1.6797003945436053,24.9162568337397,1810.7153043991434,0.6636199112491672,10.0,4.440011242111454
r38c48,24.25,92.25,51403,342,0,116.84149977119239,2.020211179910847,24.705648356497463,1730.8820397067536,0.8980000778487659,10.0,4.710988466182538
r38c49,24.25,92.75,3489,199,0,91.31186522140062,2.524023030404678,23.642643517741416,1914.8214663834194,0.9697283363353632,10.0,3.5427009694481106
r38c50,24.25,93.25,15,11,0,,2.826102473764125,21.330918819287366,1772.1528490332055,0.9980360604118702,10.0,1.1760912590556813
r38c51,24.25,93.75,4694,220,0,103.70140103901456,2.294851825947038,20.023747349761617,1319.1877998820937,0.8578687222960437,10.0,3.6715430852625737
r38c52,24.25,94.25,3621,218,0,107.17018059187383,2.3312413802537257,22.142734453749835,1658.8887286344223,0.9096125006843174,10.0,3.5588285248170117
r38c53,24.25,94.75,19,18,0,,2.2027111365632672,24.467402795162656,1602.2571651698556,0.8076152406075288,10.0,1.2787536009528289
r38c54,24.25,95.25,131,55,0,,2.2982806708949175,24.208806073044908,1421.6190257375376,0.9303361136313508,10.0,2.1172712956557644
r38c55,24.25,95.75,169,102,0,,2.1287619482330133,23.942654939832906,1558.4035750025857,0.9343684681049688,10.0,2.2278867046136734
r38c56,24.25,96.25,573,136,0,95.59656290764491,1.8514061175846706,24.700190601208213,1414.532653593689,0.6241627197766656,10.0,2.75815462196739
r38c57,24.25,96.75,60,41,0,,2.052998953230614,24.925606980814692,1792.4424416064278,0.6879626262981055,10.0,1.7781512503836436
r38c58,24.25,97.25,99,57,0,,2.3915449272837934,23.412692978480774,1685.200236730154,0.8056461241915662,10.0,1.99563519459755
r38c59,24.25,97.75,67021,565,0,144.00603989059525,2.6541741049082126,18.786093652532323,1833.9319532594488,0.8267362513148393,10.0,4.8262109035237515
r38c60,24.25,98.25,677,193,0,127.61803754952452,2.561568161577326,18.486580864342205,1498.1686096858975,0.8814449106226832,10.0,2.8305886686851442
r38c61,24.25,98.75,1621,231,0,111.86548511892698,2.377645566185695,17.410411415976053,1765.3291178889363,0.9223217800664051,10.0,3.209783014848515
r38c62,24.25,99.25,0,0,0,,1.9260183664443873,18.575172503085884,1366.9623875832085,0.8632681483366115,10.0,0.0
r38c63,24.25,99.75,30,23,0,,2.0005969232143164,16.91749868503538,1336.27795167778,0.8577271996567184,10.0,1.4771212547196624
r38c64,24.25,100.25,34,30,0,,1.9105602088555196,17.47088591205292,1354.7854755258086,0.9034742961957523,10.0,1.5314789170422551
r38c65,24.25,100.75,518,144,0,116.25971223550081,2.17683352829742,17.385794957605277,1447.1292703386848,0.9048411672470836,10.0,2.714329759745233
r38c66,24.25,101.25,1301,181,0,99.50396001801823,2.0867877031818307,17.682424202089457,1470.642559193302,0.9515829326055893,10.0,3.1142772965615864
r38c67,24.25,101.75,284,81,0,77.63155285007991,1.7277603087252966,18.918690313047254,1034.3766996141974,0.9037355394288298,10.0,2.4533183400470375
r39c00,24.75,68.25,233,97,0,,0.4300752363257131,26.798896711950462,329.93647399280553,0.22381673630050888,40.0,2.367355921026019
r39c01,24.75,68.75,109,66,0,,0.4607847058040937,26.955386642517666,330.0394563147753,0.0994505579711819,40.0,2.037426497940624
r39c02,24.75,69.25,76,53,0,,0.3513122545131749,27.11846146738315,325.2592816267609,0.4212137872272004,40.0,1.8808135922807914
r39c03,24.75,69.75,211,56,0,,0.24615014528094684,27.306201189055084,355.49869392470015,0.9587955004063614,20.0,2.3242824552976926
r39c04,24.75,70.25,94,44,0,,0.228590023466382,27.38332277654735,379.3086592694988,0.8215335334828392,20.0,1.9731278535996986
r39c05,24.75,70.75,1312,137,0,88.03320727655665,0.2353533412221973,27.541695800139046,398.2281227597754,0.7781925286610617,20.0,3.1179338350396413
r39c06,24.75,71.25,1370,140,0,83.36280372587468,0.31708623705909406,27.57237582857183,447.10261044580915,0.6409550746371644,20.0,3.1367205671564067
r39c07,24.75,71.75,3306,156,0,91.94955073131129,0.5423119107831362,26.816366510847743,538.663589597763,0.08864272152609803,40.0,3.519302849235429
r39c08,24.75,72.25,284,65,0,63.099536918263915,0.6524366280258799,25.91068246310267,636.3198522228386,0.211532655540021,40.0,2.4533183400470375
r39c09,24.75,72.75,128660,276,0,80.54361815969133,0.7657456144165321,24.99226108198458,689.1013098215147,0.5241046842853635,40.0,5.109443547064349
r39c10,24.75,73.25,8737,266,0,100.81067535993877,0.9507667662191235,23.535988971432914,806.0885191044588,0.8164733143409434,30.0,3.9413623357117613
r39c11,24.75,73.75,120823,337,0,108.04196392773082,0.9370700693772978,23.874828840112194,717.4194544856692,0.713338942160082,30.0,5.08214961493318
r39c12,24.75,74.25,76766,304,0,121.40008549310534,0.9324001084546851,24.542207900595635,774.3026554903803,0.2455047104962669,40.0,4.885168911673855
r39c13,24.75,74.75,9797,252,0,102.99340421976078,0.8704433094087545,24.505000488801244,876.5104388112901,0.42235785198413195,40.0,3.9910931080488874
r39c14,24.75,75.25,18829,239,0,102.84699461660517,0.8330362567453161,24.73748964383288,949.8919252633705,0.6343068280718396,30.0,4.274827255438105
r39c15,24.75,75.75,57056,293,0,112.52290753180472,0.7641027841756289,25.25941379403974,1008.796605978976,0.4991297088290566,40.0,4.75630132149526
r39c16,24.75,76.25,4639,255,0,113.94591140461405,0.79071571950247,25.742737004193867,1058.5506212153489,0.34808238582420004,40.0,3.6664243725187595
r39c17,24.75,76.75,277,113,0,109.68066653002028,0.8219590102352932,25.330303525809395,1115.2417814458029,0.29721844805688113,40.0,2.4424797690644486
r39c18,24.75,77.25,990,180,0,114.01091973949445,0.867270711793566,24.7020099278821,1124.3383340419678,0.3030840261112581,40.0,2.99563519459755
r39c19,24.75,77.75,209,54,0,,0.8423455984600597,24.596424437539643,1082.2917654083083,0.1324595401762672,40.0,2.3201462861110542
r39c20,24.75,78.25,1874,206,0,103.8601590703907,0.8618338432629601,24.82550074610482,1037.7175839570696,0.3037162129017211,40.0,3.2727695865517594
r39c21,24.75,78.75,232,84,0,,0.8503880173784693,24.964661342203318,1054.8304673003945,0.16565428132350027,40.0,2.3654879848909
r39c22,24.75,79.25,167,69,0,,0.8603812823243477,25.17572794764695,1037.8361588959594,0.24330390486342024,40.0,2.2227164711475833
r39c23,24.75,79.75,73366,296,0,105.32384491596312,0.8865621683675682,25.310422136970253,1057.5799852192524,0.3473629242819845,40.0,4.865494841477892
r39c24,24.75,80.25,62876,284,0,105.46267234409194,0.8835022623619618,24.935183412501484,1072.3496399098829,0.4837773030033277,40.0,4.798484905277157
r39c25,24.75,80.75,1687,150,0,83.79028761972323,0.886354975419751,24.84780469228162,1076.720150571498,0.335189954498012,40.0,3.2271150825891253
r39c26,24.75,81.25,1628,148,0,85.57162916350946,0.876700392677649,25.01159688924912,1090.147163676994,0.2716644934233001,40.0,3.2116544005531824
r39c27,24.75,81.75,46,31,0,,0.8243849023665514,25.058498290344062,1145.4839122071842,0.23617068208336883,40.0,1.662757831681574
r39c28,24.75,82.25,2910,207,0,108.91369994651721,0.8004363618555834,25.216344689116056,1104.4544024019688,0.334241389579231,40.0,3.4638929889859074
r39c29,24.75,82.75,2673,190,0,93.61778113120705,0.8293804147747588,25.098254085763397,1147.7149039592432,0.37235972075014745,40.0,3.426998958756537
r39c30,24.75,83.25,604,132,0,101.27148577812605,0.9347294595148034,24.938690386472096,1233.19563933378,0.566207954651183,40.0,2.7810369386211318
r39c31,24.75,83.75,342,88,0,80.59638130410421,0.9737808946967212,24.87363168864253,1206.5615306382676,0.5789993711533802,40.0,2.534026106056135
r39c32,24.75,84.25,1163,156,0,105.60481111261235,0.8919158018566298,25.402519317112667,1137.5895548892604,0.1381090276129439,40.0,3.0655797147284485
r39c33,24.75,84.75,2770,129,0,68.60094255961266,0.9174143408315726,25.44960283427259,1154.0688456532246,0.13478907155152,40.0,3.4424797690644486
r39c34,24.75,85.25,1429,138,0,87.44709014390494,0.9436230464762805,25.309574221479682,1184.626108221186,0.19996658082961166,40.0,3.1550322287909704
r39c35,24.75,85.75,465,105,0,86.19361947281841,1.062258961271546,24.923625387330475,1234.533360369205,0.5020716094563626,40.0,2.667452952889954
r39c36,24.75,86.25,20093,232,0,92.81122679550626,0.9498957453132623,24.75209151111582,1294.5643174944198,0.47653498499828967,40.0,4.303044784243365
r39c37,24.75,86.75,1240,161,0,98.56926578016103,0.9065321223839107,24.763068242232034,1343.3634560130618,0.3980523839166441,40.0,3.093421685162235
r39c38,24.75,87.25,792,120,0,89.34746997375888,0.9984251162767074,24.690665723315657,1404.9640108881276,0.4281660312488238,40.0,2.8987251815894934
r39c39,24.75,87.75,18763,246,0,109.02358791548306,1.0066198746555826,25.0212280685937,1537.1590273437778,0.33442297650130576,40.0,4.273302278567656
r39c40,24.75,88.25,31107,300,0,113.93005263135672,1.069470973859284,25.272867110826418,1581.5290050650574,0.3862396522379773,40.0,4.492858129197113
r39c41,24.75,88.75,2395,185,0,97.31074504867672,1.0953703783184598,25.134003123661433,1693.3304394996862,0.25379103999584796,40.0,3.379305517750582
r39c42,24.75,89.25,3111,141,0,71.56204928163342,1.1793626554132541,24.990736874132427,1878.0382828318834,0.22213624495608789,40.0,3.4929000111087034
r39c43,24.75,89.75,1813,165,0,91.52385051448907,1.1177370826224717,24.995218657284287,2056.439267561856,0.26479882197424354,40.0,3.258397804095509
r39c44,24.75,90.25,879,150,0,94.69592627286437,1.2467216872352758,24.751766105224306,2356.7919455316946,0.3903251501726506,40.0,2.9439888750737717
r39c45,24.75,90.75,516,92,0,74.07627821251417,1.1771681586621405,24.710375506545578,2715.570485429343,0.21999640465141812,40.0,2.7126497016272113
r39c46,24.75,91.25,330,73,0,66.9911094469873,0.8730811099243322,24.69427305831495,3232.509881989769,0.23006559775990382,40.0,2.5185139398778875
r39c47,24.75,91.75,17415,258,0,78.54343007062329,1.214280558422811,24.539948254694554,3332.161042607439,0.32973876707273886,40.0,4.240923478794255
r39c48,24.75,92.25,4354,331,0,131.39344120081262,1.3573693909621032,24.512294876505543,2659.8311932467004,0.5090798322652113,10.0,3.6388884247050757
r39c49,24.75,92.75,23241,307,0,84.18766385472227,1.5932105518091388,24.275284195256553,2188.203275960005,0.6061870403875106,10.0,4.366254810686386
r39c50,24.75,93.25,612,144,0,99.48792816498216,2.708593044024469,22.257713572309875,1871.3754065942762,0.9701631552612847,10.0,2.7867514221455614
r39c51,24.75,93.75,20514,427,0,122.5482997849643,2.2015207848132263,19.85029854941787,1303.7460829376232,0.6632364385674675,10.0,4.312050351180238
r39c52,24.75,94.25,1915,250,0,117.50128011677687,2.323060686593195,19.763900043899675,1409.037028852771,0.869177198244733,10.0,3.2821687783046416
r39c53,24.75,94.75,340,164,0,141.72172827415292,2.2430066048587194,23.125555449576613,1797.5484503960138,0.8577295914411488,10.0,2.531478917042255
r39c54,24.75,95.25,0,0,0,,2.07707095123826,24.416154875144134,1451.2984706728128,0.9130469457878162,10.0,0.0
r39c55,24.75,95.75,618,187,0,135.47617176532563,2.309463718175887,23.40366725401727,1720.5144232064133,0.9732773247005856,10.0,2.790988475088816
r39c56,24.75,96.25,455,149,0,114.80931066851386,2.4373871500621864,23.607846237092293,1912.6657250891942,0.8801701592220429,10.0,2.6580113966571126
r39c57,24.75,96.75,50,48,0,,2.6669318962547472,24.039291945569836,1993.6282884945115,0.9822985940525252,10.0,1.6989700043360187
r39c58,24.75,97.25,29,25,0,,2.6415417548125704,23.45310333221112,2046.7429146242137,0.901134931201857,10.0,1.462397997898956
r39c59,24.75,97.75,56040,583,0,148.17065119826447,2.658075063450593,17.937666647135107,2594.2651606925792,0.8898199067491218,10.0,4.748498126613737
r39c60,24.75,98.25,4052,326,0,115.65576775182059,2.5599411872108835,16.58478437832621,1792.4051810513754,0.8892653250208649,10.0,3.607669436688243
r39c61,24.75,98.75,4075,398,0,135.05626901554317,2.3244531923477116,16.73003897550875,1670.190135299364,0.9096166121950745,10.0,3.6101276130759956
r39c62,24.75,99.25,106,47,0,,1.8035890775731012,16.920356694928977,1375.2431607212739,0.7345447364473515,10.0,2.0253058652647704
r39c63,24.75,99.75,91,59,0,,2.0710014824721483,15.939149635274473,1288.6073435957755,0.9149514029717736,10.0,1.9590413923210936
r39c64,24.75,100.25,1241,221,0,124.30699996894637,1.8119152526069762,16.903778637014014,996.7065961301556,0.8635509108632613,10.0,3.09377178149873
r39c65,24.75,100.75,262,120,0,118.360963709246,2.010573054361804,16.295202526475045,1087.694946097766,0.939592931590051,10.0,2.4183012913197452
r39c66,24.75,101.25,1204,199,0,114.64314867135562,1.9426358553234668,17.203391837624746,973.9061500174387,0.9541860029418988,10.0,3.0806264869218056
r39c67,24.75,101.75,45,35,0,,1.831814048446141,17.565795064085172,971.7050398243638,0.8905466858285258,10.0,1.6532125137753437
r40c00,25.25,68.25,2585,191,0,99.49654494919577,0.3841976621373367,26.7442721399371,275.6589556245744,0.6122943606228075,60.0,3.412460547429961
r40c01,25.25,68.75,62,53,0,,0.51475048032896,26.770889438157063,276.3549239693119,0.2503529392413082,40.0,1.792391689498254
r40c02,25.25,69.25,54,37,0,,0.3691734507585148,26.913799372430024,264.1570652812758,0.3064092600070133,40.0,1.7323937598229686
r40c03,25.25,69.75,21,19,0,,0.2872169737644576,27.27251962367096,287.97912172657095,0.6563500206014377,20.0,1.3222192947339193
r40c04,25.25,70.25,10,9,0,,0.19075934649248127,27.36169616688401,363.2236457036971,0.8887742387726096,20.0,1.0
r40c05,25.25,70.75,40,22,0,,0.22582600248303272,27.17154979880532,390.84316370294687,0.7383435814818791,20.0,1.6020599913279623
r40c06,25.25,71.25,423,107,0,93.01078827338002,0.2490436959692455,27.331092005945237,401.84635071276904,0.6377646753673967,20.0,2.6263403673750423
r40c07,25.25,71.75,159,69,0,,0.3096528876479161,27.196360320008214,456.40700085071205,0.3241602563149091,40.0,2.2013971243204513
r40c08,25.25,72.25,250,54,0,,0.49469529778117705,26.473309981563837,547.3339188738953,0.19165659735182317,40.0,2.3979400086720375
r40c09,25.25,72.75,6207,208,0,98.25502307009788,0.5393335582765875,25.857029432471514,576.1193527973229,0.27759451963935083,40.0,3.792881745385397
r40c10,25.25,73.25,45368,290,0,97.90072044376272,0.6893060210906372,25.278519593900278,638.657713912804,0.4141552611118133,40.0,4.656749634277943
r40c11,25.25,73.75,8585,262,0,116.65821969718831,0.8417967221156499,24.00979979455477,752.6160752282301,0.7376892729212075,20.0,3.9337402994969355
r40c12,25.25,74.25,2547,179,0,95.08777731890915,0.7997297046460828,24.51368895545682,705.2895190708169,0.496730036386377,40.0,3.406028944963615
r40c13,25.25,74.75,15125,252,0,80.22698905119498,0.8310174174024472,24.81664658614691,764.0426450014388,0.4027701467156701,40.0,4.179695383324506
r40c14,25.25,75.25,41084,249,0,80.0406374057787,0.7486442303317719,24.964905005415833,862.7169248785231,0.5906496669433557,30.0,4.613672720547386
r40c15,25.25,75.75,39744,314,0,119.900662496439,0.7502866325162842,25.707623137968532,912.4450163798468,0.43168589800972246,40.0,4.5992715741604675
r40c16,25.25,76.25,2402,222,0,118.48979844542907,0.820352491191895,25.81072413159455,940.3476451349917,0.10208019786815814,40.0,3.3805730030668872
r40c17,25.25,76.75,483,134,0,110.20923327884599,0.8019537100670402,25.271404302278228,1063.650975583399,0.42713506612778235,40.0,2.683947130751512
r40c18,25.25,77.25,513,135,0,103.88423431371527,0.8653231735990293,24.568135231621056,1007.7154465259516,0.5445345756631789,40.0,2.7101173651118162
r40c19,25.25,77.75,2940,236,0,124.3013282213298,0.8263906986092818,24.632355434324996,937.8741482468724,0.42364235369767245,40.0,3.4683473304121573
r40c20,25.25,78.25,1111,139,0,81.59469990827614,0.8548557273601529,25.078829213518794,958.8365847064453,0.288784804016311,40.0,3.0457140589408676
r40c21,25.25,78.75,5948,256,0,94.49574099666505,0.7932443351105091,25.412927086703395,989.6843180283836,0.2517497167004796,40.0,3.7743709598499167
r40c22,25.25,79.25,335,82,0,74.11090751113355,0.7838305155698658,25.611862999100275,954.7930729287218,0.12622741838035467,40.0,2.525044807036845
r40c23,25.25,79.75,1134,151,0,106.8402929117677,0.7359625163459235,25.59844467296543,1020.039709538806,0.12395924776596272,40.0,3.0546130545568877
r40c24,25.25,80.25,71,41,0,,0.6916989643558658,25.601420083311538,985.6624503111977,0.09363766914867362,40.0,1.8512583487190752
r40c25,25.25,80.75,591,146,0,100.8894210784603,0.8049476516889295,25.547900215451392,1003.0092165819908,0.21315262921891587,40.0,2.7715874808812555
r40c26,25.25,81.25,342,112,0,98.73218370373844,0.7787581591045506,25.500835565056267,1050.6121379773813,0.23159239232599302,40.0,2.534026106056135
r40c27,25.25,81.75,65701,297,0,94.954537173087,0.7851065886989226,25.588465839645895,1092.4336530159674,0.14745051274427315,40.0,4.817571979775562
r40c28,25.25,82.25,2172,192,0,107.77853026204134,0.8018170097819276,25.570986748477125,1111.364786091838,0.19306126259261996,40.0,3.336859820916809
r40c29,25.25,82.75,10227,206,0,70.68593295374322,0.7794033103279546,25.52869924902334,1147.7154870736617,0.171591261721015,40.0,4.009748255948554
r40c30,25.25,83.25,12479,216,0,71.24527076808296,0.8928423494863488,25.496359944649736,1170.398718588702,0.08007922576717144,40.0,4.096179784714798
r40c31,25.25,83.75,226,83,0,,0.955418192477996,25.46854210625498,1160.200851335252,0.030147628672923556,40.0,2.3541084391474008
r40c32,25.25,84.25,3763,109,0,53.0693688362731,0.9766765551988525,25.448074590583513,1231.7424940975916,0.05575429149372201,40.0,3.575534218319864
r40c33,25.25,84.75,229,72,0,,0.9061710577840553,25.434042346202904,1260.9912483560086,0.08279115365287773,40.0,2.359835482339888
r40c34,25.25,85.25,11256,199,0,77.49200844355106,0.926385698949919,25.399392538771703,1274.2049512413344,0.07328700394126693,40.0,4.051384084426689
r40c35,25.25,85.75,1705,139,0,77.31819416215419,0.8468521984694486,25.362287019533753,1257.1564106858473,0.058570613493379886,40.0,3.2317243833285163
r40c36,25.25,86.25,1276,143,0,87.35120777440558,0.8819913387763528,25.17166383866364,1299.4491049772614,0.2685500027046703,40.0,3.1058506743851435
r40c37,25.25,86.75,17632,230,0,94.69161101847146,0.8508688082842504,25.15426499637025,1339.770262842926,0.13757423460080007,40.0,4.246301577171691
r40c38,25.25,87.25,32556,276,0,106.32131305225735,0.8799301023881402,25.05700781272054,1393.0585574995298,0.1290717462406135,40.0,4.512631039809221
r40c39,25.25,87.75,12554,244,0,109.66883998616979,1.0068321313376154,24.982887237434205,1596.9703402025089,0.3149751595978819,40.0,4.098782124314692
r40c40,25.25,88.25,11419,205,0,91.7906927129036,1.0944540325616081,24.928395732497396,1733.3153334504477,0.2231794031182661,40.0,4.057628072955568
r40c41,25.25,88.75,3536,194,0,88.21667223930748,1.137880891664652,24.86373745076348,1866.1618840553244,0.191114607624813,40.0,3.5485122563410356
r40c42,25.25,89.25,1586,134,0,74.11477045389455,1.20529163725244,24.774291503802907,2035.2034049047204,0.24441822762409632,40.0,3.200303182981585
r40c43,25.25,89.75,1792,197,0,105.29728100876133,1.1366162055004954,24.75759080664683,2055.457493223302,0.32075807706663384,40.0,3.2533380053261065
r40c44,25.25,90.25,10250,355,0,128.91011254995436,1.643961487572035,23.798561418010586,2393.2513719139374,0.6793616878538681,10.0,4.010723865391773
r40c45,25.25,90.75,10284,295,0,111.35827188612213,1.9144036971689498,22.750650008018653,2560.8973555722887,0.7244540048083008,10.0,4.012162067970823
r40c46,25.25,91.25,7675,371,0,121.66663020901325,2.065537875538502,20.86979409881742,3539.825597850388,0.7704231186332754,10.0,3.885078384149224
r40c47,25.25,91.75,16751,310,0,111.59543398784953,2.0065156070131844,19.83597482702049,3962.985006551319,0.7224167846224293,10.0,4.224040738627695
r40c48,25.25,92.25,3335,276,0,111.18589836418204,2.0275959866002835,20.37964881173092,2799.823444395813,0.8394780588315148,10.0,3.523095838252568
r40c49,25.25,92.75,728,192,0,125.56599941986038,2.5810728075768945,21.196630049738165,2106.158418411273,0.990463547657737,10.0,2.862131379313037
r40c50,25.25,93.25,1286,261,0,130.7533724325172,2.7325535463797053,20.803912388602757,1652.4228994148848,0.9880568599794998,10.0,3.109240968588203
r40c51,25.25,93.75,489,191,0,138.94358728822272,2.7262651979232366,18.232459462571654,1934.95357591629,0.9764507407027657,10.0,2.6893088591236203
r40c52,25.25,94.25,6219,289,0,114.91134477089824,2.3326716005615933,17.358612195869373,1755.6768317974306,0.9605602131336424,10.0,3.7937205568135233
r40c53,25.25,94.75,499,211,0,146.62165531051687,2.4277491593794034,18.425912454353778,2165.8472963219997,0.9938549101859322,10.0,2.6981005456233897
r40c54,25.25,95.25,1951,287,0,132.98104261156524,2.5419846008836493,23.213900492487095,2079.917489835234,0.9659066815106703,10.0,3.2902572693945182
r40c55,25.25,95.75,272,108,0,105.28594488991862,2.368003859729177,23.89047874846434,2319.8493014834908,0.9922705060231509,10.0,2.4345689040341987
r40c56,25.25,96.25,10627,435,0,135.2209800227698,2.4349236597755293,23.508006489297017,2264.1022627291954,0.8160655906822706,10.0,4.026410680578774
r40c57,25.25,96.75,659,173,0,116.12279241779535,2.4282333968391905,23.472803323755123,2394.3576618810725,0.8035454120839827,10.0,2.8188854145940097
r40c58,25.25,97.25,753,182,0,114.92888924798325,2.1983761796694017,23.530158202880617,2618.03141389398,0.748901019090985,10.0,2.8767949762007006
r40c59,25.25,97.75,2289,283,0,124.76963416457582,2.8252109855510317,18.751294778775375,2351.0354396344624,0.9776515505120909,10.0,3.359645792674543
r40c60,25.25,98.25,13272,415,0,114.18005179874248,2.4439153719961553,13.940424014289754,2379.776467509737,0.9212050478896354,10.0,4.122936373016304
r40c61,25.25,98.75,69612,576,0,131.49865020637588,1.9529186431976995,15.588939398761998,1604.1604246131576,0.8504613332016853,10.0,4.842684111515222
r40c62,25.25,99.25,2998,304,0,111.72065373912866,1.8549124888047133,14.763263540038109,1297.5593704606033,0.8254691411586342,10.0,3.4768316285122607
r40c63,25.25,99.75,110,42,0,,1.9139025390230509,15.373901712597835,1103.2759049213628,0.834605662381127,10.0,2.041392685158225
r40c64,25.25,100.25,269,99,0,97.6830787380725,1.8861155010886976,15.098133623671679,1059.4278801991888,0.7764450547381315,10.0,2.429752280002408
r40c65,25.25,100.75,204,79,0,,1.5152316830993409,15.724178151462638,807.1843050766454,0.7961326344489584,10.0,2.3096301674258988
r40c66,25.25,101.25,6606,265,0,96.69043783629884,1.852893930059504,15.833341620455833,1041.9902251333813,0.8481745574404217,10.0,3.8199385693553953
r40c67,25.25,101.75,196,63,0,,1.7930761880756552,16.253873535045273,1101.924301567638,0.8239640022240685,10.0,2.292256071356476
r41c00,25.75,68.25,27,20,0,,0.38322984244460084,27.03296602558443,316.03544453809013,0.6133647080267481,60.0,1.4313637641589874
r41c01,25.75,68.75,231,90,0,,0.5172903456437976,26.88575645723063,302.73363677033325,0.2080894362072079,40.0,2.3636119798921444
r41c02,25.75,69.25,51,42,0,,0.3843567863686511,27.252386770301328,265.7565554127795,0.3248535299495772,40.0,1.7075701760979363
r41c03,25.75,69.75,0,0,0,,0.1873320804952151,27.56332323953675,254.57869364370805,0.9361529556888767,60.0,0.0
r41c04,25.75,70.25,0,0,0,,0.16816853429097353,27.44155884785375,287.6867478625329,0.9658276870550875,20.0,0.0
r41c05,25.75,70.75,137,54,0,,0.18867076584378367,26.939242545495304,332.42048124407944,0.6560145236645617,20.0,2.1367205671564067
r41c06,25.75,71.25,1656,215,0,107.50599098659954,0.21822959981922713,26.83405871334993,344.7782874047935,0.6430682732347164,20.0,3.219060332448861
r41c07,25.75,71.75,198,65,0,,0.22370948538841975,27.108742782160796,376.3108624976082,0.5851187219192701,40.0,2.296665190261531
r41c08,25.75,72.25,886,157,0,98.62898809605029,0.31572299611501964,27.07414908907862,432.9081095609176,0.44747228238236764,40.0,2.9474337218870508
r41c09,25.75,72.75,180,85,0,,0.3965677076653892,26.570226680007362,477.05053443229525,0.18515618720058014,40.0,2.255272505103306
r41c10,25.75,73.25,4010,217,0,110.18685149335779,0.500220387979696,26.09023168733004,525.4820198149314,0.2541593831050066,40.0,3.603144372620182
r41c11,25.75,73.75,2509,208,0,104.35326810900865,0.6859198979885837,25.368294885269563,629.8115861040367,0.3986448936498817,40.0,3.3995006613146104
r41c12,25.75,74.25,13186,193,0,72.82475473176858,0.7218255265571732,24.661199518849216,655.4965799518532,0.6517427042121262,30.0,4.120113071407684
r41c13,25.75,74.75,6361,232,0,111.6073852950734,0.7253379270782202,25.054845271096067,680.8564371508766,0.34303322644051365,40.0,3.8035253955765325
r41c14,25.75,75.25,1288,171,0,98.61597897719423,0.7244372066387599,25.340903275909564,766.2990592000655,0.2837758423885263,40.0,3.1099158630237933
r41c15,25.75,75.75,404,168,0,134.94152285868088,0.7236222224961955,25.3910213397555,823.4318517346228,0.22700219361257468,40.0,2.606381365110605
r41c16,25.75,76.25,21367,309,0,110.90957915402359,0.7259788667586761,25.504161886598165,845.9132329668836,0.2571823525260435,40.0,4.3297435500112345
r41c17,25.75,76.75,9682,255,0,110.0299013192151,0.8007598949286645,25.178775297777754,875.1226136783122,0.48454442486905014,40.0,3.985965078304871
r41c18,25.75,77.25,17510,220,0,89.52077543941945,0.8892202917678095,24.769647708830117,878.6724142965375,0.7121601234991023,40.0,4.243286146083446
r41c19,25.75,77.75,464,130,0,103.74347278175863,0.8082293235194457,24.90620198543193,871.1083533845103,0.5892499727064313,30.0,2.6665179805548807
r41c20,25.75,78.25,2154,186,0,97.82566453696256,0.8385616264735364,25.358222719166985,877.3007418679986,0.13525017153244953,40.0,3.3332456989619628
r41c21,25.75,78.75,2218,173,0,91.57022569182182,0.7923080798534102,25.553776686701,918.6351983403438,0.07733686826046411,40.0,3.3459615418131414
r41c22,25.75,79.25,1589,131,0,84.5368143573744,0.6886932310142679,25.681716889135924,923.4387492787505,0.1640835766105747,40.0,3.2011238972073794
r41c23,25.75,79.75,203,97,0,,0.6921669613987825,25.672533472822213,950.2804052400478,0.1305795967244025,40.0,2.307496037913213
r41c24,25.75,80.25,243,87,0,,0.6666509884663915,25.660005477810838,979.4986758339237,0.10189729133782538,40.0,2.385606273598312
r41c25,25.75,80.75,175,66,0,,0.7338855465135179,25.549354541029754,1033.3307370911873,0.08657179124537989,40.0,2.2430380486862944
r41c26,25.75,81.25,2009,190,0,105.67833169305166,0.7768729860366066,25.472455525903833,1126.2661510521684,0.14191311458756226,40.0,3.3029799367482493
r41c27,25.75,81.75,8928,229,0,104.60697539431499,0.812677944875109,25.41535933881408,1162.6118788385388,0.16396480731272664,40.0,3.9507541815935037
r41c28,25.75,82.25,1008,124,0,77.88603106395956,0.828650912549426,25.366157409892516,1168.326770123271,0.1456220323187502,40.0,3.0034605321095067
r41c29,25.75,82.75,217,78,0,,0.8352395651397927,25.34892837718217,1234.0354370628506,0.09670269438925709,40.0,2.3364597338485296
r41c30,25.75,83.25,303,113,0,105.47800207198594,0.8446653502244189,25.350355626655297,1308.966012885284,0.04498361435961814,40.0,2.481442628502305
r41c31,25.75,83.75,345,114,0,101.42736944094501,0.8165009986363431,25.38341782328224,1282.6006880178093,0.04638011376672269,40.0,2.537819095073274
r41c32,25.75,84.25,549,130,0,100.50584163321422,0.7720784477077289,25.400501370000708,1284.6854252741514,0.09764795533127843,40.0,2.739572344450092
r41c33,25.75,84.75,1407,148,0,87.37357765427426,0.8027038767509261,25.3649022170741,1354.4106169825754,0.13417934459970013,40.0,3.1482940974347455
r41c34,25.75,85.25,10458,211,0,77.54726014972405,0.7754629555724932,25.34036045816832,1379.6508061019163,0.21972541877829113,40.0,4.019448637493637
r41c35,25.75,85.75,845,138,0,87.10591663991843,0.8549632898295282,25.193161185024927,1418.2209222633694,0.27515882489199595,40.0,2.926856708949692
r41c36,25.75,86.25,2139,187,0,96.68082613801174,0.8832443419872529,25.12134935897461,1405.8638362137938,0.1511061868485466,40.0,3.330210784571528
r41c37,25.75,86.75,655,121,0,89.48298285552585,1.0241571056418308,24.951499576332306,1494.4681414374181,0.14609638664782668,40.0,2.816241299991783
r41c38,25.75,87.25,1020,124,0,81.35129494764968,1.096082310311418,24.811658402089055,1600.9139398905809,0.16408487875638722,40.0,3.0086001717619175
r41c39,25.75,87.75,2017,174,0,88.86518861938703,1.0422489569090694,24.701917905316282,1785.7698943083421,0.13162924758241745,40.0,3.3047058982127653
r41c40,25.75,88.25,4431,187,0,88.94104122639064,1.1363383098413786,24.529214043253774,2009.285803225601,0.1757702720021762,40.0,3.646501750031612
r41c41,25.75,88.75,1167,136,0,80.05032757710383,1.1581442696165285,24.488312085335835,2235.4402864560425,0.19786200840196477,40.0,3.0670708560453703
r41c42,25.75,89.25,507,123,0,91.01147469966313,1.1689721551870067,24.49858345489646,2474.9948221317927,0.3046604180920457,40.0,2.705007959333336
r41c43,25.75,89.75,825,139,0,89.14884585605667,0.9994257781134113,24.59220831937735,2619.5807845911786,0.2701997794995309,40.0,2.916453948549925
r41c44,25.75,90.25,41775,312,0,95.25008427734305,1.732250163051807,23.682601062758085,2591.0925840879418,0.8855128896849298,10.0,4.6209164585654285
r41c45,25.75,90.75,1113,156,0,89.19473474308198,1.8950684046704067,22.88348172326734,2671.0393462509733,0.9192126367503903,10.0,3.0464951643347082
r41c46,25.75,91.25,8198,295,0,113.64501971269688,2.2011584395964032,21.21382687813783,3093.464778607873,0.9205543270368761,10.0,3.913707913980483
r41c47,25.75,91.75,34057,360,0,110.38950723974021,2.1482661161967944,20.257179311055296,3038.4717580303472,0.9358953952187988,10.0,4.53220638934508
r41c48,25.75,92.25,1257,166,0,98.13624688707827,2.155043521274062,20.753910595111257,2800.77421991208,0.9403697436655265,10.0,3.0993352776859577
r41c49,25.75,92.75,2165,246,0,107.82476608824068,2.1905985323695583,23.014983550873794,2232.9302202887625,0.8179149668173388,10.0,3.3354579006893843
r41c50,25.75,93.25,1039,166,0,104.20905060443297,2.3846199238124837,23.181616635387577,1577.7195565790753,0.8991343285943729,10.0,3.016615547557177
r41c51,25.75,93.75,19363,388,0,122.972898792849,2.2489319741247282,21.148732391130558,1895.9117669422483,0.8296849371814251,10.0,4.286972645457374
r41c52,25.75,94.25,37967,318,0,114.96625281526072,2.355593449694714,18.556249252243553,2014.5413644483506,0.9872129940890793,10.0,4.579406282288107
r41c53,25.75,94.75,36438,316,0,99.07165945389572,2.349250543402365,17.956272106923745,1817.9672501553734,0.996128268701633,10.0,4.561554531506207
r41c54,25.75,95.25,1431,182,0,84.2966446017346,2.5303084584542415,18.692139233286465,3917.372171771666,0.9921385404242378,10.0,3.1556396337597765
r41c55,25.75,95.75,454,158,0,124.98270497516484,2.6036252768785895,22.85698029906804,2561.0114709640484,0.9919284120465586,10.0,2.6570558528571038
r41c56,25.75,96.25,72,19,0,,2.646193856906288,21.73041021891197,3217.0496318351043,0.9903148174811754,10.0,1.8573324964312685
r41c57,25.75,96.75,1883,273,0,128.27368885341926,2.6897221153083133,21.8118818642374,2353.4006416015995,0.894053132764825,10.0,3.274850320016665
r41c58,25.75,97.25,19,19,0,,2.7900136913019438,21.747017413664057,3336.594304599389,0.9937698834768519,10.0,1.2787536009528289
r41c59,25.75,97.75,41,34,0,,2.933392861831537,20.162460240895836,2133.0444407207356,0.9830798855094087,10.0,1.6127838567197355
r41c60,25.75,98.25,10,9,0,,2.4364955832429676,13.601098934349018,2465.1814090484722,0.9954743298520808,10.0,1.0
r41c61,25.75,98.75,7210,418,0,133.05174786783925,1.9549686263666597,13.053103897838808,1840.5666566642117,0.9503502086884913,10.0,3.857935264719429
r41c62,25.75,99.25,955,219,0,124.92790072964672,1.8400757795550933,12.5312781539156,1331.3882843549572,0.9328252033806688,10.0,2.9800033715837464
r41c63,25.75,99.75,123,58,0,,1.8072145816807959,12.958849230274836,1364.3085973848545,0.8643403150042849,10.0,2.089905111439398
r41c64,25.75,100.25,21860,460,0,123.55501560528775,1.698276693232379,15.051010204437638,1051.3823211402516,0.7152490471896983,10.0,4.339650157613684
r41c65,25.75,100.75,25,24,0,,1.7041035294987186,15.279956827290494,1148.9595909293018,0.7850557137088768,10.0,1.3979400086720377
r41c66,25.75,101.25,0,0,0,,1.8456057720680972,15.353795525284221,1284.9863004445092,0.858750590174185,10.0,0.0
r41c67,25.75,101.75,15,14,0,,1.2856994058194124,18.32784706663598,994.5262792076778,0.8135506221097448,30.0,1.1760912590556813
r42c00,26.25,68.25,2,2,0,,0.4297828441465924,27.083264193662412,318.7247259012437,0.21464431543005322,40.0,0.3010299956639812
r42c01,26.25,68.75,14,12,0,,0.3869388264301626,27.06237421488065,271.26111677359626,0.3629256594117078,40.0,1.146128035678238
r42c02,26.25,69.25,297,90,0,86.2003704714441,0.20752998391801744,27.500228462336477,251.20883059058878,0.8447701677862551,60.0,2.4727564493172123
r42c03,26.25,69.75,0,0,0,,0.11541339543835652,27.645422762350695,248.10314380326344,0.9986281042109131,60.0,0.0
r42c04,26.25,70.25,271,56,0,54.694832643815126,0.16807270410257943,27.385038434848862,251.82808041071826,0.9400631673555156,60.0,2.432969290874406
r42c05,26.25,70.75,141,50,0,,0.16399731511852944,26.816064265750263,281.33341071338344,0.7825756051002991,60.0,2.1492191126553797
r42c06,26.25,71.25,602,102,0,77.5446995478069,0.18514146638472403,26.548059518495688,316.859269988104,0.532011359594326,40.0,2.7795964912578244
r42c07,26.25,71.75,2,2,0,,0.1989974326289533,26.73452563993662,355.17644500171826,0.5767575309183006,60.0,0.3010299956639812
r42c08,26.25,72.25,383,59,0,55.91231463347458,0.22420535609600278,26.757095875197084,370.95436697198215,0.638354504927733,20.0,2.583198773968623
r42c09,26.25,72.75,15531,268,0,107.48876143243706,0.3163063512350146,26.583921529179314,380.37981153913336,0.366620618731008,40.0,4.191199419701518
r42c10,26.25,73.25,32730,291,0,98.0784537703115,0.42496736013795167,26.147547818644423,409.20205291387043,0.2434349913749247,40.0,4.514946005308004
r42c11,26.25,73.75,283,85,0,82.67879329755887,0.5335844204738546,25.75476848786826,450.5217789655847,0.15240417220883928,40.0,2.45178643552429
r42c12,26.25,74.25,9135,228,0,105.43841742858937,0.6295080328777086,25.16761765790664,525.3353119830625,0.3480405156934044,40.0,3.9607085516885565
r42c13,26.25,74.75,64600,292,0,106.40801813226804,0.6530820154002495,24.971899232895023,613.3271588429477,0.33691205589414663,40.0,4.810232517995084
r42c14,26.25,75.25,1292,161,0,90.71944393620953,0.662942190073113,25.18074732237159,636.3086258151717,0.21035418963049318,40.0,3.1112625136590655
r42c15,26.25,75.75,1301,189,0,114.11597118420828,0.6489625691405164,25.06659986289206,665.0848316364962,0.1470452437410054,40.0,3.1142772965615864
r42c16,26.25,76.25,171545,349,0,116.06088993828928,0.6871161268988425,24.938187017210815,734.3586706893506,0.17776006313977868,40.0,5.234378064251388
r42c17,26.25,76.75,56678,334,0,119.61608608351672,0.671736344514519,24.923304142407574,759.5665879270755,0.509839386027369,40.0,4.753414516870261
r42c18,26.25,77.25,2438,166,0,88.50773463531928,0.6593499284811346,25.03843476031587,775.4739064435893,0.6934340894684884,30.0,3.387033701282363
r42c19,26.25,77.75,1827,193,0,105.42848705610353,0.679255541628609,25.11272792303606,799.9755561088962,0.547359107182241,40.0,3.2617385473525378
r42c20,26.25,78.25,13603,270,0,92.25056539343915,0.7059794562427072,25.264589572805374,815.0403790394688,0.30479821738993923,40.0,4.133634698058928
r42c21,26.25,78.75,892,130,0,88.76911391508172,0.66911422509812,25.336644180402274,846.496626716167,0.24088314706586025,40.0,2.950364854376123
r42c22,26.25,79.25,2161,196,0,100.00219321003144,0.6951270328591779,25.345224047349266,888.6734538015423,0.14489118350458993,40.0,3.3346547668832414
r42c23,26.25,79.75,723,114,0,74.6827284646465,0.7197003526373763,25.25664529378976,932.4219410790943,0.15150887966274368,40.0,2.859138297294531
r42c24,26.25,80.25,5687,228,0,90.38343496791214,0.7456093354334242,25.199061453964227,971.849647511177,0.10363091595057361,40.0,3.7548832282521674
r42c25,26.25,80.75,340,89,0,81.45234745341538,0.7531933719013459,25.141612069444452,1024.261014364681,0.1064195464899385,40.0,2.531478917042255
r42c26,26.25,81.25,2742,198,0,104.4603143889541,0.8155547872564489,25.12224651385353,1115.418628047426,0.1663251839544252,40.0,3.438067450453494
r42c27,26.25,81.75,319,93,0,87.15568647861869,0.8221748854696411,25.12334886192838,1203.517339230047,0.22451394363179544,40.0,2.503790683057181
r42c28,26.25,82.25,1418,168,0,104.03605079741813,0.8352316830775512,25.119962887107373,1253.4350941689002,0.18607469114451294,40.0,3.151676230847048
r42c29,26.25,82.75,1033,131,0,82.70772031498879,0.8483497267962159,25.117952382471984,1321.2431559205515,0.09915657682410618,40.0,3.0141003215196207
r42c30,26.25,83.25,422,102,0,84.10655245965457,0.7958144491773995,25.140856652530484,1368.1774080383125,0.0841605558530261,40.0,2.625312450961674
r42c31,26.25,83.75,111,46,0,,0.81905355500304,25.140635806652476,1383.410946206493,0.05169119780901724,40.0,2.0453229787866576
r42c32,26.25,84.25,234,97,0,,0.8457555777518859,25.173877189049588,1441.0816465630023,0.09299871101924966,40.0,2.369215857410143
r42c33,26.25,84.75,594,144,0,107.4544949807433,0.7953781286526004,25.156557466020868,1460.2355147275832,0.16449950679958233,40.0,2.7737864449811935
r42c34,26.25,85.25,9097,147,0,47.667387253276935,0.884279373516412,25.038211493042503,1500.9244752310397,0.23921660090133462,40.0,3.9588981947107715
r42c35,26.25,85.75,7712,153,0,74.13405680037937,0.9296089518234556,24.966228565720893,1577.887722952599,0.23663295963827416,40.0,3.887167020894774
r42c36,26.25,86.25,1644,166,0,97.98131253048045,0.9353977638079102,24.80523191886004,1580.7213056509631,0.22127692973275173,40.0,3.215901813204032
r42c37,26.25,86.75,603,130,0,96.91694214948443,1.0242177210174488,24.65312633299427,1752.4545622109429,0.18968478854572843,40.0,2.780317312140151
r42c38,26.25,87.25,9115,241,0,108.33041595258024,1.1166628970352057,24.39853487748722,1911.7583242925002,0.18464493209277316,40.0,3.959756672990995
r42c39,26.25,87.75,1138,194,0,105.55953344279608,1.0556894822002698,24.132682357455042,2152.6184524857763,0.12516215111993767,40.0,3.056142262059052
r42c40,26.25,88.25,3540,271,0,111.78340939890343,1.1963972816350206,24.05216969033232,2523.6472155965075,0.30073905718151667,40.0,3.5490032620257876
r42c41,26.25,88.75,4913,228,0,102.99513011450456,1.1757360983449343,24.119410445478476,2947.2473230438136,0.28791266451277353,40.0,3.691346764134822
r42c42,26.25,89.25,4723,202,0,75.34321851854354,1.1912262767915742,24.176363680866054,3340.432364362269,0.2889870788620117,40.0,3.6742179455767
r42c43,26.25,89.75,4981,222,0,91.2363821996496,1.2461822670226235,24.091018734872506,3622.809871455174,0.39462868828309294,40.0,3.697316541732383
r42c44,26.25,90.25,20829,264,0,75.80570820665464,1.2213272222234048,24.072008910030874,3446.089143810225,0.3873653350835596,40.0,4.318668419976215
r42c45,26.25,90.75,9640,278,0,91.85284693629295,1.179605408024841,24.25017446580742,3243.110581427135,0.40563145818497753,40.0,3.984077033902831
r42c46,26.25,91.25,34460,301,0,101.34799661655707,1.056622380210555,24.143453620180598,2691.128224943104,0.28527165096927826,40.0,4.53731527311201
r42c47,26.25,91.75,350676,494,0,110.2844595404223,1.3582518955122944,24.263208189936886,2433.895573945512,0.5288977061203629,10.0,5.544906044112951
r42c48,26.25,92.25,39329,369,0,113.79129168014005,1.3481294866798748,24.21068034603728,2491.227207580641,0.39353427459806345,40.0,4.594712903948441
r42c49,26.25,92.75,13154,353,0,116.26798822397767,1.4235073539844743,23.971190975772846,2506.749814150754,0.4518886712006683,40.0,4.119057837523237
r42c50,26.25,93.25,532,164,0,117.16105161760946,2.102565505825541,22.5459072850953,2770.579078778939,0.819868975249228,10.0,2.7259116322950483
r42c51,26.25,93.75,1466,174,0,96.23598801642602,2.0041288282906002,23.083225420764897,2509.47106653349,0.7875571108982325,10.0,3.166133970305109
r42c52,26.25,94.25,6538,308,0,107.20807531122743,2.403863371517629,21.46883356758329,2002.5604330246583,0.8798344163067224,10.0,3.81544491624435
r42c53,26.25,94.75,1392,161,0,88.23044381902534,2.5145914912584186,18.10265309405029,2354.2539640584646,0.9935072230047537,10.0,3.1436392352745433
r42c54,26.25,95.25,15,13,0,,2.506064824334329,17.389375697399966,3275.235350865617,0.9976597071833223,10.0,1.1760912590556813
r42c55,26.25,95.75,29,24,0,,2.7007338201868936,20.931627590072843,2768.7730787245896,0.9899694954936307,10.0,1.462397997898956
r42c56,26.25,96.25,34,34,0,,2.7857109298842695,22.540866327497064,3707.9829203039058,0.9901043426967076,10.0,1.5314789170422551
r42c57,26.25,96.75,1296,278,0,136.8494901131143,2.808472196398513,22.538984080073874,2821.8202775942573,0.9598401759001818,10.0,3.1126050015345745
r42c58,26.25,97.25,18,15,0,,2.8825823934295274,20.59365335023287,3646.1705931113274,0.9999193002732398,10.0,1.255272505103306
r42c59,26.25,97.75,4,4,0,,3.0185971000546137,19.48236742216436,2916.3357535517907,0.9954553409158877,10.0,0.6020599913279624
r42c60,26.25,98.25,783,255,0,155.6172304635217,2.483160239899206,13.934395278514057,3024.9490980949126,0.9970900627938815,10.0,2.8937617620579434
r42c61,26.25,98.75,780,208,0,125.1895432565372,1.6900723486418565,10.320308135611631,2072.695502059506,0.9927968350506557,10.0,2.8920946026904804
r42c62,26.25,99.25,4,4,0,,1.5685709470355662,10.663345519592536,1323.650039726285,0.9353909036564502,10.0,0.6020599913279624
r42c63,26.25,99.75,2295,248,0,107.84886139345683,1.633244493295887,11.253407740863535,1219.6812766202754,0.8616174885038577,10.0,3.36078268987328
r42c64,26.25,100.25,892,153,0,95.6872225047278,1.5289418663579417,15.013684068298486,1206.3232124629203,0.7800632961468473,10.0,2.950364854376123
r42c65,26.25,100.75,36,32,0,,1.529584815739106,15.258970452160755,1321.415665916975,0.8543654817194576,10.0,1.5563025007672873
r42c66,26.25,101.25,0,0,0,,1.6839808417300322,15.93247753289792,1638.901915624235,0.9249366766540976,10.0,0.0
r42c67,26.25,101.75,130,91,0,,1.307340193579799,18.079510119283906,1342.1523125705994,0.7751897947409702,10.0,2.113943352306837
r43c00,26.75,68.25,8,8,0,,0.3684544581874351,27.122150666024133,272.5749260551801,0.22885897863897628,40.0,0.9030899869919435
r43c01,26.75,68.75,3,3,0,,0.2566043327204071,27.526724362159808,231.15290196297005,0.8640206439395134,60.0,0.47712125471966244
r43c02,26.75,69.25,0,0,0,,0.1236012183763375,27.686143443473053,232.5273670545045,0.9984118078714713,60.0,0.0
r43c03,26.75,69.75,13,10,0,,0.11485154121863801,27.61542279788373,231.58907689936856,0.9998386005975576,60.0,1.1139433523068367
r43c04,26.75,70.25,6029,187,0,85.38231098566041,0.12528230533056522,27.223657224950877,222.18402309078007,0.9967054673230207,60.0,3.7802452838653524
r43c05,26.75,70.75,107832,303,0,89.41494864764418,0.1483433766392361,26.787888113974656,228.9704955393268,0.8873003028823352,60.0,5.032747660304631
r43c06,26.75,71.25,6070,214,0,92.00958512500193,0.18363162955960008,26.613944710191262,264.432605400532,0.5449873954659127,60.0,3.7831886910752575
r43c07,26.75,71.75,3706,204,0,100.21433802157343,0.1707903937284665,26.599552196177363,282.0665856536548,0.6230783471388209,60.0,3.5689054149828787
r43c08,26.75,72.25,620,116,0,77.51871031209737,0.2613464952541155,26.44420350326568,301.0873906093639,0.37182742642819283,40.0,2.792391689498254
r43c09,26.75,72.75,1041,174,0,98.47719440073723,0.3314072210695488,26.201386172935646,315.77968505479856,0.22525178018965256,40.0,3.017450729510536
r43c10,26.75,73.25,306,100,0,93.593521928399,0.3926547607859565,26.029397684673434,327.3474854376714,0.1429847207603609,40.0,2.48572142648158
r43c11,26.75,73.75,117,37,0,,0.48869704639634576,25.631276202916844,366.8277240944978,0.10961702283863337,40.0,2.0681858617461617
r43c12,26.75,74.25,145,52,0,,0.5211719985054986,25.325108449630488,425.9417072891358,0.05825157609681192,40.0,2.161368002234975
r43c13,26.75,74.75,10820,247,0,107.10629582195274,0.5844184817888778,24.898321324217772,499.51801938329584,0.2277107343288272,40.0,4.0342272607705505
r43c14,26.75,75.25,41339,291,0,102.75096702770855,0.6015856749697674,24.77722605682018,526.8946209910348,0.18090473571314206,40.0,4.616359966734068
r43c15,26.75,75.75,168409,350,0,109.72483790441338,0.5927616554857229,24.637958395503407,594.3298066555847,0.27896156074751227,40.0,5.22636529705611
r43c16,26.75,76.25,8391,245,0,95.32954879950145,0.6578106939810455,24.56751836345132,662.8460654873936,0.2725608561744726,40.0,3.92381372109119
r43c17,26.75,76.75,844,126,0,80.03325552587502,0.6912357495297742,24.78643161832188,681.5004508935541,0.1569490263792848,40.0,2.926342446625655
r43c18,26.75,77.25,18179,321,0,131.05940432383088,0.6453376348310335,24.872529644121567,743.5991351337719,0.44617549038097565,40.0,4.25956998964356
r43c19,26.75,77.75,64984,296,0,113.44290486861063,0.6671392534304705,25.066354766969855,741.5536826570741,0.21859237404876591,40.0,4.8128064402262885
r43c20,26.75,78.25,11780,258,0,103.21164572993601,0.6923170777414256,25.03789603379743,751.3955110339984,0.21305281345280297,40.0,4.071145290451083
r43c21,26.75,78.75,68493,342,0,121.51130762134683,0.7097390932546326,25.01863446603767,814.5057359162894,0.23400698866509703,40.0,4.835646188766652
r43c22,26.75,79.25,4572,239,0,105.24637209170085,0.7845598148376933,24.881547276610682,876.0471516424891,0.12217143591351921,40.0,3.660106221723244
r43c23,26.75,79.75,1900,194,0,110.70015669802608,0.7626924264551371,24.806305769559636,922.3299835489946,0.06984335236446103,40.0,3.278753600952829
r43c24,26.75,80.25,25712,267,0,90.41790169833301,0.755551686359449,24.80928400465071,969.6421382072854,0.1417862931783618,40.0,4.410135859419269
r43c25,26.75,80.75,112546,328,0,86.94653287699693,0.7914208593651877,24.82539374887768,1024.4568553203126,0.3098769823137545,40.0,5.051330064340557
r43c26,26.75,81.25,30184,261,0,100.68184878233399,0.8317294329932226,24.86441305432596,1133.8817194318294,0.18888165554817385,40.0,4.479776792192939
r43c27,26.75,81.75,1698,183,0,98.15085605471255,0.8241319178419512,24.845549505718555,1280.3044004375927,0.2394641853023721,40.0,3.229937685907934
r43c28,26.75,82.25,40253,307,0,117.98404117377676,0.8415794346856628,24.876880672699738,1383.9367578932543,0.1948250207121955,40.0,4.604798253272669
r43c29,26.75,82.75,298,109,0,102.87611605248738,0.8568947998969616,24.90277820582768,1449.9933970795978,0.08783234452401531,40.0,2.4742162640762553
r43c30,26.75,83.25,2950,199,0,92.34429250075411,0.8370519107449591,24.87086688191547,1480.700082131682,0.09205789767470114,40.0,3.469822015978163
r43c31,26.75,83.75,298,72,0,68.39685657949774,0.9357350706266283,24.813800232323434,1548.1772615980976,0.07432661658856221,40.0,2.4742162640762553
r43c32,26.75,84.25,421,119,0,101.13931936058408,0.842102041134705,24.87312333955187,1615.6261065511549,0.19276570092260173,40.0,2.6242820958356683
r43c33,26.75,84.75,1165,203,0,113.477729292691,0.8920932198252077,24.7682244593156,1678.62100218675,0.15449688968861464,40.0,3.0663259253620376
r43c34,26.75,85.25,239,72,0,,0.9476156558448146,24.67838157253535,1625.1110739237545,0.1505077533165663,40.0,2.3783979009481375
r43c35,26.75,85.75,3266,186,0,76.77182759349732,0.9767980380765054,24.380452666582727,1579.349521032206,0.22663801241339765,40.0,3.5140161804006493
r43c36,26.75,86.25,6066,295,0,109.96743530582005,1.0802926239740194,23.555090888517434,1609.7429241237917,0.3382613572204392,40.0,3.7829024059746446
r43c37,26.75,86.75,16802,383,0,123.57055979473466,1.325731652956226,22.106979562712755,1847.632959561862,0.6397714031824319,10.0,4.22536098037266
r43c38,26.75,87.25,93393,557,0,135.40788446976134,1.413646412536543,21.615411256527967,2041.2083712139781,0.6015071642994537,10.0,4.970314326173349
r43c39,26.75,87.75,8823,422,0,138.03233070619277,1.58310913291951,20.228230756216327,2457.810218132383,0.6403533449258485,10.0,3.9456162792267317
r43c40,26.75,88.25,265046,635,0,143.32249619209426,1.7383141572548892,20.805295630551157,3077.6639127361077,0.7132624234447592,10.0,5.423321254361215
r43c41,26.75,88.75,98878,564,0,128.98214524747084,1.6436212640129448,22.048191954957748,3376.7030805586833,0.6563955359456881,10.0,4.9950996733824
r43c42,26.75,89.25,24908,519,0,121.36726032730549,1.914552001544243,20.6613071594135,3692.4307901498373,0.8006925618903583,10.0,4.396338857049362
r43c43,26.75,89.75,59451,563,0,140.9784237838246,2.16104655760635,19.16392974459983,4066.690046451512,0.8686472954041066,10.0,4.774159164099022
r43c44,26.75,90.25,58563,580,0,149.62199041913792,2.2001181015392337,20.790285365108602,3938.4010436302533,0.7656778188681301,10.0,4.7676233161731805
r43c45,26.75,90.75,47843,570,0,143.81650813800772,2.1062609559343652,20.642160606286758,3749.106178900681,0.809107230850003,10.0,4.679818404312213
r43c46,26.75,91.25,201418,624,0,147.4370296510699,2.0685560939229344,20.864895227031397,3204.202414091802,0.7073063598961121,10.0,5.304098279282951
r43c47,26.75,91.75,14218,466,0,145.62513185248002,1.9080440996653307,20.82579149527992,2978.7284445796763,0.6630804557252692,10.0,4.152838509892218
r43c48,26.75,92.25,35030,551,0,146.1297071048889,1.7794345115700967,21.96708083533066,2624.6199826050265,0.49514709973185483,10.0,4.544440137317692
r43c49,26.75,92.75,193384,548,0,131.64889526198675,1.51204463421996,23.022090508213797,2562.268608786218,0.4524617773632882,10.0,5.2864205390377785
r43c50,26.75,93.25,316559,551,0,130.45217099288485,1.7405903834170207,23.17320437111835,2516.9274932107733,0.6324922947608836,10.0,5.5004546653374256
r43c51,26.75,93.75,100965,437,0,130.32753859658894,1.3899647052273645,23.511658807204775,2689.7530270500743,0.4056281571790145,10.0,5.004170849612427
r43c52,26.75,94.25,40475,422,0,124.72644959961144,1.48853414711987,23.74953769257659,2209.160396741792,0.46921763621547713,10.0,4.607186857425411
r43c53,26.75,94.75,10617,289,0,106.30008274979468,2.1767966938134746,22.360253198231973,2283.372519665278,0.81297941469753,10.0,4.026001817357177
r43c54,26.75,95.25,395,140,0,113.20596699051505,2.448685824579214,19.31945502502724,2621.469064148874,0.9856800708385367,10.0,2.59659709562646
r43c55,26.75,95.75,61,55,0,,2.5133691045018476,18.312347269205596,2908.38327052654,0.9990316041982806,10.0,1.7853298350107671
r43c56,26.75,96.25,1076,244,0,126.56772436405313,2.821121583872532,20.501191445847407,3158.1664565943265,0.9886698399005308,10.0,3.0318122713303706
r43c57,26.75,96.75,1028,305,0,149.8880591745702,2.7732280337047235,19.481330548335002,2711.041639005109,0.9966670611846806,10.0,3.011993114659257
r43c58,26.75,97.25,1,1,0,,2.7447192951407557,17.954342145856398,4267.358111934242,0.9997579008197194,10.0,0.0
r43c59,26.75,97.75,18,18,0,,3.0182472902227686,18.243915572549792,4048.2841328033287,0.9955825585906719,10.0,1.255272505103306
r43c60,26.75,98.25,5,5,0,,2.296999290843625,12.91486037761931,4210.276483710979,0.9991930029877878,10.0,0.6989700043360189
r43c61,26.75,98.75,31,28,0,,1.6007177345631138,9.353464627741474,2442.4429364222165,0.9947288837297324,10.0,1.4913616938342726
r43c62,26.75,99.25,13,13,0,,1.4099177153562439,9.486285227356387,1440.1266571871436,0.9718383847973479,10.0,1.1139433523068367
r43c63,26.75,99.75,7148,318,0,114.80084536765992,1.5641206450257346,9.886172992586921,1223.0560645345608,0.9305478243010301,10.0,3.8541845438336066
r43c64,26.75,100.25,11422,410,0,123.87985124909689,1.5679577911886307,12.008822697757964,1405.326661331186,0.8117937736885672,10.0,4.057742155828753
r43c65,26.75,100.75,3,3,0,,1.5322653748441961,13.185624609367578,1311.6026883526401,0.8664061792913491,10.0,0.47712125471966244
r43c66,26.75,101.25,5,5,0,,1.5694724905132251,15.969832808609041,1618.1979795300722,0.8895066858145035,10.0,0.6989700043360189
r43c67,26.75,101.75,235,106,0,,1.443999955517002,17.08920470449436,1418.4542139935957,0.8690550410112842,10.0,2.3710678622717363
r44c00,27.25,68.25,5124,218,0,109.16252742159392,0.3753690541251344,27.072790268307557,265.3096405177524,0.151313002629614,40.0,3.7096091210726487
r44c01,27.25,68.75,418,115,0,97.25961068603728,0.3563738355425286,27.08952177095469,223.2440761547545,0.620153716503273,60.0,2.621176281775035
r44c02,27.25,69.25,0,0,0,,0.27709109127876896,27.512022471568393,218.0601216482311,0.8930617858272416,60.0,0.0
r44c03,27.25,69.75,10,10,0,,,27.532735526309345,220.88992640268097,0.9996936683656258,60.0,1.0
r44c04,27.25,70.25,4771,198,0,92.65317594543654,0.27158495933909893,27.234125256228996,219.45597094920683,0.9471897386465007,60.0,3.6786094165589263
r44c05,27.25,70.75,9712,234,0,105.7258541211831,0.20971109138766492,27.142797982827705,199.22735535924096,0.8596831481426961,60.0,3.9873086737311825
r44c06,27.25,71.25,911,137,0,83.00743499183574,0.17065735908543014,27.18345002816629,202.48035232292614,0.8742878353866546,60.0,2.9595183769729982
r44c07,27.25,71.75,6991,237,0,102.25528356287883,0.172449902376019,26.907137093343522,221.51291447552944,0.731796972977286,60.0,3.8445393021290077
r44c08,27.25,72.25,11008,222,0,99.77231178256763,0.24125061000250772,26.68793672035369,233.9059871875562,0.35113402048806364,40.0,4.041708420891436
r44c09,27.25,72.75,302,85,0,80.86996324322017,0.28638701270459616,26.38184842237254,245.60394096030865,0.31522225718806635,40.0,2.4800069429571505
r44c10,27.25,73.25,111,64,0,,0.2541513080320699,26.0828486159371,264.5181289915994,0.26289427749388994,40.0,2.0453229787866576
r44c11,27.25,73.75,1069,136,0,83.1697844826442,0.2934135590201843,25.836508452600878,308.1102092249392,0.0891966481992092,40.0,3.028977705208778
r44c12,27.25,74.25,958,142,0,84.59436957685973,0.39532172777384644,25.51926804899619,359.33016343450333,0.0346813452342357,40.0,2.9813655090785445
r44c13,27.25,74.75,2166,187,0,101.51133350324407,0.48023055086528826,25.077897425770647,407.25543730098394,0.056435525131610535,40.0,3.3356584522893016
r44c14,27.25,75.25,41119,280,0,101.8849834927881,0.5772323649014455,24.47817308404731,472.203625303925,0.08751455584028758,40.0,4.61404254422256
r44c15,27.25,75.75,11217,234,0,90.24587523126193,0.6568944768373759,24.12312980360755,564.2733585615639,0.19897477408828348,40.0,4.049876719873882
r44c16,27.25,76.25,72108,287,0,92.66105352474449,0.7046884801611737,24.175459216872742,667.8394089107993,0.6010356362457494,40.0,4.857983450060863
r44c17,27.25,76.75,51239,237,0,72.24518159364371,0.6992213828134927,24.767127148404974,669.3132338683819,0.17566204610769454,40.0,4.709600645297477
r44c18,27.25,77.25,36980,303,0,115.05150635811029,0.6730226060916121,24.820375250729455,697.8122184078384,0.02875816000686063,40.0,4.5679669068231545
r44c19,27.25,77.75,659849,419,0,122.07683630365133,0.7170949984257151,24.78607443018943,728.8314632563139,0.06274518738906552,40.0,5.819444562860519
r44c20,27.25,78.25,42286,284,0,86.28327983257944,0.6819453373173721,24.670854357295575,774.6612342120874,0.0613764737863266,40.0,4.6261966054569434
r44c21,27.25,78.75,6803,227,0,111.45095452051832,0.7300143666931592,24.565646342321575,847.5608348059953,0.02945604103539534,40.0,3.8327004709605674
r44c22,27.25,79.25,1710,162,0,101.90582808466522,0.7308394884610887,24.52953538648599,892.2103968113943,0.04059716947038178,40.0,3.2329961103921536
r44c23,27.25,79.75,2583,198,0,115.76268731705349,0.7083927331207232,24.540420940886925,931.8184131933702,0.057051277383413306,40.0,3.412124406173317
r44c24,27.25,80.25,318,79,0,74.50037139540287,0.7909735400794962,24.446766932763964,1017.1569005345895,0.12231731814723981,40.0,2.5024271199844326
r44c25,27.25,80.75,4887,210,0,109.69490403211122,0.8281439925984572,24.497037645731393,1107.6344799182757,0.22906613528821942,40.0,3.689042339028172
r44c26,27.25,81.25,4181,204,0,104.78888706938001,0.8220940555695504,24.61935021628146,1224.7643110075128,0.10418458015426649,40.0,3.621280167550415
r44c27,27.25,81.75,483,135,0,104.35441595399433,0.8474035974145642,24.60066416282381,1415.8033212720088,0.13576700358819768,40.0,2.683947130751512
r44c28,27.25,82.25,283,100,0,95.13249819119203,0.861275639959996,24.550402902860895,1588.5164626212913,0.19017659024253838,40.0,2.45178643552429
r44c29,27.25,82.75,105,47,0,,0.887722191316941,24.53445886011595,1676.2675420098733,0.06429265828937733,40.0,2.0211892990699383
r44c30,27.25,83.25,16224,356,0,112.6878344137263,0.9293954289434359,24.396211159004025,1650.5129185908963,0.14516924233659692,40.0,4.210157937653242
r44c31,27.25,83.75,2546,266,0,118.00497526505804,0.9615299396064848,24.198806263249523,1664.7381444563819,0.27823750392804125,40.0,3.4058583993176366
r44c32,27.25,84.25,7301,449,0,150.3109525961546,0.9900152189411441,23.85509955244386,1619.9489139620275,0.44102560369977833,40.0,3.863382348440788
r44c33,27.25,84.75,36243,516,0,140.34986980389866,1.170070841172184,23.10528379246141,1678.1322601663821,0.558276159202149,10.0,4.559224139046757
r44c34,27.25,85.25,30666,440,0,116.59422528263285,1.2970916090354927,21.468589277775664,2151.3220955806946,0.7436739023393076,10.0,4.48665713133888
r44c35,27.25,85.75,5519,317,0,112.57712270518803,1.4565507591801488,20.044777451187745,2343.8549449163143,0.874245075208469,10.0,3.7418603940652635
r44c36,27.25,86.25,1301,224,0,112.37186415939135,1.6007921181308398,17.055277061370596,2798.9792707998613,0.9321299904046502,10.0,3.1142772965615864
r44c37,27.25,86.75,856,232,0,129.37705800478494,1.6503350348326287,14.475107103463108,3875.317001873511,0.9484706572580536,10.0,2.932473764677153
r44c38,27.25,87.25,1966,294,0,132.7546267224546,1.8314338528349838,14.895888560538925,4156.480596191885,0.9626579664787499,10.0,3.2935835134961167
r44c39,27.25,87.75,6787,345,0,129.8981591572307,1.8201503649294046,13.12645183757098,3597.1737817013036,0.9852799328601647,10.0,3.831677849191467
r44c40,27.25,88.25,164815,536,0,130.15629242252848,1.7413696308314845,12.636956881628295,5056.813322352567,0.9961007377966099,10.0,5.216996734792998
r44c41,27.25,88.75,257689,556,0,135.94600791582266,1.7425709316944293,10.408775066188603,4338.299379660709,0.9952977446326284,10.0,5.4110958801680455
r44c42,27.25,89.25,48521,502,0,100.74413390895882,1.6194364427848456,8.245888742009662,3470.1193331327167,0.9937056444135303,10.0,4.685929742936632
r44c43,27.25,89.75,46088,526,0,116.5861639895849,1.681398267704652,10.165567713695378,3846.055566040346,0.9936539641522074,10.0,4.6635878622184705
r44c44,27.25,90.25,35373,533,0,136.8598608986976,1.8761310492659737,10.324414192698358,4361.242345137596,0.9957478991862561,10.0,4.548671894086595
r44c45,27.25,90.75,103694,557,0,145.4952513067831,2.029392456231855,10.315990867434849,3908.667497214291,0.9980796629726235,10.0,5.015753627726764
r44c46,27.25,91.25,107287,514,0,139.71263856222131,2.2103446844157264,12.809600615639164,4399.103541609491,0.9977870848410724,10.0,5.03054710155305
r44c47,27.25,91.75,10784,417,0,136.81778957215997,1.8736734126459766,9.819979866874101,3861.66499864508,0.99622320046657,10.0,4.032779879191245
r44c48,27.25,92.25,418466,544,0,142.79630418179252,1.9548588977673729,10.54353047653548,4104.036607864232,0.9974825742237118,10.0,5.621660177712239
r44c49,27.25,92.75,20539,440,0,130.47560212512863,2.4789406460399706,15.924392225178574,6597.226832979708,0.996523509034415,10.0,4.312579294906139
r44c50,27.25,93.25,3505,264,0,116.39296235931691,2.339203570183599,15.589484260404454,4854.876030247959,0.9947547036779417,10.0,3.5446880223026773
r44c51,27.25,93.75,13272,324,0,109.91330596801652,2.2922372801953528,19.034830240175832,3367.216215290883,0.8930151912738483,10.0,4.122936373016304
r44c52,27.25,94.25,17746,307,0,103.89073682635654,1.4810419084927993,22.901845640401362,2248.317570759408,0.39020754188574225,40.0,4.249100477182922
r44c53,27.25,94.75,10328,309,0,105.55975730642405,1.265700791855291,23.721362061094787,2387.0567698550226,0.3519591099347712,40.0,4.014016229258364
r44c54,27.25,95.25,151011,453,0,124.2746116103678,1.7217353108574092,23.367794724503764,2116.5215303205036,0.6292988486614107,10.0,5.179008583487236
r44c55,27.25,95.75,31199,437,0,129.95540036530608,2.3092478878646396,21.743536755245653,2574.1714441950644,0.9142843942021017,10.0,4.494140674100433
r44c56,27.25,96.25,59039,445,0,129.8533239412325,2.821423435664827,18.89870258905282,2800.265562562755,0.9769882699320652,10.0,4.771138992816342
r44c57,27.25,96.75,5860,350,0,133.8221288047798,2.4286379407946113,15.272062294903206,3427.4597467122353,0.9974177893428748,10.0,3.767897616018091
r44c58,27.25,97.25,12991,411,0,129.4488805596187,2.4795789298637736,16.679693987231722,5709.140525462019,0.9614395439454703,10.0,4.11364258277174
r44c59,27.25,97.75,1032,228,0,130.377619989248,2.8705185060748373,17.540143400609907,4906.15254255804,0.976256636297211,10.0,3.0136796972911926
r44c60,27.25,98.25,13,10,0,,2.0032655544870246,11.792527683609602,5057.013576872814,0.9992819561173606,10.0,1.1139433523068367
r44c61,27.25,98.75,161,53,0,,1.5221428480094876,8.445922332761489,2925.495107291166,0.9972221281637533,10.0,2.2068258760318495
r44c62,27.25,99.25,51,48,0,,1.4459118913105256,8.401498832267457,1530.9817313492529,0.9588504609371148,10.0,1.7075701760979363
r44c63,27.25,99.75,330,101,0,88.30282646016944,1.4013588699341462,8.604477207840965,1170.6705047246514,0.9508750244851164,10.0,2.5185139398778875
r44c64,27.25,100.25,2568,286,0,118.74141089463662,1.3122984044215504,10.385632550001416,1313.7578814722974,0.9659513719423911,10.0,3.4095950193968156
r44c65,27.25,100.75,12,12,0,,1.401213503996989,10.807726781040076,1299.8358759205944,0.9343602683853554,10.0,1.0791812460476249
r44c66,27.25,101.25,10,7,0,,1.4745989237662152,11.195725514064973,1776.030882368508,0.9078328297602214,10.0,1.0
r44c67,27.25,101.75,29,26,0,,1.559065746997461,13.006839439022192,1891.341902291681,0.8923870552058514,10.0,1.462397997898956
r45c00,27.75,68.25,761,150,0,105.83662335939785,0.3244163750811078,26.971974148088513,271.4921514107296,0.16323309193878907,40.0,2.8813846567705728
r45c01,27.75,68.75,139,57,0,,0.3289498790295905,27.028542919830514,241.690209473946,0.3360235352050177,40.0,2.143014800254095
r45c02,27.75,69.25,70,21,0,,0.3643922976493813,26.947522002283762,227.8229737399112,0.3121324137896122,40.0,1.845098040014257
r45c03,27.75,69.75,0,0,0,,0.3674310404752615,27.054111690769517,223.93013186506874,0.6918675032352172,60.0,0.0
r45c04,27.75,70.25,977,101,0,63.274901419009005,0.09549854878528748,27.229334872630638,223.4223793369357,0.9938085884157561,60.0,2.989894563718773
r45c05,27.75,70.75,66,38,0,,0.10994128249566726,27.261263987254264,212.72853906822044,0.9741520786448067,60.0,1.8195439355418688
r45c06,27.75,71.25,0,0,0,,0.12192000000000001,27.38140788261565,195.8882717514651,0.8964890217451158,60.0,0.0
r45c07,27.75,71.75,48,42,0,,0.2204339446835206,27.24298010249081,199.3179452181715,0.9098643880053794,60.0,1.6812412373755872
r45c08,27.75,72.25,140,52,0,,0.22030757929836778,27.029673583997873,199.05660161963735,0.769568284285974,60.0,2.146128035678238
r45c09,27.75,72.75,3351,189,0,92.865343217827,0.22513955649736067,26.617277810618482,222.65834889110923,0.4466057146690809,40.0,3.5251744278352715
r45c10,27.75,73.25,48003,283,0,96.88847801032941,0.24841097653409963,26.298498211917337,264.5158430157756,0.2879076143712667,40.0,4.68126837993251
r45c11,27.75,73.75,253,83,0,,0.27819037329239305,25.96642779760075,316.3161110724585,0.20811991413546327,40.0,2.403120521175818
r45c12,27.75,74.25,112066,329,0,110.97583449833596,0.3138401487857543,25.634986460177448,359.5090331217088,0.07706127672664202,40.0,5.04947387082773
r45c13,27.75,74.75,2306,141,0,75.30519931763946,0.3806818073226747,25.29143258737242,372.4075326424457,0.034728144829085636,40.0,3.36285930295868
r45c14,27.75,75.25,21986,257,0,90.33779044496988,0.5838137995024965,24.569797075899526,453.4967286176385,0.13207574636985597,40.0,4.342146223633466
r45c15,27.75,75.75,267,92,0,91.38531204234417,0.6058031270951502,24.31074661717918,545.2688297159413,0.33788600792284984,40.0,2.4265112613645754
r45c16,27.75,76.25,5211,183,0,64.09094468752632,0.7011529373049528,24.471780257697038,586.232793602701,0.1669609202357109,40.0,3.7169210731667612
r45c17,27.75,76.75,4597,205,0,90.79584145317122,0.6783075028608345,24.63900230216744,676.4767385997209,0.20177735580346598,40.0,3.6624745037503095
r45c18,27.75,77.25,3687,217,0,101.55289944930847,0.7118838095101023,24.65160306505527,725.2618875116261,0.06372839261601282,40.0,3.5666731376061165
r45c19,27.75,77.75,6058,218,0,98.8877866055303,0.729164006160737,24.497926879082375,774.4590732358892,0.027083775715805253,40.0,3.782329268996837
r45c20,27.75,78.25,52124,311,0,111.91260223398702,0.7384990252587154,24.392759802550632,830.3321659007594,0.039102998234099,40.0,4.71703773611327
r45c21,27.75,78.75,1240,123,0,87.92137704427772,0.7268342462683123,24.297098400636227,875.3860947305942,0.056782130733395664,40.0,3.093421685162235
r45c22,27.75,79.25,37,34,0,,0.7011512111600119,24.251602087333346,918.2868022051051,0.06932960996397959,40.0,1.568201724066995
r45c23,27.75,79.75,1078,187,0,117.98184451847484,0.7644246827318952,24.24791646847709,979.3074593138681,0.053615966018758426,40.0,3.03261876085072
r45c24,27.75,80.25,817,160,0,109.77092254204005,0.8212577824090593,24.223507709886956,1090.7416041776994,0.07618830920390791,40.0,2.9122220565324155
r45c25,27.75,80.75,1466,135,0,75.73570608207964,0.8350147755433533,24.336388179514767,1250.8151947810456,0.11639367918849941,40.0,3.166133970305109
r45c26,27.75,81.25,812,209,0,126.88414777872211,0.7874670078877856,24.407181364684398,1352.526886840576,0.18000221536514002,40.0,2.9095560292411755
r45c27,27.75,81.75,1123,162,0,99.02310840455647,0.8939840620017412,23.936404903929557,1373.9708038638023,0.2517864082339978,40.0,3.050379756261458
r45c28,27.75,82.25,3726,297,0,131.34211799781994,1.022166651031185,22.98888840420838,1574.9917058101928,0.5704944314397635,10.0,3.571242850560224
r45c29,27.75,82.75,4422,267,0,107.01680757093823,1.1796657968021036,22.09511669592148,1914.0887215653065,0.7098951504512369,10.0,3.6456187382426952
r45c30,27.75,83.25,24032,433,0,119.2928903104326,1.297906338738169,20.917503223159105,2376.3998954110257,0.6740268584658352,10.0,4.380789915324074
r45c31,27.75,83.75,3999,302,0,117.59011786726887,1.3529269351616051,20.647373602185947,2690.242883083226,0.8271797945606497,10.0,3.6019514041335214
r45c32,27.75,84.25,174470,608,0,128.44589762271843,1.3966299201416732,21.64995745460286,2587.6711131511183,0.8058370903539449,10.0,5.241720761068594
r45c33,27.75,84.75,46000,567,0,136.020151964057,1.5598033228356283,19.644005211106215,2955.0287369977855,0.8848581569710113,10.0,4.662757831681574
r45c34,27.75,85.25,607228,607,0,110.12557836332637,1.6033693983912236,15.967275677123554,3128.4479417977072,0.8197213015043805,10.0,5.783351789180453
r45c35,27.75,85.75,26454,432,0,117.00467779834098,1.7021026344595225,13.018336378791696,3270.5719994506912,0.9345662130657444,10.0,4.422491349209966
r45c36,27.75,86.25,2632,263,0,111.69354715637182,1.3023664401286534,5.352150671488472,2874.3986548675275,0.9205690323601543,10.0,3.4202858849419178
r45c37,27.75,86.75,13080,327,0,97.82611581636542,0.7431039811049028,-1.3399819318582769,1856.2733356334647,0.7211984789738651,70.0,4.116607743988248
r45c38,27.75,87.25,1224,242,0,115.29532737640051,1.0959475010246431,0.8272002173453756,4523.815404329253,0.8310694426819466,10.0,3.087781417809542
r45c39,27.75,87.75,615,182,0,125.8258185448867,0.635172044474266,-1.6634243151298072,2137.038209549024,0.8551692621922289,60.0,2.788875115775417
r45c40,27.75,88.25,934,226,0,130.16003504916162,0.3907521969567474,-2.4641243272942375,2955.462657681774,0.554328645950026,70.0,2.9703468762300935
r45c41,27.75,88.75,37199,382,0,126.56465081981158,0.5847577628675701,-0.8319700246549308,2800.6114569307774,0.8748632456533727,30.0,4.570531265142131
r45c42,27.75,89.25,2209,231,0,103.59875099936545,0.416756191364424,-0.3192220856417521,1838.2757554890122,0.959375111753333,30.0,3.344195715871435
r45c43,27.75,89.75,96218,572,0,132.95441667107838,0.8148738163305034,4.391657737301156,3176.2892796828696,0.9718067211333767,10.0,4.983256325358158
r45c44,27.75,90.25,33255,421,0,121.66430879350524,0.7569447332262574,1.0282588769910546,2488.800283885142,0.937489655766046,10.0,4.521856952170169
r45c45,27.75,90.75,38731,454,0,120.44566322634877,0.765836622387751,1.1239725891323586,2525.0954745548843,0.9835012315843873,10.0,4.58805871022841
r45c46,27.75,91.25,7222,388,0,128.06354327796262,1.2249898402995412,4.094838856444099,3494.7722965155403,0.9769839732757126,10.0,3.858657484090808
r45c47,27.75,91.75,21031,354,0,114.38181241419375,0.8286828205579257,1.363710735912597,2257.5846693891162,0.9680807399303725,10.0,4.322859923383261
r45c48,27.75,92.25,22016,305,0,86.67353819672742,0.5628794622427971,-1.2706407314503523,2218.2962339531205,0.8755188914955429,60.0,4.3427384165554175
r45c49,27.75,92.75,46,30,0,,1.3760789670961255,6.112413636241689,7595.2931832335935,0.872218844907852,10.0,1.662757831681574
r45c50,27.75,93.25,1194,153,0,87.77481476407637,1.9013427793367887,12.586599725366279,5257.65482168983,0.9994708629680664,10.0,3.0770043267933502
r45c51,27.75,93.75,6819,301,0,118.97464920594693,2.198686103691419,15.43272117896409,4087.3200305589507,0.9923335259577791,10.0,3.833720690444633
r45c52,27.75,94.25,903,192,0,115.24325960643915,2.347071446068767,18.96115488359705,3836.1442612254386,0.9651291434676367,10.0,2.9556877503135057
r45c53,27.75,94.75,4134,273,0,110.36662900320886,2.0553377447535284,21.0481875113139,3291.9708627791033,0.747712954418585,10.0,3.6163704722912695
r45c54,27.75,95.25,170542,523,0,120.39629940515104,1.489430869583241,23.20789498968976,2572.535703482253,0.5628489472008581,10.0,5.231831351785963
r45c55,27.75,95.75,21252,392,0,108.76018985649488,1.618984166960247,23.115273877529575,2113.5121977599456,0.6423138099068866,10.0,4.3273998072377
r45c56,27.75,96.25,58612,525,0,138.28215581975928,2.4799276376694532,19.03360256033754,3024.760933012729,0.932937063999302,10.0,4.767986540937059
r45c57,27.75,96.75,4733,325,0,115.08002621404889,1.741037637387422,10.37357765102305,3640.6505628720456,0.997014214994875,10.0,3.6751365044679942
r45c58,27.75,97.25,714,263,0,151.7834807119686,1.9487480267807802,9.816490459298002,5066.187813834956,0.9859788180623078,10.0,2.8536982117761744
r45c59,27.75,97.75,1123,223,0,126.70727852548005,1.978498153782335,11.625856024377926,5593.433371719564,0.9980303622943495,10.0,3.050379756261458
r45c60,27.75,98.25,5392,319,0,127.8411592100474,1.410221665988858,7.522914373047146,4306.023835190277,0.999167368965047,10.0,3.7317498835272636
r45c61,27.75,98.75,346,147,0,126.5104315647642,1.2419225297596113,6.033728375663213,2538.3204794345174,0.9930392529800351,10.0,2.5390760987927767
r45c62,27.75,99.25,1147,210,0,115.44196102556357,1.3020950987890787,6.010141863595163,1546.3678133982298,0.9848552503454934,10.0,3.0595634179012676
r45c63,27.75,99.75,9850,376,0,115.15367360697833,1.0391735739426176,4.914754108992548,1210.1290775644075,0.9684329481400468,10.0,3.9934362304976116
r45c64,27.75,100.25,192,97,0,,1.191801245979945,9.283746421163643,1378.2659939741616,0.9855938015368931,10.0,2.2833012287035497
r45c65,27.75,100.75,562,155,0,107.42325562442723,1.3284389309717,8.65869258426552,1451.8157894042422,0.9433086928274386,10.0,2.749736315569061
r45c66,27.75,101.25,51,45,0,,1.2913995206437532,9.516806338705937,1525.2362988629989,0.9076393714881017,10.0,1.7075701760979363
r45c67,27.75,101.75,16,13,0,,1.4406904420752713,10.522656342924954,2029.3580807236126,0.9328220662801102,10.0,1.2041199826559248
r46c00,28.25,68.25,17,14,0,,0.29433197975649816,26.989816848239126,286.2961117818948,0.10465382031868742,40.0,1.2304489213782739
r46c01,28.25,68.75,0,0,0,,0.2745694256738592,27.00027997477673,262.7705407713953,0.148272469416669,40.0,0.0
r46c02,28.25,69.25,51,38,0,,0.33699711135129845,26.86208533775912,243.8889785134283,0.18118727223706754,40.0,1.7075701760979363
r46c03,28.25,69.75,0,0,0,,0.4068206402824908,26.669345892509284,226.1325020382996,0.12416602616294174,40.0,0.0
r46c04,28.25,70.25,373,96,0,80.15210415190678,0.4257997228469296,26.646716177754023,234.17663973108407,0.37549529695348627,40.0,2.571708831808688
r46c05,28.25,70.75,68,49,0,,0.4597982954133247,26.998568336917423,224.20206048101394,0.9222311805237028,60.0,1.8325089127062364
r46c06,28.25,71.25,151,64,0,,,27.2025052050823,204.6009905172445,0.9943017337513811,60.0,2.1789769472931693
r46c07,28.25,71.75,7,6,0,,,27.186199766178532,205.40005043583375,0.9959995086838235,60.0,0.8450980400142568
r46c08,28.25,72.25,42,32,0,,0.20096334591548037,27.11396808323597,205.7130113035012,0.9023715825275528,60.0,1.6232492903979006
r46c09,28.25,72.75,2497,166,0,99.99831847978207,0.18796677659785732,26.87993409906237,228.07284640164778,0.7886451083721547,60.0,3.397418542351348
r46c10,28.25,73.25,5439,206,0,81.66502886700665,0.15179143514017696,26.58515082510834,255.38567598556844,0.779645135566188,60.0,3.735519058815171
r46c11,28.25,73.75,1440,156,0,95.96200803881277,0.21422902599759816,26.28023584841766,291.3475981455193,0.4690726787855457,40.0,3.1583624920952498
r46c12,28.25,74.25,262,67,0,66.222442503134,0.2627159363508939,25.910208370616328,339.90322509107364,0.2829638882522542,40.0,2.4183012913197452
r46c13,28.25,74.75,883,173,0,105.700897345145,0.24882977941332493,25.614903846991602,374.2400080282552,0.08965549977294929,40.0,2.9459607035775686
r46c14,28.25,75.25,1075,123,0,75.22814932374294,0.3728555051755013,25.283154742756977,414.02791415649625,0.11055368645242819,40.0,3.031408464251624
r46c15,28.25,75.75,2821,138,0,74.15955333155553,0.5839087786147392,24.795215610667686,507.9724548803787,0.10549371472403894,40.0,3.450403086155366
r46c16,28.25,76.25,10523,283,0,117.05344208744573,0.6670874160543108,24.626938031482446,576.3665360224904,0.08647448847481638,40.0,4.022139570398392
r46c17,28.25,76.75,496934,392,0,125.38919178526587,0.6473321766353148,24.728514211634902,668.4321441613315,0.07496814734314322,40.0,5.696298711994539
r46c18,28.25,77.25,304043,366,0,98.16389804561271,0.6808210840940874,24.481170049907888,769.9001223231312,0.16274097863885192,40.0,5.482935009076206
r46c19,28.25,77.75,76506,286,0,114.88255036697758,0.7530102956005317,24.216164793405074,847.0684992782622,0.058767723904515214,40.0,4.883695496130216
r46c20,28.25,78.25,6730,248,0,115.86724842656973,0.7471486645982868,24.109048016537486,885.590447868515,0.052512790457386785,40.0,3.828015064223977
r46c21,28.25,78.75,1086,116,0,73.1097925422937,0.7205240515903809,23.978136720886845,943.8031007221803,0.029207209813733943,40.0,3.035829825252828
r46c22,28.25,79.25,29532,260,0,92.28844117944566,0.7496939386885442,23.96778579793668,998.5613860408689,0.06387520909982182,40.0,4.470292859750427
r46c23,28.25,79.75,2568,179,0,94.79242324219703,0.8333768492673992,23.922776560582065,1107.6551901505807,0.09868748440948505,40.0,3.4095950193968156
r46c24,28.25,80.25,8672,313,0,122.69586893693517,0.8970181179316865,23.890734600238478,1355.525213542317,0.24766113812164536,40.0,3.9381192691943117
r46c25,28.25,80.75,27483,404,0,128.25369951642938,0.8351400597247374,23.878037207245622,1446.5300592400877,0.2700516821704737,40.0,4.43906413786105
r46c26,28.25,81.25,28765,428,0,127.51310558712802,0.9089927293193658,23.54723935207238,1409.066096093299,0.4582533203413117,40.0,4.458864378361518
r46c27,28.25,81.75,14991,426,0,139.5525756940104,1.1967615707876513,21.483741148253642,1755.1685674659159,0.7689839159287907,10.0,4.1758306041622495
r46c28,28.25,82.25,864,173,0,102.95947222632364,1.4825908748960284,17.60387700300598,1969.8619589643408,0.8452677075175632,10.0,2.936513742478893
r46c29,28.25,82.75,735,176,0,112.53514221997625,1.7092086716881218,14.173315859568936,2379.247111265496,0.9741940833038767,10.0,2.8662873390841948
r46c30,28.25,83.25,8631,340,0,120.5014696139203,1.7580541574507706,13.614193362007585,2796.8770176323233,0.9829073816674017,10.0,3.9360611166099884
r46c31,28.25,83.75,125063,608,0,136.100544761411,1.6889418332708876,12.654494564889601,3345.513045184793,0.9368871189722197,10.0,5.097128842286589
r46c32,28.25,84.25,28665,474,0,116.29815162124258,1.6149165361915352,11.319355461541782,4342.220721857546,0.9165600465573598,10.0,4.457351946110694
r46c33,28.25,84.75,1922,266,0,116.88933021499288,1.3684361943295513,7.025614480764333,3177.7366256487057,0.9124244798555987,10.0,3.2837533833325265
r46c34,28.25,85.25,28343,432,0,125.23729741750854,0.9763720520087115,1.507244940771978,2495.363328174648,0.9034320279359571,10.0,4.45244581678267
r46c35,28.25,85.75,5677,368,0,111.73807637140835,0.45298216746414016,-4.490975366873584,1704.9653445582549,0.6886621845643183,60.0,3.754118894225413
r46c36,28.25,86.25,137,69,0,,0.15736689658308803,-4.97667267268921,1081.5723062060858,0.8233144917991676,60.0,2.1367205671564067
r46c37,28.25,86.75,699,109,0,67.44787142239643,0.06183263930397274,-4.400760349665295,606.8467606010619,0.706162423134315,60.0,2.8444771757456815
r46c38,28.25,87.25,17,14,0,,0.12213238748637335,-3.2021514266530726,896.9080624904346,0.9352934717221043,60.0,1.2304489213782739
r46c39,28.25,87.75,93,31,0,,0.09751186785825558,-0.8269389500455874,736.2575112178274,0.9381348948661565,60.0,1.968482948553935
r46c40,28.25,88.25,135,19,0,,0.09063606801909009,0.36239710343940323,917.5333733312284,0.9489291895181232,60.0,2.130333768495006
r46c41,28.25,88.75,4630,147,0,48.868203657524724,0.09269820848619288,-2.105458080643908,765.8715048235066,0.9885885100917007,60.0,3.6655809910179533
r46c42,28.25,89.25,179,45,0,,0.1041926793578118,-1.2522377148068673,782.5577786210935,0.9682845391400496,60.0,2.2528530309798933
r46c43,28.25,89.75,375,95,0,79.61523342475971,0.12349805091010131,-3.4523367322894996,1154.0125618531654,0.8617492883893945,60.0,2.574031267727719
r46c44,28.25,90.25,560,106,0,83.27502894099231,0.09666997190805626,-4.988077399039869,885.0994830343299,0.7357529103656734,60.0,2.7481880270062002
r46c45,28.25,90.75,54,26,0,,0.1362395512944805,-3.7066966796755345,1248.8738421228813,0.8363916410300049,60.0,1.7323937598229686
r46c46,28.25,91.25,810,157,0,96.10844894043352,0.18640777350474405,-3.720953001445283,1338.0201925180936,0.9233779619079626,60.0,2.90848501887865
r46c47,28.25,91.75,122,47,0,,0.14172691143022034,-2.9054924202629877,992.6043380591443,0.9578735748396483,30.0,2.0863598306747484
r46c48,28.25,92.25,1,1,0,,0.11777410571554973,-0.2982611197645033,815.8549668755245,0.9887176251189491,60.0,0.0
r46c49,28.25,92.75,0,0,0,,0.2804820780081293,-0.8298971250365007,2486.0014166302767,0.8533829649411109,60.0,0.0
r46c50,28.25,93.25,262,86,0,84.00118734373092,1.1894446210107448,6.350288347407519,4140.7332022055925,0.9801615393549249,10.0,2.4183012913197452
r46c51,28.25,93.75,86,45,0,,1.594050290299692,11.394600484040918,3508.6539229534646,0.9988702435115743,10.0,1.9344984512435677
r46c52,28.25,94.25,53,33,0,,1.882664297336299,13.159895525966556,4315.670006728079,0.9991930596803567,10.0,1.724275869600789
r46c53,28.25,94.75,5303,264,0,117.94297943315092,2.3346946868106486,17.90632413721836,4780.417695389447,0.9889490279372319,10.0,3.7245216271185626
r46c54,28.25,95.25,4758,333,0,124.21544516301219,2.1746701115214226,17.166080298928733,4683.895713702511,0.9649747007332032,10.0,3.6774244377012475
r46c55,28.25,95.75,192926,564,0,148.50258876062125,2.0252773821884564,16.93941306264724,3623.584982877525,0.9436713541539766,10.0,5.285390760021415
r46c56,28.25,96.25,1743,260,0,125.83335246439444,1.6506473446194707,8.951702318409447,4306.948061313722,0.9816552344811087,10.0,3.2412973871099933
r46c57,28.25,96.75,2916,214,0,104.96579488884687,1.1894179579433257,5.79103367863455,2731.4076664255176,0.9652607445685795,10.0,3.4647875196459372
r46c58,28.25,97.25,27979,312,0,106.61742491619637,0.6791269343643631,1.9137001876962325,1883.0964401861263,0.9312228300684898,10.0,4.446832188274362
r46c59,28.25,97.75,338,108,0,94.951414898702,0.762288919773682,1.2482326635560113,2596.6489734384586,0.9614503796261047,10.0,2.5289167002776547
r46c60,28.25,98.25,46,34,0,,0.7507332054595925,3.0384271720722387,2262.3942022254882,0.9758668824069066,10.0,1.662757831681574
r46c61,28.25,98.75,1979,245,0,115.45456913168306,0.8204889135855415,2.788217286542827,1590.2704336043896,0.9370674803447617,10.0,3.296445794206396
r46c62,28.25,99.25,732,167,0,108.92885494372308,0.8201761803339283,4.0024335832144144,1516.3384734082688,0.9931410051125222,10.0,2.864511081058392
r46c63,28.25,99.75,163,90,0,,0.8824656039953243,3.1719217414977363,1141.9286584960707,0.9972453263900583,10.0,2.2121876044039577
r46c64,28.25,100.25,511,97,0,72.1610076788464,0.8397613459535711,4.284678283991017,1456.90723602552,0.9942703212132931,10.0,2.708420900134713
r46c65,28.25,100.75,29,28,0,,1.113595482431767,6.377541418489891,1343.2823106075261,0.9945128058264255,10.0,1.462397997898956
r46c66,28.25,101.25,30,29,0,,1.134421911563113,6.070001727773316,1442.1521484493271,0.9890025075282809,10.0,1.4771212547196624
r46c67,28.25,101.75,10,10,0,,1.402962569370127,8.98198825824854,2059.9036241581857,0.9773985410634841,10.0,1.0
r47c00,28.75,68.25,0,0,0,,0.3177762461498735,27.06627668655438,313.8755299774157,0.42018503305608396,40.0,0.0
r47c01,28.75,68.75,1,1,0,,0.20943494951992153,26.03026205006252,307.7361764388238,0.9268469380491781,60.0,0.0
r47c02,28.75,69.25,0,0,0,,0.15548780537597826,25.691891319076518,273.71800619693425,0.9500351889380159,60.0,0.0
r47c03,28.75,69.75,2,2,0,,0.3429776572869672,26.475939714044408,254.16565647506695,0.7607188412692788,60.0,0.3010299956639812
r47c04,28.75,70.25,47,26,0,,0.4216102750292103,26.48919222794035,257.3225485716948,0.15738995238250436,40.0,1.6720978579357175
r47c05,28.75,70.75,86,42,0,,0.4379574013383105,26.35531012526426,252.55252163850923,0.17589556247441523,40.0,1.9344984512435677
r47c06,28.75,71.25,192,85,0,,0.4002188260554612,26.55694002653432,236.14521280674037,0.7296097192353118,60.0,2.2833012287035497
r47c07,28.75,71.75,40,37,0,,0.39549686786727434,26.774658361576876,229.2998886059259,0.9651260197040185,60.0,1.6020599913279623
r47c08,28.75,72.25,0,0,0,,0.22828807364306655,26.852100823316345,226.2441871487492,0.9604990308713429,60.0,0.0
r47c09,28.75,72.75,5,3,0,,0.2699650797720873,26.780136014258083,240.47904175067822,0.6972789330916525,60.0,0.6989700043360189
r47c10,28.75,73.25,926,162,0,112.70205507005555,0.17234694833839495,26.4502702072393,260.35369804413176,0.8060024308101712,60.0,2.966610986681934
r47c11,28.75,73.75,67,43,0,,0.16396768011654533,26.19357883599346,279.550338337222,0.7265856385481765,60.0,1.8260748027008264
r47c12,28.75,74.25,125,102,0,,0.2220781448417015,25.92364366800704,322.7510427647778,0.2546003972822326,40.0,2.0969100130080562
r47c13,28.75,74.75,0,0,0,,0.2098130802888155,25.713430956800373,366.0684130596291,0.05103060551554967,40.0,0.0
r47c14,28.75,75.25,527,127,0,97.86109242505735,0.24526969947993055,25.480894042914624,420.3202513090293,0.046917444942619714,40.0,2.7218106152125467
r47c15,28.75,75.75,815,156,0,101.91007040212301,0.5718500347862726,25.030710520974964,506.1487517917993,0.03616202485820783,40.0,2.9111576087399764
r47c16,28.75,76.25,8517,263,0,122.47979734501457,0.6585125784064836,24.739971922724514,624.3312269380457,0.03356335893709126,40.0,3.9302866472455196
r47c17,28.75,76.75,267202,373,0,124.64712472251368,0.6593312223954898,24.359049664233083,712.468982733522,0.058053710597032654,40.0,5.426839704498542
r47c18,28.75,77.25,859086,406,0,94.7609913464096,0.6384896210573537,24.022305799049484,813.0961978356454,0.15080996290287293,40.0,5.934036641661193
r47c19,28.75,77.75,23802,255,0,103.46312624065672,0.7518314546851187,23.858295799993158,888.9181209773313,0.08592616588096633,40.0,4.3766134508577945
r47c20,28.75,78.25,3202,204,0,93.96156034121167,0.7870351760249846,23.822888952231043,956.9063701309689,0.181659204575231,40.0,3.505421327583281
r47c21,28.75,78.75,2623,159,0,80.31781806987286,0.8109373471256224,23.790989867873705,1072.0392394203275,0.13018423883170227,40.0,3.4187982905903533
r47c22,28.75,79.25,1904,181,0,90.46454121789301,0.8747430840746224,23.617781499462446,1218.9342966542458,0.18584873984682823,40.0,3.2796669440484556
r47c23,28.75,79.75,16725,354,0,104.8337446100078,0.9217971747273992,23.354336748995447,1270.3123430334454,0.25939208974253986,40.0,4.223366126439861
r47c24,28.75,80.25,40679,438,0,132.67278601653229,0.9502609699456663,22.881168218784584,1318.0329808693746,0.5036513281454972,10.0,4.609370268247267
r47c25,28.75,80.75,13674,400,0,126.24147428373607,1.1100653131339435,21.445726872043885,1805.2237662167518,0.7645473235987802,10.0,4.135895575564019
r47c26,28.75,81.25,7476,362,0,126.69741391732309,1.2655649062544014,20.24172619693786,1833.4640907869048,0.8465243588092267,10.0,3.8736692927067944
r47c27,28.75,81.75,2171,231,0,110.2538276729401,1.629972184471949,15.43184096552928,2027.9238219044362,0.9478640441203462,10.0,3.3366598234544202
r47c28,28.75,82.25,1128,199,0,106.87940336333861,1.6493119751159293,12.274351535381932,2042.9299108989335,0.9701555307249844,10.0,3.0523090996473234
r47c29,28.75,82.75,948,200,0,110.04262340741936,1.1624000295932615,5.403493350130046,1898.3491986890806,0.9862011479212005,10.0,2.976808337338066
r47c30,28.75,83.25,649,175,0,119.20494616305119,0.5983014930449583,-2.9971351471036107,1635.355459758344,0.7968379954456907,60.0,2.812244696800369
r47c31,28.75,83.75,11304,434,0,122.56907700056514,0.45496053683457377,-2.413289803887247,1521.7883341600193,0.7790909039124997,60.0,4.053232148840502
r47c32,28.75,84.25,4540,320,0,110.05625469020825,0.2975652745462782,-5.710907679921489,1407.9713338422232,0.6841814787657985,60.0,3.6570558528571038
r47c33,28.75,84.75,1333,223,0,108.75138537200868,0.19334571121006747,-5.6309813561610795,1110.2608647258455,0.844506348565418,60.0,3.1248301494138593
r47c34,28.75,85.25,573,115,0,86.81479970994376,0.12358581099648877,-5.848501154422249,862.6763536427869,0.8959923217230952,60.0,2.75815462196739
r47c35,28.75,85.75,67,22,0,,0.07989427610571223,-4.3213339270436855,568.9891743769338,0.8595802705182105,60.0,1.8260748027008264
r47c36,28.75,86.25,121,43,0,,0.07514509473880626,-2.5880501531760736,608.806367566211,0.9968527116523722,60.0,2.0827853703164503
r47c37,28.75,86.75,290,61,0,59.27294849053475,0.07705166133293205,-1.3053863821902245,652.870920971468,0.9950776624925158,60.0,2.462397997898956
r47c38,28.75,87.25,312,60,0,56.75892795049092,0.08814974346995837,-1.2452379057044525,837.3392718470793,0.9940492088184999,60.0,2.494154594018443
r47c39,28.75,87.75,0,0,0,,0.10282405644540442,0.5714844179842589,851.05330805138,0.9854954456889348,60.0,0.0
r47c40,28.75,88.25,8,4,0,,0.1160306641196053,-0.2556298531138075,1230.524013154319,0.9980054327669771,60.0,0.9030899869919435
r47c41,28.75,88.75,0,0,0,,0.14065278875570153,0.5974555644485666,900.8165497535815,0.9930600694815843,30.0,0.0
r47c42,28.75,89.25,41,22,0,,0.15417747924778896,1.2972888661798543,742.9814198869344,0.993583173020782,30.0,1.6127838567197355
r47c43,28.75,89.75,142,51,0,,0.12713649321443926,-0.04440254698159454,702.1259863906276,0.9654458661713214,60.0,2.1522883443830563
r47c44,28.75,90.25,223,61,0,,0.14138751099462313,-1.339749997900454,874.6700575121706,0.8504913633652268,30.0,2.3483048630481607
r47c45,28.75,90.75,52,34,0,,0.14867828275608744,-0.08459152494032597,763.2795738782598,0.82334012582191,30.0,1.7160033436347992
r47c46,28.75,91.25,0,0,0,,0.17026915955205743,-1.3606472045413238,875.4448370151888,0.9882806912727635,30.0,0.0
r47c47,28.75,91.75,35,24,0,,0.16884635285574728,-0.558699172200612,1109.2373311654255,0.9731516630570578,30.0,1.5440680443502757
r47c48,28.75,92.25,22,12,0,,0.22160805489224064,-0.6898232345794126,1145.0171923082478,0.9965040840538828,30.0,1.3424226808222062
r47c49,28.75,92.75,0,0,0,,0.27632923399060516,-0.9524181385387438,1090.6250606253097,0.9962349102112474,30.0,0.0
r47c50,28.75,93.25,4,4,0,,0.4474937959836458,-0.9056666357710995,1669.4408535582406,0.9332978689065171,10.0,0.6020599913279624
r47c51,28.75,93.75,103,69,0,,0.6378501828030713,0.13386769559099063,2737.2812267297854,0.8660396781871226,10.0,2.012837224705172
r47c52,28.75,94.25,770,196,0,118.8073831795741,1.1384016553328056,6.439166267674134,3695.0147719216343,0.9885411273877529,10.0,2.886490725172482
r47c53,28.75,94.75,4578,241,0,112.51514822875994,1.7075682288310339,12.898550844297443,6648.660786961013,0.994604890249753,10.0,3.660675788338524
r47c54,28.75,95.25,5088,253,0,106.98912607999975,1.538879532611846,9.11282731802864,5567.947274746755,0.9955303415567157,10.0,3.7065471026403576
r47c55,28.75,95.75,6608,287,0,107.06692131349399,1.5563069445036113,8.825306274769872,5429.713978610927,0.998590810744269,10.0,3.8200700343123257
r47c56,28.75,96.25,90,52,0,,0.8173942909565386,2.795009708932438,3055.318156446335,0.9574891047200014,10.0,1.954242509439325
r47c57,28.75,96.75,68,38,0,,0.5329834668263184,1.0181309295608758,2468.330378942769,0.9238479103720029,10.0,1.8325089127062364
r47c58,28.75,97.25,47,33,0,,0.4860824917996763,-0.5517845781729229,1535.5844490842721,0.9681424493183959,10.0,1.6720978579357175
r47c59,28.75,97.75,0,0,0,,0.2889535283620953,-1.4024409202465378,1173.4656854214852,0.9642240409508229,30.0,0.0
r47c60,28.75,98.25,0,0,0,,0.4896483321476941,1.5987210713681528,1312.862606071397,0.9568869870448302,10.0,0.0
r47c61,28.75,98.75,238,109,0,,0.5331166760729312,1.5388433854658157,1043.9065871702917,0.9868596978518493,30.0,2.376576957056512
r47c62,28.75,99.25,2,2,0,,0.6817861981425672,4.156392784795932,1081.3430010455727,0.9955732175389064,10.0,0.3010299956639812
r47c63,28.75,99.75,137,73,0,,0.635420277793618,2.563318459035569,1047.231266218213,0.9958105544029843,10.0,2.1367205671564067
r47c64,28.75,100.25,127,48,0,,0.5572216625475731,2.2066429872010414,1239.0304780388808,0.9989442580263765,30.0,2.103803720955957
r47c65,28.75,100.75,48,46,0,,0.8253180285211811,3.897749314849808,1306.990394355876,0.9945128023536092,10.0,1.6812412373755872
r47c66,28.75,101.25,175,93,0,,0.8552714679313251,3.7718226140177267,1410.5350004882434,0.9939106029809976,10.0,2.2430380486862944
r47c67,28.75,101.75,0,0,0,,1.0165061401628626,4.6198533416254035,1738.5491236040634,0.9930341176965752,10.0,0.0
r48c00,29.25,68.25,0,0,0,,0.11327456204062414,26.098792860050022,330.3579243902535,0.7666183628847207,60.0,0.0
r48c01,29.25,68.75,0,0,0,,0.1497342378114852,23.54804978899383,395.1363221733342,0.9864951310493922,60.0,0.0
r48c02,29.25,69.25,0,0,0,,0.16625940486584256,22.51174721978517,373.91099353718164,0.9524805347573615,60.0,0.0
r48c03,29.25,69.75,0,0,0,,0.14921859631789772,24.07865372087613,392.05381655018374,0.9820675799872904,60.0,0.0
r48c04,29.25,70.25,12,9,0,,0.39233226557693934,26.242335628970253,324.2400785946281,0.46122256507635156,40.0,1.0791812460476249
r48c05,29.25,70.75,16,13,0,,0.43062028826555604,26.224939438661607,306.8070219357046,0.11080318646625334,40.0,1.2041199826559248
r48c06,29.25,71.25,35,24,0,,0.4846666592096571,26.016636989253556,253.8160632503447,0.0943939956871534,40.0,1.5440680443502757
r48c07,29.25,71.75,338,85,0,77.45664706579048,0.4307161071988414,26.085889667378087,245.27295949631994,0.3567265121110335,40.0,2.5289167002776547
r48c08,29.25,72.25,37,26,0,,0.3866244264059432,26.2659839244775,242.7010404719459,0.7924409357117508,60.0,1.568201724066995
r48c09,29.25,72.75,0,0,0,,0.41090340232685707,25.989107953761295,246.98158819084182,0.6236995084913494,60.0,0.0
r48c10,29.25,73.25,1,1,0,,0.38704992636084123,25.655799176979155,258.69618038861205,0.24173192263970858,40.0,0.0
r48c11,29.25,73.75,348,129,0,112.350665718871,0.31775914332391175,25.403822931670256,280.6692839067607,0.41664815254371357,40.0,2.5415792439465807
r48c12,29.25,74.25,949,155,0,100.4953362485153,0.36354226604464157,25.377864951722774,331.2588859782171,0.2546013910589794,40.0,2.977266212427293
r48c13,29.25,74.75,2930,196,0,109.89699689186102,0.37642221445978635,25.369135873502792,390.7896465352937,0.07625805295989108,40.0,3.4668676203541096
r48c14,29.25,75.25,964,146,0,99.02356810142733,0.515541278327125,25.1716190081267,473.1512832295094,0.020264577893820718,40.0,2.984077033902831
r48c15,29.25,75.75,3328,219,0,112.06021818167459,0.6536280133863841,24.746801755432628,579.9794311463263,0.04593995184602883,40.0,3.5221833176186865
r48c16,29.25,76.25,1082,170,0,107.19407229010704,0.7430422482222068,24.36595295454971,681.4934321155987,0.016042151194529678,40.0,3.0342272607705505
r48c17,29.25,76.75,5122,241,0,119.40321696112817,0.767117348763574,23.930066109988825,783.6639822206371,0.029205551646881107,40.0,3.709439574132411
r48c18,29.25,77.25,1655,152,0,82.35711443449799,0.7751676992182547,23.682834242888365,880.7734278097803,0.07092396094387625,40.0,3.2187979981117376
r48c19,29.25,77.75,3703,218,0,102.98797726774195,0.8245438488259028,23.572293254511756,955.2415995902925,0.23248381338051724,40.0,3.5685537120494426
r48c20,29.25,78.25,99351,347,0,124.04292614763175,0.8157282628303996,23.31597200276621,975.661040035659,0.29227660416172235,40.0,4.997172242782485
r48c21,29.25,78.75,68709,461,0,128.07816438734122,0.8721995763947497,22.83705459599901,970.8463918240208,0.3683048916994195,40.0,4.837013627806775
r48c22,29.25,79.25,599655,625,0,146.34403477186942,1.0770398940606971,21.19057872066362,1390.1893968849272,0.6219010226119006,10.0,5.77790145923471
r48c23,29.25,79.75,405713,514,0,116.82812111703198,1.2416854469723286,18.86190510059246,2830.195795519663,0.9180023736055071,10.0,5.60821892374527
r48c24,29.25,80.25,7267,350,0,128.90700810749996,1.340006166784824,18.016921689465015,2520.966491687759,0.9608922794729646,10.0,3.86135516019326
r48c25,29.25,80.75,1319,227,0,114.24442581823925,1.5156904947926397,16.030881440550935,2435.2522786606346,0.9571820044096851,10.0,3.1202447955463652
r48c26,29.25,81.25,1868,262,0,127.97782815299308,1.6272279220658115,14.056169056034895,1990.7310805021548,0.9479621096074233,10.0,3.2713768718940743
r48c27,29.25,81.75,923,170,0,109.28234417605466,1.418257416032863,9.928950712790847,1902.3582179553043,0.9883561407567353,10.0,2.965201701025912
r48c28,29.25,82.25,443,146,0,111.90616164234034,0.8586577365552851,3.050329023834009,1788.787530382613,0.9860914856118762,30.0,2.6464037262230695
r48c29,29.25,82.75,728,132,0,85.8903895466252,0.34313991997452054,-3.63426145127943,1217.7519946038715,0.8449111480338638,30.0,2.862131379313037
r48c30,29.25,83.25,86,42,0,,0.09392219797670942,-6.1266851605942145,771.9796668329201,0.9869370877588963,60.0,1.9344984512435677
r48c31,29.25,83.75,2197,126,0,63.61337844863938,0.07006212260020028,-4.879631684224556,653.0323131742441,0.9002390376716158,60.0,3.3418300569205104
r48c32,29.25,84.25,106,39,0,,0.07547245226698943,-3.1494628552305315,493.4857725511676,0.9935124614289105,60.0,2.0253058652647704
r48c33,29.25,84.75,0,0,0,,0.07766377600421417,-3.243928818901013,610.4655661728219,0.9846594615019701,60.0,0.0
r48c34,29.25,85.25,49,30,0,,0.08117035403865121,-3.802998969876491,627.7026478989512,0.9739577317117865,30.0,1.6901960800285136
r48c35,29.25,85.75,41,34,0,,0.08985204625379559,-3.4958279688542793,602.619424185892,0.9902641317880341,30.0,1.6127838567197355
r48c36,29.25,86.25,0,0,0,,0.08015156468219592,-3.2890900589581826,630.9781658627468,0.991913316679532,30.0,0.0
r48c37,29.25,86.75,36,29,0,,0.1119478463540605,-0.406377255490461,625.5776668274164,0.9932212250974174,30.0,1.5563025007672873
r48c38,29.25,87.25,19,13,0,,0.12414954800361458,0.6475459360797765,700.1395251074487,0.9845863570667465,30.0,1.2787536009528289
r48c39,29.25,87.75,190,52,0,,0.14631203922771505,2.68214084009537,646.1251652396421,0.966254935911089,30.0,2.278753600952829
r48c40,29.25,88.25,152,41,0,,0.15763007399814785,3.67573639210413,742.3984853402301,0.9626496346992368,30.0,2.1818435879447726
r48c41,29.25,88.75,870,104,0,73.88396670391191,0.17955920062495018,4.398387215384083,718.0459389872641,0.9318177286754562,30.0,2.9395192526186187
r48c42,29.25,89.25,103,37,0,,0.2021807342547048,3.8612650680448777,605.1901519678617,0.9092846240099294,30.0,2.012837224705172
r48c43,29.25,89.75,81,27,0,,0.19134129726961221,0.4120881549932875,762.6522173123261,0.9789263015516811,30.0,1.9084850188786497
r48c44,29.25,90.25,721,92,0,69.08737599741433,0.2162658245049357,1.0841055101301087,939.4080935189768,0.9652507086541415,30.0,2.857935264719429
r48c45,29.25,90.75,578,91,0,68.72685100531274,0.3040434220490185,3.334061283852572,898.8990952747938,0.9005348395813572,30.0,2.761927838420529
r48c46,29.25,91.25,2776,109,0,59.16007631250878,0.30773343519765156,3.1169645432395026,821.781966040321,0.9308460306177928,30.0,3.4434194617828173
r48c47,29.25,91.75,184,68,0,,0.28461417609038414,1.6332357840735492,963.4693332617419,0.9548243215530796,30.0,2.2648178230095364
r48c48,29.25,92.25,14,13,0,,0.2795580183814064,-1.0813875528405,1168.6170489436504,0.9871663897460242,30.0,1.146128035678238
r48c49,29.25,92.75,0,0,0,,0.26590619288485223,-2.2030246500394353,1175.2887443901504,0.9869006979100043,30.0,0.0
r48c50,29.25,93.25,8,8,0,,0.2757080896087613,-2.3750305625121384,1270.341239534312,0.9891760526851306,30.0,0.9030899869919435
r48c51,29.25,93.75,4,4,0,,0.3957864532667676,-1.022935144955941,1445.023693980095,0.97687411246906,10.0,0.6020599913279624
r48c52,29.25,94.25,503,115,0,91.93599026633028,0.5712201081596533,0.9952330166398764,2113.4804945739106,0.9162710270258638,10.0,2.7015679850559273
r48c53,29.25,94.75,301,149,0,133.82632916060135,0.8177040588982657,4.452047791862333,4959.101588171043,0.830124280704575,10.0,2.4785664955938436
r48c54,29.25,95.25,16569,393,0,126.16658710066577,1.0693406108200951,7.787478951539234,4180.2482813715005,0.9666929345676081,10.0,4.219296297943339
r48c55,29.25,95.75,910,163,0,104.59723985718703,0.7890283496039805,2.1581989788439877,3787.9892197033005,0.9158798171882421,10.0,2.9590413923210934
r48c56,29.25,96.25,1431,115,0,68.9890465448632,0.41133579226575345,-1.9055160953114105,2458.16972760911,0.6813254245516331,70.0,3.1556396337597765
r48c57,29.25,96.75,19,16,0,,0.26994107655301425,-4.857943687479733,1751.038521633101,0.6433641722328376,70.0,1.2787536009528289
r48c58,29.25,97.25,170,50,0,,0.22188774970268982,-3.7037906316768097,1182.47977047822,0.8149676984040831,60.0,2.230448921378274
r48c59,29.25,97.75,1,1,0,,0.20333152239126304,-0.2441452037675166,826.0204854632353,0.9683258419747948,60.0,0.0
r48c60,29.25,98.25,0,0,0,,0.3169796047238815,-0.3382056035208524,943.7104906740371,0.9872376059893309,30.0,0.0
r48c61,29.25,98.75,1,1,0,,0.5635754118135486,2.5466440904750467,830.0621127253883,0.9951299944615871,10.0,0.0
r48c62,29.25,99.25,0,0,0,,0.6359006853322874,3.1786600565992735,957.0694638174184,0.9935994040246061,10.0,0.0
r48c63,29.25,99.75,0,0,0,,0.6588418777465036,1.3933096160469405,1084.2053082869563,0.9979825074694694,10.0,0.0
r48c64,29.25,100.25,557,143,0,99.87314120305317,0.38699265664421667,0.6194088609935516,1164.60440788657,0.9891047679814053,30.0,2.745855195173729
r48c65,29.25,100.75,0,0,0,,0.6085398134731487,2.478381553217184,1294.568442554941,0.9991483808000536,10.0,0.0
r48c66,29.25,101.25,11,11,0,,0.61588982473228,1.966828391648194,1340.7579757619367,0.9886760949205409,10.0,1.0413926851582251
r48c67,29.25,101.75,2,1,0,,0.46978049129982064,1.1850144814437307,1609.1325094130923,0.9928567133475751,30.0,0.3010299956639812
r49c00,29.75,68.25,0,0,0,,0.16812225158256427,23.2219721066278,372.40528278592393,0.9227640784232326,60.0,0.0
r49c01,29.75,68.75,0,0,0,,0.1771500656341608,21.24852127984731,386.33699398495537,0.9816762671171129,60.0,0.0
r49c02,29.75,69.25,44,30,0,,0.22539574635187257,20.501965889376358,425.54869245053527,0.8916531622745355,60.0,1.6434526764861874
r49c03,29.75,69.75,12,10,0,,0.23427794795384788,21.08517293364033,534.7651688279939,0.9451708310795209,60.0,1.0791812460476249
r49c04,29.75,70.25,72,51,0,,0.2795046171982049,25.419834191194635,453.8777690369311,0.6583730304024733,60.0,1.8573324964312685
r49c05,29.75,70.75,0,0,0,,0.4416253044834028,26.080695230219217,370.43884933186087,0.09223552285319009,40.0,0.0
r49c06,29.75,71.25,0,0,0,,0.48031081428884936,25.87197250946082,302.05234394126893,0.16329018269088388,40.0,0.0
r49c07,29.75,71.75,54,31,0,,0.5199843241708647,25.816759556090314,271.441389125293,0.027497403367615306,40.0,1.7323937598229686
r49c08,29.75,72.25,8,8,0,,0.4645523686567423,25.70900766853574,259.01143577817874,0.11412371655774944,40.0,0.9030899869919435
r49c09,29.75,72.75,0,0,0,,0.4638494118670455,25.508769178199547,272.4361325327669,0.16260490626353807,40.0,0.0
r49c10,29.75,73.25,25,23,0,,0.4837518328599414,25.200932053609247,291.00875652285737,0.1150195165463622,40.0,1.3979400086720377
r49c11,29.75,73.75,268,143,0,139.80712262137874,0.47118777161071196,24.77909198350191,311.9484088308701,0.05436945189088634,40.0,2.428134794028789
r49c12,29.75,74.25,451,131,0,101.10872604123571,0.5430776457103129,25.015493085854516,358.8144228745067,0.030866001752438105,40.0,2.6541765418779604
r49c13,29.75,74.75,634,134,0,96.6353980092933,0.6450409766379986,25.004444921161838,435.2995235748966,0.015863180895450617,40.0,2.802089257881733
r49c14,29.75,75.25,3645,208,0,111.53234637243756,0.7039842194021637,24.66416886842132,563.2684034072599,0.014775130918881543,40.0,3.5616975326539935
r49c15,29.75,75.75,1632,143,0,93.9229863878714,0.7453860834692994,24.23585354114688,666.8866019123424,0.013881108451616187,40.0,3.2127201544178425
r49c16,29.75,76.25,14115,223,0,96.69462705164561,0.7579107000750148,23.795769726558717,740.3493943669683,0.02636354804604819,40.0,4.149680882482938
r49c17,29.75,76.75,4170,217,0,97.73078292240575,0.7613656913154029,23.585967614026533,852.7125835777742,0.02401209161460577,40.0,3.6201360549737576
r49c18,29.75,77.25,606,153,0,106.68176470436266,0.8054857698867367,23.318276471289252,998.8369068716074,0.17296813218631749,40.0,2.782472624166286
r49c19,29.75,77.75,21730,289,0,103.46801042206182,0.8459436261396954,23.013199825822156,990.4273688065144,0.3861097228460638,40.0,4.337059726320525
r49c20,29.75,78.25,234465,462,0,110.55304757776852,0.8693437952190115,21.924350226162783,1008.8725685525277,0.4978996662630759,10.0,5.370078022141376
r49c21,29.75,78.75,189766,539,0,139.69303495319141,1.1654962388013999,18.611199100209163,1493.345901552299,0.9329109393645686,10.0,5.2782184033752335
r49c22,29.75,79.25,135749,503,0,132.87316911374145,1.4105484255262923,16.61659283950491,1832.352050243167,0.9772932739908455,10.0,5.132736639026398
r49c23,29.75,79.75,62064,353,0,99.55862232625253,1.5307333104393146,15.794236883786336,2216.4033053317366,0.9793726085634276,10.0,4.792839762255981
r49c24,29.75,80.25,24173,330,0,123.162395754681,1.6318882316365675,14.105799603194477,2335.360661499831,0.9804480203351723,10.0,4.383330552045835
r49c25,29.75,80.75,1686,231,0,114.59871396226639,1.3022658466885757,7.352766235475547,1936.8422158479946,0.9668762074437869,10.0,3.2268575702887237
r49c26,29.75,81.25,65,30,0,,0.8999656235605534,0.2543768762153749,1592.6477386083045,0.8742436018738458,30.0,1.8129133566428555
r49c27,29.75,81.75,592,129,0,90.63977055751576,0.8289528441249717,3.9448233329183755,1899.4580249148858,0.9410132768622606,30.0,2.77232170672292
r49c28,29.75,82.25,3108,271,0,121.62957656238744,0.43537826682358804,-1.4221206715987276,1283.4527826729964,0.8847150533704342,30.0,3.4924810101288766
r49c29,29.75,82.75,3,2,0,,0.11164776065014552,-7.062412326970536,727.3294301544206,0.8645920095595656,60.0,0.47712125471966244
r49c30,29.75,83.25,0,0,0,,0.08970392413808619,-4.7527776626609874,459.49078409156823,0.9811650635979726,30.0,0.0
r49c31,29.75,83.75,12,6,0,,0.08941241799562909,-2.9334846346844907,535.1935062800779,0.9624579683738704,30.0,1.0791812460476249
r49c32,29.75,84.25,2,2,0,,0.08658000294458217,-4.305763212349038,623.7671455011489,0.9864179262234434,30.0,0.3010299956639812
r49c33,29.75,84.75,1,1,0,,0.06987421603114172,-6.36454901262579,687.7540660634766,0.9396745766143064,60.0,0.0
r49c34,29.75,85.25,0,0,0,,0.0642571304196025,-6.841191848147738,656.0645086044585,0.987505711873482,60.0,0.0
r49c35,29.75,85.75,2,2,0,,0.0719001635137342,-6.20169572078926,623.1860301340351,0.9480339598675098,60.0,0.3010299956639812
r49c36,29.75,86.25,0,0,0,,0.0716977541184151,-4.890137229851071,593.7969258658087,0.9875861667376612,30.0,0.0
r49c37,29.75,86.75,0,0,0,,0.0730502078294838,-4.155985293375329,603.6566308904156,0.9873136323864707,60.0,0.0
r49c38,29.75,87.25,0,0,0,,0.06761818777105899,-2.9799700477727002,692.3311709646146,0.9980000525302657,60.0,0.0
r49c39,29.75,87.75,0,0,0,,0.1096045691217558,-0.8711708043764308,765.4604958147625,0.9987088501361088,30.0,0.0
r49c40,29.75,88.25,0,0,0,,0.13151883956193905,-1.4156525908582507,748.8270284997711,0.9887835224581126,30.0,0.0
r49c41,29.75,88.75,0,0,0,,0.13895401351214035,-1.3065784735441404,838.0262777498185,0.9998386062670136,30.0,0.0
r49c42,29.75,89.25,0,0,0,,0.1720100594725851,-1.2925491597824024,770.7290346140015,0.9881654089558964,30.0,0.0
r49c43,29.75,89.75,1,1,0,,0.16622763274740082,-2.5701915495875314,767.7309289281504,0.9903043685877871,30.0,0.0
r49c44,29.75,90.25,66,47,0,,0.1969541938086618,-2.1956346832697817,826.8738849889057,0.9682840809661766,30.0,1.8195439355418688
r49c45,29.75,90.75,362,73,0,65.46497715220862,0.2487543727272133,-0.26739170503337445,1061.3374441884541,0.980670358389069,30.0,2.558708570533166
r49c46,29.75,91.25,5127,192,0,77.57128478708579,0.36001754414508863,1.778074495935771,869.3512055872931,0.9016339439078206,30.0,3.709863317440399
r49c47,29.75,91.75,142,58,0,,0.3440910598821347,-1.2786403387629772,1084.3018142963385,0.9707840044758304,30.0,2.1522883443830563
r49c48,29.75,92.25,223,51,0,,0.24904309721040274,-4.71635907665693,1021.6170010409164,0.996856934175366,30.0,2.3483048630481607
r49c49,29.75,92.75,72,28,0,,0.17202662562496196,-5.6198622330879004,1147.937613353916,0.9782050166372107,30.0,1.8573324964312685
r49c50,29.75,93.25,8,5,0,,0.23368874728424105,-4.4203381889199145,1383.3347670790256,0.9656604660862611,100.0,0.9030899869919435
r49c51,29.75,93.75,40,25,0,,0.32898674585376586,-2.1569471335047914,1254.1217593201463,0.9670509947233742,10.0,1.6020599913279623
r49c52,29.75,94.25,2189,170,0,77.00814615830706,0.39172979173335537,-1.5327054875926243,1666.0785833675718,0.9658730482712005,10.0,3.3402457615679317
r49c53,29.75,94.75,2041,189,0,98.05715664444081,0.5162827106672802,0.40495233299591604,2009.049125362751,0.904041128033663,10.0,3.3098430047160705
r49c54,29.75,95.25,3974,292,0,116.02077529470247,0.7165989035857129,3.6758301750739855,3968.9603441616123,0.8263469339769679,10.0,3.5992278627737964
r49c55,29.75,95.75,3706,280,0,104.64256179041296,0.5039844579909789,-1.3449865790295563,2122.435576265372,0.7439376855435146,10.0,3.5689054149828787
r49c56,29.75,96.25,2,2,0,,0.21242637441653317,-5.234371640230709,1653.564596242203,0.77498288020192,70.0,0.3010299956639812
r49c57,29.75,96.75,27,24,0,,0.0958440687872902,-5.805887177157486,1062.259559749528,0.9086894236638724,60.0,1.4313637641589874
r49c58,29.75,97.25,0,0,0,,0.15644278914221166,-1.245442090336225,852.2011261434178,0.9539584673666515,60.0,0.0
r49c59,29.75,97.75,1,1,0,,0.25746702552271994,-1.227467989730311,913.2787397294882,0.9979826485625066,30.0,0.0
r49c60,29.75,98.25,159,51,0,,0.3797213800496258,1.783118166021913,964.1300568009352,0.9973370034057242,30.0,2.2013971243204513
r49c61,29.75,98.75,7,7,0,,0.5465134090720127,2.298423715748971,1040.5450675874592,0.98627931314603,30.0,0.8450980400142568
r49c62,29.75,99.25,23,16,0,,0.4577928945657301,-0.1701669926566175,1071.3404365882216,0.9936944694174171,30.0,1.3617278360175928
r49c63,29.75,99.75,193,69,0,,0.36923603411127254,-1.2393306834270428,1139.535191835749,0.9726801566034318,30.0,2.285557309007774
r49c64,29.75,100.25,165,87,0,,0.3897693801675955,0.6033528813466235,1090.7660558021764,0.9894704262401334,30.0,2.2174839442139063
r49c65,29.75,100.75,5,3,0,,0.5674526779455832,1.9841977320283228,1237.6649987474605,0.9984854832972794,30.0,0.6989700043360189
r49c66,29.75,101.25,69,34,0,,0.6592501735576188,2.540189667338434,1261.4772111435962,0.9960561174956108,10.0,1.8388490907372552
r49c67,29.75,101.75,544,125,0,92.82232536690127,0.44872016346924415,1.0918951831691954,1480.869676645269,0.8933636458286193,30.0,2.73559889969818
r50c00,30.25,68.25,0,0,0,,0.23432578032703258,16.8112677010032,438.83767306635883,0.9608029406813237,60.0,0.0
r50c01,30.25,68.75,0,0,0,,0.18989801710641901,19.060895922732495,295.81469431402166,0.8836439959984189,60.0,0.0
r50c02,30.25,69.25,8,8,0,,0.21743592306426093,19.624418360435808,327.9703578130791,0.9303088145758153,60.0,0.9030899869919435
r50c03,30.25,69.75,0,0,0,,0.27373337636999345,19.02353114136558,549.9532234580785,0.878284125122549,60.0,0.0
r50c04,30.25,70.25,0,0,0,,0.21476887274798082,22.33382344706927,620.3731117277572,0.971895886732847,60.0,0.0
r50c05,30.25,70.75,18,16,0,,0.4098168302696675,25.431750370288036,390.40481979546513,0.21696138993817635,40.0,1.255272505103306
r50c06,30.25,71.25,166,93,0,,0.35216917953259663,25.61623018592364,352.3252617301456,0.34624497723159314,40.0,2.220108088040055
r50c07,30.25,71.75,167,100,0,,0.5010644005410037,25.67380268455071,335.03270249232395,0.14088870308617749,40.0,2.2227164711475833
r50c08,30.25,72.25,2,1,0,,0.5085031215842534,25.404431219198248,316.72209570362156,0.04874231849365574,40.0,0.3010299956639812
r50c09,30.25,72.75,0,0,0,,0.49129072377988703,25.307884623120568,321.1747183966991,0.02280065972929832,40.0,0.0
r50c10,30.25,73.25,3951,100,0,59.78171734656644,0.49806390877575635,25.151353792050973,343.47437628195206,0.043229560742550174,40.0,3.596707029681446
r50c11,30.25,73.75,1180,156,0,97.26449763076162,0.5163869375684896,24.929063065534237,370.20253991347096,0.04761086490639785,40.0,3.0718820073061255
r50c12,30.25,74.25,1488,154,0,97.48901069073649,0.6208620458690245,24.800777829151766,420.85729544480984,0.03728669919436054,40.0,3.17260293120986
r50c13,30.25,74.75,3137,175,0,93.76242073102283,0.6558512051313617,24.549538335404034,511.19350852498667,0.026388485829923612,40.0,3.496514518697745
r50c14,30.25,75.25,552,117,0,94.14648802696728,0.6972423725037735,24.067241490577775,637.2642408231369,0.022477090785269344,40.0,2.741939077729199
r50c15,30.25,75.75,973,97,0,65.07973515393938,0.7179632845116046,23.614965783415695,744.913181618277,0.013158806669027521,40.0,2.988112840268352
r50c16,30.25,76.25,3754,181,0,86.00107702300276,0.7453838251755805,23.3375147255009,852.4015789997263,0.04445071713283559,40.0,3.5744942682853273
r50c17,30.25,76.75,4856,221,0,94.53686300231332,0.7548277446280118,23.220373025990074,974.6753893363832,0.053857381203747605,40.0,3.686278678067201
r50c18,30.25,77.25,4911,258,0,109.95578910784607,0.8529903311912215,22.423722101943127,1109.5138494360353,0.23061538870485576,40.0,3.691169934131604
r50c19,30.25,77.75,616676,532,0,110.94000514818646,0.9640850729223376,20.76522808327624,1211.8665514446827,0.6701260694734916,10.0,5.790057046739282
r50c20,30.25,78.25,525690,544,0,108.09451518388354,1.1894326363357657,17.88990796942824,1587.1617485550992,0.899775377756512,10.0,5.720729715679019
r50c21,30.25,78.75,13801,355,0,114.22409253973153,1.557873995217123,15.64276188260836,1616.017983889721,0.9769927001940455,10.0,4.139910555875683
r50c22,30.25,79.25,149854,400,0,120.88094809716458,1.5090838257795434,12.475207105318592,2083.6124316036917,0.987572686492773,10.0,5.175668339905904
r50c23,30.25,79.75,16483,293,0,111.42466414129545,1.0952501783333135,1.4937465804009178,1993.2857052414188,0.8381647564710202,10.0,4.217036258627626
r50c24,30.25,80.25,145403,341,0,99.53839519411046,0.7411773105111138,-2.619065661937512,1902.6952786423317,0.7509065426446094,70.0,5.162573367114525
r50c25,30.25,80.75,1868,184,0,106.39438304225204,0.38775209724634335,-6.14672462884489,1132.4323491441642,0.8309374054613748,60.0,3.2713768718940743
r50c26,30.25,81.25,25,23,0,,0.10671409996483526,-7.32137614214608,795.7694788439347,0.8971360792742961,60.0,1.3979400086720377
r50c27,30.25,81.75,432,83,0,71.82560341466854,0.16801787881533473,-7.125649113352793,1025.309307173914,0.8824812884720796,60.0,2.635483746814912
r50c28,30.25,82.25,0,0,0,,0.0902020906870649,-7.961488820794024,703.9030993995125,0.81628520516708,60.0,0.0
r50c29,30.25,82.75,28,24,0,,0.07254805731336877,-6.379425132295957,473.503873278565,0.9953186294055769,30.0,1.4471580313422192
r50c30,30.25,83.25,30,26,0,,0.08571879374457082,-5.310684761138939,458.008175974384,0.9947121658791347,30.0,1.4771212547196624
r50c31,30.25,83.75,0,0,0,,0.07246294227696012,-6.307243678425934,513.6875759868843,0.9848429180610607,60.0,0.0
r50c32,30.25,84.25,0,0,0,,0.07345451019738972,-7.093674666710328,543.4875958426633,0.9646664702514866,30.0,0.0
r50c33,30.25,84.75,0,0,0,,0.059639415774323086,-6.8130340711835355,498.1541119089435,0.9199609630506541,60.0,0.0
r50c34,30.25,85.25,0,0,0,,0.062138065363761506,-4.804621768510137,579.2181388015067,0.9810780286467158,60.0,0.0
r50c35,30.25,85.75,1,1,0,,0.08088803797122647,-3.2393747524049337,527.9556760748736,0.9922109690087451,30.0,0.0
r50c36,30.25,86.25,0,0,0,,0.07993472342200658,-3.039981653867571,579.0884714731043,0.894125473161336,60.0,0.0
r50c37,30.25,86.75,0,0,0,,0.0706672308260249,-2.708955555163452,508.0725877919847,0.9916635101040069,60.0,0.0
r50c38,30.25,87.25,0,0,0,,0.08432269142405961,-2.910490371666255,599.4394384997961,0.9998560164400746,30.0,0.0
r50c39,30.25,87.75,0,0,0,,0.09167219013707248,-2.8642009326724245,596.4939214553547,0.9987895466195439,30.0,0.0
r50c40,30.25,88.25,0,0,0,,0.10229068036647813,-2.694596028462304,645.0782773711163,0.9931036643329735,30.0,0.0
r50c41,30.25,88.75,0,0,0,,0.12241131331794974,-2.419446363197356,645.1442913302249,0.9661702912745486,30.0,0.0
r50c42,30.25,89.25,3,3,0,,0.1343941550055212,-3.1191573298670505,671.8591030652846,0.9957230633689159,30.0,0.47712125471966244
r50c43,30.25,89.75,0,0,0,,0.1362909569501116,-3.3272718133365253,735.5062056923846,0.9969336248446639,30.0,0.0
r50c44,30.25,90.25,1,1,0,,0.1406572131026714,-4.224870559952744,821.0472122312989,0.841763750025711,30.0,0.0
r50c45,30.25,90.75,47,25,0,,0.21248528711103168,-2.9633976630933474,976.3516353407556,0.9300852821513834,30.0,1.6720978579357175
r50c46,30.25,91.25,1271,75,0,29.77239589189009,0.29975870623059264,-2.9258583478668116,922.8842421254918,0.982399518493812,30.0,3.104145550554008
r50c47,30.25,91.75,96,48,0,,0.23125393667188843,-4.361926506303217,917.9388963565168,0.9892221185329627,30.0,1.9822712330395684
r50c48,30.25,92.25,45,19,0,,0.18108366006075086,-5.883950113057462,928.4940504842175,0.9974078892446234,30.0,1.6532125137753437
r50c49,30.25,92.75,0,0,0,,0.17180368948451488,-6.873751762127846,1082.7080096606176,0.9923710888697894,30.0,0.0
r50c50,30.25,93.25,2,2,0,,0.19374470544926442,-6.957992644629656,1130.0257176596974,0.9038840192988928,100.0,0.3010299956639812
r50c51,30.25,93.75,339,100,0,89.18986853078647,0.2664490986516669,-5.671473528416653,1292.2953280366166,0.7163784995563247,10.0,2.530199698203082
r50c52,30.25,94.25,47,35,0,,0.296401365226896,-3.513021759989416,1485.0209401756167,0.7218351543298077,10.0,1.6720978579357175
r50c53,30.25,94.75,29,22,0,,0.4117245267815653,-1.163619133522946,1706.1663386199052,0.7282952831964986,10.0,1.462397997898956
r50c54,30.25,95.25,504,161,0,114.95397373358314,0.43551167509147265,-3.180387082678409,1976.8810067316122,0.6993911975225102,10.0,2.7024305364455254
r50c55,30.25,95.75,97,51,0,,0.24660145338848932,-4.714166260387498,1268.488996469413,0.7839317665271914,10.0,1.9867717342662448
r50c56,30.25,96.25,0,0,0,,0.15048721453292915,-4.5885734098160125,931.591714040578,0.977776849532117,30.0,0.0
r50c57,30.25,96.75,3,3,0,,0.13743856484798153,-3.6616080184977675,815.5648218785078,0.9934378347417869,60.0,0.47712125471966244
r50c58,30.25,97.25,1,1,0,,0.2276215641697562,-1.8476372963516567,871.3738229016691,0.9984158097503334,30.0,0.0
r50c59,30.25,97.75,0,0,0,,0.3012937796385168,-0.16029848833991409,994.1115664401706,0.9974250684475476,30.0,0.0
r50c60,30.25,98.25,0,0,0,,0.4650036386702502,0.4809794014386577,957.8740545629515,0.9992154996261045,30.0,0.0
r50c61,30.25,98.75,0,0,0,,0.5528959569021606,0.8528307554249405,1221.7049161077944,0.9989509404036048,30.0,0.0
r50c62,30.25,99.25,105,47,0,,0.4637655477793433,-0.5238398368684739,1058.826799074715,0.9894689474928349,10.0,2.0211892990699383
r50c63,30.25,99.75,111,57,0,,0.36458921672610123,-1.9587057360149693,1047.5955317019477,0.9907499294322556,30.0,2.0453229787866576
r50c64,30.25,100.25,19,11,0,,0.5050142061340387,0.993381706141761,1244.7174569554418,0.9991930029877878,30.0,1.2787536009528289
r50c65,30.25,100.75,31,17,0,,0.7582950650883835,3.727512307346355,1263.3936751696638,0.9923445048753464,10.0,1.4913616938342726
r50c66,30.25,101.25,694,144,0,94.626812344862,0.6728729149372662,2.5106677822059678,1182.3102841773682,0.9920052758091243,30.0,2.841359470454855
r50c67,30.25,101.75,1086,187,0,98.80110749948541,0.5183493787517162,1.4563133449953118,1315.8104196982285,0.9927300011740606,30.0,3.035829825252828
r51c00,30.75,68.25,0,0,0,,0.19658470373598944,15.878124463157091,278.03571836216486,0.9108527193112098,60.0,0.0
r51c01,30.75,68.75,0,0,0,,0.15833030156085215,16.83143369355368,316.88260728998426,0.9140818544281032,60.0,0.0
r51c02,30.75,69.25,0,0,0,,0.1859674506714136,17.38215308013898,384.7763286187736,0.9426317883095836,60.0,0.0
r51c03,30.75,69.75,0,0,0,,0.24963817613262745,17.862371001153523,498.9835710475625,0.9556787554398214,60.0,0.0
r51c04,30.75,70.25,0,0,0,,0.2381754112076976,21.72182449708116,660.0909371576762,0.9628787586293325,60.0,0.0
r51c05,30.75,70.75,76,49,0,,0.40919188120345035,25.292427316834406,428.0319721688616,0.18623570953431942,40.0,1.8808135922807914
r51c06,30.75,71.25,11,2,0,,0.3853775054595957,25.27871128754123,417.96795124108706,0.2061211353058908,40.0,1.0413926851582251
r51c07,30.75,71.75,0,0,0,,0.36397188061752633,25.529901503259037,391.9949731882938,0.3887350617184693,40.0,0.0
r51c08,30.75,72.25,2,2,0,,0.47529697582254954,25.092527063934952,369.9937680277578,0.10710625294659827,40.0,0.3010299956639812
r51c09,30.75,72.75,14,8,0,,0.49074219917971096,24.883973067989476,374.72009085550815,0.08638681406455048,40.0,1.146128035678238
r51c10,30.75,73.25,95,39,0,,0.48869264275088053,24.803812221606805,397.3995367263389,0.05828891600613247,40.0,1.9777236052888478
r51c11,30.75,73.75,47,31,0,,0.5184360698431009,24.635342328148507,427.4028332580968,0.05375363030209232,40.0,1.6720978579357175
r51c12,30.75,74.25,728,110,0,79.84045572304726,0.5547376920161314,24.34174251446534,514.6616874473866,0.0466893807387792,40.0,2.862131379313037
r51c13,30.75,74.75,18114,226,0,79.35349609123898,0.6199190334642611,23.92561277903092,614.6799688205746,0.028645437551293396,40.0,4.258014363406741
r51c14,30.75,75.25,3780,159,0,84.66979959968117,0.641458190527534,23.403484564628027,764.7784530096224,0.015011736275741226,40.0,3.5774917998372255
r51c15,30.75,75.75,75657,292,0,82.19195568677934,0.6676354756344542,23.13037808687174,876.3040814354882,0.042657415282009094,40.0,4.878849116374162
r51c16,30.75,76.25,3907,176,0,80.96794771478008,0.726157797734915,23.063945108365818,905.8707906845777,0.04241683154154536,40.0,3.5918434112247843
r51c17,30.75,76.75,195768,464,0,103.80535685164175,0.8371267815907995,21.733155444235862,925.1678614084547,0.3502753729242542,40.0,5.291741704018769
r51c18,30.75,77.25,100779,433,0,119.81528128157348,1.1274380981989562,16.965783883409028,1695.4373292726834,0.9166160596941831,10.0,5.00337004466634
r51c19,30.75,77.75,10652,380,0,115.83881015678926,1.325796318996828,14.258279161230412,1769.1220958487372,0.9816476806897841,10.0,4.0274311577669035
r51c20,30.75,78.25,27715,335,0,107.12037485752437,1.5143613822281563,10.723982999925944,1712.5278283116502,0.9726187976931544,10.0,4.44271488292848
r51c21,30.75,78.75,15406,290,0,110.09517101665652,1.2008184518231,1.6776711512129407,1826.702519847437,0.8776154487347054,10.0,4.187689893525184
r51c22,30.75,79.25,19527,318,0,117.05030998996688,0.9201577597245522,-4.4463793867613495,1584.85624361452,0.5889315785740702,70.0,4.290635526261545
r51c23,30.75,79.75,7922,290,0,108.47682917599383,0.39582026262223574,-6.206766431545686,972.782980352729,0.7249913841146797,60.0,3.8988348380682742
r51c24,30.75,80.25,153,33,0,,0.06981735122581412,-7.5678428450843676,567.0439303977003,0.8960637709756697,60.0,2.184691430817599
r51c25,30.75,80.75,0,0,0,,0.07279643282458306,-6.344710117951057,501.00573334502315,0.9940923527170492,60.0,0.0
r51c26,30.75,81.25,227,60,0,,0.08379640156952083,-5.484177751496735,516.9498525806729,0.7963212469851142,60.0,2.3560258571931225
r51c27,30.75,81.75,9,6,0,,0.06873574254431007,-7.540994694152371,522.4122043100737,0.9459014536195555,30.0,0.9542425094393249
r51c28,30.75,82.25,10,6,0,,0.053085503728724025,-8.56074553610397,516.647521825716,0.9516625616737864,60.0,1.0
r51c29,30.75,82.75,2,1,0,,0.060609895455123484,-9.14068557975915,519.9327534182314,0.9385996603751953,60.0,0.3010299956639812
r51c30,30.75,83.25,0,0,0,,0.05576390034434901,-8.114767495385312,477.3032460866873,0.9350826731747391,60.0,0.0
r51c31,30.75,83.75,0,0,0,,0.059373293843322975,-6.302599904227795,470.5863711893382,0.9290274308845059,60.0,0.0
r51c32,30.75,84.25,1,1,0,,0.06377420415232722,-3.7548059543806147,389.31272259041805,0.9816194446527869,60.0,0.0
r51c33,30.75,84.75,0,0,0,,0.07861067413656322,-2.212634418945943,401.61923301651507,0.9381028160068289,60.0,0.0
r51c34,30.75,85.25,0,0,0,,0.090296534210837,-0.7647861039129299,426.3867159748076,0.893573424068315,60.0,0.0
r51c35,30.75,85.75,0,0,0,,0.10317278997600793,-0.30410053193892334,444.12001834562926,0.7306737333914776,60.0,0.0
r51c36,30.75,86.25,1,1,0,,0.11612152963739951,-0.7369963938949408,477.22724239770054,0.8343875970956014,30.0,0.0
r51c37,30.75,86.75,0,0,0,,0.12343149829415699,-1.071568504378231,477.02972201426775,0.9261050143636668,30.0,0.0
r51c38,30.75,87.25,0,0,0,,0.11959677078954101,-1.2246226105866154,478.618696490362,0.9297613084499208,30.0,0.0
r51c39,30.75,87.75,0,0,0,,0.12136945114091012,-1.751634935122816,567.4636612327889,0.9824425821262388,30.0,0.0
r51c40,30.75,88.25,0,0,0,,0.11962958422105231,-1.6237173764081994,579.1821030403114,0.9773777246831605,30.0,0.0
r51c41,30.75,88.75,20,19,0,,0.11638393434865456,-1.040525642503156,605.7521370456728,0.9462077774282551,30.0,1.3010299956639813
r51c42,30.75,89.25,0,0,0,,0.14614688476684004,-1.4882049773518378,587.2628191374325,0.9992683215511582,30.0,0.0
r51c43,30.75,89.75,0,0,0,,0.16624946711544777,-1.0983488793196228,686.647035941797,0.9146603467814443,30.0,0.0
r51c44,30.75,90.25,0,0,0,,0.16655851164817087,-0.8234924237666625,682.9235384372165,0.693147378157977,30.0,0.0
r51c45,30.75,90.75,449,69,0,58.95568334666442,0.17933014540458658,-2.2987965477046886,763.4167006003149,0.545504374333654,80.0,2.6522463410033232
r51c46,30.75,91.25,168,62,0,,0.2382099716759495,-4.1221955211848575,829.7593079925982,0.9491944865334248,30.0,2.225309281725863
r51c47,30.75,91.75,1,1,0,,0.2161244493188647,-5.103846475752246,940.9460464453223,0.988702473670979,30.0,0.0
r51c48,30.75,92.25,0,0,0,,0.18391358102777491,-6.052236786750515,910.5875043059325,0.9984252471865059,30.0,0.0
r51c49,30.75,92.75,0,0,0,,0.2112280645883266,-7.20131709124023,930.4772655649742,0.991343280464738,30.0,0.0
r51c50,30.75,93.25,0,0,0,,0.16908927598527534,-7.589223307509508,931.7527288267655,0.9727754019715403,30.0,0.0
r51c51,30.75,93.75,11,11,0,,0.1307005693113847,-7.5225778511973695,963.2432133161783,0.8271958798187606,60.0,1.0413926851582251
r51c52,30.75,94.25,0,0,0,,0.16611184880656857,-6.437437115391945,987.4761115477598,0.7838358112553501,100.0,0.0
r51c53,30.75,94.75,3,1,0,,0.17994717286873213,-5.244210561782228,997.8926679638316,0.7128177993925876,30.0,0.47712125471966244
r51c54,30.75,95.25,2,1,0,,0.22785783277147612,-4.641078006060395,948.913347724746,0.854615123893106,30.0,0.3010299956639812
r51c55,30.75,95.75,12,6,0,,0.2418508225105761,-3.6477562352313133,836.4296763741733,0.9936639638060142,30.0,1.0791812460476249
r51c56,30.75,96.25,0,0,0,,0.23101965778199457,-4.463376855398035,823.8384848350632,0.9964385771650582,30.0,0.0
r51c57,30.75,96.75,0,0,0,,0.24744039023895123,-3.862772246833536,857.3015466310458,0.9965300347407922,30.0,0.0
r51c58,30.75,97.25,2,2,0,,0.31870330590977913,-0.3033570361593527,938.2933748001207,0.994622233502602,30.0,0.3010299956639812
r51c59,30.75,97.75,1,1,0,,0.3511200262470505,-0.09201714400517645,979.5628699002541,0.9972483942109631,30.0,0.0
r51c60,30.75,98.25,0,0,0,,0.4384247931105777,0.7096682329884574,1107.851105247899,0.9984701863562396,30.0,0.0
r51c61,30.75,98.75,0,0,0,,0.5406840632838853,0.07834571195581111,1255.1721883490034,0.9967685297649074,30.0,0.0
r51c62,30.75,99.25,55,34,0,,0.4438564212033332,-1.8542706912853801,1117.497603637704,0.9920606916578087,30.0,1.7403626894942439
r51c63,30.75,99.75,14,12,0,,0.427517264059659,-1.7125122550869853,1079.9130923003772,0.991608789062438,30.0,1.146128035678238
r51c64,30.75,100.25,31,25,0,,0.5119850496794798,1.1289645466837113,1140.2748613840452,0.9953084910804679,30.0,1.4913616938342726
r51c65,30.75,100.75,0,0,0,,0.5769244997719419,0.9996270553437324,1448.9794726882724,0.9998386062159392,30.0,0.0
r51c66,30.75,101.25,53,28,0,,0.5718961291952602,0.9865994579096576,1273.0424720403257,0.9888590820238021,30.0,1.724275869600789
r51c67,30.75,101.75,279,91,0,87.56690467653098,0.7867403333563413,3.1563693956310597,1314.7719184033072,0.9927408222257808,10.0,2.4456042032735974
