{
  "type": "FeatureCollection",
  "features": [
    {
      "type": "Feature",
      "id": "western_ghats",
      "properties": {
        "case_id": "western_ghats",
        "label": "Western Ghats",
        "definition": "Union of the four North/South Western Ghats moist deciduous and montane rain-forest ecoregions in RESOLVE 2017. An operational ecological definition, not an administrative boundary.",
        "ecoregion_ids": [
          253,
          254,
          270,
          271
        ],
        "source": "RESOLVE Ecoregions 2017 via UNEP-WCMC",
        "license": "CC-BY 4.0"
      },
      "geometry": {
        "type": "Polygon",
        "coordinates": [
          [
            [
              76.37003355190706,
              12.454566549107085
            ],
            [
              76.39227258461227,
              12.406000796099988
            ],
            [
              76.39895665002956,
              12.382151600116401
            ],
            [
              76.40236657525742,
              12.359213850838671
            ],
            [
              76.39878850918251,
              12.33624441934461
            ],
            [
              76.39053350711583,
              12.314635871648306
            ],
            [
              76.37571748757216,
              12.294827255873315
            ],
            [
              76.34282656439461,
              12.258419955616603
            ],
            [
              76.33365659477619,
              12.235892417701052
            ],
            [
              76.33164259093297,
              12.187214851084661
            ],
            [
              76.3364566528524,
              12.164747326727877
            ],
            [
              76.34591663674354,
              12.143218575876688
            ],
            [
              76.36419656242157,
              12.129518523261368
            ],
            [
              76.38014950309724,
              12.113060656424295
            ],
            [
              76.39349349343013,
              12.069052646862303
            ],
            [
              76.39923861716863,
              12.044285297028978
            ],
            [
              76.4105605556253,
              12.02275688072558
            ],
            [
              76.42558260265514,
              12.004917174088462
            ],
            [
              76.4475326283283,
              11.999497603132
            ],
            [
              76.47036761477375,
              11.997287629820391
            ],
            [
              76.48696160389505,
              11.95099169730912
            ],
            [
              76.49918359194936,
              11.932223274284809
            ],
            [
              76.56369759207035,
              11.893895848614648
            ],
            [
              76.60620155295948,
              11.87476717156784
            ],
            [
              76.64659863791695,
              11.81248141718379
            ],
            [
              76.66065961634837,
              11.794621592712474
            ],
            [
              76.68029757677192,
              11.78091332568954
            ],
            [
              76.70359759095624,
              11.776852629445443
            ],
            [
              76.72638664542751,
              11.78060252538637
            ],
            [
              76.74871050308741,
              11.787553133670315
            ],
            [
              76.79051960369691,
              11.807411538611746
            ],
            [
              76.81095149911255,
              11.819409897648768
            ],
            [
              76.82998663317676,
              11.832768807734453
            ],
            [
              76.87599154687257,
              11.854468549384194
            ],
            [
              76.89971954122399,
              11.860496982050222
            ],
            [
              76.92765860386163,
              11.863315816172133
            ],
            [
              76.95044749015972,
              11.868876370248415
            ],
            [
              76.99227855131426,
              11.892845764220795
            ],
            [
              77.0355305134226,
              11.91083567472674
            ],
            [
              77.05551950801902,
              11.921892913926968
            ],
            [
              77.08112354031931,
              11.925613473083445
            ],
            [
              77.10489662937613,
              11.921981762448524
            ],
            [
              77.17717763603923,
              11.902814026046599
            ],
            [
              77.27324665061258,
              11.867136622757073
            ],
            [
              77.31707763492506,
              11.852948574617187
            ],
            [
              77.33807363189277,
              11.843329335180783
            ],
            [
              77.359527615807,
              11.830028261395285
            ],
            [
              77.37912752321677,
              11.814900267033806
            ],
            [
              77.3949966452791,
              11.798841378127236
            ],
            [
              77.40809655421276,
              11.779113562840791
            ],
            [
              77.41747255131736,
              11.757085083909658
            ],
            [
              77.42218753942359,
              11.73183594117586
            ],
            [
              77.42086051600018,
              11.703828817845817
            ],
            [
              77.41487164630956,
              11.680409444740235
            ],
            [
              77.39452357040659,
              11.634032709941721
            ],
            [
              77.38440661287507,
              11.586735976784041
            ],
            [
              77.38353757819681,
              11.563787500392948
            ],
            [
              77.35784955911004,
              11.502971427989166
            ],
            [
              77.35143254107908,
              11.492372343908698
            ],
            [
              77.3366926293615,
              11.474383437945448
            ],
            [
              77.26792950704129,
              11.409678162817102
            ],
            [
              77.25453958473423,
              11.398579685204425
            ],
            [
              77.22541850625919,
              11.378181150140108
            ],
            [
              77.16782359858036,
              11.319495255102083
            ],
            [
              77.14160165379343,
              11.28718653862802
            ],
            [
              77.12510657121146,
              11.261368265333317
            ],
            [
              77.11414354498879,
              11.24063981937229
            ],
            [
              77.09877063105995,
              11.192333066617891
            ],
            [
              77.0824125089303,
              11.152736621098313
            ],
            [
              77.07292151191842,
              11.123298706070557
            ],
            [
              77.05187958297654,
              11.037773621955239
            ],
            [
              77.03740654957278,
              10.945860018425265
            ],
            [
              77.0314336059763,
              10.840708540067226
            ],
            [
              77.03177659391486,
              10.803532117113662
            ],
            [
              77.03717755699881,
              10.771432109904083
            ],
            [
              77.04197653189158,
              10.754033291403402
            ],
            [
              77.056671517077,
              10.720625874984307
            ],
            [
              77.11656960290503,
              10.610434357559711
            ],
            [
              77.14476062500302,
              10.569326487127796
            ],
            [
              77.17149353220088,
              10.534168761579224
            ],
            [
              77.21353950524411,
              10.49681128980933
            ],
            [
              77.23171264542242,
              10.485003367611455
            ],
            [
              77.25218963374476,
              10.475042816572852
            ],
            [
              77.30980650106932,
              10.456604138969965
            ],
            [
              77.34281963311975,
              10.443046243089782
            ],
            [
              77.37261159864653,
              10.426246225582986
            ],
            [
              77.42848955664789,
              10.39170959971841
            ],
            [
              77.44243654061404,
              10.384900141828211
            ],
            [
              77.45821362875614,
              10.382699390164873
            ],
            [
              77.46427156637986,
              10.377690698766855
            ],
            [
              77.47216061272223,
              10.375439823389286
            ],
            [
              77.49420954493473,
              10.36281181571286
            ],
            [
              77.50862859833131,
              10.348852593772335
            ],
            [
              77.51654848962124,
              10.326355230809384
            ],
            [
              77.53933754409252,
              10.284556356390851
            ],
            [
              77.55377956257689,
              10.24138033393541
            ],
            [
              77.58914951823584,
              10.148595851217692
            ],
            [
              77.5956726508723,
              10.126087255722439
            ],
            [
              77.601737628389,
              10.100819003294475
            ],
            [
              77.60502651925862,
              10.075100809255105
            ],
            [
              77.61212951226736,
              9.984137379036952
            ],
            [
              77.60713959691503,
              9.93452170890987
            ],
            [
              77.59565756294631,
              9.889956973135952
            ],
            [
              77.59200255087717,
              9.86698452441641
            ],
            [
              77.58973658667429,
              9.83941845559741
            ],
            [
              77.59071358136686,
              9.815987012690641
            ],
            [
              77.58116156535414,
              9.737875721887178
            ],
            [
              77.55912051210208,
              9.66894948772881
            ],
            [
              77.54807249275149,
              9.64872982332281
            ],
            [
              77.54257161768618,
              9.626211671631495
            ],
            [
              77.54313655830566,
              9.57704192044838
            ],
            [
              77.53862759678634,
              9.526948480987755
            ],
            [
              77.534522644005,
              9.50443116926317
            ],
            [
              77.52169061972648,
              9.457091521356745
            ],
            [
              77.47434963093087,
              9.366075115674164
            ],
            [
              77.4637906116476,
              9.343088585370083
            ],
            [
              77.45509354962775,
              9.317345412660814
            ],
            [
              77.42569754480598,
              9.25665573997054
            ],
            [
              77.42167657791191,
              9.208847040758485
            ],
            [
              77.42495758982108,
              9.183567053077184
            ],
            [
              77.42549151821913,
              9.158282874555141
            ],
            [
              77.4223405923446,
              9.1283997141756
            ],
            [
              77.41457358580249,
              9.101271851714728
            ],
            [
              77.40226761096164,
              9.04609462116997
            ],
            [
              77.39309663500188,
              9.024019203023954
            ],
            [
              77.38717649689795,
              9.00056680501416
            ],
            [
              77.38723751679811,
              8.97619860128458
            ],
            [
              77.39006054176076,
              8.954131229372877
            ],
            [
              77.39012960879455,
              8.92746319836806
            ],
            [
              77.39343258214808,
              8.898497352770733
            ],
            [
              77.39396650874755,
              8.872286974164638
            ],
            [
              77.39724752065672,
              8.850218595911599
            ],
            [
              77.4023665166016,
              8.825849218566702
            ],
            [
              77.4190676266698,
              8.78217346803126
            ],
            [
              77.4583665153026,
              8.719650002146011
            ],
            [
              77.47827957024612,
              8.67182839496462
            ],
            [
              77.49398055056213,
              8.651596827131982
            ],
            [
              77.53132662432444,
              8.618032166951082
            ],
            [
              77.58894349074967,
              8.5803218173981
            ],
            [
              77.60462150597789,
              8.561922198251011
            ],
            [
              77.6159365718155,
              8.538956956698314
            ],
            [
              77.61621853895457,
              8.513162655732117
            ],
            [
              77.62270361767798,
              8.491081370409063
            ],
            [
              77.63156865417022,
              8.416555689193842
            ],
            [
              77.6362226223763,
              8.392631222652938
            ],
            [
              77.60027364541259,
              8.352671337712195
            ],
            [
              77.56177556439093,
              8.362800365044961
            ],
            [
              77.5232845232623,
              8.387111739715124
            ],
            [
              77.43210551026124,
              8.42762985993022
            ],
            [
              77.38146255355417,
              8.453965967355657
            ],
            [
              77.32878162157476,
              8.462070429207074
            ],
            [
              77.29978962369233,
              8.458159601384637
            ],
            [
              77.28556050531324,
              8.453918022698701
            ],
            [
              77.27084355958277,
              8.452431072835907
            ],
            [
              77.23676257433351,
              8.455399942653344
            ],
            [
              77.1976314911006,
              8.456485734629098
            ],
            [
              77.15978954465191,
              8.469076023839591
            ],
            [
              77.13025658027709,
              8.476667346021316
            ],
            [
              77.11686648979685,
              8.482080881627496
            ],
            [
              77.09555851801133,
              8.498472866829502
            ],
            [
              77.08672348919782,
              8.508981092403644
            ],
            [
              77.07546256974194,
              8.532809166010338
            ],
            [
              77.07166255008678,
              8.545657282757531
            ],
            [
              77.0596615092714,
              8.600752370125917
            ],
            [
              77.05850262669503,
              8.627419562962586
            ],
            [
              77.0551605948857,
              8.641190527121239
            ],
            [
              77.02908348771297,
              8.67362932962999
            ],
            [
              76.96822349511837,
              8.729230350400485
            ],
            [
              76.95706165037501,
              8.740173595135445
            ],
            [
              76.9496076231934,
              8.749765676844675
            ],
            [
              76.94306152367056,
              8.759828151648037
            ],
            [
              76.92146253306959,
              8.803328049649906
            ],
            [
              76.91903664332659,
              8.81526304155625
            ],
            [
              76.89882653331802,
              8.856473340272544
            ],
            [
              76.89594248755594,
              8.869321120673305
            ],
            [
              76.89582061502949,
              8.88219538880628
            ],
            [
              76.90281665526459,
              8.921797535128292
            ],
            [
              76.91644261183723,
              8.943982924172758
            ],
            [
              76.91956352913371,
              8.956423176788292
            ],
            [
              76.91988355018583,
              8.970679118346766
            ],
            [
              76.91364255286169,
              8.997290319392846
            ],
            [
              76.90231357271335,
              9.02431625718964
            ],
            [
              76.85932161809836,
              9.082328079777199
            ],
            [
              76.8513566303044,
              9.095128251867493
            ],
            [
              76.83908854210267,
              9.12352228422617
            ],
            [
              76.8300625728296,
              9.15056330994895
            ],
            [
              76.82253260689447,
              9.165206326910607
            ],
            [
              76.7860565759504,
              9.213602932729316
            ],
            [
              76.78363051713484,
              9.22553105201655
            ],
            [
              76.78472854708497,
              9.254497735782024
            ],
            [
              76.7873616379294,
              9.268311950136535
            ],
            [
              76.8106536058794,
              9.340219962081733
            ],
            [
              76.81839764643439,
              9.350861123642062
            ],
            [
              76.82846062395879,
              9.361061228892709
            ],
            [
              76.85915364362592,
              9.387068599036752
            ],
            [
              76.86782857872606,
              9.396795630314216
            ],
            [
              76.87693065492596,
              9.41066181199318
            ],
            [
              76.88372754119325,
              9.424046706190666
            ],
            [
              76.88820649413458,
              9.438333995417679
            ],
            [
              76.89035058491174,
              9.455815459815767
            ],
            [
              76.88976251103122,
              9.469596650165386
            ],
            [
              76.86959062310893,
              9.501131548582237
            ],
            [
              76.84998350673362,
              9.522098879659723
            ],
            [
              76.81382749684167,
              9.581056851092967
            ],
            [
              76.80908954274838,
              9.592960998051751
            ],
            [
              76.80419149404236,
              9.620946830831713
            ],
            [
              76.79989660624352,
              9.634690806335755
            ],
            [
              76.79239664708774,
              9.64427534363233
            ],
            [
              76.76228365416745,
              9.699139426643342
            ],
            [
              76.74632249908421,
              9.721966702301586
            ],
            [
              76.73558058737439,
              9.73289586635127
            ],
            [
              76.69132262923608,
              9.764647855714088
            ],
            [
              76.65908851242506,
              9.79604562730401
            ],
            [
              76.64176948807159,
              9.816096145420886
            ],
            [
              76.6248705658241,
              9.83936447559023
            ],
            [
              76.60520963761485,
              9.861228838140505
            ],
            [
              76.56861860766276,
              9.908650797396547
            ],
            [
              76.5530926408129,
              9.933307002716163
            ],
            [
              76.53321059899014,
              9.973535946826644
            ],
            [
              76.5247266043495,
              9.987232144947654
            ],
            [
              76.50763657436858,
              10.027024223589194
            ],
            [
              76.4946895510821,
              10.067782401636691
            ],
            [
              76.48898365397264,
              10.081500393028875
            ],
            [
              76.48606859598908,
              10.093419626115008
            ],
            [
              76.48085052623094,
              10.146647059014697
            ],
            [
              76.45275857704684,
              10.256598350433649
            ],
            [
              76.4448165561393,
              10.303825010216201
            ],
            [
              76.44513657809074,
              10.315775089149156
            ],
            [
              76.4491885572063,
              10.327293333420755
            ],
            [
              76.46688057537841,
              10.36146098813424
            ],
            [
              76.47274053175028,
              10.376219843171384
            ],
            [
              76.47628758470444,
              10.390949696871132
            ],
            [
              76.47869855559401,
              10.465373453422274
            ],
            [
              76.48210864989443,
              10.492501817704863
            ],
            [
              76.47795860240774,
              10.532418787896859
            ],
            [
              76.47962157117871,
              10.549428687384136
            ],
            [
              76.47884356318008,
              10.578345582882491
            ],
            [
              76.47576153706547,
              10.604495779756576
            ],
            [
              76.4674076302581,
              10.646202118433166
            ],
            [
              76.46633960708738,
              10.659040008989336
            ],
            [
              76.46962749341424,
              10.697188396727256
            ],
            [
              76.4674376370375,
              10.768803545347453
            ],
            [
              76.45256763838597,
              10.81181058788843
            ],
            [
              76.44686861389556,
              10.823238474576101
            ],
            [
              76.40630355536496,
              10.879295805057495
            ],
            [
              76.38040162983151,
              10.911172685970826
            ],
            [
              76.36160253003288,
              10.930722300593857
            ],
            [
              76.31611662408312,
              10.967888498255718
            ],
            [
              76.27632856810908,
              10.99317770578665
            ],
            [
              76.24492660567847,
              11.016706210723157
            ],
            [
              76.21296657704607,
              11.047122964053699
            ],
            [
              76.19271858129764,
              11.069391668990477
            ],
            [
              76.16124755183318,
              11.09705060899853
            ],
            [
              76.14382962183976,
              11.115218383821514
            ],
            [
              76.12220749617916,
              11.134717875629576
            ],
            [
              76.0498805566425,
              11.19357392419738
            ],
            [
              76.02362055704322,
              11.211630555405918
            ],
            [
              76.00198351162993,
              11.231121497359368
            ],
            [
              75.99346951020988,
              11.242038757982414
            ],
            [
              75.98774751973241,
              11.252529883847217
            ],
            [
              75.96221959615758,
              11.285286529250072
            ],
            [
              75.93850752700092,
              11.319434235201925
            ],
            [
              75.90950765105742,
              11.367750038733448
            ],
            [
              75.84887665103679,
              11.448275318551225
            ],
            [
              75.80042254526444,
              11.522040425125681
            ],
            [
              75.78170759862695,
              11.562208516609871
            ],
            [
              75.76576957770402,
              11.604245773423827
            ],
            [
              75.75953662661419,
              11.617013757878738
            ],
            [
              75.75193055285291,
              11.628403087932327
            ],
            [
              75.71923861636918,
              11.668841076754404
            ],
            [
              75.6370926116349,
              11.74674500008183
            ],
            [
              75.62856251684684,
              11.757194215740583
            ],
            [
              75.61473053278803,
              11.779503489994227
            ],
            [
              75.59927363297192,
              11.818320083005574
            ],
            [
              75.58400750544217,
              11.842449236143466
            ],
            [
              75.5488584970222,
              11.919564086213768
            ],
            [
              75.4923626247355,
              11.989498160012204
            ],
            [
              75.46946762383192,
              12.023616863727398
            ],
            [
              75.44145161609936,
              12.057202479910643
            ],
            [
              75.43428056239821,
              12.069042924291637
            ],
            [
              75.39909350006513,
              12.113999597203758
            ],
            [
              75.38746662668365,
              12.140928975691793
            ],
            [
              75.37174251220733,
              12.16319650701331
            ],
            [
              75.35373650833333,
              12.181316169905472
            ],
            [
              75.32353952772718,
              12.202923543087195
            ],
            [
              75.311767647659,
              12.209633088995986
            ],
            [
              75.2859195348588,
              12.221663466595828
            ],
            [
              75.27324659975096,
              12.225622239974541
            ],
            [
              75.24375956824963,
              12.23162167130323
            ],
            [
              75.21556049811863,
              12.244070809220602
            ],
            [
              75.1886674972074,
              12.262039598248975
            ],
            [
              75.17775761192439,
              12.27334896418347
            ],
            [
              75.1666336529209,
              12.298437005963194
            ],
            [
              75.1621625780407,
              12.314896884583675
            ],
            [
              75.14655262530357,
              12.356443296820828
            ],
            [
              75.13395663618996,
              12.413640231111913
            ],
            [
              75.1351165242084,
              12.428348290641225
            ],
            [
              75.13864161661746,
              12.44125759636114
            ],
            [
              75.14494363474108,
              12.45603640015986
            ],
            [
              75.15241962156841,
              12.48507433001646
            ],
            [
              75.15046663762536,
              12.518552154358588
            ],
            [
              75.14701061225014,
              12.530893333160918
            ],
            [
              75.14790362015611,
              12.562129165628619
            ],
            [
              75.14444759388152,
              12.573548335187638
            ],
            [
              75.13231663340605,
              12.601377426926831
            ],
            [
              75.12510652034979,
              12.642584874792249
            ],
            [
              75.12596164071732,
              12.705490556144412
            ],
            [
              75.12758655737389,
              12.719748675860842
            ],
            [
              75.13347652142448,
              12.732227820557625
            ],
            [
              75.14363857186277,
              12.739728283333761
            ],
            [
              75.15661660827004,
              12.746346634389795
            ],
            [
              75.18589761408379,
              12.757786088157559
            ],
            [
              75.1998975708164,
              12.759366747377612
            ],
            [
              75.21299764792326,
              12.759106069889356
            ],
            [
              75.25338752481457,
              12.74774657934131
            ],
            [
              75.2769316203981,
              12.73706853838246
            ],
            [
              75.28920758756027,
              12.729438994114446
            ],
            [
              75.31743649719675,
              12.717438790567883
            ],
            [
              75.36054261265161,
              12.711618061724323
            ],
            [
              75.37596850024624,
              12.711839177136426
            ],
            [
              75.40453352340353,
              12.709019169399312
            ],
            [
              75.4183344943416,
              12.711021270715207
            ],
            [
              75.42916156555395,
              12.718538496854308
            ],
            [
              75.43412750857783,
              12.730547752077257
            ],
            [
              75.43930853076427,
              12.758616064380021
            ],
            [
              75.43863663737108,
              12.772385015855946
            ],
            [
              75.43311363358748,
              12.798013355931744
            ],
            [
              75.42870357860744,
              12.810812354406778
            ],
            [
              75.42292760992143,
              12.821752750089502
            ],
            [
              75.40574655236168,
              12.844461168648138
            ],
            [
              75.3693466292437,
              12.869208403345283
            ],
            [
              75.22866862235918,
              12.980151105589186
            ],
            [
              75.21826953041466,
              12.986430660446786
            ],
            [
              75.16461160284337,
              13.034768425422612
            ],
            [
              75.14510356118058,
              13.054226007924058
            ],
            [
              75.13516262435581,
              13.061426565683576
            ],
            [
              75.12515261959788,
              13.072295715275175
            ],
            [
              75.08431263472045,
              13.136421464579087
            ],
            [
              75.04605058796443,
              13.18497816501042
            ],
            [
              75.03115862786854,
              13.207246870846575
            ],
            [
              75.02088962375728,
              13.233724966833904
            ],
            [
              75.01972152223061,
              13.247473971346835
            ],
            [
              74.9991685915574,
              13.29996949459661
            ],
            [
              74.99076858370336,
              13.326008883303473
            ],
            [
              74.98626750204375,
              13.34292775521186
            ],
            [
              74.98251358343526,
              13.371335869155189
            ],
            [
              74.97225949817744,
              13.395513300598509
            ],
            [
              74.95011853294409,
              13.430070714292185
            ],
            [
              74.93702650297087,
              13.45559025708485
            ],
            [
              74.91486357719248,
              13.4910579447685
            ],
            [
              74.87545052771986,
              13.54692400024254
            ],
            [
              74.83925663118873,
              13.605590113792857
            ],
            [
              74.83339650844226,
              13.618808208032533
            ],
            [
              74.8303525362407,
              13.632538268326584
            ],
            [
              74.82097653913615,
              13.658565753606808
            ],
            [
              74.82007565226968,
              13.672951782099176
            ],
            [
              74.80301663540956,
              13.693642342320402
            ],
            [
              74.78901650960438,
              13.715461777439202
            ],
            [
              74.75633949197413,
              13.759479845018973
            ],
            [
              74.74954964829777,
              13.771769222871455
            ],
            [
              74.70807649393521,
              13.8335540755603
            ],
            [
              74.69994353256811,
              13.84306250682937
            ],
            [
              74.66703064884553,
              13.871462406365083
            ],
            [
              74.64682757962925,
              13.89823068479842
            ],
            [
              74.62274151121193,
              13.931818480038942
            ],
            [
              74.5835036433786,
              13.99776327095833
            ],
            [
              74.56185151093865,
              14.0506795663091
            ],
            [
              74.5509035717426,
              14.084027639164333
            ],
            [
              74.54006157987817,
              14.161932399760587
            ],
            [
              74.53601865333832,
              14.177482338938944
            ],
            [
              74.5296175614015,
              14.192990200637382
            ],
            [
              74.52233854768599,
              14.20527036043893
            ],
            [
              74.51145950914918,
              14.234017437854618
            ],
            [
              74.50932363188025,
              14.247766776016022
            ],
            [
              74.51283263182069,
              14.261606807208523
            ],
            [
              74.51023860123064,
              14.27442508355091
            ],
            [
              74.48959363843585,
              14.348029258243798
            ],
            [
              74.48293253900562,
              14.37731914756074
            ],
            [
              74.47445659059935,
              14.40244641776809
            ],
            [
              74.46734655769762,
              14.429885584152544
            ],
            [
              74.4497526078967,
              14.465423511585925
            ],
            [
              74.44071959873065,
              14.495130317610233
            ],
            [
              74.43530254227863,
              14.507900482921116
            ],
            [
              74.41512260722271,
              14.579225113648192
            ],
            [
              74.39835360373598,
              14.619833256000106
            ],
            [
              74.3755264971503,
              14.655739820936105
            ],
            [
              74.34622956614174,
              14.68554787983095
            ],
            [
              74.32177754289944,
              14.707636542292732
            ],
            [
              74.3030396302749,
              14.727065458004631
            ],
            [
              74.26625849803139,
              14.753063774673592
            ],
            [
              74.2207564978143,
              14.790861297311153
            ],
            [
              74.2139664859647,
              14.800840455322884
            ],
            [
              74.18704264010591,
              14.85182723723733
            ],
            [
              74.17688762866129,
              14.86497726988523
            ],
            [
              74.14846057229772,
              14.896174378444925
            ],
            [
              74.13886262161287,
              14.904723919273579
            ],
            [
              74.1127925561317,
              14.935502938410025
            ],
            [
              74.10549158277047,
              14.946861926237034
            ],
            [
              74.08748658523785,
              14.998007796422826
            ],
            [
              74.07241860533452,
              15.066673353092938
            ],
            [
              74.07167865124893,
              15.07999236475598
            ],
            [
              74.07189155135416,
              15.092861603880067
            ],
            [
              74.09443652442621,
              15.167287706762409
            ],
            [
              74.10688063243538,
              15.229113630589723
            ],
            [
              74.1060405981952,
              15.270929940164763
            ],
            [
              74.09835053674806,
              15.324578646987106
            ],
            [
              74.07932261075007,
              15.378024176274835
            ],
            [
              74.05606852943924,
              15.430469912156866
            ],
            [
              74.03616352073004,
              15.480217681001307
            ],
            [
              74.02346761963508,
              15.523213993730963
            ],
            [
              74.02127860232582,
              15.537882828429929
            ],
            [
              74.01043660956202,
              15.582288976854954
            ],
            [
              73.99772662778179,
              15.626197408983387
            ],
            [
              73.97872149959767,
              15.676893171183053
            ],
            [
              73.96235650484897,
              15.713383619158833
            ],
            [
              73.95881649178784,
              15.724811841293558
            ],
            [
              73.95451355775464,
              15.75003047272827
            ],
            [
              73.94278761055995,
              15.791206740199016
            ],
            [
              73.93005348827802,
              15.812124283009382
            ],
            [
              73.91937259736761,
              15.825265597629368
            ],
            [
              73.90178652562781,
              15.851602878670064
            ],
            [
              73.88291148527696,
              15.872412463264709
            ],
            [
              73.87510659209573,
              15.883301896165733
            ],
            [
              73.87626664828736,
              15.895280138267879
            ],
            [
              73.82607262685042,
              15.942626995139847
            ],
            [
              73.76669354786912,
              15.975525127282936
            ],
            [
              73.71174665168678,
              15.999293521878656
            ],
            [
              73.67491958656984,
              16.016973302975714
            ],
            [
              73.66342162830568,
              16.023183119905184
            ],
            [
              73.65377858291544,
              16.031271488388597
            ],
            [
              73.64536264986657,
              16.07021900740142
            ],
            [
              73.63616954608784,
              16.10039704378869
            ],
            [
              73.6319276319548,
              16.142655415115428
            ],
            [
              73.62756351074756,
              16.16879370856293
            ],
            [
              73.62727349737418,
              16.18213283806017
            ],
            [
              73.62227654122955,
              16.215169774265803
            ],
            [
              73.62172652126213,
              16.240008370190253
            ],
            [
              73.61765258070221,
              16.271746278867795
            ],
            [
              73.6056515389875,
              16.28655643123443
            ],
            [
              73.59800757858704,
              16.30130455825889
            ],
            [
              73.5880124953805,
              16.331703540985757
            ],
            [
              73.55792263572124,
              16.396648371225467
            ],
            [
              73.55267355194303,
              16.410928452386315
            ],
            [
              73.54791263096331,
              16.436246829427773
            ],
            [
              73.53883352164985,
              16.45650555408821
            ],
            [
              73.5063395646194,
              16.567908757783073
            ],
            [
              73.49918359884418,
              16.61622473038716
            ],
            [
              73.49920656573056,
              16.646121637803503
            ],
            [
              73.49539162632266,
              16.678790775573987
            ],
            [
              73.48921952785906,
              16.786897043064243
            ],
            [
              73.48396256601978,
              16.820011930706187
            ],
            [
              73.47870660962252,
              16.87427855091454
            ],
            [
              73.46624758096124,
              16.929475228399212
            ],
            [
              73.46385152982441,
              16.95155366377071
            ],
            [
              73.46099061912196,
              16.997531085191554
            ],
            [
              73.46005251561127,
              17.046267996271126
            ],
            [
              73.45812954024626,
              17.063736720873123
            ],
            [
              73.44371048684962,
              17.092255140262637
            ],
            [
              73.42591855669622,
              17.13686245623751
            ],
            [
              73.4105305557407,
              17.198469443709996
            ],
            [
              73.40042164624214,
              17.22880774288319
            ],
            [
              73.39512662959044,
              17.250416288780855
            ],
            [
              73.39127363626943,
              17.26880417267455
            ],
            [
              73.38452151105906,
              17.3248685439483
            ],
            [
              73.38452151105906,
              17.335441141195872
            ],
            [
              73.37680865089868,
              17.38874769914713
            ],
            [
              73.37100954715305,
              17.463652241357977
            ],
            [
              73.36521949598313,
              17.483871067595828
            ],
            [
              73.35362950289942,
              17.514650086732274
            ],
            [
              73.31065364165238,
              17.589085577637434
            ],
            [
              73.30146053787371,
              17.61848376331517
            ],
            [
              73.29276263678639,
              17.637782592093117
            ],
            [
              73.26036054640224,
              17.686928540020233
            ],
            [
              73.21630056861653,
              17.770501311986095
            ],
            [
              73.2002866080407,
              17.811822083422555
            ],
            [
              73.1857525556361,
              17.84212920040244
            ],
            [
              73.17265348487058,
              17.874718040405355
            ],
            [
              73.16291857463267,
              17.90823609681854
            ],
            [
              73.15028352616395,
              17.942201915785915
            ],
            [
              73.14395854205321,
              17.964232742846946
            ],
            [
              73.13906853958161,
              17.991779868346384
            ],
            [
              73.12200952272144,
              18.057406146376707
            ],
            [
              73.11515061201129,
              18.096884742936652
            ],
            [
              73.1106714899974,
              18.157469139189573
            ],
            [
              73.10575064167892,
              18.19465092569982
            ],
            [
              73.09500152190287,
              18.239158160620775
            ],
            [
              73.08518262487837,
              18.295602568304048
            ],
            [
              73.0812605654229,
              18.30729213792199
            ],
            [
              73.07346355120211,
              18.307406969656085
            ],
            [
              73.07592749575747,
              18.31576054191561
            ],
            [
              73.07591257600473,
              18.322661194658565
            ],
            [
              73.05299360277269,
              18.371278245894473
            ],
            [
              73.02570363481505,
              18.417124574039974
            ],
            [
              73.01590753740311,
              18.448313634566716
            ],
            [
              73.00173960619804,
              18.483619553100027
            ],
            [
              72.9924625147334,
              18.50104033304507
            ],
            [
              72.98068258933017,
              18.543685779775046
            ],
            [
              72.97820255140675,
              18.562956780830916
            ],
            [
              72.97815661763394,
              18.577176009365473
            ],
            [
              72.98339061438548,
              18.61618253739431
            ],
            [
              72.993476557897,
              18.662539657978982
            ],
            [
              73.00460856403419,
              18.68044876799638
            ],
            [
              73.02303349639891,
              18.702038370574485
            ],
            [
              73.06909959726875,
              18.766783712298604
            ],
            [
              73.09866357566364,
              18.82553012361643
            ],
            [
              73.10591861615137,
              18.847558938894053
            ],
            [
              73.10881053997457,
              18.86269783034072
            ],
            [
              73.11215961257619,
              18.893426053969335
            ],
            [
              73.11354849496723,
              18.93104403595362
            ],
            [
              73.10756649789573,
              19.00165972571591
            ],
            [
              73.10800151885519,
              19.028258019691975
            ],
            [
              73.11134355066451,
              19.064485945670015
            ],
            [
              73.11081649668415,
              19.081916113637874
            ],
            [
              73.10587352144603,
              19.117212811422235
            ],
            [
              73.09161355722006,
              19.17588931933676
            ],
            [
              73.0758974880788,
              19.220346933264523
            ],
            [
              73.07039661301343,
              19.27306273375831
            ],
            [
              73.0600665881027,
              19.3092624965671
            ],
            [
              73.06871050918284,
              19.377587580702425
            ],
            [
              73.0813365050758,
              19.412445736681548
            ],
            [
              73.08226052610257,
              19.436284372825696
            ],
            [
              73.0841975839515,
              19.4449948473345
            ],
            [
              73.08663152082818,
              19.450953541173135
            ],
            [
              73.10369154402969,
              19.47710289987907
            ],
            [
              73.12467161490326,
              19.50279125441301
            ],
            [
              73.14173851072383,
              19.53305964838421
            ],
            [
              73.14853656970706,
              19.56240787582294
            ],
            [
              73.1519464958343,
              19.569737346901206
            ],
            [
              73.15239761016176,
              19.590366217227256
            ],
            [
              73.14550751815761,
              19.615564899900335
            ],
            [
              73.14302060671577,
              19.63848236407
            ],
            [
              73.10620863042413,
              19.68519085517397
            ],
            [
              73.09884663626343,
              19.69069055662402
            ],
            [
              73.05079653832973,
              19.713997108879596
            ],
            [
              73.03559159797402,
              19.72634834659908
            ],
            [
              73.0046925499214,
              19.7427963226923
            ],
            [
              72.99683351035839,
              19.748736075010015
            ],
            [
              72.99093650641481,
              19.75330588825625
            ],
            [
              72.98209359774148,
              19.765666177652122
            ],
            [
              72.95702349293998,
              19.792195571868263
            ],
            [
              72.92015854208319,
              19.823741870990716
            ],
            [
              72.9039226279271,
              19.842491853416448
            ],
            [
              72.89012953594948,
              19.862159486071562
            ],
            [
              72.87142950996406,
              19.879986620186514
            ],
            [
              72.85423252720955,
              19.891401096183756
            ],
            [
              72.83802058538186,
              19.89822664744196
            ],
            [
              72.80458852574003,
              19.917377285033808
            ],
            [
              72.7551725132011,
              19.930167733654116
            ],
            [
              72.75125849908062,
              19.93656647836042
            ],
            [
              72.75196861366072,
              19.943476017304476
            ],
            [
              72.74564363044936,
              19.945964938731095
            ],
            [
              72.74098949407005,
              19.95099458433276
            ],
            [
              72.74095948729064,
              19.957435070172494
            ],
            [
              72.74408761265335,
              19.96548354203196
            ],
            [
              72.72605864189296,
              19.972754340440588
            ],
            [
              72.72239658903152,
              19.97687404480149
            ],
            [
              72.7242815113828,
              19.98858238956575
            ],
            [
              72.72353351016352,
              19.9959220877343
            ],
            [
              72.72032961242184,
              20.00291142082557
            ],
            [
              72.71376054601257,
              20.01004123611432
            ],
            [
              72.70938854584489,
              20.019231658114677
            ],
            [
              72.71304355791403,
              20.03049006216679
            ],
            [
              72.71328763931325,
              20.03645948581675
            ],
            [
              72.70697757495526,
              20.060579250931823
            ],
            [
              72.70674858238135,
              20.072746588984046
            ],
            [
              72.72402955102314,
              20.08515784116156
            ],
            [
              72.72817255771753,
              20.090207601899465
            ],
            [
              72.75862149778408,
              20.09430417299933
            ],
            [
              72.8005985719667,
              20.117614916994967
            ],
            [
              72.81662762136779,
              20.13424411007776
            ],
            [
              72.84367350792621,
              20.176632734713053
            ],
            [
              72.87863157588669,
              20.262587810778996
            ],
            [
              72.90424348714737,
              20.305405254648917
            ],
            [
              72.9345775945805,
              20.368410679809188
            ],
            [
              72.94862348508593,
              20.390508393947357
            ],
            [
              72.97131363301793,
              20.434655040298026
            ],
            [
              72.99004349760946,
              20.481985301080897
            ],
            [
              73.00018358930134,
              20.502214186235847
            ],
            [
              73.02684055594705,
              20.546381785890844
            ],
            [
              73.05406950400459,
              20.584148462681526
            ],
            [
              73.0662075052723,
              20.603467408394295
            ],
            [
              73.11620354635676,
              20.68901260944449
            ],
            [
              73.1315685813251,
              20.735361181073813
            ],
            [
              73.1501765733903,
              20.80600721396189
            ],
            [
              73.15714260504734,
              20.855953465879907
            ],
            [
              73.16681649538509,
              20.87846122320701
            ],
            [
              73.17948959686754,
              20.897771955411542
            ],
            [
              73.19465665058414,
              20.91481303529349
            ],
            [
              73.20832049469522,
              20.934598852355293
            ],
            [
              73.2913665472285,
              20.99144575791553
            ],
            [
              73.31646749697757,
              21.00396513558269
            ],
            [
              73.3426205438032,
              21.010995540711747
            ],
            [
              73.40863758715506,
              21.042502779579763
            ],
            [
              73.43625662874058,
              21.052733227956253
            ],
            [
              73.47762249398306,
              21.079041843106722
            ],
            [
              73.51399961928718,
              21.11218020035608
            ],
            [
              73.52773252863346,
              21.131477856418087
            ],
            [
              73.54395251759479,
              21.148038149740955
            ],
            [
              73.55619864615073,
              21.1682360217751
            ],
            [
              73.56349157237833,
              21.189785895003183
            ],
            [
              73.56681851716098,
              21.212684584026476
            ],
            [
              73.55696860701573,
              21.285409664224744
            ],
            [
              73.56014249887738,
              21.333496977903337
            ],
            [
              73.56694055786062,
              21.35641544841434
            ],
            [
              73.58551049601272,
              21.400433347820865
            ],
            [
              73.5948105525651,
              21.42107193981832
            ],
            [
              73.60608655994696,
              21.440800089652555
            ],
            [
              73.62068951211143,
              21.490758244997153
            ],
            [
              73.64707959864472,
              21.562724259617028
            ],
            [
              73.67971051522824,
              21.680017762809655
            ],
            [
              73.69039157521121,
              21.72674536540643
            ],
            [
              73.7012176409815,
              21.747374402107084
            ],
            [
              73.70805358570459,
              21.77303274896235
            ],
            [
              73.70992258196173,
              21.796381714144957
            ],
            [
              73.71476748972805,
              21.81928124133634
            ],
            [
              73.72360251944087,
              21.842199208227044
            ],
            [
              73.74092053655369,
              21.859188151711976
            ],
            [
              73.75875856775383,
              21.873504443175648
            ],
            [
              73.78260759736287,
              21.878097223308373
            ],
            [
              73.80599964456809,
              21.874517311824604
            ],
            [
              73.84094949902033,
              21.841209304665824
            ],
            [
              73.87689964869998,
              21.802421378444024
            ],
            [
              73.89743749144725,
              21.758993731075975
            ],
            [
              73.90547154627501,
              21.736134939575948
            ],
            [
              73.92254648832994,
              21.6826277203931
            ],
            [
              73.93565360532978,
              21.631410435942996
            ],
            [
              73.93969753821096,
              21.607151866765378
            ],
            [
              73.94671654443312,
              21.58475307489465
            ],
            [
              73.95326264305669,
              21.560964563364053
            ],
            [
              73.96085362979136,
              21.515207753735012
            ],
            [
              73.9589465787218,
              21.49232800803128
            ],
            [
              73.95456653231975,
              21.46576961157848
            ],
            [
              73.95217852831661,
              21.43922094039425
            ],
            [
              73.94730361287162,
              21.41358153595928
            ],
            [
              73.94043749319593,
              21.389754803241715
            ],
            [
              73.93656958012218,
              21.364115064258954
            ],
            [
              73.93476864365812,
              21.311478053369626
            ],
            [
              73.93187755800307,
              21.288588248748795
            ],
            [
              73.91004152679517,
              21.164036185121972
            ],
            [
              73.90775259660523,
              21.115048990019034
            ],
            [
              73.90059663083002,
              21.04041317243008
            ],
            [
              73.88072950786068,
              20.937821694315858
            ],
            [
              73.87846354455712,
              20.884251777097973
            ],
            [
              73.87075755791511,
              20.833425593416564
            ],
            [
              73.8713535116554,
              20.809155791706587
            ],
            [
              73.87645758784754,
              20.761098652980593
            ],
            [
              73.87506853908195,
              20.739128679445116
            ],
            [
              73.86923255503854,
              20.71759121056607
            ],
            [
              73.85846750916835,
              20.696043350020716
            ],
            [
              73.84423855806318,
              20.677683125675856
            ],
            [
              73.80787652068506,
              20.644604112889624
            ],
            [
              73.78427861326753,
              20.63079777659624
            ],
            [
              73.77205662521322,
              20.609698180426847
            ],
            [
              73.75650752420302,
              20.56155973669263
            ],
            [
              73.7493366377758,
              20.51483230316842
            ],
            [
              73.74255349944463,
              20.491464730113364
            ],
            [
              73.71050260960789,
              20.398848890963677
            ],
            [
              73.69731150582152,
              20.37956112564558
            ],
            [
              73.66797652089986,
              20.34235218140816
            ],
            [
              73.65577649428991,
              20.32215330303262
            ],
            [
              73.64852849369521,
              20.299685778675894
            ],
            [
              73.6476896339696,
              20.274036988016746
            ],
            [
              73.64929962907479,
              20.248398589923113
            ],
            [
              73.6528775287751,
              20.22322807041928
            ],
            [
              73.66883851568508,
              20.180241480260236
            ],
            [
              73.6812516123722,
              20.15510398476124
            ],
            [
              73.68678249511623,
              20.13177631012877
            ],
            [
              73.68827849665547,
              20.031010914422325
            ],
            [
              73.68361665038827,
              19.981073714180695
            ],
            [
              73.67884064058325,
              19.95723524620979
            ],
            [
              73.67162348673469,
              19.93247359538026
            ],
            [
              73.66829654195203,
              19.90818686303345
            ],
            [
              73.6637724943053,
              19.838082133883518
            ],
            [
              73.65161856694345,
              19.81878313693238
            ],
            [
              73.63159151843399,
              19.805881879245476
            ],
            [
              73.61354058622925,
              19.79022381277889
            ],
            [
              73.59992250771774,
              19.771385989072257
            ],
            [
              73.59172064838936,
              19.749355162011284
            ],
            [
              73.58892059031314,
              19.725978537279786
            ],
            [
              73.59456664023844,
              19.679730213078983
            ],
            [
              73.57850657771655,
              19.662242042436446
            ],
            [
              73.56934364889042,
              19.640212388990676
            ],
            [
              73.57745364337109,
              19.59305513078982
            ],
            [
              73.5795365460749,
              19.570157616281108
            ],
            [
              73.58960757073294,
              19.522089413196
            ],
            [
              73.59707651676797,
              19.499221569120266
            ],
            [
              73.60272960838489,
              19.45158436432712
            ],
            [
              73.59944155478411,
              19.429116503623902
            ],
            [
              73.57523361294102,
              19.390056835554674
            ],
            [
              73.56362149203841,
              19.36845918584288
            ],
            [
              73.55299357389447,
              19.34779226160373
            ],
            [
              73.54628754793214,
              19.32576177088913
            ],
            [
              73.54544852003335,
              19.30330212639217
            ],
            [
              73.54802662542858,
              19.279484445350988
            ],
            [
              73.56539962799059,
              19.23418595811563
            ],
            [
              73.56553658934229,
              19.209897550331846
            ],
            [
              73.56176758190855,
              19.187429857801817
            ],
            [
              73.55888353704574,
              19.181912219373544
            ],
            [
              73.55608364624345,
              19.159893294839833
            ],
            [
              73.55523657121097,
              19.13743180583333
            ],
            [
              73.5573275201491,
              19.113603061332356
            ],
            [
              73.54849249223491,
              19.04296624829385
            ],
            [
              73.55027062818709,
              18.99025950037577
            ],
            [
              73.55899853695308,
              18.91695455980522
            ],
            [
              73.59056864023074,
              18.849698838830477
            ],
            [
              73.60529363219553,
              18.82867887043369
            ],
            [
              73.61662261234386,
              18.80718029363578
            ],
            [
              73.62355059098712,
              18.78612243859982
            ],
            [
              73.62317658992782,
              18.763184858394652
            ],
            [
              73.61795064120929,
              18.741617047289026
            ],
            [
              73.61808760076235,
              18.71730768440227
            ],
            [
              73.63683355962127,
              18.67062014840127
            ],
            [
              73.64230358973902,
              18.648170729195954
            ],
            [
              73.65084055894482,
              18.59684464836198
            ],
            [
              73.66165958392281,
              18.573494174117002
            ],
            [
              73.6734235850306,
              18.55428737925928
            ],
            [
              73.70517758707615,
              18.52093109199643
            ],
            [
              73.73500056572368,
              18.48343146259208
            ],
            [
              73.73705262437926,
              18.460501928621227
            ],
            [
              73.71833750956858,
              18.4141047423401
            ],
            [
              73.71601857259918,
              18.39115693504465
            ],
            [
              73.73240653513363,
              18.314610544641084
            ],
            [
              73.77945750965648,
              18.206046961997856
            ],
            [
              73.78489652665354,
              18.18219860328304
            ],
            [
              73.78646058978455,
              18.15926001583722
            ],
            [
              73.80216257734122,
              18.115262567913305
            ],
            [
              73.8061376113618,
              18.090494881733548
            ],
            [
              73.81446050504843,
              18.069416239767804
            ],
            [
              73.82617957962407,
              18.04788765708986
            ],
            [
              73.85249355923054,
              18.00573908938759
            ],
            [
              73.88314852588394,
              17.966364595649736
            ],
            [
              73.8953175402724,
              17.944822769555287
            ],
            [
              73.91483362816956,
              17.90264654140492
            ],
            [
              73.93142661184879,
              17.859539084161554
            ],
            [
              73.9363476274412,
              17.836600329441808
            ],
            [
              73.93786659496755,
              17.81273084924942
            ],
            [
              73.93311355294827,
              17.790231306329872
            ],
            [
              73.91432954107563,
              17.770903308041397
            ],
            [
              73.88884754857565,
              17.730885923146957
            ],
            [
              73.89134954704411,
              17.708856268801924
            ],
            [
              73.90447259013808,
              17.689148235902508
            ],
            [
              73.92144762111099,
              17.669450595568662
            ],
            [
              73.92684154340265,
              17.64651200902216
            ],
            [
              73.91435954785499,
              17.623062292790735
            ],
            [
              73.88892348912788,
              17.583495686776644
            ],
            [
              73.86171750795677,
              17.497549998733575
            ],
            [
              73.89044949924516,
              17.428275244906786
            ],
            [
              73.89874255432557,
              17.402115996356258
            ],
            [
              73.9249195725804,
              17.361308532762735
            ],
            [
              73.94049063413564,
              17.316782187248293
            ],
            [
              73.94442761424318,
              17.293823482867595
            ],
            [
              73.94161263641422,
              17.270395226258813
            ],
            [
              73.94361859312374,
              17.245125632042402
            ],
            [
              73.94040664734905,
              17.19871939228625
            ],
            [
              73.944892641982,
              17.15278119839371
            ],
            [
              73.94880648792923,
              17.130272602898458
            ],
            [
              73.98261254683172,
              17.094506017438903
            ],
            [
              73.99758950005554,
              17.072939379948593
            ],
            [
              74.00583662226245,
              17.05089748942771
            ],
            [
              73.98903660565497,
              17.034319760948335
            ],
            [
              73.96791052175331,
              17.02416122865793
            ],
            [
              73.96990960584378,
              17.000731631159965
            ],
            [
              73.98824350973035,
              16.983302972254478
            ],
            [
              74.0070265170603,
              16.970473630653657
            ],
            [
              74.02149954866542,
              16.952571562327876
            ],
            [
              74.02636759059197,
              16.92960699077014
            ],
            [
              74.02306361179643,
              16.906617442341258
            ],
            [
              74.01399254871728,
              16.88636793842977
            ],
            [
              74.01743348796526,
              16.861558342943283
            ],
            [
              74.02372762712844,
              16.839961865947487
            ],
            [
              74.02763359321591,
              16.816523046801308
            ],
            [
              74.02626063781832,
              16.793533665646294
            ],
            [
              74.03118148523754,
              16.748946300231694
            ],
            [
              74.04473854294957,
              16.703449161749575
            ],
            [
              74.05679356377209,
              16.68370056043267
            ],
            [
              74.07840764319832,
              16.67362215863585
            ],
            [
              74.08805051861668,
              16.652482328596705
            ],
            [
              74.08618152235954,
              16.630404731393355
            ],
            [
              74.07183857678905,
              16.612906000012003
            ],
            [
              74.0522006163655,
              16.599995521576204
            ],
            [
              74.03546161965818,
              16.583866728366957
            ],
            [
              74.04326651283947,
              16.53374982019818
            ],
            [
              74.05919648842735,
              16.487783631309696
            ],
            [
              74.09234658003078,
              16.451035187623972
            ],
            [
              74.10533148905711,
              16.428516366837016
            ],
            [
              74.12554159906568,
              16.385299274142312
            ],
            [
              74.13372049240695,
              16.364601337681734
            ],
            [
              74.13999149740982,
              16.342071787982775
            ],
            [
              74.15821861579661,
              16.31073386357707
            ],
            [
              74.16391764028702,
              16.285486398078945
            ],
            [
              74.17698653520057,
              16.265847598587925
            ],
            [
              74.19425158044623,
              16.21912066778475
            ],
            [
              74.21476762902302,
              16.176102393610734
            ],
            [
              74.22122957268681,
              16.154554700339304
            ],
            [
              74.2403185185849,
              16.111066535792133
            ],
            [
              74.24635349022157,
              16.086748959397084
            ],
            [
              74.25520360606174,
              16.063389599850268
            ],
            [
              74.26175657820369,
              16.035400246224526
            ],
            [
              74.27895356095826,
              15.991433978695284
            ],
            [
              74.29618859762581,
              15.910200260633644
            ],
            [
              74.3035886448003,
              15.888670673413003
            ],
            [
              74.31387357590495,
              15.864402212592154
            ],
            [
              74.32550061566104,
              15.844304253438679
            ],
            [
              74.34369655455254,
              15.827024456613515
            ],
            [
              74.35189053581973,
              15.812566343861818
            ],
            [
              74.36979662771233,
              15.786847145279694
            ],
            [
              74.43087756844517,
              15.74430077236292
            ],
            [
              74.45371255399135,
              15.733510579649646
            ],
            [
              74.47743954290075,
              15.72641177928034
            ],
            [
              74.50253261368931,
              15.722551242446002
            ],
            [
              74.52395659082418,
              15.710821774405531
            ],
            [
              74.54453248658513,
              15.691733163055176
            ],
            [
              74.5613325031926,
              15.672135268328134
            ],
            [
              74.58142861873591,
              15.652115763331949
            ],
            [
              74.61123651125615,
              15.612419236758512
            ],
            [
              74.62848663495038,
              15.594200500053148
            ],
            [
              74.70163751625853,
              15.524144888276112
            ],
            [
              74.75287659308049,
              15.467177618352537
            ],
            [
              74.80972249319865,
              15.413032033401748
            ],
            [
              74.85430164510501,
              15.395991958961872
            ],
            [
              74.87846348680063,
              15.38840264766418
            ],
            [
              74.90171857355347,
              15.377593346156118
            ],
            [
              74.92076158657812,
              15.363514096198742
            ],
            [
              74.96130351184775,
              15.326657358850184
            ],
            [
              74.97760061407723,
              15.305198009580636
            ],
            [
              74.99014262318366,
              15.282329328236074
            ],
            [
              75.00081664237433,
              15.255301043208704
            ],
            [
              75.00962853702754,
              15.228263705605684
            ],
            [
              75.01822652523413,
              15.177776149949523
            ],
            [
              75.0279005828458,
              15.15717846091735
            ],
            [
              75.04596760661991,
              15.143549150772856
            ],
            [
              75.09506259356402,
              15.138928543817372
            ],
            [
              75.1191635826334,
              15.134088833233193
            ],
            [
              75.14141049519833,
              15.126470353324294
            ],
            [
              75.16089657631608,
              15.112380206281614
            ],
            [
              75.17997764325378,
              15.091401810845014
            ],
            [
              75.20922864138885,
              15.045684732364634
            ],
            [
              75.23281062271224,
              15.000377528000683
            ],
            [
              75.24059254900709,
              14.978388945693439
            ],
            [
              75.24324055960432,
              14.951291761805521
            ],
            [
              75.24772655513658,
              14.928353175258962
            ],
            [
              75.259506648713,
              14.88340505130219
            ],
            [
              75.27364356679732,
              14.839409112440705
            ],
            [
              75.28375264536845,
              14.817889414165279
            ],
            [
              75.2981566108391,
              14.791821192294321
            ],
            [
              75.3348616352564,
              14.748453895730847
            ],
            [
              75.35156257715136,
              14.7265352186256
            ],
            [
              75.3625866241735,
              14.706856688885239
            ],
            [
              75.37596850024624,
              14.68766783100574
            ],
            [
              75.40457962355094,
              14.651592287054541
            ],
            [
              75.40765360343119,
              14.627721967794741
            ],
            [
              75.40061163122198,
              14.578505109223556
            ],
            [
              75.39192948805561,
              14.552706617416618
            ],
            [
              75.39733162385551,
              14.530699091789813
            ],
            [
              75.4112014945535,
              14.507830744993043
            ],
            [
              75.42926751378491,
              14.48868178463681
            ],
            [
              75.44920353471554,
              14.4704521508462
            ],
            [
              75.46861250256512,
              14.457732781043148
            ],
            [
              75.49079856160449,
              14.449173348571321
            ],
            [
              75.53761249731906,
              14.423785067227186
            ],
            [
              75.5663905878555,
              14.41250503717788
            ],
            [
              75.59137754493793,
              14.405796161263993
            ],
            [
              75.61450153931474,
              14.397227845288967
            ],
            [
              75.66123953357777,
              14.375967315439368
            ],
            [
              75.67973353297634,
              14.358630354107675
            ],
            [
              75.69400053799461,
              14.340810596232188
            ],
            [
              75.71011357328297,
              14.326221558378336
            ],
            [
              75.69876849976663,
              14.281124572341298
            ],
            [
              75.6980515116681,
              14.255856150840827
            ],
            [
              75.70015754943154,
              14.231067845904477
            ],
            [
              75.69920352072609,
              14.181452007604207
            ],
            [
              75.70130151135584,
              14.155742867039805
            ],
            [
              75.70807660255332,
              14.133284396158103
            ],
            [
              75.74150061596083,
              14.072418368213278
            ],
            [
              75.74783364630588,
              14.047651016581312
            ],
            [
              75.76608255796384,
              14.001381906350048
            ],
            [
              75.77097356677683,
              13.977535391245453
            ],
            [
              75.7583465654418,
              13.91865838937332
            ],
            [
              75.754592645934,
              13.865361890339102
            ],
            [
              75.74963357642855,
              13.841454521708954
            ],
            [
              75.72865249921364,
              13.774727868296623
            ],
            [
              75.71853654802345,
              13.750320436139361
            ],
            [
              75.70700053494687,
              13.730042936332609
            ],
            [
              75.70063062340472,
              13.70795226208736
            ],
            [
              75.71674349141915,
              13.690154632030783
            ],
            [
              75.78176157863413,
              13.654296849919831
            ],
            [
              75.82096860241921,
              13.62056823973262
            ],
            [
              75.8407664892822,
              13.607829925710632
            ],
            [
              75.86060360367355,
              13.590960004800536
            ],
            [
              75.91445163263688,
              13.540314366315101
            ],
            [
              75.92633063275264,
              13.520644721876579
            ],
            [
              75.93683651109626,
              13.496367544826455
            ],
            [
              75.93982650329065,
              13.474347783023916
            ],
            [
              75.94209263476745,
              13.425680272626607
            ],
            [
              75.94745655027975,
              13.399093882077125
            ],
            [
              75.9607316399534,
              13.379425243979938
            ],
            [
              76.02153061264784,
              13.331097537021833
            ],
            [
              76.03665961335065,
              13.313268558397397
            ],
            [
              76.04621163026269,
              13.288530377175277
            ],
            [
              76.05201760662743,
              13.262853087000508
            ],
            [
              76.05172759325399,
              13.239894550792997
            ],
            [
              76.04351064599967,
              13.2136764613997
            ],
            [
              76.03478961075211,
              13.191126793866601
            ],
            [
              76.02279661617104,
              13.167189588428926
            ],
            [
              76.01455653475642,
              13.143730148727514
            ],
            [
              76.00089252427074,
              13.096823342723212
            ],
            [
              75.99922955370113,
              13.069726157935975
            ],
            [
              76.00737760209483,
              13.045436743810797
            ],
            [
              76.0215525740922,
              13.026687767726457
            ],
            [
              76.04544854201674,
              13.022237145228189
            ],
            [
              76.06976360480667,
              13.023288067790247
            ],
            [
              76.09780157398359,
              13.027108875274507
            ],
            [
              76.12258954437215,
              13.028158792394493
            ],
            [
              76.14968857187023,
              13.032887525738886
            ],
            [
              76.17307257284114,
              13.033928559355672
            ],
            [
              76.19602959998622,
              13.028528768987655
            ],
            [
              76.21808657843303,
              13.018999382615561
            ],
            [
              76.24015864390645,
              13.00671034021019
            ],
            [
              76.25895657098914,
              12.993480176169328
            ],
            [
              76.31025650043728,
              12.945514232296148
            ],
            [
              76.3272176170995,
              12.925856657658755
            ],
            [
              76.34557364880499,
              12.909406669782129
            ],
            [
              76.37435157296687,
              12.87004944302754
            ],
            [
              76.38523061330233,
              12.849889624906382
            ],
            [
              76.39099149496167,
              12.826501264921603
            ],
            [
              76.40363358422269,
              12.675981563198718
            ],
            [
              76.40145864759864,
              12.65072336788927
            ],
            [
              76.39600353723364,
              12.626365893071636
            ],
            [
              76.37313854400878,
              12.550519055610039
            ],
            [
              76.36769852067033,
              12.525252814965597
            ],
            [
              76.3650585572068,
              12.500444561267614
            ],
            [
              76.36634853215918,
              12.471754480185268
            ],
            [
              76.37003355190706,
              12.454566549107085
            ]
          ]
        ]
      }
    },
    {
      "type": "Feature",
      "id": "deccan_drylands",
      "properties": {
        "case_id": "deccan_drylands",
        "label": "Deccan Plateau dryland subregion",
        "definition": "Deccan thorn scrub forests north of 12 N. This predeclared dryland subregion avoids Sri Lankan portions and the southern peninsula and represents the plan's dryland contrast; it is not the entire plateau or proof of present-day savanna land cover.",
        "ecoregion_ids": [
          315
        ],
        "source": "RESOLVE Ecoregions 2017 via UNEP-WCMC",
        "license": "CC-BY 4.0"
      },
      "geometry": {
        "type": "Polygon",
        "coordinates": [
          [
            [
              75.43898750427007,
              21.074783165610768
            ],
            [
              75.46518748941128,
              21.07277117355096
            ],
            [
              75.56934353337755,
              21.047762760443163
            ],
            [
              75.5930636478692,
              21.047122717439606
            ],
            [
              75.69307752330923,
              21.061882914265198
            ],
            [
              75.71679663235886,
              21.06077197634579
            ],
            [
              75.78498056520107,
              21.053772417063556
            ],
            [
              75.84171263902721,
              21.040913905952152
            ],
            [
              75.86488357171964,
              21.03290348890505
            ],
            [
              75.88897651365534,
              21.021695207667847
            ],
            [
              75.9166036023745,
              21.014094498362567
            ],
            [
              75.94016261771083,
              20.999227182388722
            ],
            [
              75.94525965311067,
              20.981745380744883
            ],
            [
              75.94685355574717,
              20.976266467123878
            ],
            [
              75.94731154269368,
              20.92681927329096
            ],
            [
              75.94360355695875,
              20.90351054107873
            ],
            [
              75.9349665075984,
              20.881611812735116
            ],
            [
              75.92980157877997,
              20.859233975967356
            ],
            [
              75.91430662595019,
              20.84199323939663
            ],
            [
              75.89394363029447,
              20.829824726829827
            ],
            [
              75.8755265768902,
              20.814436725874316
            ],
            [
              75.80431359159911,
              20.74870014239781
            ],
            [
              75.78441663092292,
              20.732860357119932
            ],
            [
              75.76406050788631,
              20.719301957619393
            ],
            [
              75.73882259768487,
              20.71082232199268
            ],
            [
              75.71454659425007,
              20.700042188196562
            ],
            [
              75.61759161166373,
              20.66603194541807
            ],
            [
              75.59631364665762,
              20.656585541289815
            ],
            [
              75.57306660703847,
              20.648526005071233
            ],
            [
              75.55178864203236,
              20.637696586628294
            ],
            [
              75.50382957167756,
              20.620186622714584
            ],
            [
              75.45304160918306,
              20.61870554092809
            ],
            [
              75.37425255691011,
              20.632056739327197
            ],
            [
              75.34961663489992,
              20.63403688009805
            ],
            [
              75.32250251857653,
              20.635125689299286
            ],
            [
              75.26825752436542,
              20.633605715431543
            ],
            [
              75.18594354605796,
              20.635895651063606
            ],
            [
              75.15782159099376,
              20.6337466976521
            ],
            [
              75.10707050789779,
              20.639485285117928
            ],
            [
              75.08191658358362,
              20.63731470660855
            ],
            [
              75.05625153228254,
              20.631488780582913
            ],
            [
              75.0305786011217,
              20.62197833932902
            ],
            [
              75.00591250415891,
              20.61612559102332
            ],
            [
              74.9777905481954,
              20.61257803444886
            ],
            [
              74.9506836408375,
              20.611768006988086
            ],
            [
              74.92504859631583,
              20.614158693668912
            ],
            [
              74.89893360340324,
              20.61424670402232
            ],
            [
              74.84966259665168,
              20.622646543703183
            ],
            [
              74.79345657136383,
              20.62785723812118
            ],
            [
              74.76732649142463,
              20.626096032805833
            ],
            [
              74.74365951697331,
              20.622036342003696
            ],
            [
              74.72048154258925,
              20.616136822656358
            ],
            [
              74.66819757765626,
              20.599778533252845
            ],
            [
              74.64402752155303,
              20.585628539026004
            ],
            [
              74.62084150093466,
              20.56965045240662
            ],
            [
              74.59565756984114,
              20.526193804600553
            ],
            [
              74.56356862699073,
              20.459396742365925
            ],
            [
              74.55468749802975,
              20.436506937745094
            ],
            [
              74.52806858529715,
              20.390750463563165
            ],
            [
              74.51821163525892,
              20.36329185203749
            ],
            [
              74.4975205714174,
              20.314764655664476
            ],
            [
              74.48667958499499,
              20.27173934069816
            ],
            [
              74.47731062868274,
              20.19983920771341
            ],
            [
              74.47583055323759,
              20.17191003581962
            ],
            [
              74.47778353628132,
              20.149014028574697
            ],
            [
              74.48858663606455,
              20.126094552621623
            ],
            [
              74.5219725946597,
              20.08896674521924
            ],
            [
              74.5411076407052,
              20.07612835194203
            ],
            [
              74.59217053134512,
              20.055900472229155
            ],
            [
              74.6412425514028,
              20.033369917088123
            ],
            [
              74.66773959070969,
              20.025991159564512
            ],
            [
              74.69423663091595,
              20.015849726983447
            ],
            [
              74.71826151215924,
              20.00343244125429
            ],
            [
              74.74376663792015,
              19.99512211919057
            ],
            [
              74.77172849927098,
              19.986803415445422
            ],
            [
              74.79528064108888,
              19.983993633899217
            ],
            [
              74.81881752770687,
              19.976594089445825
            ],
            [
              74.86884357557074,
              19.964533872340496
            ],
            [
              74.91931151791238,
              19.94328708772906
            ],
            [
              74.99384356902567,
              19.92696702041178
            ],
            [
              75.06976349528924,
              19.901450494844596
            ],
            [
              75.14714857814454,
              19.877718813272736
            ],
            [
              75.17701748966556,
              19.869771259736012
            ],
            [
              75.20301061005176,
              19.867810229558586
            ],
            [
              75.28047951241973,
              19.86554040996208
            ],
            [
              75.41280361159755,
              19.852800085056003
            ],
            [
              75.43921649774336,
              19.844381636603373
            ],
            [
              75.4861226337527,
              19.82023404376622
            ],
            [
              75.55198662328422,
              19.779894458762385
            ],
            [
              75.57592751774092,
              19.769632829991224
            ],
            [
              75.68109156862113,
              19.746346393771205
            ],
            [
              75.73583260459117,
              19.73030812541981
            ],
            [
              75.76226057776358,
              19.726867354345075
            ],
            [
              75.83854662612606,
              19.71289807438677
            ],
            [
              75.89733159497729,
              19.711878164046198
            ],
            [
              75.94686160198148,
              19.716897918004634
            ],
            [
              75.97329762228759,
              19.715258083393962
            ],
            [
              76.05840260519625,
              19.701548977303617
            ],
            [
              76.08474759792347,
              19.693019217063352
            ],
            [
              76.13641364857119,
              19.670908763129034
            ],
            [
              76.15680665190564,
              19.656480321709637
            ],
            [
              76.1791075426791,
              19.63790267187096
            ],
            [
              76.19853964468899,
              19.624853222098636
            ],
            [
              76.22670753262668,
              19.606194267251794
            ],
            [
              76.25051850922199,
              19.59262614518059
            ],
            [
              76.29564650837983,
              19.561388132756235
            ],
            [
              76.34420756692583,
              19.532836689361886
            ],
            [
              76.39045756656361,
              19.516220572421616
            ],
            [
              76.52111065073609,
              19.448973401301544
            ],
            [
              76.55883055558581,
              19.42005516401474
            ],
            [
              76.57618763385238,
              19.4042252685814
            ],
            [
              76.6053776120873,
              19.361659449624028
            ],
            [
              76.63411764871068,
              19.323671659219826
            ],
            [
              76.65241249414146,
              19.305069868879457
            ],
            [
              76.66723655991944,
              19.28469295981239
            ],
            [
              76.67717749674426,
              19.263925453596926
            ],
            [
              76.70243049487158,
              19.223676727998736
            ],
            [
              76.71589652500478,
              19.179480294280324
            ],
            [
              76.7224736367491,
              19.13215992424125
            ],
            [
              76.73187260074008,
              19.109563319291908
            ],
            [
              76.75705753727567,
              19.037208719307102
            ],
            [
              76.76978260788121,
              19.00859038703686
            ],
            [
              76.77378060788891,
              18.985150562448666
            ],
            [
              76.77385755388315,
              18.95993327100382
            ],
            [
              76.77642861938546,
              18.93742350189325
            ],
            [
              76.79165652482891,
              18.884917585178528
            ],
            [
              76.80832662177636,
              18.86219877135636
            ],
            [
              76.82363851490572,
              18.844997094140695
            ],
            [
              76.861350540795,
              18.711877887254843
            ],
            [
              76.8770986293984,
              18.664389711815886
            ],
            [
              76.88889364272757,
              18.64264085189393
            ],
            [
              76.92035662505833,
              18.60544615741435
            ],
            [
              76.93810262323763,
              18.59094412267325
            ],
            [
              76.95432261129963,
              18.573245231882083
            ],
            [
              77.0023725419594,
              18.54126810443961
            ],
            [
              77.02101858793765,
              18.523987972167333
            ],
            [
              77.03427859238332,
              18.504489317628042
            ],
            [
              77.07100658278773,
              18.466712416444977
            ],
            [
              77.08424361944765,
              18.445841644676307
            ],
            [
              77.10188249668005,
              18.428103692731383
            ],
            [
              77.16124749317743,
              18.382566490351394
            ],
            [
              77.19699848978865,
              18.34752963188714
            ],
            [
              77.2053225579898,
              18.325811785085932
            ],
            [
              77.24733751791229,
              18.264942571742438
            ],
            [
              77.26051353467204,
              18.24313470370373
            ],
            [
              77.26930263061206,
              18.221406296163764
            ],
            [
              77.29519650901182,
              18.18146870721523
            ],
            [
              77.30010260485147,
              18.15980986943009
            ],
            [
              77.30741162444707,
              18.137182251359945
            ],
            [
              77.30834151175151,
              18.11054389168737
            ],
            [
              77.2899625131596,
              18.013120695963494
            ],
            [
              77.2742385659572,
              17.951433577098044
            ],
            [
              77.27179758828822,
              17.925314896065743
            ],
            [
              77.28642250009847,
              17.880516807804554
            ],
            [
              77.29226653127557,
              17.833579658674466
            ],
            [
              77.29419755377427,
              17.783493597251834
            ],
            [
              77.3028335958939,
              17.75532520479453
            ],
            [
              77.30088061285016,
              17.72964691007695
            ],
            [
              77.29508251544587,
              17.70495734260743
            ],
            [
              77.2877505289639,
              17.650902617062286
            ],
            [
              77.28098264493326,
              17.62530244105494
            ],
            [
              77.26027649406512,
              17.57930523814639
            ],
            [
              77.25256363480406,
              17.554186685966897
            ],
            [
              77.239532624731,
              17.453362784864794
            ],
            [
              77.24005163337631,
              17.429925139333875
            ],
            [
              77.2420425021599,
              17.407844692178912
            ],
            [
              77.24639153723979,
              17.38295714525617
            ],
            [
              77.25222064686551,
              17.359878580132488
            ],
            [
              77.25652358089872,
              17.33315003194855
            ],
            [
              77.26331359274826,
              17.310051686236477
            ],
            [
              77.27150757401552,
              17.28554417482394
            ],
            [
              77.2821425329517,
              17.261915589732837
            ],
            [
              77.30590053498184,
              17.22011805620349
            ],
            [
              77.31643658737875,
              17.192808976753042
            ],
            [
              77.3217396493655,
              17.167890416709497
            ],
            [
              77.3236616201878,
              17.14304276820934
            ],
            [
              77.32460056096727,
              17.092925021872418
            ],
            [
              77.33808855164551,
              17.044408889858516
            ],
            [
              77.34290361990628,
              17.019948653107974
            ],
            [
              77.34818254229066,
              16.97067345461636
            ],
            [
              77.35875664770128,
              16.89828800968405
            ],
            [
              77.36015357632664,
              16.871138690298437
            ],
            [
              77.36450160506519,
              16.848061132415467
            ],
            [
              77.38229353521865,
              16.800823240100613
            ],
            [
              77.38707759125799,
              16.77589562658204
            ],
            [
              77.39909355182613,
              16.75221725412314
            ],
            [
              77.42714660802972,
              16.715339394397688
            ],
            [
              77.49762751729622,
              16.64127404825888
            ],
            [
              77.51731861955881,
              16.61880434484476
            ],
            [
              77.54386159173924,
              16.580547997991857
            ],
            [
              77.56318657280224,
              16.564507885130922
            ],
            [
              77.60758249683494,
              16.532781039913175
            ],
            [
              77.67024962761838,
              16.482233973419284
            ],
            [
              77.70787062682814,
              16.449235091126695
            ],
            [
              77.728027595897,
              16.429016263989524
            ],
            [
              77.74819160485885,
              16.41978711808116
            ],
            [
              77.76798261910272,
              16.415837230004286
            ],
            [
              77.79174062113293,
              16.407918845978088
            ],
            [
              77.97344251256209,
              16.396418372310166
            ],
            [
              78.13020354795555,
              16.360411559945646
            ],
            [
              78.19159662988073,
              16.339073077760474
            ],
            [
              78.1958465902481,
              16.313754700719016
            ],
            [
              78.19867665600304,
              16.264967665925155
            ],
            [
              78.19725759955872,
              16.23965917962755
            ],
            [
              78.18966661282406,
              16.21666963119867
            ],
            [
              78.16694662718527,
              16.172543605403177
            ],
            [
              78.15274064206716,
              16.151403941738636
            ],
            [
              78.13760359512997,
              16.13256611803206
            ],
            [
              78.1205594980226,
              16.11649599839177
            ],
            [
              78.09927365495537,
              16.10042822508268
            ],
            [
              77.98715949671356,
              16.029760567096616
            ],
            [
              77.90631855485759,
              15.967756610779077
            ],
            [
              77.88221756578821,
              15.953066320054745
            ],
            [
              77.86142759720599,
              15.934677597992902
            ],
            [
              77.84678659112842,
              15.917208874290282
            ],
            [
              77.83403754909375,
              15.898369876069069
            ],
            [
              77.8005375960334,
              15.831235356726495
            ],
            [
              77.78736862006593,
              15.783877100947564
            ],
            [
              77.78220352397364,
              15.759039845912298
            ],
            [
              77.77393360305348,
              15.581530080349069
            ],
            [
              77.77641263463556,
              15.483597264002697
            ],
            [
              77.79019164502853,
              15.41048125210824
            ],
            [
              77.79824061870977,
              15.386112544758248
            ],
            [
              77.81006664695838,
              15.366795778102812
            ],
            [
              77.82093864560215,
              15.343335333858704
            ],
            [
              77.83467055040575,
              15.299188184787056
            ],
            [
              77.8398896256059,
              15.27297981796437
            ],
            [
              77.83708152129532,
              15.250000494827134
            ],
            [
              77.83097848896625,
              15.226562850195535
            ],
            [
              77.81826062822557,
              15.20726536230677
            ],
            [
              77.80225353936953,
              15.18935641956324
            ],
            [
              77.7843476147508,
              15.172816410449116
            ],
            [
              77.76880656087422,
              15.15489757786105
            ],
            [
              77.75752250725805,
              15.134688976914902
            ],
            [
              77.74250062840144,
              15.089191839332045
            ],
            [
              77.74347661675262,
              15.0643735258177
            ],
            [
              77.75010653488886,
              15.041844981560814
            ],
            [
              77.79585261470658,
              15.016997667608393
            ],
            [
              77.8175426337857,
              15.006868305727892
            ],
            [
              77.88214162613531,
              14.9659099691699
            ],
            [
              77.9066466230434,
              14.955310380569756
            ],
            [
              77.93444855795474,
              14.95068088921181
            ],
            [
              77.98297860427931,
              14.940052468346892
            ],
            [
              78.00607259097745,
              14.931282984822019
            ],
            [
              78.0296326117558,
              14.920223734737704
            ],
            [
              78.05225352538002,
              14.914673071405275
            ],
            [
              78.10218049943069,
              14.896205223392485
            ],
            [
              78.17376765215556,
              14.87905635166942
            ],
            [
              78.22557854221611,
              14.863327543631385
            ],
            [
              78.27879356896818,
              14.850328384847217
            ],
            [
              78.32588963909575,
              14.848838417758884
            ],
            [
              78.3480225571954,
              14.843259925805057
            ],
            [
              78.39556856803517,
              14.827968819605474
            ],
            [
              78.41911350178685,
              14.816870341992853
            ],
            [
              78.44075054630082,
              14.80577018804388
            ],
            [
              78.46051054832333,
              14.791470996289604
            ],
            [
              78.47743964462404,
              14.775792142893238
            ],
            [
              78.50939950688189,
              14.735714911713956
            ],
            [
              78.52725949862713,
              14.719575725039817
            ],
            [
              78.54228959189129,
              14.697928286161641
            ],
            [
              78.57660661320477,
              14.673918827392129
            ],
            [
              78.62174953121604,
              14.650791313068794
            ],
            [
              78.64148757179419,
              14.634171339835575
            ],
            [
              78.67623860772574,
              14.600043582645355
            ],
            [
              78.69030763239147,
              14.579774799967197
            ],
            [
              78.70720655463896,
              14.562245054565778
            ],
            [
              78.72834755919268,
              14.548835854391314
            ],
            [
              78.77583355467499,
              14.533018028759159
            ],
            [
              78.79885059627816,
              14.521898764216758
            ],
            [
              78.84298651281745,
              14.496900240953494
            ],
            [
              78.86506662542456,
              14.487151080957744
            ],
            [
              78.90355649293798,
              14.458952849894217
            ],
            [
              78.94393161735042,
              14.435334323720213
            ],
            [
              78.96317261072755,
              14.420996408057931
            ],
            [
              78.98381757442166,
              14.408495133743543
            ],
            [
              79.00731657529985,
              14.404697294045036
            ],
            [
              79.05716660335622,
              14.407666332035717
            ],
            [
              79.10845949201212,
              14.419795280727783
            ],
            [
              79.13337754933457,
              14.42149630431112
            ],
            [
              79.18184657485972,
              14.429955823902276
            ],
            [
              79.20583357036315,
              14.427985909322388
            ],
            [
              79.23029363983977,
              14.431054691121233
            ],
            [
              79.25570656440658,
              14.43688430526663
            ],
            [
              79.27926658608425,
              14.447763512875952
            ],
            [
              79.29860665417391,
              14.461432553269844
            ],
            [
              79.34010361179241,
              14.485982141262923
            ],
            [
              79.35852854415714,
              14.502868993709228
            ],
            [
              79.36945351736608,
              14.523938583998586
            ],
            [
              79.37095655969762,
              14.546898125648113
            ],
            [
              79.37013261882544,
              14.570335603005788
            ],
            [
              79.36647760585697,
              14.594703974908668
            ],
            [
              79.35671252066646,
              14.620042467985627
            ],
            [
              79.3231126556247,
              14.682739103726817
            ],
            [
              79.29551658092561,
              14.722876685710617
            ],
            [
              79.27960152598979,
              14.743645198267416
            ],
            [
              79.26177958905697,
              14.758462223253161
            ],
            [
              79.24536849326154,
              14.775104324305289
            ],
            [
              79.23320752510733,
              14.794009875055849
            ],
            [
              79.19403050900092,
              14.887524924735601
            ],
            [
              79.18374658423761,
              14.908264603228986
            ],
            [
              79.14723954017279,
              14.968669626102496
            ],
            [
              79.13555164689114,
              14.993087954445684
            ],
            [
              79.12761649860266,
              15.014277740925138
            ],
            [
              79.12581656937931,
              15.03725521955289
            ],
            [
              79.12779251930948,
              15.060694541420105
            ],
            [
              79.13893156623897,
              15.139688613938517
            ],
            [
              79.13809153109946,
              15.165437989271936
            ],
            [
              79.14196061778841,
              15.191155344243896
            ],
            [
              79.16252863458897,
              15.266890198124258
            ],
            [
              79.18110661987475,
              15.314597140845535
            ],
            [
              79.19441959708689,
              15.337506726054698
            ],
            [
              79.214416638817,
              15.381982948754228
            ],
            [
              79.22913358364815,
              15.403051700875437
            ],
            [
              79.2471385829794,
              15.41904169002214
            ],
            [
              79.27468151673878,
              15.45841903281223
            ],
            [
              79.29080159281943,
              15.475326840361504
            ],
            [
              79.33058160255905,
              15.50359531117482
            ],
            [
              79.3481296203858,
              15.520043958162262
            ],
            [
              79.36427249517965,
              15.540634773676004
            ],
            [
              79.36486861619386,
              15.565921132154642
            ],
            [
              79.35788749571151,
              15.588499631952573
            ],
            [
              79.34155250774222,
              15.630447872071784
            ],
            [
              79.32700353558488,
              15.651225605377533
            ],
            [
              79.28840654802394,
              15.683194519311769
            ],
            [
              79.2747876322436,
              15.70167443622637
            ],
            [
              79.2644725261863,
              15.721972052967999
            ],
            [
              79.25084656871434,
              15.740440067355337
            ],
            [
              79.24150058018779,
              15.7639484562564
            ],
            [
              79.23451258708639,
              15.787907120417401
            ],
            [
              79.23461953986003,
              15.81412621705141
            ],
            [
              79.24181356044761,
              15.839383740567314
            ],
            [
              79.25231155803215,
              15.862323332555889
            ],
            [
              79.2766115337954,
              15.905420397233684
            ],
            [
              79.29902658720738,
              15.951287513208285
            ],
            [
              79.31437653424979,
              15.999493514014603
            ],
            [
              79.32584364756644,
              16.022882042172625
            ],
            [
              79.34249161669493,
              16.043490627390668
            ],
            [
              79.37766258476063,
              16.078698643927396
            ],
            [
              79.39335652518366,
              16.096077513666444
            ],
            [
              79.4076535378806,
              16.115317335226962
            ],
            [
              79.42569759566766,
              16.130836093111327
            ],
            [
              79.57009850893917,
              16.22925891496709
            ],
            [
              79.60436255568754,
              16.26077805636237
            ],
            [
              79.6229095287519,
              16.275825919330828
            ],
            [
              79.66330762005077,
              16.302223382103534
            ],
            [
              79.68186163300811,
              16.316823316143257
            ],
            [
              79.70372063110239,
              16.32954251867244
            ],
            [
              79.72088660073621,
              16.349202441439672
            ],
            [
              79.7382275847354,
              16.397407435904597
            ],
            [
              79.7392275463144,
              16.408667685365515
            ],
            [
              79.75514260125021,
              16.427376427580214
            ],
            [
              79.78323354409292,
              16.451475909385863
            ],
            [
              79.8075105529698,
              16.475474639243373
            ],
            [
              79.8279265222913,
              16.500762841332175
            ],
            [
              79.83860053968334,
              16.532700741246344
            ],
            [
              79.85217251804744,
              16.564248883978962
            ],
            [
              79.90292360114341,
              16.60354559265511
            ],
            [
              79.93448649455621,
              16.62493419765525
            ],
            [
              79.97482255961359,
              16.68003062681214
            ],
            [
              79.99237862367471,
              16.707059918180846
            ],
            [
              80.01378650834084,
              16.733248336241843
            ],
            [
              80.03086061222763,
              16.761175497251543
            ],
            [
              80.06291954829868,
              16.82431268478274
            ],
            [
              80.07907063660076,
              16.851281122625835
            ],
            [
              80.10553750185437,
              16.86838909138362
            ],
            [
              80.13736761172606,
              16.862199223215725
            ],
            [
              80.16507751271718,
              16.84673025269916
            ],
            [
              80.1825026516762,
              16.820032885809155
            ],
            [
              80.18376161440716,
              16.786543997107913
            ],
            [
              80.18118250177122,
              16.75344604100212
            ],
            [
              80.18125156880501,
              16.68826014658862
            ],
            [
              80.18678261882297,
              16.65670312035286
            ],
            [
              80.19941750001777,
              16.628054781303263
            ],
            [
              80.21494262869953,
              16.59945572690043
            ],
            [
              80.24269058360369,
              16.579847941429477
            ],
            [
              80.27124756142598,
              16.56666890744424
            ],
            [
              80.33776852279925,
              16.54783896179879
            ],
            [
              80.37109362876811,
              16.535660559387452
            ],
            [
              80.41158258037194,
              16.523620625591548
            ],
            [
              80.44519049164802,
              16.51924175190544
            ],
            [
              80.51297762471779,
              16.50633144164283
            ],
            [
              80.54811858600408,
              16.496902303598574
            ],
            [
              80.63627659369001,
              16.4462253174446
            ],
            [
              80.66589354575069,
              16.42518674027599
            ],
            [
              80.6817165676656,
              16.39883839487618
            ],
            [
              80.69476350293348,
              16.368300103567037
            ],
            [
              80.73081960084409,
              16.31017495830781
            ],
            [
              80.79058860518012,
              16.25884803930569
            ],
            [
              80.81627662426695,
              16.226169178065277
            ],
            [
              80.9143065017438,
              16.146815353346028
            ],
            [
              81.1517026196803,
              16.003914297906647
            ],
            [
              81.15148150516751,
              15.998774682305907
            ],
            [
              81.13773350789523,
              15.99780472840564
            ],
            [
              81.12442757237471,
              16.00327542941767
            ],
            [
              81.09156061972698,
              16.01493264502568
            ],
            [
              81.06786363939563,
              16.01062367564225
            ],
            [
              81.02413960875612,
              15.991373965136518
            ],
            [
              80.94737964825231,
              15.933857847961463
            ],
            [
              80.92684163823117,
              15.914318793177927
            ],
            [
              80.89560664393161,
              15.87708118305028
            ],
            [
              80.8774796048001,
              15.838403728649268
            ],
            [
              80.86781359432206,
              15.82632456822438
            ],
            [
              80.85209651973878,
              15.820286076641253
            ],
            [
              80.8279185846751,
              15.827534579057726
            ],
            [
              80.81825257419712,
              15.842033595674025
            ],
            [
              80.80738057465396,
              15.85412365318416
            ],
            [
              80.79045851824617,
              15.866211866184813
            ],
            [
              80.78440862775614,
              15.875870333149521
            ],
            [
              80.76286361716234,
              15.886490538707562
            ],
            [
              80.75164058434564,
              15.889181465852118
            ],
            [
              80.72799657588143,
              15.888520468644856
            ],
            [
              80.67838258209065,
              15.891820423873583
            ],
            [
              80.65621161007789,
              15.897581139158376
            ],
            [
              80.63934353277796,
              15.913409860077138
            ],
            [
              80.61372357528296,
              15.955536299061066
            ],
            [
              80.59207161011688,
              15.966814652774133
            ],
            [
              80.57396653242967,
              15.952736408258772
            ],
            [
              80.5582196183409,
              15.936338387706542
            ],
            [
              80.53772754119325,
              15.91998847998451
            ],
            [
              80.51683061803874,
              15.908709120829428
            ],
            [
              80.42951163915097,
              15.871412500786448
            ],
            [
              80.40955365677598,
              15.859652355971605
            ],
            [
              80.3905025966177,
              15.842824344368125
            ],
            [
              80.37101752184134,
              15.83058441933565
            ],
            [
              80.3487095893762,
              15.819766064352507
            ],
            [
              80.32778953206139,
              15.804335985917135
            ],
            [
              80.31062356242762,
              15.78609713227695
            ],
            [
              80.29064965485787,
              15.771108110151317
            ],
            [
              80.26648764498901,
              15.763518464305832
            ],
            [
              80.24817653981563,
              15.778407573550794
            ],
            [
              80.23461160314315,
              15.796467558331301
            ],
            [
              80.21145659474621,
              15.797606491246711
            ],
            [
              80.18821760136137,
              15.787237070634433
            ],
            [
              80.17062365066113,
              15.772219048070724
            ],
            [
              80.1600565860428,
              15.750699348895978
            ],
            [
              80.15187065100992,
              15.72962053875699
            ],
            [
              80.14981054701929,
              15.70710222069107
            ],
            [
              80.15133655713657,
              15.659254293950653
            ],
            [
              80.13680250383266,
              15.610178251225477
            ],
            [
              80.13568854868771,
              15.587659764986313
            ],
            [
              80.1312486551015,
              15.56286140203224
            ],
            [
              80.10964949632734,
              15.515235427972755
            ],
            [
              80.09816762963254,
              15.494646792415665
            ],
            [
              80.09185756617393,
              15.471247368071715
            ],
            [
              80.10540054230137,
              15.450898454000594
            ],
            [
              80.12415354195258,
              15.433259744042118
            ],
            [
              80.15309859972075,
              15.400367648148574
            ],
            [
              80.13720651167131,
              15.384083789335534
            ],
            [
              80.11331959632247,
              15.350175973042838
            ],
            [
              80.1094895698879,
              15.342077378368458
            ],
            [
              80.10775753318376,
              15.329646344703178
            ],
            [
              80.09884656381803,
              15.325437456373663
            ],
            [
              80.10231063722631,
              15.320226930128854
            ],
            [
              80.10224961732615,
              15.315487298799951
            ],
            [
              80.10243955144432,
              15.310747500197124
            ],
            [
              80.09240758614135,
              15.287320080857171
            ],
            [
              80.08538053368483,
              15.258240911688858
            ],
            [
              80.0884476400467,
              15.236963451202428
            ],
            [
              80.09484856381033,
              15.222904149107308
            ],
            [
              80.0935134941526,
              15.204843495231273
            ],
            [
              80.09087352978975,
              15.19740589686478
            ],
            [
              80.07539349581333,
              15.186455611337522
            ],
            [
              80.07393655362921,
              15.18126704473849
            ],
            [
              80.0762325246115,
              15.176717012979907
            ],
            [
              80.07447064930119,
              15.163437898840073
            ],
            [
              80.06134056541492,
              15.13234908484253
            ],
            [
              80.0528795367614,
              15.098951223720121
            ],
            [
              80.05171964874296,
              15.07390391763181
            ],
            [
              80.05497752739115,
              15.048094528739625
            ],
            [
              80.05426758008491,
              15.022576997730425
            ],
            [
              80.070770540728,
              14.939711492191748
            ],
            [
              80.08204654810987,
              14.901614903605036
            ],
            [
              80.09252962684099,
              14.850907238878108
            ],
            [
              80.09207163989441,
              14.827608733756222
            ],
            [
              80.09587065320824,
              14.811519838070183
            ],
            [
              80.09188053216099,
              14.80500022627956
            ],
            [
              80.0990596320965,
              14.802680451142066
            ],
            [
              80.11454754503336,
              14.740594353446795
            ],
            [
              80.11493663311927,
              14.732454854008438
            ],
            [
              80.11118355177967,
              14.703786734370453
            ],
            [
              80.11459364608004,
              14.696058450836972
            ],
            [
              80.06288149438564,
              14.662989664241763
            ],
            [
              80.05001862515957,
              14.641971874002934
            ],
            [
              80.049392497366,
              14.618993221759922
            ],
            [
              80.04292250566925,
              14.57126633027707
            ],
            [
              80.0422665383702,
              14.546008303140809
            ],
            [
              80.05370364490744,
              14.5004201370798
            ],
            [
              80.05571764875066,
              14.453544176023058
            ],
            [
              80.04313658028912,
              14.404036296837774
            ],
            [
              80.02729059238709,
              14.357769364764522
            ],
            [
              80.0137786293804,
              14.308282776129374
            ],
            [
              80.00398253106914,
              14.251406365611444
            ],
            [
              80.00081651816794,
              14.202280534619092
            ],
            [
              79.98774762325439,
              14.21524968572453
            ],
            [
              79.96572853144676,
              14.22416937221891
            ],
            [
              79.94172661619052,
              14.218858765819505
            ],
            [
              79.92239358799384,
              14.206610290932304
            ],
            [
              79.90583061199328,
              14.190210425870589
            ],
            [
              79.8717496258447,
              14.1514429511314
            ],
            [
              79.85845961641832,
              14.12996549671044
            ],
            [
              79.84143060633755,
              14.111726643969575
            ],
            [
              79.7831725232935,
              14.032730894215547
            ],
            [
              79.77176659715087,
              14.011692149773012
            ],
            [
              79.76692956834506,
              13.987383959602198
            ],
            [
              79.76284758155083,
              13.933677418278364
            ],
            [
              79.75847658682517,
              13.909369060833626
            ],
            [
              79.74453764909339,
              13.857122310746206
            ],
            [
              79.73596950039229,
              13.835143954629928
            ],
            [
              79.7234725859912,
              13.78472714324323
            ],
            [
              79.71814756166083,
              13.759048846727012
            ],
            [
              79.71163163888917,
              13.686533650307865
            ],
            [
              79.70152256031804,
              13.64069687655973
            ],
            [
              79.68670654077442,
              13.593509947026575
            ],
            [
              79.68187755910225,
              13.570581419397115
            ],
            [
              79.6750106012584,
              13.516906057568633
            ],
            [
              79.64665261012999,
              13.391763572830769
            ],
            [
              79.63950351787321,
              13.368854993063621
            ],
            [
              79.6276774896246,
              13.349196412984213
            ],
            [
              79.59467357922244,
              13.307190170190324
            ],
            [
              79.57053352989863,
              13.259612308061719
            ],
            [
              79.56009655221425,
              13.2353537388841
            ],
            [
              79.54532663281799,
              13.187247147338098
            ],
            [
              79.5361865027051,
              13.140940316842261
            ],
            [
              79.52677949337908,
              13.041836717190904
            ],
            [
              79.5257265581343,
              13.018879521872577
            ],
            [
              79.52887765128276,
              12.994989924745369
            ],
            [
              79.54221359358263,
              12.950823833253423
            ],
            [
              79.57364656913404,
              12.884948275742488
            ],
            [
              79.5928875634105,
              12.811352483630344
            ],
            [
              79.60897863815381,
              12.762575675027506
            ],
            [
              79.61490665521814,
              12.736368313646892
            ],
            [
              79.63146963121869,
              12.689879428892652
            ],
            [
              79.63878652977468,
              12.662742513856074
            ],
            [
              79.63712356010438,
              12.613166742151577
            ],
            [
              79.63231653897725,
              12.591168269100478
            ],
            [
              79.63484954966714,
              12.54203170919618
            ],
            [
              79.64147158794361,
              12.474036202309037
            ],
            [
              79.63883262992209,
              12.419428773219465
            ],
            [
              79.63587163906504,
              12.391901764654847
            ],
            [
              79.62534363290251,
              12.343313044761317
            ],
            [
              79.62333650257767,
              12.319467872344546
            ],
            [
              79.6236416038771,
              12.290077733800501
            ],
            [
              79.62583162842708,
              12.264349481743352
            ],
            [
              79.62148259334714,
              12.237762421198909
            ],
            [
              79.61746950631283,
              12.186836827357808
            ],
            [
              79.61882050116537,
              12.093172075630946
            ],
            [
              79.62568662084107,
              12.072002574259557
            ],
            [
              79.62463351832236,
              12.048594264613769
            ],
            [
              79.62310750910444,
              12.02611567679719
            ],
            [
              79.6193652207315,
              12.0
            ],
            [
              79.06701022589861,
              12.0
            ],
            [
              79.0702815993165,
              12.005247253158359
            ],
            [
              79.09047662229847,
              12.050585135195945
            ],
            [
              79.10690364328866,
              12.07804324400064
            ],
            [
              79.12142160232526,
              12.097710709381886
            ],
            [
              79.1420975782408,
              12.141668761604194
            ],
            [
              79.15615855577289,
              12.160407513296263
            ],
            [
              79.16790763712794,
              12.185134798332399
            ],
            [
              79.17964951041671,
              12.205723433889489
            ],
            [
              79.19709057367118,
              12.251070201228913
            ],
            [
              79.21080755872202,
              12.299197245156904
            ],
            [
              79.24758952913362,
              12.394010484196599
            ],
            [
              79.27822152979991,
              12.463146935782618
            ],
            [
              79.31820656068442,
              12.534062195114359
            ],
            [
              79.33896652338649,
              12.581668891306435
            ],
            [
              79.34188862216234,
              12.605987306768952
            ],
            [
              79.35098265212787,
              12.652754135095392
            ],
            [
              79.34922764943661,
              12.678931489696652
            ],
            [
              79.3455966087966,
              12.704670637939728
            ],
            [
              79.33824165632751,
              12.729040016183944
            ],
            [
              79.33788257592028,
              12.751997545150743
            ],
            [
              79.33516650373133,
              12.774965972102052
            ],
            [
              79.32594255500504,
              12.798443346982992
            ],
            [
              79.3096776386123,
              12.822412572782127
            ],
            [
              79.29434160588056,
              12.841331366949191
            ],
            [
              79.2828595719119,
              12.889148279669485
            ],
            [
              79.28530155592222,
              12.91392552114604
            ],
            [
              79.27979263372322,
              12.9369050115572
            ],
            [
              79.26302363113581,
              12.953081916697215
            ],
            [
              79.24484261199711,
              12.966502014856246
            ],
            [
              79.22194660475219,
              12.97123158816737
            ],
            [
              79.16909049113343,
              12.97061166209869
            ],
            [
              79.1424105576013,
              12.964331939967167
            ],
            [
              79.11759157499137,
              12.956662499075208
            ],
            [
              79.0941775672411,
              12.946235243961496
            ],
            [
              79.05061363121428,
              12.923044864329142
            ],
            [
              78.99817661156152,
              12.905405987096742
            ],
            [
              78.92845962960837,
              12.891057007075347
            ],
            [
              78.87888352155744,
              12.88393741887694
            ],
            [
              78.85034163256046,
              12.8771889808869
            ],
            [
              78.79699651887438,
              12.859979257436919
            ],
            [
              78.77361251790353,
              12.851349753388547
            ],
            [
              78.7520825943364,
              12.841340252250973
            ],
            [
              78.7132105122555,
              12.813032384836845
            ],
            [
              78.66168963466907,
              12.759986001652805
            ],
            [
              78.64810156383624,
              12.741678081878092
            ],
            [
              78.63404058720351,
              12.719228495398909
            ],
            [
              78.62371860762778,
              12.696311031229243
            ],
            [
              78.6086806363025,
              12.64678454417151
            ],
            [
              78.60769659991831,
              12.622005290911602
            ],
            [
              78.595977526242,
              12.598166822940641
            ],
            [
              78.57586649004662,
              12.584467775767394
            ],
            [
              78.55065154583235,
              12.583637632271063
            ],
            [
              78.49788662796567,
              12.593456193848397
            ],
            [
              78.39938350744308,
              12.618086415955474
            ],
            [
              78.3662416302472,
              12.649854165037823
            ],
            [
              78.32936058512308,
              12.678880359641028
            ],
            [
              78.31255352772331,
              12.699579805164035
            ],
            [
              78.30883749485469,
              12.724377162676035
            ],
            [
              78.29763759619829,
              12.745066884729113
            ],
            [
              78.26728856901241,
              12.786924936336902
            ],
            [
              78.25701855766044,
              12.813572180411938
            ],
            [
              78.2434695470821,
              12.834721733021695
            ],
            [
              78.2261805304073,
              12.850370746013255
            ],
            [
              78.20561955439905,
              12.865109819562633
            ],
            [
              78.18411259681903,
              12.884438488745388
            ],
            [
              78.11210651560339,
              12.980531980166916
            ],
            [
              78.10041862322106,
              13.003959566780736
            ],
            [
              78.08217658418215,
              13.017769591193826
            ],
            [
              78.0489575928188,
              13.049957272410325
            ],
            [
              77.9787365228724,
              13.123521547781365
            ],
            [
              77.95767950510526,
              13.136871406190608
            ],
            [
              77.93475349108093,
              13.142870165725697
            ],
            [
              77.91320764231898,
              13.15161064701391
            ],
            [
              77.8598405671886,
              13.166358605865128
            ],
            [
              77.76487762700106,
              13.125581149950222
            ],
            [
              77.72469361032199,
              13.095303367956205
            ],
            [
              77.70128664156539,
              13.092554439036292
            ],
            [
              77.67415660094656,
              13.092103492882018
            ],
            [
              77.64795661580536,
              13.089353725793956
            ],
            [
              77.57495862104366,
              13.094413378174977
            ],
            [
              77.55110154520031,
              13.09119455888191
            ],
            [
              77.52632162194544,
              13.082924136140093
            ],
            [
              77.50388360164703,
              13.072824780139626
            ],
            [
              77.4571305203574,
              13.058115880643527
            ],
            [
              77.43376160641316,
              13.04891540242403
            ],
            [
              77.38556650089345,
              13.051186226563232
            ],
            [
              77.31860364414302,
              13.077754344687378
            ],
            [
              77.29424264758029,
              13.084614095364373
            ],
            [
              77.2699124977637,
              13.084134985141588
            ],
            [
              77.24743659172549,
              13.090073563844044
            ],
            [
              77.22633364198413,
              13.103823741072915
            ],
            [
              77.2070995212261,
              13.118942850132555
            ],
            [
              77.14288358161218,
              13.151449546959157
            ],
            [
              77.10111957570803,
              13.179387771428651
            ],
            [
              77.07720952619883,
              13.188527063373442
            ],
            [
              77.05143752122478,
              13.196286359128294
            ],
            [
              77.02754960043387,
              13.198986337049973
            ],
            [
              77.00367760393846,
              13.198937218777758
            ],
            [
              76.93733249419938,
              13.171708104345669
            ],
            [
              76.89579060825014,
              13.146360893240796
            ],
            [
              76.87902059932134,
              13.129330877717962
            ],
            [
              76.85849750905294,
              13.115042080327896
            ],
            [
              76.8117905270114,
              13.097474281013376
            ],
            [
              76.78706357742232,
              13.084084191432453
            ],
            [
              76.76183354618138,
              13.074375599854193
            ],
            [
              76.72360251164673,
              13.049006429103542
            ],
            [
              76.70120958695304,
              13.036547233168392
            ],
            [
              76.68260159398852,
              13.016739454662229
            ],
            [
              76.67054757860802,
              12.99650084603735
            ],
            [
              76.65569249970923,
              12.975792348837956
            ],
            [
              76.63613852607227,
              12.959662382013448
            ],
            [
              76.5965274953478,
              12.932895277195428
            ],
            [
              76.57652257465725,
              12.917675249813044
            ],
            [
              76.55274965287435,
              12.904276274030963
            ],
            [
              76.52980754638133,
              12.908325906815264
            ],
            [
              76.51753962455416,
              12.927095670728761
            ],
            [
              76.51039153773945,
              12.950024031084297
            ],
            [
              76.50930759027324,
              12.974352338189988
            ],
            [
              76.5058825771194,
              13.000509743130294
            ],
            [
              76.47648657229763,
              13.064215392126755
            ],
            [
              76.47073356869942,
              13.088973857557619
            ],
            [
              76.44706759969012,
              13.132040914556683
            ],
            [
              76.43943051280809,
              13.15587921525372
            ],
            [
              76.43929254691369,
              13.178837750561854
            ],
            [
              76.43195351963936,
              13.230695245289496
            ],
            [
              76.41854851030564,
              13.276551296005664
            ],
            [
              76.41325349365394,
              13.300400660162495
            ],
            [
              76.37053663265965,
              13.387463656023044
            ],
            [
              76.35192864059445,
              13.439261302667148
            ],
            [
              76.33863863026875,
              13.46537847643566
            ],
            [
              76.31213354382817,
              13.50658692884383
            ],
            [
              76.29605856155354,
              13.526255399667093
            ],
            [
              76.26136754097939,
              13.595429906065476
            ],
            [
              76.2495115068507,
              13.615119667438819
            ],
            [
              76.23252055068303,
              13.632027306814905
            ],
            [
              76.21501964024435,
              13.653525882713438
            ],
            [
              76.20031761426662,
              13.676414346445085
            ],
            [
              76.18984962256218,
              13.69748410400831
            ],
            [
              76.15676155720024,
              13.734061555996163
            ],
            [
              76.14536250367678,
              13.753289305956855
            ],
            [
              76.12390851976255,
              13.799557411645367
            ],
            [
              76.11277064734765,
              13.846804021088815
            ],
            [
              76.10930657393942,
              13.869741768567906
            ],
            [
              76.0890885849704,
              13.93852802504847
            ],
            [
              76.05901364596315,
              14.005422821106436
            ],
            [
              76.05082653821432,
              14.029720953259528
            ],
            [
              76.02562752009413,
              14.07046052343452
            ],
            [
              76.00229649188975,
              14.112125621900077
            ],
            [
              75.98172763692105,
              14.159312552332551
            ],
            [
              75.9763565142419,
              14.18455096525497
            ],
            [
              75.96536264217235,
              14.20790948573432
            ],
            [
              75.960960634326,
              14.229937964665453
            ],
            [
              75.93241153636347,
              14.273406179551671
            ],
            [
              75.92519354434677,
              14.295414710620548
            ],
            [
              75.90854658155968,
              14.317822053245322
            ],
            [
              75.88820655279034,
              14.33240103218202
            ],
            [
              75.8182376095782,
              14.378828058867953
            ],
            [
              75.79515854173349,
              14.384658677556047
            ],
            [
              75.77165954175462,
              14.38404864313054
            ],
            [
              75.74678054378722,
              14.37928705215586
            ],
            [
              75.72575353369876,
              14.364908901724561
            ],
            [
              75.71369951921758,
              14.34600033464784
            ],
            [
              75.71011357328297,
              14.326221558378336
            ],
            [
              75.69400053799461,
              14.340810596232188
            ],
            [
              75.67973353297634,
              14.358630354107675
            ],
            [
              75.66123953357777,
              14.375967315439368
            ],
            [
              75.61450153931474,
              14.397227845288967
            ],
            [
              75.59137754493793,
              14.405796161263993
            ],
            [
              75.5663905878555,
              14.41250503717788
            ],
            [
              75.53761249731906,
              14.423785067227186
            ],
            [
              75.49079856160449,
              14.449173348571321
            ],
            [
              75.46861250256512,
              14.457732781043148
            ],
            [
              75.44920353471554,
              14.4704521508462
            ],
            [
              75.42926751378491,
              14.48868178463681
            ],
            [
              75.4112014945535,
              14.507830744993043
            ],
            [
              75.39733162385551,
              14.530699091789813
            ],
            [
              75.39192948805561,
              14.552706617416618
            ],
            [
              75.40061163122198,
              14.578505109223556
            ],
            [
              75.40765360343119,
              14.627721967794741
            ],
            [
              75.40457962355094,
              14.651592287054541
            ],
            [
              75.37596850024624,
              14.68766783100574
            ],
            [
              75.3625866241735,
              14.706856688885239
            ],
            [
              75.35156257715136,
              14.7265352186256
            ],
            [
              75.3348616352564,
              14.748453895730847
            ],
            [
              75.2981566108391,
              14.791821192294321
            ],
            [
              75.28375264536845,
              14.817889414165279
            ],
            [
              75.27364356679732,
              14.839409112440705
            ],
            [
              75.259506648713,
              14.88340505130219
            ],
            [
              75.24772655513658,
              14.928353175258962
            ],
            [
              75.24324055960432,
              14.951291761805521
            ],
            [
              75.24059254900709,
              14.978388945693439
            ],
            [
              75.23281062271224,
              15.000377528000683
            ],
            [
              75.20922864138885,
              15.045684732364634
            ],
            [
              75.17997764325378,
              15.091401810845014
            ],
            [
              75.16089657631608,
              15.112380206281614
            ],
            [
              75.14141049519833,
              15.126470353324294
            ],
            [
              75.1191635826334,
              15.134088833233193
            ],
            [
              75.09506259356402,
              15.138928543817372
            ],
            [
              75.04596760661991,
              15.143549150772856
            ],
            [
              75.0279005828458,
              15.15717846091735
            ],
            [
              75.01822652523413,
              15.177776149949523
            ],
            [
              75.00962853702754,
              15.228263705605684
            ],
            [
              75.00081664237433,
              15.255301043208704
            ],
            [
              74.99014262318366,
              15.282329328236074
            ],
            [
              74.97760061407723,
              15.305198009580636
            ],
            [
              74.96130351184775,
              15.326657358850184
            ],
            [
              74.92076158657812,
              15.363514096198742
            ],
            [
              74.90171857355347,
              15.377593346156118
            ],
            [
              74.87846348680063,
              15.38840264766418
            ],
            [
              74.85430164510501,
              15.395991958961872
            ],
            [
              74.80972249319865,
              15.413032033401748
            ],
            [
              74.75287659308049,
              15.467177618352537
            ],
            [
              74.70163751625853,
              15.524144888276112
            ],
            [
              74.62848663495038,
              15.594200500053148
            ],
            [
              74.61123651125615,
              15.612419236758512
            ],
            [
              74.58142861873591,
              15.652115763331949
            ],
            [
              74.5613325031926,
              15.672135268328134
            ],
            [
              74.54453248658513,
              15.691733163055176
            ],
            [
              74.52395659082418,
              15.710821774405531
            ],
            [
              74.50253261368931,
              15.722551242446002
            ],
            [
              74.47743954290075,
              15.72641177928034
            ],
            [
              74.45371255399135,
              15.733510579649646
            ],
            [
              74.43087756844517,
              15.74430077236292
            ],
            [
              74.36979662771233,
              15.786847145279694
            ],
            [
              74.35189053581973,
              15.812566343861818
            ],
            [
              74.39537065323321,
              15.881081026668198
            ],
            [
              74.42671159396502,
              16.01035277286229
            ],
            [
              74.42671159396502,
              16.135714863949943
            ],
            [
              74.40321359942823,
              16.331593570986627
            ],
            [
              74.39145663911279,
              16.507882596804563
            ],
            [
              74.37358055399955,
              16.683971463212572
            ],
            [
              74.36724852909651,
              16.696350527754817
            ],
            [
              74.35188248868604,
              16.71979806402959
            ],
            [
              74.3465886474483,
              16.742337839919514
            ],
            [
              74.33601353479696,
              16.7657852080211
            ],
            [
              74.32256359713244,
              16.78830386243345
            ],
            [
              74.30766258536016,
              16.805772920683864
            ],
            [
              74.28986361441446,
              16.822782820171142
            ],
            [
              74.27012657927838,
              16.864612204989385
            ],
            [
              74.26386261506781,
              16.886217733661624
            ],
            [
              74.26911957690709,
              16.911036213550574
            ],
            [
              74.27053058711704,
              16.934944922170587
            ],
            [
              74.26760060758215,
              16.982742725196772
            ],
            [
              74.27525362055832,
              17.0287090822585
            ],
            [
              74.27760357244705,
              17.076956155102607
            ],
            [
              74.27417755295187,
              17.125211945075364
            ],
            [
              74.2428136444343,
              17.18997991733943
            ],
            [
              74.22978263526056,
              17.21248767376727
            ],
            [
              74.19978363590621,
              17.302053004442712
            ],
            [
              74.15870661042192,
              17.368158895416855
            ],
            [
              74.14659861593356,
              17.39478652527805
            ],
            [
              74.13835953996096,
              17.41682791307784
            ],
            [
              74.13253059670984,
              17.440243597164397
            ],
            [
              74.10777263489933,
              17.513239244695512
            ],
            [
              74.0853725012401,
              17.601373616399428
            ],
            [
              74.07517256326332,
              17.623863435849046
            ],
            [
              74.05092656660793,
              17.663311019288244
            ],
            [
              74.02079060770052,
              17.73119689072405
            ],
            [
              74.01154352391467,
              17.75322537055456
            ],
            [
              73.97106161400245,
              17.869738519417297
            ],
            [
              73.96759754059417,
              17.89359592980844
            ],
            [
              73.97123763380989,
              17.96658252476385
            ],
            [
              73.97551760185598,
              17.98954122914455
            ],
            [
              73.9758686360289,
              18.035437512831095
            ],
            [
              73.99131061609222,
              18.05566706888027
            ],
            [
              74.00919357382452,
              18.07130635930116
            ],
            [
              74.02607757721859,
              18.089234077191065
            ],
            [
              74.0381396388334,
              18.110363010144965
            ],
            [
              74.02935758278636,
              18.134212543374304
            ],
            [
              74.01332048805023,
              18.15024142370288
            ],
            [
              74.0059816289492,
              18.17270995260236
            ],
            [
              74.00202956091567,
              18.19747747060893
            ],
            [
              73.99420153357408,
              18.221776106382322
            ],
            [
              73.995590583239,
              18.2447259236626
            ],
            [
              74.00620257618812,
              18.26631334808269
            ],
            [
              74.01000963573625,
              18.289252102802436
            ],
            [
              74.00946062211017,
              18.31219169479101
            ],
            [
              74.00357853702002,
              18.333739557135004
            ],
            [
              73.98847954399594,
              18.351599380707
            ],
            [
              73.94809754696439,
              18.379036702581914
            ],
            [
              73.91886163585599,
              18.413824450638003
            ],
            [
              73.9178085342366,
              18.435843207897847
            ],
            [
              73.91190365043326,
              18.460141841872655
            ],
            [
              73.91278861210492,
              18.482620429689234
            ],
            [
              73.91950955692067,
              18.505568236984686
            ],
            [
              73.92915360685362,
              18.52760895389025
            ],
            [
              73.92906962006708,
              18.550998320216422
            ],
            [
              73.9377365080336,
              18.57303501355517
            ],
            [
              73.95323950889639,
              18.59049418286037
            ],
            [
              73.99437755428085,
              18.65249931189385
            ],
            [
              74.00354752389927,
              18.67545013641478
            ],
            [
              74.00299063041342,
              18.701128599305548
            ],
            [
              73.9975665331691,
              18.72450522403699
            ],
            [
              73.98047650318824,
              18.741895997202676
            ],
            [
              73.95805357081582,
              18.75789419985756
            ],
            [
              73.94387055258409,
              18.778493733399216
            ],
            [
              73.92772650417498,
              18.798172765860613
            ],
            [
              73.92085250463953,
              18.819701349437878
            ],
            [
              73.92514051981931,
              18.845389870346366
            ],
            [
              73.92407249664853,
              18.87106732779506
            ],
            [
              73.91668653195802,
              18.89304601935845
            ],
            [
              73.91124751496102,
              18.916872584802093
            ],
            [
              73.90824863836411,
              18.9388754159678
            ],
            [
              73.90904257155756,
              18.988390503219307
            ],
            [
              73.91285650462413,
              19.013610140995354
            ],
            [
              73.92400359778799,
              19.035188680113663
            ],
            [
              73.93073258973737,
              19.060417369566096
            ],
            [
              73.92723063058929,
              19.085615717691383
            ],
            [
              73.91593148994644,
              19.108056419768104
            ],
            [
              73.87628961427441,
              19.142321472857816
            ],
            [
              73.85281358028266,
              19.157831513613587
            ],
            [
              73.80873851457096,
              19.191618462821964
            ],
            [
              73.79743149586699,
              19.210827437636283
            ],
            [
              73.7904966437053,
              19.231884119956305
            ],
            [
              73.78344763070373,
              19.279534233618108
            ],
            [
              73.79508959201121,
              19.299270095138922
            ],
            [
              73.81345350357651,
              19.34608755079995
            ],
            [
              73.8050534957224,
              19.367128307025894
            ],
            [
              73.76389348889353,
              19.392205956240048
            ],
            [
              73.74620851241309,
              19.40955465102644
            ],
            [
              73.73716762338728,
              19.459463017204598
            ],
            [
              73.72679149832913,
              19.482801588022994
            ],
            [
              73.71105162503261,
              19.500151624597947
            ],
            [
              73.70260652157384,
              19.524400135757787
            ],
            [
              73.72659251073594,
              19.524950155725264
            ],
            [
              73.7505795071387,
              19.519550367155887
            ],
            [
              73.76911155865167,
              19.53289955287221
            ],
            [
              73.7724306253732,
              19.55672813099858
            ],
            [
              73.7630385349006,
              19.57731710200278
            ],
            [
              73.74339252824274,
              19.590995194972436
            ],
            [
              73.71740762226409,
              19.599144752428515
            ],
            [
              73.69677757922204,
              19.612355134082293
            ],
            [
              73.69422160074646,
              19.635252648591006
            ],
            [
              73.7024536359267,
              19.655904653077414
            ],
            [
              73.71408855644188,
              19.677019338072114
            ],
            [
              73.75543262931257,
              19.73856681470687
            ],
            [
              73.77249164617268,
              19.75923340259959
            ],
            [
              73.78415657256795,
              19.779894458762385
            ],
            [
              73.81426956638751,
              19.845503470708763
            ],
            [
              73.84143849908764,
              19.91658636816652
            ],
            [
              73.84771755032483,
              19.940875112296737
            ],
            [
              73.85890152378647,
              19.966563465931358
            ],
            [
              73.86176260266217,
              19.989473219313766
            ],
            [
              73.86302961072812,
              20.03893952374017
            ],
            [
              73.8614735947308,
              20.061378214033482
            ],
            [
              73.85449951594006,
              20.084716953025122
            ],
            [
              73.87695362870716,
              20.12371576936738
            ],
            [
              73.88332354024936,
              20.128764357389343
            ],
            [
              73.89650760324344,
              20.148043237405602
            ],
            [
              73.91403952680287,
              20.191581860214797
            ],
            [
              73.91838856098349,
              20.213579494198427
            ],
            [
              73.91436759498868,
              20.238759233551946
            ],
            [
              73.9147565149014,
              20.263497582947252
            ],
            [
              73.90289260181225,
              20.28406559974775
            ],
            [
              73.88707762703103,
              20.301425527066556
            ],
            [
              73.8742216313234,
              20.32017333043501
            ],
            [
              73.86430349321182,
              20.341662351036803
            ],
            [
              73.85781053462864,
              20.365460753311254
            ],
            [
              73.86313656440109,
              20.38698967143631
            ],
            [
              73.8807834878678,
              20.407189387080678
            ],
            [
              73.9023895201604,
              20.420528682952522
            ],
            [
              74.0410535232017,
              20.484024281795314
            ],
            [
              74.09024054316671,
              20.508821808379878
            ],
            [
              74.1089176022657,
              20.528083755960722
            ],
            [
              74.11920957416265,
              20.549618542162136
            ],
            [
              74.12555651791911,
              20.57298007986691
            ],
            [
              74.11714159121163,
              20.595408879416368
            ],
            [
              74.09091964462607,
              20.638405527593136
            ],
            [
              74.08347349730423,
              20.65945433095277
            ],
            [
              74.08785253916352,
              20.683723963590182
            ],
            [
              74.10791764068671,
              20.75105931233753
            ],
            [
              74.10540055609096,
              20.776688657855402
            ],
            [
              74.09893056529353,
              20.799566559948914
            ],
            [
              74.07112158869052,
              20.865912676029325
            ],
            [
              74.03250163514252,
              20.903840620148628
            ],
            [
              74.02107961563189,
              20.924869306573385
            ],
            [
              74.0323795953422,
              20.94778911797357
            ],
            [
              74.05657161109116,
              20.953317820760958
            ],
            [
              74.08522749365409,
              20.953825765047156
            ],
            [
              74.13758857275457,
              20.96396619128683
            ],
            [
              74.15979759868037,
              20.979096531979508
            ],
            [
              74.17063154431048,
              21.000166122268865
            ],
            [
              74.17993964709717,
              21.04778254103161
            ],
            [
              74.17099749823609,
              21.070661448567137
            ],
            [
              74.15561653807293,
              21.090781369164972
            ],
            [
              74.13481852235708,
              21.10769018215632
            ],
            [
              74.08827951298929,
              21.125489321275325
            ],
            [
              74.0654906266912,
              21.13872870516576
            ],
            [
              74.04464751627,
              21.15836566014724
            ],
            [
              74.02826659542717,
              21.178025582015152
            ],
            [
              74.01534253812781,
              21.19859544332519
            ],
            [
              74.00982657513651,
              21.221932839629005
            ],
            [
              74.00977360236999,
              21.244361640077784
            ],
            [
              74.01267256698554,
              21.266340498915042
            ],
            [
              74.02449758799344,
              21.28696048303999
            ],
            [
              74.04031356911611,
              21.30391942064489
            ],
            [
              74.06107353091886,
              21.319068704657127
            ],
            [
              74.18274657869182,
              21.4212829972127
            ],
            [
              74.20404851602638,
              21.434571163028863
            ],
            [
              74.25161749285314,
              21.457030974799807
            ],
            [
              74.27243059559567,
              21.468018645144525
            ],
            [
              74.29424248810051,
              21.48175859618243
            ],
            [
              74.3185275432117,
              21.49320911430931
            ],
            [
              74.34360452063225,
              21.50752926026729
            ],
            [
              74.36415057778709,
              21.516996954945682
            ],
            [
              74.38894659440996,
              21.526149154859752
            ],
            [
              74.43905662906036,
              21.55038492532418
            ],
            [
              74.46138752841188,
              21.56409419778913
            ],
            [
              74.49266862285884,
              21.60342326137453
            ],
            [
              74.50509663839932,
              21.62721093473698
            ],
            [
              74.52298764326531,
              21.67386913395353
            ],
            [
              74.5274815168587,
              21.695837096604862
            ],
            [
              74.52401761072429,
              21.71964488690213
            ],
            [
              74.51460255516395,
              21.741612514106407
            ],
            [
              74.5011905041386,
              21.76039367692681
            ],
            [
              74.4907605663472,
              21.780543437030133
            ],
            [
              74.47486864557169,
              21.824490091244854
            ],
            [
              74.47387656385251,
              21.846459896607087
            ],
            [
              74.47786752306791,
              21.86887779997062
            ],
            [
              74.48484059641657,
              21.893126311130516
            ],
            [
              74.49678748995086,
              21.912336292286227
            ],
            [
              74.51718854041894,
              21.928795500012484
            ],
            [
              74.54058863385853,
              21.942493709017583
            ],
            [
              74.56597155074661,
              21.949783281673263
            ],
            [
              74.59333762742972,
              21.954774203366924
            ],
            [
              74.61723359535432,
              21.957022899687217
            ],
            [
              74.64707953998897,
              21.952394077424856
            ],
            [
              74.66696158181173,
              21.939082777448334
            ],
            [
              74.68434162606536,
              21.921654955811675
            ],
            [
              74.6922605128126,
              21.90013710204579
            ],
            [
              74.69867652540148,
              21.87585824865937
            ],
            [
              74.70063051388729,
              21.853428443667894
            ],
            [
              74.69859354405696,
              21.82780077538564
            ],
            [
              74.69994353256811,
              21.75366485315061
            ],
            [
              74.70288055199603,
              21.73123504725976
            ],
            [
              74.71028864630415,
              21.71016629603787
            ],
            [
              74.71768165178696,
              21.681778800851134
            ],
            [
              74.71764359787392,
              21.657509168213664
            ],
            [
              74.72647862668742,
              21.610352580907033
            ],
            [
              74.72741656202487,
              21.587473003376545
            ],
            [
              74.7229005597132,
              21.561395225309525
            ],
            [
              74.72434258304395,
              21.539425587221217
            ],
            [
              74.73368052623545,
              21.49591797663345
            ],
            [
              74.75540155663668,
              21.451931425794783
            ],
            [
              74.7820665713154,
              21.40608275041876
            ],
            [
              74.79093160690832,
              21.383175008819762
            ],
            [
              74.80275763425755,
              21.36163636812404
            ],
            [
              74.83088663101336,
              21.320357505994252
            ],
            [
              74.86643964637273,
              21.278590818311784
            ],
            [
              74.88915259211859,
              21.25884187974907
            ],
            [
              74.9207305743567,
              21.224850915737306
            ],
            [
              74.95275162378857,
              21.1821660742051
            ],
            [
              74.98428350497994,
              21.143598423428614
            ],
            [
              75.00250257803168,
              21.12428936756038
            ],
            [
              75.01331355677536,
              21.104570437575774
            ],
            [
              75.03453050008267,
              21.09303911806097
            ],
            [
              75.05922660472419,
              21.086058502098354
            ],
            [
              75.11160260267815,
              21.07575412495305
            ],
            [
              75.1600495012836,
              21.070941235749558
            ],
            [
              75.18576065273209,
              21.07080226441309
            ],
            [
              75.26386255731131,
              21.065341789592082
            ],
            [
              75.29255649288797,
              21.06655146587758
            ],
            [
              75.35386659526733,
              21.064811551112314
            ],
            [
              75.43898750427007,
              21.074783165610768
            ]
          ]
        ]
      }
    },
    {
      "type": "Feature",
      "id": "eastern_himalaya_foothills",
      "properties": {
        "case_id": "eastern_himalaya_foothills",
        "label": "Eastern Himalayan foothill subregion",
        "definition": "Himalayan subtropical broadleaf forests east of 88 E, a reproducible Bhutan/eastern foothill segment of the published Siwalik foothill ecoregion. The cutoff is a study decision, not an official eastern-Himalaya boundary; this is not the whole Himalayan range.",
        "ecoregion_ids": [
          233
        ],
        "source": "RESOLVE Ecoregions 2017 via UNEP-WCMC",
        "license": "CC-BY 4.0"
      },
      "geometry": {
        "type": "MultiPolygon",
        "coordinates": [
          [
            [
              [
                92.0591585604194,
                27.006555466062025
              ],
              [
                92.05135366723812,
                26.990387445324473
              ],
              [
                92.05026955159872,
                26.982886647101225
              ],
              [
                92.0637126157448,
                26.9729871168621
              ],
              [
                92.06828259716428,
                26.97053608117534
              ],
              [
                92.08714254958915,
                26.96662843695293
              ],
              [
                92.09062154185085,
                26.982195811287795
              ],
              [
                92.10528551391548,
                26.97492685738871
              ],
              [
                92.10836066741103,
                26.96898224333603
              ],
              [
                92.10691059784597,
                26.944739432079245
              ],
              [
                92.11583765968044,
                26.92756005085579
              ],
              [
                92.11680560179724,
                26.91686943737477
              ],
              [
                92.11728655563019,
                26.911561848200904
              ],
              [
                92.11103851661443,
                26.90751087362804
              ],
              [
                92.10716255820569,
                26.901133418572556
              ],
              [
                92.09941063779087,
                26.888371972188907
              ],
              [
                92.08335158161037,
                26.881832076189482
              ],
              [
                92.07666064357403,
                26.882958939303762
              ],
              [
                92.07057957358859,
                26.877071155209762
              ],
              [
                92.07408153273673,
                26.872053580308602
              ],
              [
                92.06842056305868,
                26.86512174627171
              ],
              [
                92.06163759200143,
                26.86175188494167
              ],
              [
                92.057609584315,
                26.857363121411083
              ],
              [
                92.03993952668799,
                26.85500244240893
              ],
              [
                92.03362258881157,
                26.861572847908747
              ],
              [
                92.02213250770922,
                26.872981455829688
              ],
              [
                92.01764651397559,
                26.86064212063752
              ],
              [
                92.01040656141384,
                26.85983293314348
              ],
              [
                91.98497050268674,
                26.862032009369898
              ],
              [
                91.9697496371362,
                26.880071205421928
              ],
              [
                91.96878052140408,
                26.885421039349637
              ],
              [
                91.9642105399846,
                26.890841783021983
              ],
              [
                91.94793657191542,
                26.900090374970944
              ],
              [
                91.92497250397804,
                26.91927856285554
              ],
              [
                91.91708362490954,
                26.923499354611693
              ],
              [
                91.90827960921678,
                26.9255901362759
              ],
              [
                91.89466857239688,
                26.92270022423611
              ],
              [
                91.87882962438783,
                26.922807345183003
              ],
              [
                91.85919954202541,
                26.917859674584463
              ],
              [
                91.85067766074559,
                26.90895088517533
              ],
              [
                91.84494762493313,
                26.914310608947574
              ],
              [
                91.83631862270641,
                26.90778982444101
              ],
              [
                91.82682058580156,
                26.904978031111398
              ],
              [
                91.82305157926714,
                26.90014133685338
              ],
              [
                91.82167862297024,
                26.892521684228484
              ],
              [
                91.8257976582355,
                26.885212831906813
              ],
              [
                91.83141353320815,
                26.879661330406236
              ],
              [
                91.82169354272298,
                26.86176211113269
              ],
              [
                91.81504853756013,
                26.85617339388716
              ],
              [
                91.7889025324261,
                26.849120524592706
              ],
              [
                91.76191766486852,
                26.837004986591012
              ],
              [
                91.73722860191862,
                26.822523739679013
              ],
              [
                91.70601657360618,
                26.813544039625867
              ],
              [
                91.69760164599933,
                26.81434518178486
              ],
              [
                91.68492150282526,
                26.810185410828183
              ],
              [
                91.67588061379945,
                26.809594318822917
              ],
              [
                91.66313961799915,
                26.813614280274976
              ],
              [
                91.64951366142651,
                26.81271423067733
              ],
              [
                91.62196351870159,
                26.816994031449553
              ],
              [
                91.60845960192927,
                26.817145072587152
              ],
              [
                91.59120964640823,
                26.811282098989807
              ],
              [
                91.5638425642831,
                26.80819638565481
              ],
              [
                91.55130759596892,
                26.802865495046717
              ],
              [
                91.53869651892938,
                26.80702543417658
              ],
              [
                91.52906755692237,
                26.819744972152876
              ],
              [
                91.51560957302354,
                26.857512150765274
              ],
              [
                91.51254263483492,
                26.86260499622375
              ],
              [
                91.53073857282703,
                26.868371576886886
              ],
              [
                91.53797165187041,
                26.872722622850915
              ],
              [
                91.54154955157071,
                26.881982111885122
              ],
              [
                91.55169651588164,
                26.884249918798844
              ],
              [
                91.552856571174,
                26.889738724962342
              ],
              [
                91.57140354423836,
                26.90338027218195
              ],
              [
                91.57476753659273,
                26.895670430146367
              ],
              [
                91.57578258519834,
                26.888411869712172
              ],
              [
                91.58148965592306,
                26.877082218669614
              ],
              [
                91.58540366914417,
                26.872182660901217
              ],
              [
                91.59207164119346,
                26.87091246743654
              ],
              [
                91.5925066612536,
                26.879112315880832
              ],
              [
                91.5989375926959,
                26.881942046188612
              ],
              [
                91.61224352911574,
                26.868642816013278
              ],
              [
                91.62786052264516,
                26.87547138539628
              ],
              [
                91.64312765741562,
                26.8897997448625
              ],
              [
                91.64981054831833,
                26.88833173921853
              ],
              [
                91.66148352184723,
                26.891030710798816
              ],
              [
                91.66098764916086,
                26.897471365711112
              ],
              [
                91.64985664936506,
                26.90000940630921
              ],
              [
                91.64634664308329,
                26.90409105765633
              ],
              [
                91.63874056932195,
                26.903250017974074
              ],
              [
                91.62906651081101,
                26.908017811572904
              ],
              [
                91.61641654258955,
                26.919910558725462
              ],
              [
                91.61776753834141,
                26.928340070637887
              ],
              [
                91.60272252532445,
                26.959548579003865
              ],
              [
                91.59490153877516,
                26.958629755159222
              ],
              [
                91.59154559175585,
                26.963836425111083
              ],
              [
                91.58191662974883,
                26.967197401139288
              ],
              [
                91.57008356160725,
                26.97967587494179
              ],
              [
                91.56092063278112,
                26.984337722108307
              ],
              [
                91.55304751073419,
                26.984306541713693
              ],
              [
                91.54977454595871,
                26.989035444130593
              ],
              [
                91.55068163544928,
                27.008346510882916
              ],
              [
                91.55399365957987,
                27.014968213712223
              ],
              [
                91.56202654079237,
                27.023014841062206
              ],
              [
                91.56511661314136,
                27.034842376574545
              ],
              [
                91.56250766189925,
                27.041564998625915
              ],
              [
                91.55584756970973,
                27.046695728924874
              ],
              [
                91.55754054615943,
                27.056375319165795
              ],
              [
                91.57057960336618,
                27.047614889116005
              ],
              [
                91.57202950385869,
                27.02362487638709
              ],
              [
                91.56584952733397,
                27.018226259634332
              ],
              [
                91.56226358139935,
                27.00732743871049
              ],
              [
                91.5652316130487,
                26.999375863405533
              ],
              [
                91.58692163212777,
                26.988327507708448
              ],
              [
                91.59671756226584,
                26.980755631567263
              ],
              [
                91.6223836199083,
                26.9777959815994
              ],
              [
                91.62245151332684,
                26.96550727374182
              ],
              [
                91.62863165802474,
                26.943178387073033
              ],
              [
                91.63279763160557,
                26.939799474066604
              ],
              [
                91.66284155839139,
                26.974298046018134
              ],
              [
                91.6623765297532,
                26.985068457243642
              ],
              [
                91.65858455723168,
                26.999539813411786
              ],
              [
                91.66298656507809,
                27.00484673079211
              ],
              [
                91.66838065464367,
                27.00779447823271
              ],
              [
                91.67545363997368,
                27.00535567962106
              ],
              [
                91.66845659519589,
                26.997727141694384
              ],
              [
                91.66903662284204,
                26.99271007041358
              ],
              [
                91.67534651902679,
                26.987456293073592
              ],
              [
                91.67697864374958,
                26.98003277719107
              ],
              [
                91.66989861762727,
                26.969527401568484
              ],
              [
                91.65474665093734,
                26.95320900968818
              ],
              [
                91.64247152194332,
                26.934559945585136
              ],
              [
                91.64019751060681,
                26.924959314021294
              ],
              [
                91.64582864077931,
                26.923919287645163
              ],
              [
                91.65528057843613,
                26.928048046380354
              ],
              [
                91.66145351506782,
                26.935934578218337
              ],
              [
                91.66667963106028,
                26.93715749792034
              ],
              [
                91.67340057677535,
                26.94338843722676
              ],
              [
                91.69348864608429,
                26.953517967280504
              ],
              [
                91.70286564863096,
                26.945622381967496
              ],
              [
                91.70950361300152,
                26.932148808321017
              ],
              [
                91.71394350658773,
                26.928778947890294
              ],
              [
                91.72133651296986,
                26.926402008246214
              ],
              [
                91.73754862297073,
                26.93352997812616
              ],
              [
                91.74241666489735,
                26.937758480669515
              ],
              [
                91.74746659380844,
                26.953578988079983
              ],
              [
                91.75797263942593,
                26.956308806406412
              ],
              [
                91.7552485201033,
                26.962617697149142
              ],
              [
                91.76370250796452,
                26.959863571047094
              ],
              [
                91.77210955661093,
                26.95587579723042
              ],
              [
                91.77549752219306,
                26.95179800127687
              ],
              [
                91.77075152096609,
                26.945229439387276
              ],
              [
                91.77528361574645,
                26.931668859930085
              ],
              [
                91.79479266285125,
                26.93137884565732
              ],
              [
                91.80805166005621,
                26.936808810977993
              ],
              [
                91.81056958371948,
                26.94301829156103
              ],
              [
                91.82132758879737,
                26.944569280348162
              ],
              [
                91.82946055016441,
                26.94869820455864
              ],
              [
                91.82615657136881,
                26.969287344635404
              ],
              [
                91.82269266613378,
                26.973666219220775
              ],
              [
                91.8212436029101,
                26.980736857320267
              ],
              [
                91.84090453022003,
                26.977928919384283
              ],
              [
                91.85236359730231,
                26.96983635916081
              ],
              [
                91.8565215237495,
                26.961538609619254
              ],
              [
                91.85607963017094,
                26.95182800805628
              ],
              [
                91.86726360363258,
                26.945509225670378
              ],
              [
                91.87124651661361,
                26.953927842296252
              ],
              [
                91.87744862185656,
                26.96049657235909
              ],
              [
                91.87705953377065,
                26.98846631267031
              ],
              [
                91.87777752821052,
                27.00310681512758
              ],
              [
                91.88275956280376,
                27.000657791224228
              ],
              [
                91.88480357432564,
                26.989216492946923
              ],
              [
                91.88800864658197,
                26.949650054206757
              ],
              [
                91.88626856274414,
                26.94273850527793
              ],
              [
                91.89375259670516,
                26.945219213196253
              ],
              [
                91.89955153317686,
                26.952617918582234
              ],
              [
                91.90144366359436,
                26.962217711977985
              ],
              [
                91.90666961321222,
                26.95584880677717
              ],
              [
                91.90361759387702,
                26.947537311997507
              ],
              [
                91.90751652007151,
                26.942518562581768
              ],
              [
                91.91747254482226,
                26.94055837237113
              ],
              [
                91.94938664058117,
                26.939938446302392
              ],
              [
                91.95729060757566,
                26.94874799372508
              ],
              [
                91.96251655719351,
                26.94747629119803
              ],
              [
                91.96064756093637,
                26.938929432147745
              ],
              [
                91.96544653492981,
                26.93294994958063
              ],
              [
                91.97796658439051,
                26.934199859735884
              ],
              [
                91.98477151599286,
                26.933048857019287
              ],
              [
                91.98754860808197,
                26.938099455925283
              ],
              [
                91.99622354318211,
                26.942919385921073
              ],
              [
                91.99970253634314,
                26.93204990178168
              ],
              [
                92.01201655741835,
                26.931849742371867
              ],
              [
                92.02129364798361,
                26.92333925999901
              ],
              [
                92.03679664794709,
                26.934979712244058
              ],
              [
                92.04360962668306,
                26.933598876986707
              ],
              [
                92.05182657393738,
                26.952938106908277
              ],
              [
                92.04347266623074,
                26.95957774761513
              ],
              [
                92.0471575187047,
                26.964618624849777
              ],
              [
                92.04390751901695,
                26.969058182988874
              ],
              [
                92.03083057696972,
                26.972756949773554
              ],
              [
                92.02316264424081,
                26.98478766282051
              ],
              [
                92.01715064128922,
                26.987927356162686
              ],
              [
                92.0116806102721,
                26.9958670298397
              ],
              [
                92.00476051058928,
                27.00064689413898
              ],
              [
                92.0028536276929,
                27.01035431210198
              ],
              [
                91.99606361584335,
                27.017825269920422
              ],
              [
                91.98813651468856,
                27.03078553572402
              ],
              [
                91.99385062620559,
                27.047191937957734
              ],
              [
                91.9929965103808,
                27.05912340991756
              ],
              [
                91.98699154732219,
                27.06554310882757
              ],
              [
                91.97453251866096,
                27.068644749155965
              ],
              [
                91.98560350399868,
                27.0747854990517
              ],
              [
                91.99436158681794,
                27.071072650682424
              ],
              [
                92.00126659857483,
                27.064424124673735
              ],
              [
                92.00807153107644,
                27.06058420839463
              ],
              [
                92.00670662191322,
                27.050624830071968
              ],
              [
                92.0109936298523,
                27.035952309051936
              ],
              [
                92.0132976470689,
                27.031454579165654
              ],
              [
                92.00987263391511,
                27.027695630648964
              ],
              [
                92.01349663376283,
                27.01893302244116
              ],
              [
                92.02773262566029,
                27.008216591222833
              ],
              [
                92.03250863366668,
                26.994766150837336
              ],
              [
                92.03930652537599,
                26.99373601520506
              ],
              [
                92.04577651617342,
                27.00101670435754
              ],
              [
                92.04450950810747,
                27.01119535178418
              ],
              [
                92.049247630374,
                27.01530633991581
              ],
              [
                92.052467622383,
                27.00711453770589
              ],
              [
                92.0591585604194,
                27.006555466062025
              ]
            ]
          ],
          [
            [
              [
                88.37259654179712,
                26.935957712378638
              ],
              [
                88.37870762036056,
                26.958099851227303
              ],
              [
                88.38012650773231,
                26.981047657623435
              ],
              [
                88.37944757444615,
                27.00531561392461
              ],
              [
                88.36786663393815,
                27.049014666793596
              ],
              [
                88.35693361539421,
                27.069822908700417
              ],
              [
                88.31822162702662,
                27.102323571076113
              ],
              [
                88.33379352675001,
                27.119200532778507
              ],
              [
                88.37329861014291,
                27.15042044005139
              ],
              [
                88.39750655198594,
                27.155139116277326
              ],
              [
                88.42146253526795,
                27.150679273030164
              ],
              [
                88.47009265994848,
                27.13398017474543
              ],
              [
                88.50659165777893,
                27.124311481589757
              ],
              [
                88.50669861055258,
                27.101409608067115
              ],
              [
                88.5047075735958,
                27.07936352580623
              ],
              [
                88.50549362872812,
                27.031265484114954
              ],
              [
                88.50092364730864,
                27.00870643035762
              ],
              [
                88.49891651698385,
                26.987126548551544
              ],
              [
                88.5169295616501,
                26.971517265809325
              ],
              [
                88.52567255834208,
                26.908800011311598
              ],
              [
                88.51116951815891,
                26.890129823932398
              ],
              [
                88.50872753414853,
                26.86579179515536
              ],
              [
                88.50981852330636,
                26.85074141678308
              ],
              [
                88.34722150386949,
                26.811720305347933
              ],
              [
                88.31734454521478,
                26.79379208473705
              ],
              [
                88.31597158891788,
                26.81907475509604
              ],
              [
                88.32469161782404,
                26.839462057627998
              ],
              [
                88.33521258319433,
                26.848492719563524
              ],
              [
                88.35167665265556,
                26.8712925029468
              ],
              [
                88.35990164704356,
                26.891650636867553
              ],
              [
                88.36392965383061,
                26.91374768101082
              ],
              [
                88.37259654179712,
                26.935957712378638
              ]
            ]
          ],
          [
            [
              [
                89.25520357068842,
                27.072773842439005
              ],
              [
                89.26004764118585,
                27.07819257522732
              ],
              [
                89.2668686661562,
                27.081402172872117
              ],
              [
                89.26647153093654,
                27.075542551947365
              ],
              [
                89.26844060824766,
                27.067833882627724
              ],
              [
                89.24966464171001,
                27.055051649314294
              ],
              [
                89.25311262085091,
                27.04828477072573
              ],
              [
                89.24851263265202,
                27.04321506032693
              ],
              [
                89.24183661526774,
                27.028065608141446
              ],
              [
                89.23330651958037,
                27.01524532001565
              ],
              [
                89.24275158281944,
                26.989906490592205
              ],
              [
                89.24904656015082,
                26.989124459926018
              ],
              [
                89.24970956914149,
                26.981407744372063
              ],
              [
                89.26647957807023,
                26.979305898348684
              ],
              [
                89.26766159390758,
                26.974274911857833
              ],
              [
                89.28273762004528,
                26.970878230046424
              ],
              [
                89.29400658573553,
                26.971307048381732
              ],
              [
                89.30737253571414,
                26.982647762884085
              ],
              [
                89.31562753778081,
                26.98656747600836
              ],
              [
                89.32113662725374,
                26.984507706565523
              ],
              [
                89.31536853662885,
                26.971000102572816
              ],
              [
                89.31472061556411,
                26.96607724337025
              ],
              [
                89.30684665624835,
                26.96203766860367
              ],
              [
                89.30161266039613,
                26.954038985910586
              ],
              [
                89.29531852213228,
                26.94848815530429
              ],
              [
                89.2886425029493,
                26.94505023328179
              ],
              [
                89.29060353312673,
                26.93873865986143
              ],
              [
                89.29479951438623,
                26.934559945585136
              ],
              [
                89.30694556188831,
                26.934899916298264
              ],
              [
                89.31366751304546,
                26.93035994165814
              ],
              [
                89.32285357603189,
                26.927851908738717
              ],
              [
                89.32592051511983,
                26.93208091490243
              ],
              [
                89.32639358909302,
                26.938879643880625
              ],
              [
                89.3358225598634,
                26.940708575340636
              ],
              [
                89.33634961384377,
                26.954177958146374
              ],
              [
                89.34264358483375,
                26.9592585647311
              ],
              [
                89.34500158205753,
                26.952828136909147
              ],
              [
                89.35286766331217,
                26.949379151426854
              ],
              [
                89.3567885500517,
                26.940039531899004
              ],
              [
                89.3516765939998,
                26.934149736021652
              ],
              [
                89.34435265465146,
                26.919809304955606
              ],
              [
                89.34971657016376,
                26.91727042708868
              ],
              [
                89.36924757781361,
                26.91624045873033
              ],
              [
                89.37239850278883,
                26.92200016677441
              ],
              [
                89.37734952605996,
                26.924625378658448
              ],
              [
                89.38629150764712,
                26.923858267745004
              ],
              [
                89.39140363007363,
                26.931158904759798
              ],
              [
                89.38610861522056,
                26.944458471281564
              ],
              [
                89.38536866023566,
                26.953008851177685
              ],
              [
                89.3868945021797,
                26.961648581417023
              ],
              [
                89.3996586321403,
                26.959077851361883
              ],
              [
                89.40870656105909,
                26.96359955267735
              ],
              [
                89.41629754779376,
                26.96482833955639
              ],
              [
                89.42048665463557,
                26.969888327384524
              ],
              [
                89.42494951600753,
                26.97694689478351
              ],
              [
                89.42587253069291,
                26.985146575953877
              ],
              [
                89.42298865310403,
                26.99098641629024
              ],
              [
                89.42915354260208,
                26.991966260035042
              ],
              [
                89.43137357393147,
                26.987415557382235
              ],
              [
                89.43818655266745,
                26.98523760443203
              ],
              [
                89.44802053671856,
                26.98507750892003
              ],
              [
                89.44880659095156,
                26.9784076941599
              ],
              [
                89.43963662223251,
                26.975647868154738
              ],
              [
                89.43582956088568,
                26.970117152684566
              ],
              [
                89.43543963463162,
                26.96355747609681
              ],
              [
                89.43019859888642,
                26.958839638039024
              ],
              [
                89.44094855683062,
                26.953407829108187
              ],
              [
                89.4387206474401,
                26.94590820539952
              ],
              [
                89.4326935556632,
                26.945977439707235
              ],
              [
                89.42494951600753,
                26.943579544960187
              ],
              [
                89.41787753611953,
                26.93848854401125
              ],
              [
                89.41723665584715,
                26.932356846691277
              ],
              [
                89.42304263311121,
                26.92996314278497
              ],
              [
                89.44257364076105,
                26.92250425476766
              ],
              [
                89.45446756062961,
                26.91788062968743
              ],
              [
                89.45406355369022,
                26.91053975880294
              ],
              [
                89.44304654835969,
                26.906241015610533
              ],
              [
                89.4394535607334,
                26.90977281516342
              ],
              [
                89.43073252638516,
                26.905690156575588
              ],
              [
                89.41748861620681,
                26.908399858866517
              ],
              [
                89.41040758374317,
                26.90741012437786
              ],
              [
                89.40688366494936,
                26.90258130908029
              ],
              [
                89.39533960473915,
                26.894419682722344
              ],
              [
                89.39626362576587,
                26.887761768690837
              ],
              [
                89.40516654799796,
                26.89156966820576
              ],
              [
                89.41027850315055,
                26.888562743575903
              ],
              [
                89.41657264231378,
                26.888142811441753
              ],
              [
                89.42339366728407,
                26.892872551127482
              ],
              [
                89.43535665418642,
                26.88628689042781
              ],
              [
                89.43492163412628,
                26.881133025069175
              ],
              [
                89.45760356675135,
                26.871581679051417
              ],
              [
                89.464416544588,
                26.870222637065183
              ],
              [
                89.46967350732666,
                26.866041742832294
              ],
              [
                89.47910365081299,
                26.86787268607577
              ],
              [
                89.48420755973126,
                26.870372672760766
              ],
              [
                89.48301665859208,
                26.87961103941808
              ],
              [
                89.48551966340193,
                26.886299964771695
              ],
              [
                89.4950865991674,
                26.880401285391144
              ],
              [
                89.49954962781322,
                26.875390247661926
              ],
              [
                89.51396951757931,
                26.868591854130898
              ],
              [
                89.51186364888844,
                26.8621428166378
              ],
              [
                89.50478362276613,
                26.856821314951844
              ],
              [
                89.4830325837869,
                26.849633496988417
              ],
              [
                89.47817962978627,
                26.844452642975227
              ],
              [
                89.48551966340193,
                26.84122376566438
              ],
              [
                89.49404154378237,
                26.846432615572894
              ],
              [
                89.501907625037,
                26.847311710067515
              ],
              [
                89.51685356424076,
                26.841572788953215
              ],
              [
                89.51999661025553,
                26.83082350100392
              ],
              [
                89.51645659719435,
                26.82669440772088
              ],
              [
                89.5085985630734,
                26.8275735022155
              ],
              [
                89.50086256875272,
                26.82635359973898
              ],
              [
                89.49234756099133,
                26.81797488063637
              ],
              [
                89.45192750914737,
                26.817560982953125
              ],
              [
                89.41634364794118,
                26.825086758946895
              ],
              [
                89.37117759487029,
                26.825429745986128
              ],
              [
                89.32909356791401,
                26.83227122333841
              ],
              [
                89.31164563114112,
                26.844246616388375
              ],
              [
                89.28083056897572,
                26.83327420214283
              ],
              [
                89.2861636386412,
                26.841883924703495
              ],
              [
                89.29061158026036,
                26.84448181158649
              ],
              [
                89.29257965123008,
                26.85152328107472
              ],
              [
                89.29598957735726,
                26.856703129645837
              ],
              [
                89.30348953561372,
                26.859990176905285
              ],
              [
                89.29415159332154,
                26.864653030413137
              ],
              [
                89.26479364241283,
                26.862802975676914
              ],
              [
                89.25128955836658,
                26.86996262957183
              ],
              [
                89.25744656800487,
                26.875511450193414
              ],
              [
                89.26544156257819,
                26.8782613845554
              ],
              [
                89.27317856234095,
                26.88370090517276
              ],
              [
                89.27591659507499,
                26.89051187212533
              ],
              [
                89.26505264266547,
                26.89359171828329
              ],
              [
                89.2652965558915,
                26.904131123352784
              ],
              [
                89.24854264033075,
                26.892071744415603
              ],
              [
                89.23831152195936,
                26.890471638255633
              ],
              [
                89.23594665121715,
                26.89607158803352
              ],
              [
                89.22873653816089,
                26.896839538014433
              ],
              [
                89.22350354775068,
                26.90090023515785
              ],
              [
                89.22232052737058,
                26.912370869320284
              ],
              [
                89.25089259132022,
                26.92720918485611
              ],
              [
                89.26097853483168,
                26.93488969010724
              ],
              [
                89.26555656338485,
                26.944638179208766
              ],
              [
                89.25467651670806,
                26.94315726379682
              ],
              [
                89.24382061143223,
                26.94350528074426
              ],
              [
                89.23947861804396,
                26.94901923195215
              ],
              [
                89.23095656859095,
                26.95047801864581
              ],
              [
                89.23410766173936,
                26.95904784368321
              ],
              [
                89.22834057655655,
                26.962869489335617
              ],
              [
                89.21733061201832,
                26.957517811797743
              ],
              [
                89.21051059338936,
                26.961568618197305
              ],
              [
                89.22020761698809,
                26.983067695917555
              ],
              [
                89.21759061861235,
                26.99007831955896
              ],
              [
                89.20552855699748,
                26.99524727194421
              ],
              [
                89.19568652581268,
                26.99494619421165
              ],
              [
                89.16751863787499,
                26.989124459926018
              ],
              [
                89.16121661975137,
                26.996447225659097
              ],
              [
                89.18756865327089,
                27.007884667643452
              ],
              [
                89.19989055420587,
                27.00844558469612
              ],
              [
                89.20828251492628,
                27.015525275371317
              ],
              [
                89.20094265038318,
                27.02659458437273
              ],
              [
                89.18402864020976,
                27.03595448810927
              ],
              [
                89.17668961293543,
                27.03789338956841
              ],
              [
                89.17472053742301,
                27.044205131162016
              ],
              [
                89.17759653515213,
                27.051833668189374
              ],
              [
                89.17314959987431,
                27.06737405207099
              ],
              [
                89.16895261407205,
                27.073082630958822
              ],
              [
                89.15820366067055,
                27.077682620057033
              ],
              [
                89.16029360506599,
                27.084955262075823
              ],
              [
                89.1553196158078,
                27.089841910975565
              ],
              [
                89.14536258561498,
                27.094562767158095
              ],
              [
                89.14050258992273,
                27.10354146086985
              ],
              [
                89.1411585581211,
                27.10940108179466
              ],
              [
                89.1330336438877,
                27.120701564225953
              ],
              [
                89.13552055532955,
                27.12517046004882
              ],
              [
                89.12490051614606,
                27.139729825671054
              ],
              [
                89.13102751900499,
                27.1448726257712
              ],
              [
                89.14087659098203,
                27.145264563808723
              ],
              [
                89.13944965557732,
                27.133509949824486
              ],
              [
                89.14259353976024,
                27.120190602714274
              ],
              [
                89.15596753687248,
                27.10424336194177
              ],
              [
                89.15950754993366,
                27.096421705397518
              ],
              [
                89.16461950508625,
                27.090373993964818
              ],
              [
                89.17340055479195,
                27.08704218834646
              ],
              [
                89.1773375348995,
                27.082502213706334
              ],
              [
                89.18860649969037,
                27.064324045418516
              ],
              [
                89.19477055191959,
                27.049264782643775
              ],
              [
                89.19962350592021,
                27.04415685105795
              ],
              [
                89.20604655930146,
                27.04162417491591
              ],
              [
                89.21247061722539,
                27.03464523528953
              ],
              [
                89.21903264104373,
                27.031525657982854
              ],
              [
                89.22976650741856,
                27.03910524491124
              ],
              [
                89.24078351184977,
                27.055223644655598
              ],
              [
                89.24497966128251,
                27.06801308783389
              ],
              [
                89.24104351934312,
                27.07419272981076
              ],
              [
                89.25520357068842,
                27.072773842439005
              ]
            ]
          ],
          [
            [
              [
                91.56719951584512,
                27.35698825330536
              ],
              [
                91.60204359113897,
                27.35160053273853
              ],
              [
                91.62153654487582,
                27.350730491718934
              ],
              [
                91.63900761580896,
                27.35815920478359
              ],
              [
                91.6508026300375,
                27.358390210040284
              ],
              [
                91.6233515620251,
                27.344421936423373
              ],
              [
                91.61482951437074,
                27.3431021219655
              ],
              [
                91.6010815161992,
                27.346219686589393
              ],
              [
                91.59390258443688,
                27.34336682212131
              ],
              [
                91.5866465376078,
                27.34183896929312
              ],
              [
                91.58379350496642,
                27.346750932309817
              ],
              [
                91.57079350891348,
                27.33792210612046
              ],
              [
                91.56683356281883,
                27.333929469669442
              ],
              [
                91.56845864585,
                27.32612172743592
              ],
              [
                91.58553358880425,
                27.32275169883195
              ],
              [
                91.57971956530588,
                27.312261243861485
              ],
              [
                91.57118963779169,
                27.314592084257413
              ],
              [
                91.55539662265619,
                27.322192960836617
              ],
              [
                91.55928750261631,
                27.312194188611045
              ],
              [
                91.56770360383842,
                27.309041420025665
              ],
              [
                91.57456151000582,
                27.303882693831383
              ],
              [
                91.57633964685738,
                27.296083836000378
              ],
              [
                91.58099361506345,
                27.289023255918664
              ],
              [
                91.54531855810512,
                27.292004196436665
              ],
              [
                91.53460665407397,
                27.273604912736687
              ],
              [
                91.52865550195003,
                27.279889663877043
              ],
              [
                91.53353159101027,
                27.30222357955472
              ],
              [
                91.53054863870886,
                27.307163537567362
              ],
              [
                91.52767951269954,
                27.311922447662994
              ],
              [
                91.52243763878619,
                27.312372388375138
              ],
              [
                91.5183486111996,
                27.30650371487468
              ],
              [
                91.51177250489735,
                27.301103758132058
              ],
              [
                91.5031275783752,
                27.30166283067524
              ],
              [
                91.49446856936913,
                27.298474019060848
              ],
              [
                91.48512257904395,
                27.290244332010445
              ],
              [
                91.47657756360383,
                27.285653562761865
              ],
              [
                91.47850054076753,
                27.275944804809058
              ],
              [
                91.46894064489499,
                27.278025863902656
              ],
              [
                91.46356164235607,
                27.27555387311287
              ],
              [
                91.46312762683868,
                27.267583186315164
              ],
              [
                91.46769760825816,
                27.262683460373523
              ],
              [
                91.46204351209855,
                27.258924680030077
              ],
              [
                91.46489755018195,
                27.254364756628377
              ],
              [
                91.46539258470017,
                27.246646030190277
              ],
              [
                91.45686366262811,
                27.245686301581713
              ],
              [
                91.4553525740622,
                27.2577346170591
              ],
              [
                91.44520560885195,
                27.26238439442443
              ],
              [
                91.4343036034287,
                27.25254504591726
              ],
              [
                91.4515916137621,
                27.244366319849917
              ],
              [
                91.45008052429694,
                27.236525551812917
              ],
              [
                91.43421961664217,
                27.22801590940685
              ],
              [
                91.43578351159994,
                27.217176263873625
              ],
              [
                91.43147253223174,
                27.21014669691266
              ],
              [
                91.42360661825097,
                27.207256952146793
              ],
              [
                91.4044955436346,
                27.21321564688475
              ],
              [
                91.4029385221952,
                27.20360814180242
              ],
              [
                91.40709661591626,
                27.198588387843984
              ],
              [
                91.40273266198295,
                27.18803775114145
              ],
              [
                91.39290655689223,
                27.1875465720168
              ],
              [
                91.38658861357385,
                27.181669013214503
              ],
              [
                91.38970165190989,
                27.17594936996761
              ],
              [
                91.39006056594252,
                27.169508381406843
              ],
              [
                91.39935257626053,
                27.16696061733876
              ],
              [
                91.39682761090569,
                27.15946803442239
              ],
              [
                91.38568856487552,
                27.159309784319248
              ],
              [
                91.37106365306528,
                27.142409687557176
              ],
              [
                91.37902059282624,
                27.13635107993855
              ],
              [
                91.37167352021697,
                27.131060087752985
              ],
              [
                91.37499962683148,
                27.126032454834046
              ],
              [
                91.38477359642451,
                27.130751298333905
              ],
              [
                91.38860362285908,
                27.13766988895435
              ],
              [
                91.39631665029333,
                27.134177987824046
              ],
              [
                91.42594164858838,
                27.1393108980796
              ],
              [
                91.41882356855302,
                27.129932387369934
              ],
              [
                91.39325759106515,
                27.128090211594156
              ],
              [
                91.3889236439112,
                27.12316165338774
              ],
              [
                91.38861066365138,
                27.114611944385842
              ],
              [
                91.40405264371469,
                27.110694074871788
              ],
              [
                91.4301906026144,
                27.12294053797558
              ],
              [
                91.44500762939873,
                27.126392540683355
              ],
              [
                91.46790363574434,
                27.134959852115628
              ],
              [
                91.46089150304061,
                27.138450915077783
              ],
              [
                91.46877250404799,
                27.142310781017898
              ],
              [
                91.47775254044757,
                27.141139662265743
              ],
              [
                91.47325162516256,
                27.132562962810653
              ],
              [
                91.48360461695967,
                27.136710999413253
              ],
              [
                91.48812866460634,
                27.139941887608188
              ],
              [
                91.49172953119307,
                27.143039504369767
              ],
              [
                91.49191259089349,
                27.14960035457284
              ],
              [
                91.4979095077178,
                27.145749541208488
              ],
              [
                91.50524166237301,
                27.13775404301481
              ],
              [
                91.4979705276179,
                27.130770241653465
              ],
              [
                91.4920725182323,
                27.131100320723363
              ],
              [
                91.48466459209743,
                27.12797739074415
              ],
              [
                91.47995765112489,
                27.123470610080744
              ],
              [
                91.47315959214166,
                27.12144151921086
              ],
              [
                91.46723962131165,
                27.11686164704753
              ],
              [
                91.45227054794759,
                27.109320951301015
              ],
              [
                91.44055952140496,
                27.10832316967867
              ],
              [
                91.44184865728988,
                27.094781701714282
              ],
              [
                91.45072961897688,
                27.089193151742677
              ],
              [
                91.45279659558656,
                27.084042305408218
              ],
              [
                91.44439658773251,
                27.082262155873934
              ],
              [
                91.43749258231696,
                27.09031297406466
              ],
              [
                91.42445352600959,
                27.09225271369195
              ],
              [
                91.41783852762609,
                27.096061785922814
              ],
              [
                91.41194956991689,
                27.09070206215057
              ],
              [
                91.41322361967445,
                27.081572326401897
              ],
              [
                91.4071806027028,
                27.080032401973938
              ],
              [
                91.39869660806215,
                27.086910256902968
              ],
              [
                91.39531652233978,
                27.074282751947578
              ],
              [
                91.40099358538583,
                27.06803387566299
              ],
              [
                91.40115351092595,
                27.06155332322743
              ],
              [
                91.4138866277658,
                27.046233719310862
              ],
              [
                91.41113250166376,
                27.03847727260819
              ],
              [
                91.396049602907,
                27.043675059056852
              ],
              [
                91.39855964760983,
                27.031553485704933
              ],
              [
                91.41177355010939,
                27.026684773783415
              ],
              [
                91.41146861698326,
                27.019307189875065
              ],
              [
                91.39790351213753,
                27.00568575869096
              ],
              [
                91.397186524039,
                27.01785628304117
              ],
              [
                91.39129656088772,
                27.01970600143096
              ],
              [
                91.37718964958282,
                27.02949572894488
              ],
              [
                91.36631061014668,
                27.027235800092228
              ],
              [
                91.35913050476915,
                27.033064575170158
              ],
              [
                91.35198962602061,
                27.03411533135761
              ],
              [
                91.35209657879426,
                27.042523888167068
              ],
              [
                91.3649596152942,
                27.046304965401987
              ],
              [
                91.36290755843726,
                27.056952328687146
              ],
              [
                91.35928355769022,
                27.064433178148818
              ],
              [
                91.35234066019348,
                27.06487389811207
              ],
              [
                91.34738963782172,
                27.07059387590681
              ],
              [
                91.33360258029501,
                27.063764133807865
              ],
              [
                91.32483661761597,
                27.065603962353123
              ],
              [
                91.3119506160283,
                27.057834273133324
              ],
              [
                91.30509958337922,
                27.049623863050954
              ],
              [
                91.29966760717451,
                27.03892721421971
              ],
              [
                91.30838763608068,
                27.02537468189621
              ],
              [
                91.32141864615375,
                27.02255685411569
              ],
              [
                91.32254064663368,
                27.011035425344744
              ],
              [
                91.33133661699145,
                27.012427492235133
              ],
              [
                91.3369826669167,
                26.997693950415623
              ],
              [
                91.3350675687135,
                26.98556751532874
              ],
              [
                91.34156756808898,
                26.970477240332514
              ],
              [
                91.33751659441549,
                26.965427477796027
              ],
              [
                91.32520257244096,
                26.971236305011587
              ],
              [
                91.32405056338297,
                26.959445648897713
              ],
              [
                91.33070361478013,
                26.951869918262275
              ],
              [
                91.31379664629833,
                26.953098872415183
              ],
              [
                91.30532052971881,
                26.981344879962364
              ],
              [
                91.29904952471594,
                26.98212657608076
              ],
              [
                91.2969285689984,
                26.989510529887184
              ],
              [
                91.28910858789118,
                26.995037221790483
              ],
              [
                91.28340151806577,
                26.996375978668596
              ],
              [
                91.27998354570423,
                27.004485637702146
              ],
              [
                91.26701355643064,
                27.0042056832458
              ],
              [
                91.27243061288266,
                27.013116316265098
              ],
              [
                91.26142852730487,
                27.013904383180886
              ],
              [
                91.25856057491075,
                27.018574946576678
              ],
              [
                91.25768265403144,
                27.02570392279796
              ],
              [
                91.24758162169462,
                27.02216290519408
              ],
              [
                91.24751255556015,
                27.03328535513515
              ],
              [
                91.24002852159913,
                27.032324452911325
              ],
              [
                91.2347566400071,
                27.025404688675565
              ],
              [
                91.2349705455544,
                27.016856154188304
              ],
              [
                91.23312350984224,
                27.011235250206767
              ],
              [
                91.22541064968192,
                27.011729279282974
              ],
              [
                91.22662351226546,
                26.99599711677365
              ],
              [
                91.22370157986416,
                26.990486183690564
              ],
              [
                91.23391761210826,
                26.98841736167202
              ],
              [
                91.23822054524214,
                26.983626769360058
              ],
              [
                91.24542261206403,
                26.984474682560688
              ],
              [
                91.24945061885114,
                26.97675779973281
              ],
              [
                91.23880761368059,
                26.969938115651644
              ],
              [
                91.22782162057149,
                26.974467025932654
              ],
              [
                91.23039251790055,
                26.964177569439414
              ],
              [
                91.23325359677625,
                26.959508848754524
              ],
              [
                91.24228660684162,
                26.960357600123302
              ],
              [
                91.25367761323145,
                26.957347827340527
              ],
              [
                91.26727255668328,
                26.962217711977985
              ],
              [
                91.27311658786039,
                26.967008305189268
              ],
              [
                91.28581952884832,
                26.967447182441674
              ],
              [
                91.2826535168465,
                26.958930664718537
              ],
              [
                91.27617665342996,
                26.952868035331733
              ],
              [
                91.27424663637333,
                26.943394471677664
              ],
              [
                91.28323354539197,
                26.94351852416071
              ],
              [
                91.27715264178119,
                26.934599676733853
              ],
              [
                91.2691576472078,
                26.934698751446376
              ],
              [
                91.26115460640011,
                26.93101993342333
              ],
              [
                91.25290664602505,
                26.93274073759511
              ],
              [
                91.24593357267639,
                26.92572910761237
              ],
              [
                91.25401255403631,
                26.918609520313282
              ],
              [
                91.2658385813856,
                26.92427015364484
              ],
              [
                91.2733006539022,
                26.924762171836903
              ],
              [
                91.27233857896243,
                26.915387683794734
              ],
              [
                91.28719365876049,
                26.91071175504362
              ],
              [
                91.28616352312827,
                26.901280103394186
              ],
              [
                91.29234366782617,
                26.904580225896837
              ],
              [
                91.30105564959871,
                26.90207336569341
              ],
              [
                91.29608166123984,
                26.89511035126185
              ],
              [
                91.28775055224634,
                26.88864974758792
              ],
              [
                91.29128251907315,
                26.875551515889867
              ],
              [
                91.28642252428023,
                26.873660390914438
              ],
              [
                91.27239255896956,
                26.872909539743603
              ],
              [
                91.27033262225285,
                26.879112315880832
              ],
              [
                91.26142852730487,
                26.881534014783085
              ],
              [
                91.25660658462635,
                26.8851519801799
              ],
              [
                91.25460850687728,
                26.879644064322235
              ],
              [
                91.25956757638272,
                26.8750913489867
              ],
              [
                91.25978064376187,
                26.865732954312534
              ],
              [
                91.26310758944385,
                26.849122703649982
              ],
              [
                91.27017252764023,
                26.847043489065925
              ],
              [
                91.27555857097144,
                26.849633496988417
              ],
              [
                91.282607583973,
                26.846375619239552
              ],
              [
                91.29033653660207,
                26.84535369801489
              ],
              [
                91.30285658606277,
                26.86131300858864
              ],
              [
                91.30677764007618,
                26.857222137391886
              ],
              [
                91.29252656115204,
                26.83634315211492
              ],
              [
                91.2829435311192,
                26.831283331560655
              ],
              [
                91.2925875810522,
                26.82323486060045
              ],
              [
                91.29979652139252,
                26.82478366943093
              ],
              [
                91.30581657057843,
                26.821643807915564
              ],
              [
                91.30512255026565,
                26.813336001255607
              ],
              [
                91.31036358601085,
                26.811595247422872
              ],
              [
                91.31678060314249,
                26.81313399733625
              ],
              [
                91.31276650976679,
                26.82412367766574
              ],
              [
                91.31321762409425,
                26.835822970753668
              ],
              [
                91.32033553595636,
                26.836734083811052
              ],
              [
                91.330116547241,
                26.83576312356945
              ],
              [
                91.32845257122932,
                26.841458962661136
              ],
              [
                91.32296762135883,
                26.84557280074432
              ],
              [
                91.32141864615375,
                26.851073507636386
              ],
              [
                91.33818060794886,
                26.848902428204667
              ],
              [
                91.34839663929364,
                26.849873554820817
              ],
              [
                91.3566285063007,
                26.85610432685337
              ],
              [
                91.35121161802192,
                26.862171986148383
              ],
              [
                91.34677155626247,
                26.864612797442817
              ],
              [
                91.34732057078787,
                26.86988467813552
              ],
              [
                91.35518665114319,
                26.870252643844594
              ],
              [
                91.36293052442431,
                26.873914362158246
              ],
              [
                91.36060354032128,
                26.87823020416073
              ],
              [
                91.35498062365701,
                26.881492272750336
              ],
              [
                91.35658257432652,
                26.887820944980774
              ],
              [
                91.36313655101117,
                26.8877208657255
              ],
              [
                91.36762958733573,
                26.89581040782423
              ],
              [
                91.37458757185914,
                26.89958025342611
              ],
              [
                91.38015751485761,
                26.913410561148623
              ],
              [
                91.38670361258181,
                26.912139695890403
              ],
              [
                91.40469352398713,
                26.918989554924167
              ],
              [
                91.4014205592116,
                26.910772943116967
              ],
              [
                91.39965063586834,
                26.906330032305277
              ],
              [
                91.39112054108028,
                26.903611110164718
              ],
              [
                91.38767256104,
                26.894940365905313
              ],
              [
                91.3861616388487,
                26.88147098309952
              ],
              [
                91.3882296226991,
                26.875511450193414
              ],
              [
                91.39886458073596,
                26.878797323837546
              ],
              [
                91.40170252635068,
                26.870992430656315
              ],
              [
                91.40891263940694,
                26.871953500154063
              ],
              [
                91.41027855401222,
                26.883432013276945
              ],
              [
                91.41403163535188,
                26.884079934341628
              ],
              [
                91.41853355517958,
                26.88486012229697
              ],
              [
                91.4299696562748,
                26.89051187212533
              ],
              [
                91.43598953908611,
                26.888430644858488
              ],
              [
                91.44072766225196,
                26.894991495960937
              ],
              [
                91.4498066042915,
                26.901932381674214
              ],
              [
                91.46258565310558,
                26.885376781913124
              ],
              [
                91.4721836028911,
                26.896618422602273
              ],
              [
                91.47364758586758,
                26.90119041580516
              ],
              [
                91.4706575936732,
                26.907620007257663
              ],
              [
                91.47305263936795,
                26.91288970889309
              ],
              [
                91.46980263968027,
                26.917909462851583
              ],
              [
                91.47042055396554,
                26.938158633114597
              ],
              [
                91.47580760273883,
                26.942629539821553
              ],
              [
                91.47074862125203,
                26.948418081929105
              ],
              [
                91.47066463536481,
                26.959712529010176
              ],
              [
                91.475997536857,
                26.9531580478058
              ],
              [
                91.4817966397033,
                26.9596178142109
              ],
              [
                91.48961662081058,
                26.9781367895813
              ],
              [
                91.4953996311882,
                26.976833069390807
              ],
              [
                91.49414854831701,
                26.966447220862676
              ],
              [
                91.49791755485143,
                26.962358527823937
              ],
              [
                91.50892651394764,
                26.96110761312599
              ],
              [
                91.49842063560402,
                26.9569776816748
              ],
              [
                91.49445364871707,
                26.94970922959743
              ],
              [
                91.50034361276767,
                26.947266072871116
              ],
              [
                91.50514962755341,
                26.939209722950523
              ],
              [
                91.49096661022105,
                26.934719704750705
              ],
              [
                91.4943386497091,
                26.92489929956315
              ],
              [
                91.50559956916493,
                26.925050341600127
              ],
              [
                91.52207956382097,
                26.919137411562417
              ],
              [
                91.51615154675665,
                26.91186191959207
              ],
              [
                91.50906364167389,
                26.907157827671767
              ],
              [
                91.50016055216793,
                26.90607287476348
              ],
              [
                91.49983952477442,
                26.898350460205734
              ],
              [
                91.49626950493388,
                26.892840699838587
              ],
              [
                91.5010606008662,
                26.88091207783026
              ],
              [
                91.49564354441424,
                26.880670176387696
              ],
              [
                91.48806764470618,
                26.87619239616231
              ],
              [
                91.4950026641418,
                26.87457033035662
              ],
              [
                91.50157960771287,
                26.86932778464967
              ],
              [
                91.49360657368459,
                26.8678118343488
              ],
              [
                91.48223853418119,
                26.868661759332895
              ],
              [
                91.46238666731102,
                26.865920875747975
              ],
              [
                91.43981956642,
                26.869882499078187
              ],
              [
                91.42858161295123,
                26.866441896176696
              ],
              [
                91.42389663162442,
                26.862941779739458
              ],
              [
                91.4125445182151,
                26.84493175319801
              ],
              [
                91.40245052667063,
                26.830173399982584
              ],
              [
                91.40010862281486,
                26.82286086044047
              ],
              [
                91.39494352672256,
                26.81816699471119
              ],
              [
                91.38144665074248,
                26.805893373880224
              ],
              [
                91.36904160208843,
                26.80021563993995
              ],
              [
                91.33400759357573,
                26.789295362091423
              ],
              [
                91.31144753437638,
                26.79153819123468
              ],
              [
                91.29424250358886,
                26.79713780466608
              ],
              [
                91.27921257759851,
                26.807444529041902
              ],
              [
                91.26711263024384,
                26.812764188017013
              ],
              [
                91.2610166396064,
                26.81863487330088
              ],
              [
                91.25299851087271,
                26.822614599983922
              ],
              [
                91.2467875212273,
                26.828022603860234
              ],
              [
                91.23564160077939,
                26.83034338533912
              ],
              [
                91.17014356607285,
                26.817283876649753
              ],
              [
                91.1474535863141,
                26.81429304718654
              ],
              [
                91.0975266122635,
                26.828073565742613
              ],
              [
                91.08917253728293,
                26.831050315419873
              ],
              [
                91.080459549169,
                26.817304999925966
              ],
              [
                91.0744785584389,
                26.81207502674124
              ],
              [
                91.06826052710181,
                26.80208463709647
              ],
              [
                91.06498756142696,
                26.817315057943688
              ],
              [
                91.05004162222326,
                26.818735790724304
              ],
              [
                91.04355654439917,
                26.81173421875934
              ],
              [
                91.00379966792048,
                26.802023617196312
              ],
              [
                90.99810064432944,
                26.794694984286252
              ],
              [
                90.9929965681373,
                26.793795941029998
              ],
              [
                90.98249052341907,
                26.79083796739843
              ],
              [
                90.97078653676942,
                26.790336225736382
              ],
              [
                90.96233355524953,
                26.79926463025862
              ],
              [
                90.93992654807192,
                26.785961208343224
              ],
              [
                90.92519350897345,
                26.78999709409078
              ],
              [
                90.91496255787592,
                26.78921523069846
              ],
              [
                90.90068063400423,
                26.796824992579502
              ],
              [
                90.89472160291979,
                26.804005601577387
              ],
              [
                90.89000661481361,
                26.80165363970383
              ],
              [
                90.87684652414794,
                26.79613499493422
              ],
              [
                90.86280851260295,
                26.79883463830805
              ],
              [
                90.85236365595813,
                26.7950359586427
              ],
              [
                90.84549753628244,
                26.79989561888783
              ],
              [
                90.83920255895111,
                26.796544869949912
              ],
              [
                90.83161961935014,
                26.799779614437796
              ],
              [
                90.83323665524762,
                26.792175216113492
              ],
              [
                90.82628654878539,
                26.787906313325834
              ],
              [
                90.82077058579404,
                26.7791048112382
              ],
              [
                90.80796052295995,
                26.78365534661708
              ],
              [
                90.79862962056069,
                26.7860874398836
              ],
              [
                90.78436261644174,
                26.793795941029998
              ],
              [
                90.77953363387024,
                26.786735360948285
              ],
              [
                90.76502254835208,
                26.785825254232236
              ],
              [
                90.77143051290801,
                26.780653451895432
              ],
              [
                90.76289354460158,
                26.780285654359602
              ],
              [
                90.75661466063826,
                26.77887749410121
              ],
              [
                90.75231156023051,
                26.78819431491587
              ],
              [
                90.74508652742145,
                26.780346506086516
              ],
              [
                90.7288665375608,
                26.776586887574922
              ],
              [
                90.71165463505355,
                26.76853204581738
              ],
              [
                90.69755560360841,
                26.769679194039725
              ],
              [
                90.69011666435273,
                26.772405826967486
              ],
              [
                90.68646953124403,
                26.777935703370133
              ],
              [
                90.67128755687543,
                26.784076453265868
              ],
              [
                90.65677663863113,
                26.779146553270948
              ],
              [
                90.64911658486267,
                26.78244650760041
              ],
              [
                90.6452865584281,
                26.788013266099483
              ],
              [
                90.63690951566178,
                26.794275050353406
              ],
              [
                90.62793752729522,
                26.797194970071928
              ],
              [
                90.60717756459309,
                26.79883463830805
              ],
              [
                90.58965251365277,
                26.80340461882821
              ],
              [
                90.57935350186278,
                26.8085244529413
              ],
              [
                90.55255152763107,
                26.8176538550415
              ],
              [
                90.5468065720658,
                26.817544052316293
              ],
              [
                90.54042056715559,
                26.82005392884588
              ],
              [
                90.51631957808621,
                26.836843215642034
              ],
              [
                90.50340256337773,
                26.845263675878073
              ],
              [
                90.44400051840938,
                26.887991935779382
              ],
              [
                90.42562051257676,
                26.896014422627673
              ],
              [
                90.41033963256814,
                26.900700410295826
              ],
              [
                90.3791276042557,
                26.898800400018615
              ],
              [
                90.35771955321496,
                26.897660294387208
              ],
              [
                90.34403961663514,
                26.886370876315027
              ],
              [
                90.33090266012982,
                26.868772568399436
              ],
              [
                90.32167854323035,
                26.85933202964958
              ],
              [
                90.30773960639789,
                26.85170231900696
              ],
              [
                90.30213160858705,
                26.84982242566457
              ],
              [
                90.26023064312983,
                26.853329245648297
              ],
              [
                90.23229258593426,
                26.854941254335586
              ],
              [
                90.22505162793044,
                26.853123219061445
              ],
              [
                90.21988653093882,
                26.8497935916011
              ],
              [
                90.19288657725389,
                26.81957297501293
              ],
              [
                90.18698856696898,
                26.80691428966287
              ],
              [
                90.18730959436243,
                26.799147785841797
              ],
              [
                90.15236661342863,
                26.7910480175521
              ],
              [
                90.12701454058873,
                26.7770237521446
              ],
              [
                90.11784356642761,
                26.76731633508092
              ],
              [
                90.09951066708379,
                26.758145527294403
              ],
              [
                90.08709757129606,
                26.75490877102311
              ],
              [
                90.07361561506872,
                26.75652848959828
              ],
              [
                90.04610453259829,
                26.753831864349195
              ],
              [
                89.99324054001909,
                26.738727339595187
              ],
              [
                89.97220665731157,
                26.736030714346157
              ],
              [
                89.96370656930287,
                26.73778554886411
              ],
              [
                89.95453659878518,
                26.73647948144304
              ],
              [
                89.93374662930364,
                26.74403509604298
              ],
              [
                89.91947157805106,
                26.74201723680619
              ],
              [
                89.91362754687395,
                26.740068443703876
              ],
              [
                89.90081765221305,
                26.731737671056806
              ],
              [
                89.8965526039197,
                26.726186838651813
              ],
              [
                89.86878151485519,
                26.740808231414917
              ],
              [
                89.86255661089905,
                26.74260933425353
              ],
              [
                89.85730752802016,
                26.738117472443548
              ],
              [
                89.85756652917217,
                26.729727858054332
              ],
              [
                89.86486850797542,
                26.710648802000776
              ],
              [
                89.86184666359281,
                26.704238992935302
              ],
              [
                89.85207353216794,
                26.70363197573522
              ],
              [
                89.83791364809656,
                26.709944554597655
              ],
              [
                89.82026655735592,
                26.70993969286269
              ],
              [
                89.79129752635993,
                26.704140087295343
              ],
              [
                89.76775359805026,
                26.707177687800197
              ],
              [
                89.7586215141717,
                26.71895945861229
              ],
              [
                89.7520975442664,
                26.72389908207714
              ],
              [
                89.74292757374872,
                26.72602708038562
              ],
              [
                89.72254161210589,
                26.725517963383425
              ],
              [
                89.70979357641261,
                26.728637875237894
              ],
              [
                89.70678765812409,
                26.737697539410078
              ],
              [
                89.71504953191055,
                26.739048534262565
              ],
              [
                89.71722463580846,
                26.746378172614698
              ],
              [
                89.71204361362203,
                26.748388153790415
              ],
              [
                89.70889252137295,
                26.754336623236725
              ],
              [
                89.70023351236688,
                26.75450660769394
              ],
              [
                89.6800535773109,
                26.758107473381358
              ],
              [
                89.67750564596895,
                26.76473521156089
              ],
              [
                89.668380603782,
                26.762826485054404
              ],
              [
                89.67008263280741,
                26.770217144205958
              ],
              [
                89.6763766037974,
                26.77611766899537
              ],
              [
                89.67466753397969,
                26.787105338440767
              ],
              [
                89.66221655155277,
                26.786073358299006
              ],
              [
                89.65409851083774,
                26.78192364536011
              ],
              [
                89.64753765973535,
                26.784565286059262
              ],
              [
                89.64190652956285,
                26.7819464440733
              ],
              [
                89.63155353866506,
                26.796042961013995
              ],
              [
                89.62158963495386,
                26.795384981931534
              ],
              [
                89.6121526179491,
                26.792735964992914
              ],
              [
                89.59890753415556,
                26.80271445300974
              ],
              [
                89.58435856199822,
                26.800847635809873
              ],
              [
                89.57662960936915,
                26.805125423899312
              ],
              [
                89.57282254892164,
                26.817624014636692
              ],
              [
                89.57610356083086,
                26.8242038090587
              ],
              [
                89.57451653081341,
                26.831804351090057
              ],
              [
                89.57045751090556,
                26.836694186287787
              ],
              [
                89.57845250637826,
                26.839092081034835
              ],
              [
                89.5823515989473,
                26.84853848606241
              ],
              [
                89.58409151461188,
                26.854351335046204
              ],
              [
                89.59052261422744,
                26.8602532007248
              ],
              [
                89.5906376132354,
                26.867391733142085
              ],
              [
                89.58469350280308,
                26.86962366609947
              ],
              [
                89.58068863017633,
                26.875661485888998
              ],
              [
                89.5865785933276,
                26.877082218669614
              ],
              [
                89.59162164872026,
                26.881805085736232
              ],
              [
                89.59995259043984,
                26.87741045412929
              ],
              [
                89.6121365245811,
                26.87458457921508
              ],
              [
                89.6177676547536,
                26.885391031670906
              ],
              [
                89.6121365245811,
                26.89331176292768
              ],
              [
                89.60990861519059,
                26.907930807560888
              ],
              [
                89.61239653117514,
                26.917430520802043
              ],
              [
                89.61724060077324,
                26.913020802168433
              ],
              [
                89.6162035916226,
                26.90329025094445
              ],
              [
                89.62197151407429,
                26.89303163939877
              ],
              [
                89.62523660078864,
                26.87971212501469
              ],
              [
                89.62143658113348,
                26.871831458555107
              ],
              [
                89.61004658108499,
                26.860281196620065
              ],
              [
                89.60453765888599,
                26.848532450712185
              ],
              [
                89.60007463113948,
                26.842629914139366
              ],
              [
                89.59851056710914,
                26.837133061741554
              ],
              [
                89.6004796444202,
                26.83070347208769
              ],
              [
                89.62616766260771,
                26.82293378286795
              ],
              [
                89.62957758873489,
                26.815574975005234
              ],
              [
                89.64111360181141,
                26.81519410132688
              ],
              [
                89.6447825290906,
                26.82154473410236
              ],
              [
                89.65381654369872,
                26.817514882805767
              ],
              [
                89.65712756328656,
                26.823610537996046
              ],
              [
                89.6645656643741,
                26.82096286194667
              ],
              [
                89.6911775363144,
                26.800454859604258
              ],
              [
                89.69708258739166,
                26.78855322804918
              ],
              [
                89.7062606032444,
                26.778436605964714
              ],
              [
                89.71372955017875,
                26.778146759865194
              ],
              [
                89.72316757262553,
                26.781955496649005
              ],
              [
                89.72618053170635,
                26.786426236082093
              ],
              [
                89.73404661206166,
                26.787065271844938
              ],
              [
                89.73654156973782,
                26.793994926824553
              ],
              [
                89.74191252604243,
                26.79918583975484
              ],
              [
                89.73339064476261,
                26.804745388389108
              ],
              [
                89.72164156340762,
                26.80826427907334
              ],
              [
                89.72158858974177,
                26.815476069365275
              ],
              [
                89.71923059341731,
                26.823843722310073
              ],
              [
                89.7235566607115,
                26.828203486302016
              ],
              [
                89.73757958522981,
                26.822454672645165
              ],
              [
                89.75126656170261,
                26.814230014603652
              ],
              [
                89.76747163091119,
                26.81810379485438
              ],
              [
                89.76497650596116,
                26.824401622137316
              ],
              [
                89.78018161269142,
                26.843720903297196
              ],
              [
                89.77558866618415,
                26.848723558445613
              ],
              [
                89.77572663207854,
                26.855864100847725
              ],
              [
                89.7808375808898,
                26.858592242837858
              ],
              [
                89.78344753757398,
                26.867162906942724
              ],
              [
                89.78307353831332,
                26.876520296174874
              ],
              [
                89.77920562523957,
                26.887940973896946
              ],
              [
                89.79145057928099,
                26.875181371123517
              ],
              [
                89.7951205120022,
                26.868881700230418
              ],
              [
                89.79591360792682,
                26.859402103024763
              ],
              [
                89.7909166517822,
                26.846142770372694
              ],
              [
                89.79158066621494,
                26.839592982730096
              ],
              [
                89.78646854378843,
                26.831941310643117
              ],
              [
                89.79080165187492,
                26.81827394838416
              ],
              [
                89.784507513611,
                26.814801157847285
              ],
              [
                89.78307353831332,
                26.80416452257481
              ],
              [
                89.78594953604244,
                26.792486183690585
              ],
              [
                89.79002364387622,
                26.788295399613162
              ],
              [
                89.79160363310137,
                26.780815724666127
              ],
              [
                89.77848863714104,
                26.7789655035553
              ],
              [
                89.76851651902228,
                26.77198689937603
              ],
              [
                89.7630235220181,
                26.771356915289573
              ],
              [
                89.75659963226735,
                26.76838620096254
              ],
              [
                89.75541661008867,
                26.7618174708997
              ],
              [
                89.76786759161621,
                26.754767787903234
              ],
              [
                89.76656353507923,
                26.746208020883614
              ],
              [
                89.78228764955554,
                26.73824739210363
              ],
              [
                89.7873996056075,
                26.738760531773266
              ],
              [
                89.79015356443563,
                26.747907031784223
              ],
              [
                89.79564655964117,
                26.748877823852638
              ],
              [
                89.79657762235956,
                26.754857641866806
              ],
              [
                89.80417665532855,
                26.75795659861825
              ],
              [
                89.80835754866212,
                26.762326253354047
              ],
              [
                89.81360663244033,
                26.76270544979684
              ],
              [
                89.81845858009956,
                26.766606053226894
              ],
              [
                89.82068665766326,
                26.76018836520103
              ],
              [
                89.82724750876571,
                26.761635583915222
              ],
              [
                89.8319626641458,
                26.759217573132617
              ],
              [
                89.83013155362846,
                26.753228703442062
              ],
              [
                89.83708166009069,
                26.750589073626998
              ],
              [
                89.84481061271975,
                26.75556876188898
              ],
              [
                89.85096762415668,
                26.764037334055843
              ],
              [
                89.85713150821272,
                26.768296011551854
              ],
              [
                89.86369353203105,
                26.767996107434556
              ],
              [
                89.86799663423744,
                26.776216910082496
              ],
              [
                89.85909253839009,
                26.77580686779288
              ],
              [
                89.85031165595831,
                26.77889677196862
              ],
              [
                89.8444136456734,
                26.779205562287018
              ],
              [
                89.84172858660514,
                26.783836562707336
              ],
              [
                89.83419057443564,
                26.78979525834461
              ],
              [
                89.84190360186989,
                26.791944210856798
              ],
              [
                89.84651163720247,
                26.79608487121999
              ],
              [
                89.86997258416761,
                26.797305779138526
              ],
              [
                89.87599950687189,
                26.79992378205702
              ],
              [
                89.87822758533497,
                26.80673558807706
              ],
              [
                89.88556661170992,
                26.808785465876667
              ],
              [
                89.89224950261263,
                26.808825196126065
              ],
              [
                89.89514159460907,
                26.81271423067733
              ],
              [
                89.89277655659299,
                26.820653905253664
              ],
              [
                89.87271866313597,
                26.81407411083171
              ],
              [
                89.86747762559213,
                26.81696184471349
              ],
              [
                89.8641355937828,
                26.826892556246605
              ],
              [
                89.87180352741103,
                26.842633770432315
              ],
              [
                89.86432653424231,
                26.84597278501616
              ],
              [
                89.8628925580453,
                26.853453466304586
              ],
              [
                89.86432653424231,
                26.86166186370417
              ],
              [
                89.86222854271324,
                26.88038217389834
              ],
              [
                89.86379964663655,
                26.888119843656
              ],
              [
                89.86142756872749,
                26.892310627733423
              ],
              [
                89.86340351775829,
                26.90111011803765
              ],
              [
                89.85252364105338,
                26.91122087204576
              ],
              [
                89.86694353081947,
                26.917640403681844
              ],
              [
                89.87021666466751,
                26.925750062715338
              ],
              [
                89.86891160178914,
                26.93755765036542
              ],
              [
                89.87439755800108,
                26.93713855460078
              ],
              [
                89.87808257774896,
                26.92790890597138
              ],
              [
                89.87729652261658,
                26.91234086164161
              ],
              [
                89.87534353957284,
                26.907401909070984
              ],
              [
                89.88255365262916,
                26.898909364575672
              ],
              [
                89.87927264071993,
                26.88554106826581
              ],
              [
                89.88268256594785,
                26.880641006877113
              ],
              [
                89.88870965772469,
                26.878930093449185
              ],
              [
                89.90010854307496,
                26.880771093811063
              ],
              [
                89.9033885486428,
                26.8761114266012
              ],
              [
                89.89762163163317,
                26.871501547658454
              ],
              [
                89.88581857206958,
                26.867092666293672
              ],
              [
                89.88791656180007,
                26.85972296224503
              ],
              [
                89.88765756064805,
                26.85047235761334
              ],
              [
                89.89650751011368,
                26.844574683674864
              ],
              [
                89.90075663231289,
                26.841792729850738
              ],
              [
                89.9040525639748,
                26.84673268786338
              ],
              [
                89.91442064279858,
                26.85216852036109
              ],
              [
                89.92711654389353,
                26.837763883996217
              ],
              [
                89.92331652423837,
                26.8289545038474
              ],
              [
                89.92684966378113,
                26.823244584070437
              ],
              [
                89.93904164505602,
                26.8404330178696
              ],
              [
                89.94127659613815,
                26.85051259058372
              ],
              [
                89.95084353280293,
                26.854802449373665
              ],
              [
                89.95305652334002,
                26.861494058304288
              ],
              [
                89.94532756981164,
                26.879581199013273
              ],
              [
                89.94558757640567,
                26.887890682908846
              ],
              [
                89.95305652334002,
                26.889939723439625
              ],
              [
                89.96407352777123,
                26.88534107612992
              ],
              [
                89.97192351565786,
                26.88984584590918
              ],
              [
                89.98114059176504,
                26.89232772744282
              ],
              [
                89.98464959170548,
                26.898011495833998
              ],
              [
                90.0033035184428,
                26.902758335229123
              ],
              [
                90.01112366592463,
                26.91424975722066
              ],
              [
                90.01908865281922,
                26.91935953331597
              ],
              [
                89.99421652926958,
                26.92594821124112
              ],
              [
                89.98739650884198,
                26.922847241806892
              ],
              [
                89.97018460633467,
                26.937006624056608
              ],
              [
                89.96563759180157,
                26.934641754213715
              ],
              [
                89.96025858926265,
                26.936468672990998
              ],
              [
                89.95973958241598,
                26.941387508626747
              ],
              [
                89.95358257097905,
                26.939698555743917
              ],
              [
                89.94741851874983,
                26.9335697083755
              ],
              [
                89.93942251873443,
                26.9288289043306
              ],
              [
                89.9369426489842,
                26.93348991332897
              ],
              [
                89.94493060276528,
                26.945029279078085
              ],
              [
                89.93981160682034,
                26.951428191058312
              ],
              [
                89.938110583237,
                26.969917161447995
              ],
              [
                89.9352265383742,
                26.974806995746405
              ],
              [
                89.93413555011568,
                26.980742891771172
              ],
              [
                89.93588250567325,
                26.987927356162686
              ],
              [
                89.94320661319483,
                26.986336470751667
              ],
              [
                89.95749658420016,
                26.95927784439715
              ],
              [
                89.98227650835435,
                26.949980134175973
              ],
              [
                90.0002365793548,
                26.956548863339492
              ],
              [
                90.01307664896837,
                26.945879371336048
              ],
              [
                90.03314258955902,
                26.93781966784354
              ],
              [
                90.03878059324995,
                26.940439684344085
              ],
              [
                90.0416565918784,
                26.946669281862
              ],
              [
                90.03877254701558,
                26.96139863284077
              ],
              [
                90.04337354065655,
                26.965879430291636
              ],
              [
                90.05240654982259,
                26.97015705110715
              ],
              [
                90.04638666791055,
                26.977236909056273
              ],
              [
                90.05356559967282,
                26.97992783530151
              ],
              [
                90.05753359290117,
                26.992491134958073
              ],
              [
                90.06215654798649,
                27.001083926881847
              ],
              [
                90.07273853325688,
                26.998437928068086
              ],
              [
                90.07802550187557,
                26.993809104906404
              ],
              [
                90.08067351337212,
                26.987200310046433
              ],
              [
                90.08596065016405,
                26.97728301010295
              ],
              [
                90.08963058198594,
                26.966916440341606
              ],
              [
                90.1053466511272,
                26.96867731020984
              ],
              [
                90.1075896484437,
                26.95767773823718
              ],
              [
                90.11833960728723,
                26.94733815802971
              ],
              [
                90.10130355641417,
                26.947329104554683
              ],
              [
                90.09645060241354,
                26.942498279272286
              ],
              [
                90.08595260303036,
                26.94285048706047
              ],
              [
                90.0858386085651,
                26.92848893361753
              ],
              [
                90.08149762241749,
                26.92236830065667
              ],
              [
                90.07063266366669,
                26.917959586565814
              ],
              [
                90.05738858621447,
                26.908261054803972
              ],
              [
                90.05962353729655,
                26.901951157719907
              ],
              [
                90.06748961765192,
                26.904242099693306
              ],
              [
                90.08046765405913,
                26.905150027352022
              ],
              [
                90.0884626477332,
                26.901461152210572
              ],
              [
                90.09986857387577,
                26.904120227166914
              ],
              [
                90.1087725024492,
                26.91682970712543
              ],
              [
                90.13524657576903,
                26.93013882804462
              ],
              [
                90.14022861216091,
                26.923620388969937
              ],
              [
                90.14115162684624,
                26.912729615179728
              ],
              [
                90.13368251263802,
                26.916662404446527
              ],
              [
                90.12882955863739,
                26.90784095359726
              ],
              [
                90.13079058881476,
                26.900601168309436
              ],
              [
                90.127777629734,
                26.894261431719826
              ],
              [
                90.1288376048717,
                26.88490001982018
              ],
              [
                90.1217495334144,
                26.878641252791738
              ],
              [
                90.11624966289179,
                26.879651272388458
              ],
              [
                90.11126762739923,
                26.87435139490111
              ],
              [
                90.099738655115,
                26.87286142781278
              ],
              [
                90.08676162504912,
                26.863752980815548
              ],
              [
                90.06684152931331,
                26.86630275576772
              ],
              [
                90.05779259405313,
                26.86611181620748
              ],
              [
                90.04115250388509,
                26.872901660783157
              ],
              [
                90.0292126511431,
                26.87960215411624
              ],
              [
                90.02514659044294,
                26.87500954215676
              ],
              [
                90.02660353172774,
                26.866592770040427
              ],
              [
                90.04428851000688,
                26.86320178723281
              ],
              [
                90.05229155081457,
                26.859751125414277
              ],
              [
                90.05124666270348,
                26.850733537822634
              ],
              [
                90.06369764513039,
                26.8470734967446
              ],
              [
                90.0709075900134,
                26.85309321228209
              ],
              [
                90.07877350309485,
                26.852572528199744
              ],
              [
                90.08663153811517,
                26.85016356909358
              ],
              [
                90.09638958161406,
                26.852076487340184
              ],
              [
                90.09369664358542,
                26.841204991417385
              ],
              [
                90.07025162181503,
                26.832254459076182
              ],
              [
                90.06513966666245,
                26.831634199358973
              ],
              [
                90.05740350596722,
                26.833333210259582
              ],
              [
                90.04744764938965,
                26.8295135772899
              ],
              [
                90.03695652442423,
                26.82943344589694
              ],
              [
                90.0279085937068,
                26.833234303720303
              ],
              [
                90.02594756442869,
                26.837904197121134
              ],
              [
                90.02095764997574,
                26.840323885139355
              ],
              [
                90.01191759911808,
                26.839083865727957
              ],
              [
                90.00720261101185,
                26.833784323687723
              ],
              [
                90.01165759342337,
                26.82901351286347
              ],
              [
                90.01336666324107,
                26.824344624904654
              ],
              [
                90.00982665017995,
                26.81823388178833
              ],
              [
                90.01480851839858,
                26.81569198579666
              ],
              [
                90.0166396280166,
                26.806105603990602
              ],
              [
                90.02123257632252,
                26.802855605202183
              ],
              [
                90.01912653855908,
                26.79687494901981
              ],
              [
                90.01100162522499,
                26.793415067351646
              ],
              [
                89.99449950185067,
                26.795874820166944
              ],
              [
                89.98059861803193,
                26.78441642307962
              ],
              [
                89.97470865488066,
                26.785425437234267
              ],
              [
                89.96710157477804,
                26.784555562589276
              ],
              [
                89.96513350380832,
                26.774829704927072
              ],
              [
                89.96186053813346,
                26.76870404295738
              ],
              [
                89.98459661803963,
                26.76854210473448
              ],
              [
                89.99317952011893,
                26.77701570591023
              ],
              [
                89.99999953874789,
                26.779756755869755
              ],
              [
                90.00787366623689,
                26.779346712680763
              ],
              [
                90.00945264912065,
                26.77303597832787
              ],
              [
                90.02149157657516,
                26.772886779901114
              ],
              [
                90.01925662639235,
                26.779317544069556
              ],
              [
                90.01480851839858,
                26.783495420177644
              ],
              [
                90.03513362741512,
                26.79195611338406
              ],
              [
                90.03735365784519,
                26.798295681800425
              ],
              [
                90.04849957829305,
                26.80317445173972
              ],
              [
                90.05164362974989,
                26.798985680345027
              ],
              [
                90.05622853092211,
                26.801474769944832
              ],
              [
                90.0601576320692,
                26.79717401496896
              ],
              [
                90.06606251497323,
                26.797095728085537
              ],
              [
                90.07379951383666,
                26.801364799046382
              ],
              [
                90.07785752920176,
                26.794144963419456
              ],
              [
                90.082572517308,
                26.790665970258488
              ],
              [
                90.09700062238096,
                26.785846208435885
              ],
              [
                90.10027358805581,
                26.792543013649322
              ],
              [
                90.08361857903435,
                26.80226451319686
              ],
              [
                90.0976485434457,
                26.813954082814803
              ],
              [
                90.10055555519489,
                26.828006343218306
              ],
              [
                90.10630051165947,
                26.827241411362195
              ],
              [
                90.11480763956109,
                26.823444576206384
              ],
              [
                90.12922652478443,
                26.826244635181922
              ],
              [
                90.13539158335504,
                26.828861465384477
              ],
              [
                90.14247160857803,
                26.829153489641953
              ],
              [
                90.14325766371036,
                26.824354682922433
              ],
              [
                90.15308360062784,
                26.827594623693074
              ],
              [
                90.16802953983154,
                26.82570450505898
              ],
              [
                90.16541254325443,
                26.832363256359315
              ],
              [
                90.1588515239788,
                26.834424199417413
              ],
              [
                90.15767654893375,
                26.845063683742126
              ],
              [
                90.1604236342435,
                26.853981357553778
              ],
              [
                90.16422264755732,
                26.86068201906005
              ],
              [
                90.17104350525375,
                26.864482876883415
              ],
              [
                90.17405663160844,
                26.855723117727848
              ],
              [
                90.17772656432965,
                26.851653536181914
              ],
              [
                90.1893926652395,
                26.867311769023047
              ],
              [
                90.17497260640084,
                26.879260171619762
              ],
              [
                90.18218255218318,
                26.88599100807869
              ],
              [
                90.18755350758846,
                26.88802093801604
              ],
              [
                90.19332159821334,
                26.892510788042557
              ],
              [
                90.20353662321673,
                26.888600964762873
              ],
              [
                90.20707663627792,
                26.884530043227073
              ],
              [
                90.206573554626,
                26.876911227871005
              ],
              [
                90.22608964342248,
                26.88606979768315
              ],
              [
                90.21530162976654,
                26.8912726131407
              ],
              [
                90.2082675374171,
                26.89320061931329
              ],
              [
                90.21404250066104,
                26.899571199951083
              ],
              [
                90.21967363083354,
                26.898791515616097
              ],
              [
                90.22634864367512,
                26.903401227284974
              ],
              [
                90.23381758971016,
                26.897684265816338
              ],
              [
                90.2420806380112,
                26.889939723439625
              ],
              [
                90.25125865386394,
                26.888480935846644
              ],
              [
                90.26200056557383,
                26.8906716312909
              ],
              [
                90.26370963629086,
                26.897469353927704
              ],
              [
                90.25701853008127,
                26.90257125106251
              ],
              [
                90.24600957098505,
                26.904480145742298
              ],
              [
                90.2515186613573,
                26.913308637383864
              ],
              [
                90.2494205025543,
                26.919500516435846
              ],
              [
                90.25453161863948,
                26.92866998333318
              ],
              [
                90.26187165225514,
                26.91525055606843
              ],
              [
                90.26698260106633,
                26.920789317772915
              ],
              [
                90.27158359560661,
                26.923049245726247
              ],
              [
                90.27538260892044,
                26.929639099065298
              ],
              [
                90.27056150620871,
                26.93898642938035
              ],
              [
                90.27039353263558,
                26.945288279330782
              ],
              [
                90.2795566296349,
                26.944189412111825
              ],
              [
                90.27942654270095,
                26.950387997408313
              ],
              [
                90.28611764801121,
                26.94610819663609
              ],
              [
                90.29358659404625,
                26.946390331948407
              ],
              [
                90.28939865992038,
                26.93957953316908
              ],
              [
                90.2890015256001,
                26.9319580360347
              ],
              [
                90.29306758719957,
                26.923909229627384
              ],
              [
                90.29910255703754,
                26.924419352071595
              ],
              [
                90.30228466330675,
                26.919679554368088
              ],
              [
                90.30132258836693,
                26.91308081662652
              ],
              [
                90.29371651370633,
                26.913150889102383
              ],
              [
                90.28781850432068,
                26.905491170781033
              ],
              [
                90.28074652533206,
                26.902861265335275
              ],
              [
                90.28061660477266,
                26.89665832102486
              ],
              [
                90.28350064963541,
                26.892111809212793
              ],
              [
                90.30642666365975,
                26.89052075562853
              ],
              [
                90.31181354605849,
                26.895710495842877
              ],
              [
                90.32058755407252,
                26.898352303815898
              ],
              [
                90.33199364838833,
                26.905810186391136
              ],
              [
                90.33305362442542,
                26.910859947128984
              ],
              [
                90.32321159324061,
                26.91358976635479
              ],
              [
                90.31718450236303,
                26.91881353511667
              ],
              [
                90.3228915721885,
                26.924184324147404
              ],
              [
                90.32771250672698,
                26.920003429914516
              ],
              [
                90.33920258782933,
                26.922839362846446
              ],
              [
                90.35191357685028,
                26.926919170583403
              ],
              [
                90.35164652856463,
                26.9331197676633
              ],
              [
                90.3506165611056,
                26.94043448716201
              ],
              [
                90.36476152542423,
                26.941288602986788
              ],
              [
                90.36947651442978,
                26.944956187578157
              ],
              [
                90.3688205462314,
                26.951628015920335
              ],
              [
                90.36357850414481,
                26.955096782890337
              ],
              [
                90.36422759792549,
                26.96423641028224
              ],
              [
                90.36134355306268,
                26.96854738965044
              ],
              [
                90.36659263594157,
                26.96998522214045
              ],
              [
                90.37156662519976,
                26.968038440821545
              ],
              [
                90.37471755017498,
                26.963845644960713
              ],
              [
                90.37864665132207,
                26.956847762014775
              ],
              [
                90.38272059098267,
                26.952668881363934
              ],
              [
                90.38796263306921,
                26.951418133040534
              ],
              [
                90.39334063016611,
                26.943140501333232
              ],
              [
                90.39726252324704,
                26.935679600633193
              ],
              [
                90.40683750614613,
                26.938549564810728
              ],
              [
                90.4130555365839,
                26.943907276799507
              ],
              [
                90.41535955380056,
                26.9393186884069
              ],
              [
                90.4124676299773,
                26.932039004696435
              ],
              [
                90.41326156407007,
                26.927249083278696
              ],
              [
                90.42872651101982,
                26.931689815033053
              ],
              [
                90.43646250444118,
                26.9323290189692
              ],
              [
                90.43437960173742,
                26.92592205985534
              ],
              [
                90.45992261323818,
                26.924541057324063
              ],
              [
                90.46975659728929,
                26.918870365075406
              ],
              [
                90.47736351011804,
                26.920799543963938
              ],
              [
                90.47709663000563,
                26.929001906013298
              ],
              [
                90.48954057074093,
                26.932488946307956
              ],
              [
                90.49189756162332,
                26.93753870704586
              ],
              [
                90.48848763639546,
                26.943369326633274
              ],
              [
                90.48090352317922,
                26.94190836088228
              ],
              [
                90.47551764712188,
                26.9464292240296
              ],
              [
                90.47367865764409,
                26.961988551230775
              ],
              [
                90.46440860787112,
                26.961292684609873
              ],
              [
                90.46752164710648,
                26.972016994788646
              ],
              [
                90.46135759487726,
                26.973260198699336
              ],
              [
                90.45258358596391,
                26.969917161447995
              ],
              [
                90.44917265529398,
                26.975157861746084
              ],
              [
                90.45388764340021,
                26.979527851029616
              ],
              [
                90.4529575870232,
                26.988419541628673
              ],
              [
                90.44103952665301,
                26.99031737194929
              ],
              [
                90.43697363322673,
                27.006326639862664
              ],
              [
                90.47354152991784,
                26.998635908420567
              ],
              [
                90.49241657026869,
                26.98261775610473
              ],
              [
                90.49754361244794,
                26.99096914930692
              ],
              [
                90.49941260870509,
                26.999292882061013
              ],
              [
                90.50643966116161,
                26.99243615040814
              ],
              [
                90.50566852578203,
                26.979103727155405
              ],
              [
                90.4991836152318,
                26.965537281420552
              ],
              [
                90.51322162677684,
                26.96873833011
              ],
              [
                90.5147935688683,
                26.97625304084528
              ],
              [
                90.51928760973556,
                26.978827795366612
              ],
              [
                90.52364351833387,
                26.98492646688311
              ],
              [
                90.53585058573611,
                26.988945421993776
              ],
              [
                90.53601856020856,
                26.994797163958083
              ],
              [
                90.52467365396615,
                27.007165499588268
              ],
              [
                90.5231555228093,
                27.012782213628384
              ],
              [
                90.53222658678771,
                27.012019292656362
              ],
              [
                90.5346836578247,
                27.016675105371974
              ],
              [
                90.53510258541615,
                27.02276690426936
              ],
              [
                90.54831665608896,
                27.01906696476874
              ],
              [
                90.55711363098942,
                27.021665018925603
              ],
              [
                90.56080652879842,
                27.028584783161364
              ],
              [
                90.5664066467495,
                27.021114998958183
              ],
              [
                90.56429256275175,
                27.015485209674807
              ],
              [
                90.57369957297709,
                27.01200437290362
              ],
              [
                90.58068857062119,
                26.999938791342288
              ],
              [
                90.5626606062022,
                27.004596782215856
              ],
              [
                90.55269653521708,
                27.002818645364357
              ],
              [
                90.55050651156643,
                26.984667465731093
              ],
              [
                90.55178860665904,
                26.97764695224521
              ],
              [
                90.54701259865266,
                26.96619039876805
              ],
              [
                90.54960663014202,
                26.96137046877226
              ],
              [
                90.55549659419262,
                26.960567483003103
              ],
              [
                90.56083653737647,
                26.954967868672327
              ],
              [
                90.55948654706668,
                26.94770813462287
              ],
              [
                90.55358853678172,
                26.944878404315034
              ],
              [
                90.55711363098942,
                26.940678400388038
              ],
              [
                90.5730975847859,
                26.943888334379267
              ],
              [
                90.57832353440375,
                26.940398445032372
              ],
              [
                90.57450859409653,
                26.936409832148172
              ],
              [
                90.57985658441402,
                26.93197899113767
              ],
              [
                90.58161158710521,
                26.915130695325445
              ],
              [
                90.58963055310772,
                26.922061187573888
              ],
              [
                90.58970666093381,
                26.935286825326898
              ],
              [
                90.59752664114171,
                26.942883511065304
              ],
              [
                90.6042866462119,
                26.944807326397154
              ],
              [
                90.60598750162205,
                26.937027579159576
              ],
              [
                90.61132861932049,
                26.93582863088676
              ],
              [
                90.61665364185228,
                26.926829988413374
              ],
              [
                90.62659457867704,
                26.922761412309455
              ],
              [
                90.63630652202852,
                26.91603661120081
              ],
              [
                90.64295152809069,
                26.92070952182712
              ],
              [
                90.64684257532474,
                26.9118307391974
              ],
              [
                90.63258361564152,
                26.888611861848062
              ],
              [
                90.62989755203057,
                26.87748119660006
              ],
              [
                90.63992364925718,
                26.863122996729032
              ],
              [
                90.6443635428434,
                26.860442129400894
              ],
              [
                90.64642364683402,
                26.85354130758543
              ],
              [
                90.64382961624398,
                26.84292579558911
              ],
              [
                90.64396657579698,
                26.834814292945396
              ],
              [
                90.64103659806074,
                26.8257946935704
              ],
              [
                90.64167764560705,
                26.82111373670972
              ],
              [
                90.6389005544172,
                26.816426072705212
              ],
              [
                90.64295152809069,
                26.812804252814146
              ],
              [
                90.65096261513276,
                26.8150541227497
              ],
              [
                90.65052759507262,
                26.808854196564084
              ],
              [
                90.66455856492598,
                26.811245386865266
              ],
              [
                90.66683156992116,
                26.82060478698145
              ],
              [
                90.66188054665008,
                26.825042669683626
              ],
              [
                90.65576159002552,
                26.83391524968914
              ],
              [
                90.66069752537067,
                26.851843470300082
              ],
              [
                90.66959357408433,
                26.85253950329559
              ],
              [
                90.67516351708281,
                26.861712154692327
              ],
              [
                90.67151655124803,
                26.867551826855447
              ],
              [
                90.66024054386617,
                26.864822846697166
              ],
              [
                90.65579964393856,
                26.86832279496116
              ],
              [
                90.65844765543511,
                26.874534288226982
              ],
              [
                90.65795865536779,
                26.882261229072583
              ],
              [
                90.66504655955123,
                26.885321964637114
              ],
              [
                90.67643756594106,
                26.882790964831315
              ],
              [
                90.68170961570638,
                26.888771955561424
              ],
              [
                90.67465959726275,
                26.89662848241869
              ],
              [
                90.69143664698385,
                26.897230469710564
              ],
              [
                90.69020065113932,
                26.910100715175986
              ],
              [
                90.7022476248282,
                26.908622816989578
              ],
              [
                90.70294164693962,
                26.916808583849217
              ],
              [
                90.71109757429377,
                26.92362927427172
              ],
              [
                90.71399653890933,
                26.929139033739546
              ],
              [
                90.72411366371477,
                26.93349997134675
              ],
              [
                90.72679855460979,
                26.929265098006
              ],
              [
                90.71935257456181,
                26.92329919520182
              ],
              [
                90.73175862955725,
                26.91550050374542
              ],
              [
                90.72454063843986,
                26.912669599822323
              ],
              [
                90.72068764511891,
                26.903651174961908
              ],
              [
                90.72499862538643,
                26.899561477380416
              ],
              [
                90.73168151628909,
                26.89912327102229
              ],
              [
                90.73623657795588,
                26.8951504169583
              ],
              [
                90.74096665398804,
                26.897620564137867
              ],
              [
                90.7506105357478,
                26.898814314329286
              ],
              [
                90.73895265014482,
                26.887091887081056
              ],
              [
                90.73432952688631,
                26.87982108867243
              ],
              [
                90.72438054382718,
                26.881542229190643
              ],
              [
                90.71673557708539,
                26.876827409257658
              ],
              [
                90.7034606537863,
                26.86839068837969
              ],
              [
                90.69595365383822,
                26.855113417850077
              ],
              [
                90.71217364279954,
                26.848963616278013
              ],
              [
                90.71830751917685,
                26.84371268888964
              ],
              [
                90.71047261921615,
                26.82391362841139
              ],
              [
                90.7024915389535,
                26.825405606383754
              ],
              [
                90.69692964308871,
                26.813805051661973
              ],
              [
                90.70175963110228,
                26.809605215908107
              ],
              [
                90.69883753232642,
                26.801055842353378
              ],
              [
                90.70218660492804,
                26.789825265124023
              ],
              [
                90.72074162422672,
                26.80662444266403
              ],
              [
                90.72637962701833,
                26.8073454552287
              ],
              [
                90.7338715399398,
                26.813454185662295
              ],
              [
                90.72575366739801,
                26.81401510271496
              ],
              [
                90.72554059911954,
                26.821851847185144
              ],
              [
                90.72122961795264,
                26.82570450505898
              ],
              [
                90.72992651359789,
                26.836614223068068
              ],
              [
                90.72917163886024,
                26.84246378507578
              ],
              [
                90.74166855416058,
                26.853503421845573
              ],
              [
                90.7464906632137,
                26.84790347296706
              ],
              [
                90.7649075484448,
                26.862712954439417
              ],
              [
                90.7715835667284,
                26.85981197804051
              ],
              [
                90.77957956674379,
                26.86205095179014
              ],
              [
                90.7918015547981,
                26.869594664762133
              ],
              [
                90.79123661507788,
                26.863503033138613
              ],
              [
                90.79408260602759,
                26.85473120328254
              ],
              [
                90.7896115320467,
                26.85003348215963
              ],
              [
                90.79049666099229,
                26.8452425544005
              ],
              [
                90.79479959412612,
                26.840100927016294
              ],
              [
                90.79476958734676,
                26.83390217444594
              ],
              [
                90.78977162576007,
                26.82967350372934
              ],
              [
                90.78321060738381,
                26.82789234875304
              ],
              [
                90.78922261123466,
                26.823232682442494
              ],
              [
                90.7956235349983,
                26.82079388293147
              ],
              [
                90.80048353069054,
                26.82385461939532
              ],
              [
                90.80417659667279,
                26.830183458899626
              ],
              [
                90.809280505591,
                26.82646356973811
              ],
              [
                90.80975357956419,
                26.816513915784753
              ],
              [
                90.79857664779422,
                26.80898528983937
              ],
              [
                90.80917355281736,
                26.804804397405178
              ],
              [
                90.82730059194893,
                26.81574496036177
              ],
              [
                90.83345760158721,
                26.815414881291872
              ],
              [
                90.84216354980816,
                26.82598345497263
              ],
              [
                90.85053254544079,
                26.822734797073394
              ],
              [
                90.87674761760866,
                26.824104567072254
              ],
              [
                90.88316362929822,
                26.823183731444203
              ],
              [
                90.89064766325919,
                26.827774331620276
              ],
              [
                90.87846356094474,
                26.829023402708003
              ],
              [
                90.87284852414024,
                26.83275435622869
              ],
              [
                90.86303750607618,
                26.835065246963723
              ],
              [
                90.86745460184858,
                26.84639456165985
              ],
              [
                90.8528826628048,
                26.847083554762378
              ],
              [
                90.84800758098521,
                26.841912758766966
              ],
              [
                90.84133156180229,
                26.843882674246174
              ],
              [
                90.83241254710151,
                26.841862803225922
              ],
              [
                90.82544651544447,
                26.837394074676922
              ],
              [
                90.81443755544899,
                26.83724403898134
              ],
              [
                90.8085935251712,
                26.845763740304506
              ],
              [
                90.81553659084113,
                26.849303586091764
              ],
              [
                90.81636053171331,
                26.854453426984207
              ],
              [
                90.82436357342033,
                26.857293216209086
              ],
              [
                90.82792655156925,
                26.861162972893055
              ],
              [
                90.82508056061954,
                26.86970178480965
              ],
              [
                90.82864353966778,
                26.874151401865845
              ],
              [
                90.83660852656243,
                26.869621654316063
              ],
              [
                90.84853362862424,
                26.86907180072319
              ],
              [
                90.85630750868472,
                26.878692381947985
              ],
              [
                90.88735156432341,
                26.877502151703084
              ],
              [
                90.8964075385772,
                26.880581998760363
              ],
              [
                90.8982696631146,
                26.886551925131357
              ],
              [
                90.88806151073032,
                26.888510944424695
              ],
              [
                90.87721264624679,
                26.892811531227323
              ],
              [
                90.87388653873296,
                26.905545149888894
              ],
              [
                90.85922256666828,
                26.911941716437184
              ],
              [
                90.84625961818699,
                26.914819557776525
              ],
              [
                90.84171260365389,
                26.91948844573534
              ],
              [
                90.83779154874117,
                26.923692305955285
              ],
              [
                90.82544651544447,
                26.919200612318548
              ],
              [
                90.8212436606666,
                26.913219787962987
              ],
              [
                90.81693251312515,
                26.919412338808513
              ],
              [
                90.82050353930708,
                26.923749135014702
              ],
              [
                90.81540650300786,
                26.92830017311462
              ],
              [
                90.79232056344341,
                26.921428354435136
              ],
              [
                90.78645356627925,
                26.92703014692387
              ],
              [
                90.79289254395593,
                26.93173893330527
              ],
              [
                90.79846164788688,
                26.940575637555753
              ],
              [
                90.8096996013557,
                26.94119941901812
              ],
              [
                90.81027962810253,
                26.95086710673172
              ],
              [
                90.81523853033406,
                26.94678931077823
              ],
              [
                90.82543964102678,
                26.94190836088228
              ],
              [
                90.84298665341151,
                26.942078346238816
              ],
              [
                90.83895864482577,
                26.947689192202574
              ],
              [
                90.82881151324091,
                26.951328949071865
              ],
              [
                90.82121264844511,
                26.960267578885805
              ],
              [
                90.82660656983751,
                26.968717375006975
              ],
              [
                90.83851658397333,
                26.964418465439962
              ],
              [
                90.84574865757463,
                26.970767086432033
              ],
              [
                90.82614154209864,
                26.978426803854063
              ],
              [
                90.85607164169306,
                26.99151632022216
              ],
              [
                90.86418163617373,
                26.98779743740198
              ],
              [
                90.87191762959509,
                26.989926272979233
              ],
              [
                90.87242155031447,
                26.98512763263426
              ],
              [
                90.87840254104458,
                26.974147004880535
              ],
              [
                90.87811252677187,
                26.96852643634611
              ],
              [
                90.88201866103253,
                26.965266545914517
              ],
              [
                90.8909525972847,
                26.96950628009091
              ],
              [
                90.88812253063043,
                26.980736857320267
              ],
              [
                90.89025153438098,
                26.988224579400935
              ],
              [
                90.89617150521099,
                26.99175721532339
              ],
              [
                90.90229750262779,
                26.986977519197296
              ],
              [
                90.90911852759814,
                26.98723635217607
              ],
              [
                90.91486365223591,
                26.982107800934386
              ],
              [
                90.9242785414217,
                26.98026780511526
              ],
              [
                90.92884852194192,
                26.9917344166102
              ],
              [
                90.93431050582535,
                26.99539613492385
              ],
              [
                90.94663257403425,
                26.995436199720984
              ],
              [
                90.9577865398171,
                27.000267025902644
              ],
              [
                90.94177257924133,
                26.982300752278036
              ],
              [
                90.92844350866113,
                26.959953759558516
              ],
              [
                90.9189075851171,
                26.953098872415183
              ],
              [
                90.90907259472465,
                26.94943614776014
              ],
              [
                90.9023436027752,
                26.940758363607756
              ],
              [
                90.90704350385477,
                26.93713855460078
              ],
              [
                90.92106659564706,
                26.941357501847392
              ],
              [
                90.93196055483588,
                26.942259395055203
              ],
              [
                90.92980959143966,
                26.932299850357936
              ],
              [
                90.94599957182294,
                26.947098268370553
              ],
              [
                90.94896659892959,
                26.957216734065184
              ],
              [
                90.95696259894493,
                26.9649275824421
              ],
              [
                90.96204354097682,
                26.959787798668117
              ],
              [
                90.97496055658456,
                26.948248264745757
              ],
              [
                90.98364253157774,
                26.952593108085637
              ],
              [
                90.98615257717984,
                26.95740884724063
              ],
              [
                90.98657955100566,
                26.966188555157828
              ],
              [
                90.98879958233505,
                26.97215999059125
              ],
              [
                91.00301361278815,
                26.950909016038395
              ],
              [
                91.01219950939998,
                26.953748973436518
              ],
              [
                91.02136964629233,
                26.954018031706937
              ],
              [
                91.02513865192742,
                26.948529226442815
              ],
              [
                91.01357263207149,
                26.93935841775692
              ],
              [
                90.98940257596826,
                26.92886896912779
              ],
              [
                90.96318063028201,
                26.92444935885095
              ],
              [
                90.95568050295299,
                26.918569453717453
              ],
              [
                90.93810264562075,
                26.91254973907934
              ],
              [
                90.93283864298917,
                26.908078832372382
              ],
              [
                90.93946856112535,
                26.8981615324289
              ],
              [
                90.93576862072541,
                26.89123858279453
              ],
              [
                90.93010765194674,
                26.885599909108635
              ],
              [
                90.92902353630734,
                26.878581238333652
              ],
              [
                90.93096159959833,
                26.872501509237395
              ],
              [
                90.94583159914913,
                26.887291880116322
              ],
              [
                90.95408660031654,
                26.88755171943643
              ],
              [
                90.95850352791564,
                26.87796919212468
              ],
              [
                90.95976265702114,
                26.86885269889308
              ],
              [
                90.97303054042726,
                26.875682440992023
              ],
              [
                90.97960664583019,
                26.881551281766406
              ],
              [
                90.98577857612054,
                26.883562100210895
              ],
              [
                90.989066628822,
                26.888720827304496
              ],
              [
                90.99754358267035,
                26.89351560955788
              ],
              [
                90.99948852037909,
                26.899989290273652
              ],
              [
                90.99112656643803,
                26.90756988264411
              ],
              [
                90.99707050869716,
                26.915319623102278
              ],
              [
                91.00396764059428,
                26.90749997834149
              ],
              [
                91.01329066493241,
                26.910219737750822
              ],
              [
                91.00807158883293,
                26.913949684930174
              ],
              [
                91.00875052301836,
                26.919919444027244
              ],
              [
                91.00641666629627,
                26.92423830325521
              ],
              [
                91.01157354798102,
                26.932448879712183
              ],
              [
                91.02075156383376,
                26.936108587141746
              ],
              [
                91.0229496346181,
                26.93061810464195
              ],
              [
                91.01599164919543,
                26.924739373123714
              ],
              [
                91.02291057526298,
                26.92206923380826
              ],
              [
                91.03179153695004,
                26.92452731118658
              ],
              [
                91.0317766171973,
                26.911315755018222
              ],
              [
                91.02568062566053,
                26.898091459053717
              ],
              [
                91.01764657173209,
                26.890921578967834
              ],
              [
                91.018402620085,
                26.8836719029361
              ],
              [
                91.02810651720216,
                26.883748178935434
              ],
              [
                91.03218850399645,
                26.889920780120065
              ],
              [
                91.04409751179088,
                26.88366301943296
              ],
              [
                91.0564115328661,
                26.886721909588573
              ],
              [
                91.06118066915275,
                26.896920506676167
              ],
              [
                91.06638365098485,
                26.890610777765346
              ],
              [
                91.07544666782962,
                26.895211605031704
              ],
              [
                91.07980358097063,
                26.90037016305274
              ],
              [
                91.08424364273009,
                26.896641556762575
              ],
              [
                91.10360751497501,
                26.89436050643235
              ],
              [
                91.11318953956578,
                26.896260515810297
              ],
              [
                91.12812055901674,
                26.895260555130676
              ],
              [
                91.13269758122857,
                26.892590751262276
              ],
              [
                91.13239264720306,
                26.884741936990963
              ],
              [
                91.14630157815549,
                26.88783184206602
              ],
              [
                91.13783250326759,
                26.897869506372786
              ],
              [
                91.13500964467954,
                26.91376260076356
              ],
              [
                91.12866253274984,
                26.914401637425783
              ],
              [
                91.11221355121461,
                26.908790790562705
              ],
              [
                91.10341657631409,
                26.909108968004603
              ],
              [
                91.09004961909483,
                26.906610993103016
              ],
              [
                91.07891862019835,
                26.907270983968886
              ],
              [
                91.06494162765415,
                26.915889760004575
              ],
              [
                91.05551165234107,
                26.91574056157782
              ],
              [
                91.05876165112949,
                26.92143237710269
              ],
              [
                91.06537664861361,
                26.924081394041252
              ],
              [
                91.06697055214943,
                26.929348916619347
              ],
              [
                91.08437356239017,
                26.924259258358234
              ],
              [
                91.09436764105396,
                26.931429808439077
              ],
              [
                91.10263856741614,
                26.934616942817797
              ],
              [
                91.10987064101744,
                26.94119941901812
              ],
              [
                91.10491961864562,
                26.94656819626539
              ],
              [
                91.09455857971483,
                26.943606533614798
              ],
              [
                91.07924652021092,
                26.948466026586004
              ],
              [
                91.06945762996583,
                26.953937901213294
              ],
              [
                91.07694954288723,
                26.960288533089454
              ],
              [
                91.07132763256436,
                26.96482649594617
              ],
              [
                91.06395759306861,
                26.955907983067107
              ],
              [
                91.05883759078233,
                26.95413789334924
              ],
              [
                91.05795263001005,
                26.959167538051588
              ],
              [
                91.05928753239385,
                26.965137297148715
              ],
              [
                91.05590861938742,
                26.97039710893955
              ],
              [
                91.05052156971482,
                26.967218356242313
              ],
              [
                91.04122151316244,
                26.968709160599417
              ],
              [
                91.04609659588135,
                26.973998141900893
              ],
              [
                91.05151365233337,
                26.983837490408007
              ],
              [
                91.04386851831765,
                26.999148041748867
              ],
              [
                91.03249360529583,
                27.004375667703073
              ],
              [
                91.02266666203701,
                27.005046554754813
              ],
              [
                91.01416757857106,
                27.008885634664466
              ],
              [
                91.01995863608238,
                27.012765282092232
              ],
              [
                91.02780963031034,
                27.011617296601116
              ],
              [
                91.04067266591096,
                27.017276255395018
              ],
              [
                91.04562352100885,
                27.011443288577027
              ],
              [
                91.0582505232432,
                27.02037303308913
              ],
              [
                91.05662560658664,
                27.027462781782106
              ],
              [
                91.06289661158951,
                27.034205519868976
              ],
              [
                91.07005358370611,
                27.022175980437282
              ],
              [
                91.06262956420318,
                27.00541670042054
              ],
              [
                91.06755862602995,
                26.99547408725948
              ],
              [
                91.07980358097063,
                26.99843004910764
              ],
              [
                91.09023251332002,
                26.996727181014762
              ],
              [
                91.09335359789037,
                26.990647283745318
              ],
              [
                91.09226965042421,
                26.985497442852875
              ],
              [
                91.08647959925429,
                26.978806840263587
              ],
              [
                91.09588660858026,
                26.974857118561317
              ],
              [
                91.10832954387354,
                26.973375198606675
              ],
              [
                91.11459350808411,
                26.96742723278072
              ],
              [
                91.12351956537583,
                26.971437135315682
              ],
              [
                91.12860050740767,
                26.96759017734496
              ],
              [
                91.13816056965476,
                26.963758473674773
              ],
              [
                91.13864856517932,
                26.958495811932323
              ],
              [
                91.13363652200803,
                26.95320900968818
              ],
              [
                91.13688652079645,
                26.94691135057849
              ],
              [
                91.14835363501243,
                26.951152930163744
              ],
              [
                91.15673050870618,
                26.949863959754055
              ],
              [
                91.15399951676443,
                26.96181856587424
              ],
              [
                91.1558606349605,
                26.96814740627792
              ],
              [
                91.16581766605259,
                26.96829727380026
              ],
              [
                91.17036451331182,
                26.980257747097482
              ],
              [
                91.15908850592996,
                26.984196570815243
              ],
              [
                91.14308963238079,
                26.980745908996653
              ],
              [
                91.12239856943859,
                26.984898471887107
              ],
              [
                91.11493666329653,
                26.98392767981869
              ],
              [
                91.10891761865332,
                26.98835634177192
              ],
              [
                91.11707253966614,
                26.99177615864295
              ],
              [
                91.12286359717746,
                26.99706698265527
              ],
              [
                91.11908754985069,
                27.002786794075405
              ],
              [
                91.12423655257498,
                27.01017560961685
              ],
              [
                91.13023363667315,
                27.004115829282227
              ],
              [
                91.13585655333742,
                27.005065666247617
              ],
              [
                91.13657354143595,
                27.014543418943788
              ],
              [
                91.15765352429088,
                27.011806225277212
              ],
              [
                91.16121650423844,
                27.01790523314014
              ],
              [
                91.16673263360434,
                27.0202649058009
              ],
              [
                91.17900860166577,
                27.012933422939284
              ],
              [
                91.18195366732806,
                26.997605940062215
              ],
              [
                91.19352756704376,
                27.007825491353458
              ],
              [
                91.20451356015286,
                27.004115829282227
              ],
              [
                91.20639060264438,
                27.01149525590148
              ],
              [
                91.21026656285176,
                27.016994288255944
              ],
              [
                91.20841952713965,
                27.025082824013282
              ],
              [
                91.19268066018446,
                27.020351071644768
              ],
              [
                91.18883554492464,
                27.024710668362786
              ],
              [
                91.17855061471926,
                27.025684813103794
              ],
              [
                91.17044062113791,
                27.02928266066641
              ],
              [
                91.17414055973921,
                27.036539376591122
              ],
              [
                91.17042553321193,
                27.0439509908457
              ],
              [
                91.15812659916338,
                27.057334375980815
              ],
              [
                91.14840660867821,
                27.05238268271478
              ],
              [
                91.13979353344496,
                27.055173520941366
              ],
              [
                91.13326252094873,
                27.061114278701154
              ],
              [
                91.12226060264487,
                27.06295310090502
              ],
              [
                91.12991361562104,
                27.070583649715786
              ],
              [
                91.10399660306092,
                27.078810321339404
              ],
              [
                91.10820750407322,
                27.08222225835067
              ],
              [
                91.12000251830176,
                27.08178338199764
              ],
              [
                91.133506602348,
                27.086042058594273
              ],
              [
                91.13739764868268,
                27.079721434396845
              ],
              [
                91.14434054707874,
                27.076372696343014
              ],
              [
                91.15090156635438,
                27.074871496722324
              ],
              [
                91.16294854004326,
                27.07713360463231
              ],
              [
                91.16870858443377,
                27.075623520609156
              ],
              [
                91.17743665957437,
                27.06758393495079
              ],
              [
                91.18940752633642,
                27.050294582828883
              ],
              [
                91.21145662582279,
                27.042120047602282
              ],
              [
                91.2167435953408,
                27.03692427383629
              ],
              [
                91.22997258486708,
                27.038265210671057
              ],
              [
                91.21941356558375,
                27.04805393274296
              ],
              [
                91.19013960236094,
                27.05971232196623
              ],
              [
                91.18937651321568,
                27.071012804397526
              ],
              [
                91.19712055377073,
                27.08241319791091
              ],
              [
                91.1975475275965,
                27.09336298071713
              ],
              [
                91.19767761542977,
                27.100751628984654
              ],
              [
                91.19283254038959,
                27.103442387056646
              ],
              [
                91.19062759608687,
                27.11046122510561
              ],
              [
                91.20449864040012,
                27.107112151604667
              ],
              [
                91.20702360485564,
                27.11449074185441
              ],
              [
                91.20731361822908,
                27.12116055661454
              ],
              [
                91.20448254703206,
                27.131691077281516
              ],
              [
                91.20484950729906,
                27.138379836260583
              ],
              [
                91.21404261017847,
                27.12996105326016
              ],
              [
                91.22097058882179,
                27.1260014417133
              ],
              [
                91.21784950335206,
                27.139830743993798
              ],
              [
                91.22297654643063,
                27.14634063321381
              ],
              [
                91.22714251911214,
                27.156220047417378
              ],
              [
                91.22586863842707,
                27.164179668956706
              ],
              [
                91.21994061956411,
                27.164009851773358
              ],
              [
                91.22408262171581,
                27.173528341060262
              ],
              [
                91.22972850436713,
                27.176479106625607
              ],
              [
                91.21575955895662,
                27.185088661912346
              ],
              [
                91.21145662582279,
                27.19139738538115
              ],
              [
                91.1944195686084,
                27.18829675229341
              ],
              [
                91.16938751771994,
                27.187518576121533
              ],
              [
                91.1629865939563,
                27.191708689304733
              ],
              [
                91.18884258571694,
                27.198817381317212
              ],
              [
                91.19500764338818,
                27.202927028559657
              ],
              [
                91.18640160804796,
                27.210506783661287
              ],
              [
                91.17880257507892,
                27.210956557099564
              ],
              [
                91.16226155872414,
                27.222246309719537
              ],
              [
                91.16050756237428,
                27.230296959737018
              ],
              [
                91.17101260165043,
                27.236926542426147
              ],
              [
                91.17887851473182,
                27.234835760761882
              ],
              [
                91.1836476501191,
                27.238236634313353
              ],
              [
                91.18524959898997,
                27.243506168674912
              ],
              [
                91.17595658322989,
                27.244765131405813
              ],
              [
                91.17073851257248,
                27.249316168606413
              ],
              [
                91.14968853739623,
                27.232623775666866
              ],
              [
                91.14331057872039,
                27.239504313273585
              ],
              [
                91.14849059456543,
                27.254276747174288
              ],
              [
                91.13935063262574,
                27.260795520796762
              ],
              [
                91.12835659328232,
                27.264625379957465
              ],
              [
                91.1223295024048,
                27.26249553803882
              ],
              [
                91.10916153187935,
                27.25039491978987
              ],
              [
                91.10462155813855,
                27.260334515725447
              ],
              [
                91.11266365920068,
                27.26714531540415
              ],
              [
                91.1125865450332,
                27.279902739120246
              ],
              [
                91.13301056058907,
                27.276343782739502
              ],
              [
                91.14038060098409,
                27.28061067464307
              ],
              [
                91.1396336061062,
                27.292983202013318
              ],
              [
                91.14710959293353,
                27.292893012602576
              ],
              [
                91.15246562858607,
                27.28268167571889
              ],
              [
                91.16899155701492,
                27.286282374132384
              ],
              [
                91.17893266201293,
                27.299783776400318
              ],
              [
                91.19674655271137,
                27.308561471634732
              ],
              [
                91.18689764890752,
                27.31168339617193
              ],
              [
                91.19432854192883,
                27.316472983041876
              ],
              [
                91.20490264823877,
                27.319695992276365
              ],
              [
                91.20107262090488,
                27.34140093110824
              ],
              [
                91.19370258140918,
                27.360340344031783
              ],
              [
                91.19960763158707,
                27.365741138942553
              ],
              [
                91.18963651980971,
                27.389699804002873
              ],
              [
                91.18271658830008,
                27.394468771216964
              ],
              [
                91.17577352263015,
                27.394569856813575
              ],
              [
                91.17225664372927,
                27.399478635330922
              ],
              [
                91.1789625006191,
                27.401368585791715
              ],
              [
                91.17990865126342,
                27.408279130177846
              ],
              [
                91.18334154337771,
                27.413637849407394
              ],
              [
                91.18231962125367,
                27.42272852580095
              ],
              [
                91.17693357792245,
                27.424477325868054
              ],
              [
                91.17915360925184,
                27.430536268034473
              ],
              [
                91.17633058428919,
                27.443467700673978
              ],
              [
                91.18560063406215,
                27.44450772794943
              ],
              [
                91.19387860121662,
                27.440879705434213
              ],
              [
                91.20005757229927,
                27.43470794241773
              ],
              [
                91.20754965339393,
                27.42203752181433
              ],
              [
                91.20799255331383,
                27.4114181526258
              ],
              [
                91.21159358627517,
                27.404138303440106
              ],
              [
                91.2057576022317,
                27.39786176580799
              ],
              [
                91.21144053155547,
                27.393527818654036
              ],
              [
                91.21888751794478,
                27.392309760687056
              ],
              [
                91.240341501859,
                27.40046166537371
              ],
              [
                91.23758653758881,
                27.388648881440872
              ],
              [
                91.2275775400716,
                27.374579688601898
              ],
              [
                91.2149805446166,
                27.377901437101798
              ],
              [
                91.21163164018822,
                27.37324076265122
              ],
              [
                91.2239686281498,
                27.368800869065012
              ],
              [
                91.21695766906134,
                27.362272204698627
              ],
              [
                91.22099254936683,
                27.351461728675986
              ],
              [
                91.22109950214048,
                27.339421293058365
              ],
              [
                91.21565260618297,
                27.333031264581336
              ],
              [
                91.21827664535107,
                27.32577086143624
              ],
              [
                91.2274325333849,
                27.321471781897344
              ],
              [
                91.21820858375929,
                27.310440526809032
              ],
              [
                91.21749159566076,
                27.298383829650163
              ],
              [
                91.22139756264755,
                27.29336407569167
              ],
              [
                91.218612591598,
                27.286803392762522
              ],
              [
                91.20742761179503,
                27.277052891877588
              ],
              [
                91.21926855889706,
                27.270334126119167
              ],
              [
                91.219131599344,
                27.25802479860573
              ],
              [
                91.22339664673802,
                27.246306060376526
              ],
              [
                91.23657953611684,
                27.23605650140655
              ],
              [
                91.24220262005502,
                27.234446672675972
              ],
              [
                91.23826563994749,
                27.227368825610938
              ],
              [
                91.25409654082284,
                27.221996193869415
              ],
              [
                91.25890356194998,
                27.212007815108734
              ],
              [
                91.26368761709,
                27.207956841435248
              ],
              [
                91.2587736422899,
                27.197268237939
              ],
              [
                91.27507761803781,
                27.187957619748488
              ],
              [
                91.28352355876541,
                27.180947834275287
              ],
              [
                91.27230857218302,
                27.158099101692358
              ],
              [
                91.28376764016463,
                27.15170940866244
              ],
              [
                91.29084062459532,
                27.137311813989186
              ],
              [
                91.28128860768328,
                27.139010657615927
              ],
              [
                91.26995057495924,
                27.13264996682267
              ],
              [
                91.26127664620043,
                27.13510100340875
              ],
              [
                91.26290860274997,
                27.12883033385299
              ],
              [
                91.25920866324935,
                27.121681576143942
              ],
              [
                91.25173954904113,
                27.124180389213734
              ],
              [
                91.24815360400578,
                27.119049658914776
              ],
              [
                91.24447662959295,
                27.111222135193543
              ],
              [
                91.24601755856366,
                27.1036212568157
              ],
              [
                91.25805665419142,
                27.094550863731513
              ],
              [
                91.25723254604532,
                27.085243096391935
              ],
              [
                91.2692035800813,
                27.076895558583317
              ],
              [
                91.27652751942964,
                27.07539067174224
              ],
              [
                91.2812725152146,
                27.080212278074328
              ],
              [
                91.2838135721388,
                27.089581066213384
              ],
              [
                91.29609658099258,
                27.085052155932374
              ],
              [
                91.30188763760458,
                27.089052001348932
              ],
              [
                91.29878951902123,
                27.09934162511604
              ],
              [
                91.32415751615662,
                27.087131035968696
              ],
              [
                91.32940659993483,
                27.090782025370345
              ],
              [
                91.32855952400297,
                27.104241182884437
              ],
              [
                91.33762354718914,
                27.109413989763937
              ],
              [
                91.31918352689843,
                27.11461898517814
              ],
              [
                91.32220453311288,
                27.119299774764954
              ],
              [
                91.33438863542733,
                27.121782493567366
              ],
              [
                91.35724658785989,
                27.12973038255126
              ],
              [
                91.3518595390866,
                27.15119425720934
              ],
              [
                91.3460465210303,
                27.155396272919802
              ],
              [
                91.36080956690813,
                27.161686891237196
              ],
              [
                91.35967264577613,
                27.169880368884037
              ],
              [
                91.35311866819217,
                27.17055947124277
              ],
              [
                91.34607652870898,
                27.175918356846807
              ],
              [
                91.34255964980815,
                27.182106045957426
              ],
              [
                91.33708961969035,
                27.187237615323852
              ],
              [
                91.33659357883079,
                27.192387456216295
              ],
              [
                91.34652764303644,
                27.189618577635372
              ],
              [
                91.35986358623569,
                27.18064910287393
              ],
              [
                91.36904864288073,
                27.185830795954587
              ],
              [
                91.37505360593934,
                27.19211135625426
              ],
              [
                91.3542475430898,
                27.19997911294587
              ],
              [
                91.35394260906435,
                27.220195425578595
              ],
              [
                91.3626175441645,
                27.221357157207194
              ],
              [
                91.36662258496449,
                27.228545979713317
              ],
              [
                91.35658257432652,
                27.236466543696167
              ],
              [
                91.35495765766996,
                27.242875179146324
              ],
              [
                91.3664395243647,
                27.24193623836686
              ],
              [
                91.3848185229566,
                27.235816610848076
              ],
              [
                91.39891856074314,
                27.254413874900536
              ],
              [
                91.39244052281202,
                27.257694718636515
              ],
              [
                91.38545957140224,
                27.271665173109398
              ],
              [
                91.37758661662923,
                27.270355081222135
              ],
              [
                91.38392652139203,
                27.280903538867392
              ],
              [
                91.37966164127187,
                27.28747427981432
              ],
              [
                91.3753815059519,
                27.2901831439371
              ],
              [
                91.36872057469492,
                27.304382758257816
              ],
              [
                91.36119060875973,
                27.305063536053467
              ],
              [
                91.35569761175555,
                27.315872167566624
              ],
              [
                91.35733057464648,
                27.326991769354834
              ],
              [
                91.35993164692815,
                27.331566610710638
              ],
              [
                91.35655960744009,
                27.336642189185852
              ],
              [
                91.35951959285507,
                27.351509674232204
              ],
              [
                91.366943612358,
                27.343458856041536
              ],
              [
                91.37487758613184,
                27.347711832735058
              ],
              [
                91.38120257024258,
                27.34222101568747
              ],
              [
                91.38755756203204,
                27.343810894757155
              ],
              [
                91.39662158431884,
                27.349821557718883
              ],
              [
                91.40364863587598,
                27.34624097713953
              ],
              [
                91.40992751983936,
                27.3519706784042
              ],
              [
                91.4139635737601,
                27.345851720880376
              ],
              [
                91.40287062787735,
                27.33342236535003
              ],
              [
                91.39389763316939,
                27.331032515937977
              ],
              [
                91.38834361626505,
                27.337391195847147
              ],
              [
                91.38741255534529,
                27.322873740430907
              ],
              [
                91.39998658301454,
                27.321211942577236
              ],
              [
                91.40611258133072,
                27.3284026095929
              ],
              [
                91.41118664984418,
                27.322182902818838
              ],
              [
                91.41361253958718,
                27.314311121661092
              ],
              [
                91.40904255906702,
                27.302360708180288
              ],
              [
                91.42310353659911,
                27.302343775744816
              ],
              [
                91.4276275851451,
                27.309303438403106
              ],
              [
                91.43279251396353,
                27.304002554574367
              ],
              [
                91.43511966534044,
                27.291873103161322
              ],
              [
                91.43858357057547,
                27.284714454708478
              ],
              [
                91.44738758716755,
                27.288603490159062
              ],
              [
                91.44872265592602,
                27.294573081982264
              ],
              [
                91.45371257127829,
                27.297632812104723
              ],
              [
                91.46144051756602,
                27.29824301380421
              ],
              [
                91.47636466439792,
                27.30342470688487
              ],
              [
                91.4673915006174,
                27.308090576718882
              ],
              [
                91.47303755144202,
                27.311742237014755
              ],
              [
                91.48444364485852,
                27.312603226357965
              ],
              [
                91.49089854862927,
                27.31859209604852
              ],
              [
                91.49295060638553,
                27.32291883423693
              ],
              [
                91.49279051177285,
                27.3306514749857
              ],
              [
                91.4990766038024,
                27.33067259826197
              ],
              [
                91.49891651008903,
                27.324002949876387
              ],
              [
                91.50306655757572,
                27.317573023876093
              ],
              [
                91.51158860612941,
                27.31702199756728
              ],
              [
                91.51631164136933,
                27.319021081657752
              ],
              [
                91.53289758335694,
                27.333821343280533
              ],
              [
                91.53201262168528,
                27.340022107634297
              ],
              [
                91.53698761728486,
                27.342380943026228
              ],
              [
                91.54155759780508,
                27.347124931570477
              ],
              [
                91.54872161071393,
                27.355640274778978
              ],
              [
                91.55084256823011,
                27.36138104130214
              ],
              [
                91.54999565957218,
                27.377756430415047
              ],
              [
                91.55108664873,
                27.38408912531304
              ],
              [
                91.54351762164112,
                27.389099156700865
              ],
              [
                91.54028354894677,
                27.395759751611365
              ],
              [
                91.54116063075867,
                27.40760002871849
              ],
              [
                91.54989658575897,
                27.408899056246582
              ],
              [
                91.55505363561696,
                27.417107620920092
              ],
              [
                91.56050857780878,
                27.432335025441205
              ],
              [
                91.56471260620197,
                27.435977967709164
              ],
              [
                91.55846356174413,
                27.449964347376863
              ],
              [
                91.56962557376136,
                27.44905826332831
              ],
              [
                91.57604259179232,
                27.448537579246022
              ],
              [
                91.57797964964129,
                27.450227203023132
              ],
              [
                91.58103954703762,
                27.452884266196065
              ],
              [
                91.58303863112809,
                27.458395871072753
              ],
              [
                91.59303254161864,
                27.467436591026
              ],
              [
                91.6058885382256,
                27.469814537011416
              ],
              [
                91.61493663441831,
                27.473246256409766
              ],
              [
                91.61820255930081,
                27.469395610319282
              ],
              [
                91.59336060980445,
                27.454917045185653
              ],
              [
                91.58910360864479,
                27.440036653069228
              ],
              [
                91.57990262590562,
                27.43240811514255
              ],
              [
                91.57145651700483,
                27.427696479708914
              ],
              [
                91.56516254601485,
                27.422638671837376
              ],
              [
                91.56448361182936,
                27.41561798927893
              ],
              [
                91.55651862493477,
                27.396049597710885
              ],
              [
                91.55609852372805,
                27.389728805340212
              ],
              [
                91.55927258286357,
                27.385619158097825
              ],
              [
                91.56426953810887,
                27.372549758664547
              ],
              [
                91.56719951584512,
                27.35698825330536
              ]
            ]
          ],
          [
            [
              [
                90.64885758371071,
                27.58331053595259
              ],
              [
                90.65057352704679,
                27.573502199666905
              ],
              [
                90.64952059270138,
                27.568581184973823
              ],
              [
                90.63981652831029,
                27.57329198223931
              ],
              [
                90.64408157570432,
                27.590041538786124
              ],
              [
                90.6293336168531,
                27.5827915282066
              ],
              [
                90.62761666807495,
                27.587460416165413
              ],
              [
                90.62212350379684,
                27.586829425737562
              ],
              [
                90.62225359073079,
                27.591741388754258
              ],
              [
                90.62590759825724,
                27.59550922167341
              ],
              [
                90.63691756279547,
                27.595610978164245
              ],
              [
                90.64634653356586,
                27.59977996897055
              ],
              [
                90.64420361640396,
                27.60528084493518
              ],
              [
                90.62589251123057,
                27.612469332893568
              ],
              [
                90.62052155492597,
                27.603189727823803
              ],
              [
                90.61620353296684,
                27.59999002002354
              ],
              [
                90.60095953415532,
                27.61274526468236
              ],
              [
                90.59338363444732,
                27.615820250004674
              ],
              [
                90.59092756885241,
                27.62484286570583
              ],
              [
                90.6046375131109,
                27.62924872894581
              ],
              [
                90.59259053942202,
                27.641475076014103
              ],
              [
                90.60121166088959,
                27.64419802082216
              ],
              [
                90.61903359872178,
                27.654518658609334
              ],
              [
                90.62426759457401,
                27.653747524129074
              ],
              [
                90.62769361406919,
                27.645118187354626
              ],
              [
                90.6316225470431,
                27.641650090379528
              ],
              [
                90.65116160182663,
                27.63233662313678
              ],
              [
                90.6664966291163,
                27.61820003960031
              ],
              [
                90.67276763411917,
                27.62550671286465
              ],
              [
                90.66898353965877,
                27.637278424759643
              ],
              [
                90.66924253991147,
                27.642199104904932
              ],
              [
                90.67474358315002,
                27.642829257164635
              ],
              [
                90.68064159343493,
                27.63433956172156
              ],
              [
                90.68772866034953,
                27.631831696975382
              ],
              [
                90.70451358903108,
                27.618280170993216
              ],
              [
                90.70516151009576,
                27.62695091435336
              ],
              [
                90.70201159056262,
                27.6310117787707
              ],
              [
                90.697158636562,
                27.633429455005512
              ],
              [
                90.69584653289132,
                27.63820747479525
              ],
              [
                90.70041651521018,
                27.641179362737546
              ],
              [
                90.71103655439362,
                27.64418913731896
              ],
              [
                90.73224662418255,
                27.658638532042744
              ],
              [
                90.74273657643204,
                27.660007296599588
              ],
              [
                90.74299658302607,
                27.664808283275818
              ],
              [
                90.73394764776589,
                27.669756121148225
              ],
              [
                90.71835362022358,
                27.671967937170734
              ],
              [
                90.70393356138493,
                27.677926800081877
              ],
              [
                90.69396965767373,
                27.678076667604273
              ],
              [
                90.69152063287106,
                27.688754038568163
              ],
              [
                90.69960061967305,
                27.683976522398723
              ],
              [
                90.70326250615989,
                27.68739633926981
              ],
              [
                90.70496352974328,
                27.691857187958988
              ],
              [
                90.71621657023871,
                27.69580673968943
              ],
              [
                90.7107165333415,
                27.703245511671184
              ],
              [
                90.74165363440784,
                27.70362655262346
              ],
              [
                90.7483296526915,
                27.69912580641096
              ],
              [
                90.7686385010661,
                27.705846415779604
              ],
              [
                90.76628855097601,
                27.6938960022988
              ],
              [
                90.77454355214337,
                27.700046810212257
              ],
              [
                90.78422565598942,
                27.698541923371238
              ],
              [
                90.78452254288123,
                27.692754889426737
              ],
              [
                90.79486866115997,
                27.691446976596808
              ],
              [
                90.7959215964047,
                27.68677624592715
              ],
              [
                90.8033985886741,
                27.680176502743564
              ],
              [
                90.79907956217221,
                27.673587823919092
              ],
              [
                90.80091855075068,
                27.66903695309304
              ],
              [
                90.79988053615796,
                27.664358342563617
              ],
              [
                90.8014605253831,
                27.6550084968448
              ],
              [
                90.80814358355968,
                27.65962826743072
              ],
              [
                90.81849657625617,
                27.659137422853917
              ],
              [
                90.8204115053868,
                27.66579818593766
              ],
              [
                90.81598653065402,
                27.6723290302607
              ],
              [
                90.80429059113806,
                27.698896812937733
              ],
              [
                90.80555759920401,
                27.7059464959342
              ],
              [
                90.82631655556474,
                27.69475581712743
              ],
              [
                90.82829250639423,
                27.69032497611687
              ],
              [
                90.82594255630408,
                27.681185347825704
              ],
              [
                90.84075958128983,
                27.66902505056578
              ],
              [
                90.84613053669506,
                27.669777075351874
              ],
              [
                90.85285164968406,
                27.660576259886625
              ],
              [
                90.86633259957,
                27.65929047577498
              ],
              [
                90.86898061106649,
                27.676474550560215
              ],
              [
                90.88484151872126,
                27.66722109777561
              ],
              [
                90.90467058687824,
                27.66854292401689
              ],
              [
                90.91656450764606,
                27.672509910903784
              ],
              [
                90.92581963766634,
                27.66986592297411
              ],
              [
                90.9256975969667,
                27.66436722696608
              ],
              [
                90.91560360632155,
                27.663818213339994
              ],
              [
                90.91695359573202,
                27.65223978733644
              ],
              [
                90.92191350340562,
                27.650537924685636
              ],
              [
                90.92794763507544,
                27.643336026036934
              ],
              [
                90.94288653438622,
                27.647906008355733
              ],
              [
                90.95101966212786,
                27.634057594582487
              ],
              [
                90.95207963726563,
                27.62704965271945
              ],
              [
                90.95102653474697,
                27.618028210633554
              ],
              [
                90.91735860901275,
                27.615639201188344
              ],
              [
                90.91815958389782,
                27.60606086471728
              ],
              [
                90.92104362876063,
                27.60211080936648
              ],
              [
                90.913841562838,
                27.595851035996645
              ],
              [
                90.91674756914517,
                27.579961965172686
              ],
              [
                90.92015866798829,
                27.57344101159356
              ],
              [
                90.90863757376519,
                27.565161368102792
              ],
              [
                90.87798361255386,
                27.565872489024287
              ],
              [
                90.87705255073479,
                27.56092347843594
              ],
              [
                90.88375052956343,
                27.554192810150198
              ],
              [
                90.90370163931937,
                27.556480733998796
              ],
              [
                90.90863757376519,
                27.549579074914504
              ],
              [
                90.90599056861004,
                27.542968436444312
              ],
              [
                90.89491254337935,
                27.530193073951352
              ],
              [
                90.89398952779464,
                27.539193561833542
              ],
              [
                90.88021856363599,
                27.5435134274029
              ],
              [
                90.87156659632154,
                27.54824232892048
              ],
              [
                90.86396756155386,
                27.542325544388518
              ],
              [
                90.85878754570882,
                27.554754731745618
              ],
              [
                90.83956951921812,
                27.54872210913817
              ],
              [
                90.82461553288073,
                27.541871411936256
              ],
              [
                90.83159665156438,
                27.53714351586069
              ],
              [
                90.8317416591504,
                27.5274329133984
              ],
              [
                90.83004750908543,
                27.522743237610484
              ],
              [
                90.81916863692322,
                27.523113383276154
              ],
              [
                90.81774857503689,
                27.522110405371052
              ],
              [
                90.81079058871484,
                27.51719357972007
              ],
              [
                90.8114475632546,
                27.5080839600069
              ],
              [
                90.82218964223836,
                27.511334797862787
              ],
              [
                90.83608264709665,
                27.50980493325119
              ],
              [
                90.84223965763425,
                27.51769347687258
              ],
              [
                90.8571926376303,
                27.51209386344118
              ],
              [
                90.86589053871757,
                27.515066588652303
              ],
              [
                90.86766062933475,
                27.508602967752893
              ],
              [
                90.86020660215314,
                27.50124516533225
              ],
              [
                90.85250061641051,
                27.480125954949017
              ],
              [
                90.84661065325918,
                27.474226268327754
              ],
              [
                90.8447875889762,
                27.461926998832098
              ],
              [
                90.85841354644816,
                27.47490520161392
              ],
              [
                90.8612825042843,
                27.48359505736613
              ],
              [
                90.87909656225673,
                27.479996035288934
              ],
              [
                90.87635065056224,
                27.488397886753205
              ],
              [
                90.88251453461822,
                27.491712595360127
              ],
              [
                90.90202358172309,
                27.492738540151663
              ],
              [
                90.91442863127645,
                27.507223977005083
              ],
              [
                90.93491366673248,
                27.510294770587336
              ],
              [
                90.95350657267034,
                27.52098320591034
              ],
              [
                90.96135756599904,
                27.521284451816143
              ],
              [
                90.96649164897059,
                27.511494724302224
              ],
              [
                90.96544659358557,
                27.50248401112833
              ],
              [
                90.9684825186535,
                27.490815731161206
              ],
              [
                90.96504962743853,
                27.48546187366668
              ],
              [
                90.9629895234479,
                27.47883597999663
              ],
              [
                90.95748864658395,
                27.474226268327754
              ],
              [
                90.95487265544887,
                27.469055472332343
              ],
              [
                90.94516758471644,
                27.47014662786472
              ],
              [
                90.93772160466847,
                27.457806958124763
              ],
              [
                90.9258426036534,
                27.461097022609636
              ],
              [
                90.91819763781092,
                27.450412275406336
              ],
              [
                90.91037765670364,
                27.455075296188113
              ],
              [
                90.90366358540632,
                27.453611313211695
              ],
              [
                90.89109056317909,
                27.425410566744404
              ],
              [
                90.88938165973599,
                27.405999252563618
              ],
              [
                90.88159956616721,
                27.402429399996947
              ],
              [
                90.87628963066209,
                27.405359211358643
              ],
              [
                90.87056764108394,
                27.415097808816938
              ],
              [
                90.86717950822788,
                27.42324753264768
              ],
              [
                90.84625961818699,
                27.4381277583895
              ],
              [
                90.83748661561498,
                27.42888721267485
              ],
              [
                90.83026862359827,
                27.433614940577172
              ],
              [
                90.83158156543703,
                27.4392469098172
              ],
              [
                90.83925653805898,
                27.44319662972083
              ],
              [
                90.83146656463043,
                27.45098828038499
              ],
              [
                90.82421856583431,
                27.45403811886422
              ],
              [
                90.80300162162769,
                27.448945275204437
              ],
              [
                90.79197656916352,
                27.450137517232804
              ],
              [
                90.77391055083143,
                27.43852790993526
              ],
              [
                90.76920360895957,
                27.42947813740625
              ],
              [
                90.75216655264444,
                27.42886827025461
              ],
              [
                90.75243360003077,
                27.433777046973262
              ],
              [
                90.75686662099793,
                27.436857062203785
              ],
              [
                90.76236766423648,
                27.437957773032963
              ],
              [
                90.76145152217015,
                27.442857666248415
              ],
              [
                90.76995865097115,
                27.45556597169241
              ],
              [
                90.77886962033688,
                27.4613769779653
              ],
              [
                90.79524953483832,
                27.465016567560667
              ],
              [
                90.80008656364419,
                27.467636584061268
              ],
              [
                90.80467951105078,
                27.464745664780764
              ],
              [
                90.82061753287303,
                27.46404577639163
              ],
              [
                90.80199462015577,
                27.47761004306915
              ],
              [
                90.7950976546332,
                27.48022502876222
              ],
              [
                90.79535665578521,
                27.485015789247427
              ],
              [
                90.78513358364813,
                27.488093623621978
              ],
              [
                90.78092955615426,
                27.491092501118203
              ],
              [
                90.77542851291571,
                27.491054615378346
              ],
              [
                90.77110261289545,
                27.494054498316586
              ],
              [
                90.76342764027356,
                27.49500031171516
              ],
              [
                90.75747665632281,
                27.490434522035684
              ],
              [
                90.75237258013061,
                27.49202540744676
              ],
              [
                90.74648261608002,
                27.484132840258496
              ],
              [
                90.74136362013513,
                27.482574810679125
              ],
              [
                90.73362762671377,
                27.489295589120275
              ],
              [
                90.72339650834238,
                27.48581491962301
              ],
              [
                90.71829260032342,
                27.487296839577652
              ],
              [
                90.71352363221001,
                27.48466877774206
              ],
              [
                90.71134953375412,
                27.478115303778395
              ],
              [
                90.70192760377608,
                27.47865124306054
              ],
              [
                90.69119256558457,
                27.47292036818061
              ],
              [
                90.6831665578905,
                27.477635188113595
              ],
              [
                90.6797635052817,
                27.481346023800086
              ],
              [
                90.65000959276864,
                27.48460574695781
              ],
              [
                90.64163154456031,
                27.47787507777275
              ],
              [
                90.63639050881511,
                27.476307159248165
              ],
              [
                90.62850950780768,
                27.488624701169158
              ],
              [
                90.63623862860999,
                27.492095479922625
              ],
              [
                90.63834366003204,
                27.496783311201
              ],
              [
                90.62259657866935,
                27.50145404276998
              ],
              [
                90.61814159715715,
                27.50433490313344
              ],
              [
                90.616561607932,
                27.509125830892515
              ],
              [
                90.6113205721868,
                27.51059367016188
              ],
              [
                90.60633853579498,
                27.50844672943316
              ],
              [
                90.60240960282107,
                27.5119237099114
              ],
              [
                90.59716051994218,
                27.513754484981632
              ],
              [
                90.5969005133482,
                27.518774575286557
              ],
              [
                90.6048815936108,
                27.525164267417153
              ],
              [
                90.61994957441351,
                27.53078282506749
              ],
              [
                90.6249316090067,
                27.528602859434557
              ],
              [
                90.63083666008396,
                27.520474257081446
              ],
              [
                90.64158661802816,
                27.520214251386733
              ],
              [
                90.64904751782888,
                27.524403190954615
              ],
              [
                90.64092260359547,
                27.528624149085374
              ],
              [
                90.6379015991796,
                27.532813926821404
              ],
              [
                90.64301254799085,
                27.534953826757828
              ],
              [
                90.63684061680118,
                27.542972459111866
              ],
              [
                90.62583953666547,
                27.541013439818528
              ],
              [
                90.62451955493367,
                27.54579430955988
              ],
              [
                90.62733453276263,
                27.550775005062576
              ],
              [
                90.61823262473598,
                27.550183074889162
              ],
              [
                90.61312854764452,
                27.53657270806417
              ],
              [
                90.61048154338869,
                27.556202790426596
              ],
              [
                90.60379764614464,
                27.563980357707464
              ],
              [
                90.5951305909042,
                27.57022118775774
              ],
              [
                90.58962250687335,
                27.578710882301493
              ],
              [
                90.59136158436979,
                27.587333345557568
              ],
              [
                90.60404156026993,
                27.573691965611886
              ],
              [
                90.6220095102309,
                27.562263577102556
              ],
              [
                90.64324958769845,
                27.556950790746555
              ],
              [
                90.65280965174418,
                27.559832656551976
              ],
              [
                90.65927863709959,
                27.558414773722973
              ],
              [
                90.66445965928602,
                27.557280703441847
              ],
              [
                90.66278864338136,
                27.548465119769617
              ],
              [
                90.67727659473923,
                27.554474944563196
              ],
              [
                90.68493664760837,
                27.54069258059826
              ],
              [
                90.69004860276095,
                27.542602481619383
              ],
              [
                90.70004251415088,
                27.52643412633398
              ],
              [
                90.70973953774961,
                27.522183326899153
              ],
              [
                90.7422405346731,
                27.521174313643826
              ],
              [
                90.76334365258765,
                27.51632337142661
              ],
              [
                90.76924166287262,
                27.512873546876847
              ],
              [
                90.77461965996952,
                27.512793751830316
              ],
              [
                90.77382656404484,
                27.51875328473642
              ],
              [
                90.76201663006361,
                27.529181880739372
              ],
              [
                90.7506105357478,
                27.53165202791888
              ],
              [
                90.74169956728139,
                27.53766252270742
              ],
              [
                90.73632056474241,
                27.536454522758163
              ],
              [
                90.73174253708856,
                27.53921250515316
              ],
              [
                90.72071865823966,
                27.53935147738889
              ],
              [
                90.712592570391,
                27.546193121115778
              ],
              [
                90.71678150995888,
                27.549501960747023
              ],
              [
                90.73355855967998,
                27.548591015862826
              ],
              [
                90.73800666767374,
                27.55167287380425
              ],
              [
                90.73538162396295,
                27.556091981359998
              ],
              [
                90.72239654676338,
                27.561012660605968
              ],
              [
                90.72396865702808,
                27.5658195153585
              ],
              [
                90.71885653370225,
                27.567642412367604
              ],
              [
                90.71806360595082,
                27.572552028153723
              ],
              [
                90.71256256271226,
                27.572622099730268
              ],
              [
                90.70941163773705,
                27.576810872923602
              ],
              [
                90.7165065836121,
                27.580552889004764
              ],
              [
                90.71961962284746,
                27.588941497951907
              ],
              [
                90.71896365464909,
                27.59594809892576
              ],
              [
                90.69719652320117,
                27.59963110689023
              ],
              [
                90.68762958563701,
                27.604460926730553
              ],
              [
                90.67111153706793,
                27.604780781408067
              ],
              [
                90.67951959205567,
                27.591760332073818
              ],
              [
                90.67872666430429,
                27.58660060043752
              ],
              [
                90.6698306146913,
                27.58056076796521
              ],
              [
                90.6664275620825,
                27.576321033788815
              ],
              [
                90.66236150138235,
                27.58015089294952
              ],
              [
                90.65925550293929,
                27.591330172849325
              ],
              [
                90.64885758371071,
                27.58331053595259
              ]
            ],
            [
              [
                90.72512066608601,
                27.593200342721786
              ],
              [
                90.7255015388651,
                27.60840075678965
              ],
              [
                90.72811166372247,
                27.612749288249177
              ],
              [
                90.73728163424022,
                27.618450156349752
              ],
              [
                90.74291259623948,
                27.620010027740705
              ],
              [
                90.74725358418573,
                27.617010312975708
              ],
              [
                90.73165855030203,
                27.602489839434668
              ],
              [
                90.73206356358276,
                27.597580892744134
              ],
              [
                90.75393664326162,
                27.60291899231777
              ],
              [
                90.75878155102794,
                27.613602231358016
              ],
              [
                90.75942963936654,
                27.6185192233836
              ],
              [
                90.76428259426649,
                27.620901192036513
              ],
              [
                90.78090659016715,
                27.623378882729412
              ],
              [
                90.7852475781134,
                27.62036910904726
              ],
              [
                90.79810357292172,
                27.616150161800647
              ],
              [
                90.80950966723753,
                27.60549072781498
              ],
              [
                90.81199657778001,
                27.59592027120368
              ],
              [
                90.81685657257293,
                27.593499074123088
              ],
              [
                90.82053354608644,
                27.597400180274235
              ],
              [
                90.82196064876507,
                27.60219982516196
              ],
              [
                90.83271060670927,
                27.601120905805317
              ],
              [
                90.83585365272404,
                27.60524262284889
              ],
              [
                90.83571652499779,
                27.61026941759968
              ],
              [
                90.83361853526736,
                27.61482045659892
              ],
              [
                90.82523361443992,
                27.620827095993832
              ],
              [
                90.81421660821007,
                27.618980226656276
              ],
              [
                90.80948653307718,
                27.616369097256154
              ],
              [
                90.80477858486398,
                27.61902213686227
              ],
              [
                90.80870852507854,
                27.6225581272559
              ],
              [
                90.80869259898441,
                27.627589782842335
              ],
              [
                90.80515258592328,
                27.63153967091921
              ],
              [
                90.76255055666303,
                27.64391823274042
              ],
              [
                90.75272361430353,
                27.640679298311113
              ],
              [
                90.7474825767597,
                27.640870237871297
              ],
              [
                90.74301954901313,
                27.643519254809917
              ],
              [
                90.7271806019034,
                27.63040878513749
              ],
              [
                90.71527058776758,
                27.614632366990293
              ],
              [
                90.71896365464909,
                27.59594809892576
              ],
              [
                90.72512066608601,
                27.593200342721786
              ]
            ],
            [
              [
                90.79522656885126,
                27.603029801384366
              ],
              [
                90.77570360743567,
                27.603910906763076
              ],
              [
                90.76600658293762,
                27.599151159398616
              ],
              [
                90.77202562758083,
                27.5928053883581
              ],
              [
                90.76759361295501,
                27.589810366255563
              ],
              [
                90.76587666417686,
                27.585002674234147
              ],
              [
                90.77100353908224,
                27.582818685034454
              ],
              [
                90.79917863598541,
                27.583650673040268
              ],
              [
                90.80297865564063,
                27.58731037957051
              ],
              [
                90.80126958492355,
                27.592198202984832
              ],
              [
                90.80950966723753,
                27.60549072781498
              ],
              [
                90.79522656885126,
                27.603029801384366
              ]
            ]
          ],
          [
            [
              [
                88.00523365101236,
                26.90676488509149
              ],
              [
                88.01012465892603,
                26.901444219775044
              ],
              [
                88.00991058520549,
                26.896281470913323
              ],
              [
                88.00466150232666,
                26.893002638061432
              ],
              [
                88.0,
                26.89199789975593
              ],
              [
                88.0,
                26.906931090258254
              ],
              [
                88.00523365101236,
                26.90676488509149
              ]
            ]
          ],
          [
            [
              [
                88.00416562874096,
                26.83502132587364
              ],
              [
                88.01111556792927,
                26.83307823267444
              ],
              [
                88.01593063619009,
                26.82603441685501
              ],
              [
                88.01862357421874,
                26.813889039347828
              ],
              [
                88.02573360712046,
                26.815958865909067
              ],
              [
                88.03540766383276,
                26.83345022195033
              ],
              [
                88.03511060966707,
                26.8414988601844
              ],
              [
                88.0476455779812,
                26.850859602089088
              ],
              [
                88.05516850402341,
                26.862675067800296
              ],
              [
                88.0609436354406,
                26.863066000395747
              ],
              [
                88.06090558062823,
                26.846985653665115
              ],
              [
                88.05612152638747,
                26.83967495773328
              ],
              [
                88.06157663675253,
                26.832609348642677
              ],
              [
                88.05679358705459,
                26.825300665393513
              ],
              [
                88.05560251864148,
                26.81213101943115
              ],
              [
                88.04756159209398,
                26.80320043585158
              ],
              [
                88.05254362668717,
                26.80017088068172
              ],
              [
                88.06296551824425,
                26.805001372315644
              ],
              [
                88.09331555087215,
                26.81263007661687
              ],
              [
                88.10352353598256,
                26.812300164820897
              ],
              [
                88.10438553076779,
                26.802510604580903
              ],
              [
                88.11077153477868,
                26.80230072260042
              ],
              [
                88.11420459506616,
                26.80793235639328
              ],
              [
                88.12261164371256,
                26.803776439930914
              ],
              [
                88.14585851695716,
                26.801156759776802
              ],
              [
                88.14732350627497,
                26.805699584368483
              ],
              [
                88.15854653909167,
                26.813946203854357
              ],
              [
                88.15628862202243,
                26.8209098891802
              ],
              [
                88.14764352732709,
                26.828083457385787
              ],
              [
                88.12573256190836,
                26.83856502705447
              ],
              [
                88.1138996610407,
                26.84584185991406
              ],
              [
                88.1096265674123,
                26.850575623166606
              ],
              [
                88.10090653760676,
                26.87095672397379
              ],
              [
                88.1030196161625,
                26.88676985514485
              ],
              [
                88.12734959870517,
                26.861480982161765
              ],
              [
                88.14150965005047,
                26.848957580927788
              ],
              [
                88.15052053229687,
                26.850384516332497
              ],
              [
                88.15332059037308,
                26.85603609798767
              ],
              [
                88.16488661112834,
                26.857377034822434
              ],
              [
                88.17064665461959,
                26.867902693754445
              ],
              [
                88.1745905082455,
                26.860281196620065
              ],
              [
                88.17118862925201,
                26.841652752172934
              ],
              [
                88.17410251272094,
                26.82276363023749
              ],
              [
                88.17803966100172,
                26.815168956282434
              ],
              [
                88.18454753843832,
                26.80859435814324
              ],
              [
                88.18643162172214,
                26.77691679937095
              ],
              [
                88.15429657872431,
                26.781366416427147
              ],
              [
                88.11910264377218,
                26.761405584999864
              ],
              [
                88.10127265970567,
                26.749522895865084
              ],
              [
                88.04482255301855,
                26.74952105225492
              ],
              [
                88.00025161462048,
                26.7435781154378
              ],
              [
                88.0,
                26.743506231911038
              ],
              [
                88.0,
                26.834780852184355
              ],
              [
                88.00416562874096,
                26.83502132587364
              ]
            ]
          ]
        ]
      }
    }
  ]
}
