{"type":"FeatureCollection","features":[{"type":"Feature","geometry":{"type":"MultiPolygon","coordinates":[[[[75.185760652732085,21.070802264413089],[75.160049501283595,21.070941235749558],[75.111602602678147,21.07575412495305],[75.059226604724188,21.086058502098354],[75.034530500082667,21.093039118060972],[75.013313556775358,21.104570437575774],[75.002502578031681,21.12428936756038],[74.984283504979942,21.143598423428614],[74.952751623788572,21.182166074205099],[74.920730574356696,21.224850915737306],[74.889152592118592,21.25884187974907],[74.866439646372726,21.278590818311784],[74.830886631013357,21.320357505994252],[74.802757634257546,21.361636368124039],[74.790931606908316,21.383175008819762],[74.782066571315397,21.406082750418761],[74.755401556636684,21.451931425794783],[74.733680526235446,21.49591797663345],[74.724342583043949,21.539425587221217],[74.722900559713196,21.561395225309525],[74.727416562024871,21.587473003376545],[74.726478626687424,21.610352580907033],[74.717643597873916,21.657509168213664],[74.717681651786961,21.681778800851134],[74.71028864630415,21.710166296037869],[74.702880551996031,21.731235047259759],[74.699943532568113,21.75366485315061],[74.698593544056962,21.82780077538564],[74.70063051388729,21.853428443667894],[74.698676525401481,21.87585824865937],[74.692260512812595,21.90013710204579],[74.684341626065361,21.921654955811675],[74.666961581811734,21.939082777448334],[74.647079539988965,21.952394077424856],[74.617233595354321,21.957022899687217],[74.593337627429719,21.954774203366924],[74.56597155074661,21.949783281673263],[74.540588633858533,21.942493709017583],[74.517188540418942,21.928795500012484],[74.496787489950862,21.912336292286227],[74.484840596416575,21.893126311130516],[74.477867523067914,21.868877799970619],[74.473876563852514,21.846459896607087],[74.474868645571689,21.824490091244854],[74.490760566347205,21.780543437030133],[74.501190504138606,21.76039367692681],[74.514602555163947,21.741612514106407],[74.524017610724286,21.719644886902131],[74.5274815168587,21.695837096604862],[74.52298764326531,21.673869133953531],[74.505096638399323,21.627210934736979],[74.492668622858844,21.60342326137453],[74.461387528411876,21.564094197789132],[74.43905662906036,21.550384925324181],[74.388946594409958,21.526149154859752],[74.364150577787086,21.516996954945682],[74.343604520632255,21.50752926026729],[74.318527543211701,21.493209114309309],[74.294242488100508,21.481758596182431],[74.272430595595665,21.468018645144525],[74.251617492853143,21.457030974799807],[74.204048516026376,21.434571163028863],[74.18274657869182,21.4212829972127],[74.061073530918861,21.319068704657127],[74.040313569116108,21.303919420644888],[74.024497587993437,21.286960483039991],[74.012672566985543,21.266340498915042],[74.009773602369989,21.244361640077784],[74.009826575136515,21.221932839629005],[74.015342538127811,21.198595443325189],[74.028266595427169,21.178025582015152],[74.044647516270004,21.15836566014724],[74.065490626691201,21.138728705165761],[74.088279512989288,21.125489321275325],[74.134818522357079,21.107690182156318],[74.155616538072934,21.090781369164972],[74.17099749823609,21.070661448567137],[74.179939647097171,21.047782541031609],[74.170631544310481,21.000166122268865],[74.15979759868037,20.979096531979508],[74.137588572754566,20.963966191286829],[74.085227493654088,20.953825765047156],[74.056571611091158,20.953317820760958],[74.032379595342206,20.947789117973571],[74.021079615631891,20.924869306573385],[74.032501635142523,20.903840620148628],[74.071121588690517,20.865912676029325],[74.098930565293529,20.799566559948914],[74.105400556090956,20.776688657855402],[74.107917640686708,20.751059312337532],[74.087852539163521,20.683723963590182],[74.083473497304226,20.659454330952769],[74.090919644626069,20.638405527593136],[74.117141591211634,20.595408879416368],[74.125556517919108,20.572980079866909],[74.119209574162653,20.549618542162136],[74.108917602265706,20.528083755960722],[74.090240543166715,20.508821808379878],[74.041053523201697,20.484024281795314],[73.902389520160398,20.420528682952522],[73.880783487867802,20.407189387080678],[73.863136564401088,20.386989671436311],[73.857810534628641,20.365460753311254],[73.864303493211821,20.341662351036803],[73.874221631323394,20.320173330435011],[73.887077627031033,20.301425527066556],[73.902892601812255,20.284065599747748],[73.914756514901399,20.263497582947252],[73.914367594988676,20.238759233551946],[73.918388560983487,20.213579494198427],[73.914039526802867,20.191581860214797],[73.896507603243435,20.148043237405602],[73.883323540249364,20.128764357389343],[73.876953628707156,20.123715769367379],[73.854499515940063,20.084716953025122],[73.861473594730796,20.061378214033482],[73.86302961072812,20.038939523740169],[73.861762602662168,19.989473219313766],[73.858901523786471,19.966563465931358],[73.84771755032483,19.940875112296737],[73.841438499087644,19.91658636816652],[73.814269566387509,19.845503470708763],[73.784156572567952,19.779894458762385],[73.772491646172682,19.759233402599591],[73.755432629312565,19.738566814706871],[73.71408855644188,19.677019338072114],[73.702453635926702,19.655904653077414],[73.694221600746459,19.635252648591006],[73.696777579222044,19.612355134082293],[73.717407622264091,19.599144752428515],[73.743392528242737,19.590995194972436],[73.763038534900602,19.57731710200278],[73.772430625373204,19.556728130998579],[73.769111558651673,19.532899552872209],[73.750579507138696,19.519550367155887],[73.726592510735941,19.524950155725264],[73.702606521573841,19.524400135757787],[73.71105162503261,19.500151624597947],[73.726791498329135,19.482801588022994],[73.737167623387279,19.459463017204598],[73.746208512413091,19.40955465102644],[73.76389348889353,19.392205956240048],[73.805053495722404,19.367128307025894],[73.813453503576511,19.34608755079995],[73.795089592011209,19.299270095138922],[73.783447630703733,19.279534233618108],[73.790496643705296,19.231884119956305],[73.797431495866988,19.210827437636283],[73.808738514570962,19.191618462821964],[73.852813580282657,19.157831513613587],[73.876289614274413,19.142321472857816],[73.915931489946445,19.108056419768104],[73.927230630589293,19.085615717691383],[73.930732589737374,19.060417369566096],[73.924003597787987,19.035188680113663],[73.912856504624131,19.013610140995354],[73.909042571557563,18.988390503219307],[73.908248638364114,18.9388754159678],[73.911247514961019,18.916872584802093],[73.916686531958021,18.893046019358451],[73.924072496648535,18.87106732779506],[73.925140519819308,18.845389870346366],[73.920852504639527,18.819701349437878],[73.927726504174984,18.798172765860613],[73.943870552584087,18.778493733399216],[73.958053570815821,18.75789419985756],[73.980476503188243,18.741895997202676],[73.997566533169106,18.724505224036989],[74.002990630413422,18.701128599305548],[74.003547523899272,18.675450136414781],[73.994377554280845,18.652499311893848],[73.953239508896388,18.590494182860368],[73.937736508033595,18.57303501355517],[73.929069620067082,18.550998320216422],[73.929153606853617,18.527608953890251],[73.919509556920673,18.505568236984686],[73.912788612104919,18.482620429689234],[73.91190365043326,18.460141841872655],[73.917808534236599,18.435843207897847],[73.91886163585599,18.413824450638003],[73.948097546964391,18.379036702581914],[73.988479543995936,18.351599380707],[74.003578537020019,18.333739557135004],[74.009460622110169,18.312191694791011],[74.010009635736253,18.289252102802436],[74.006202576188116,18.26631334808269],[73.995590583238993,18.2447259236626],[73.994201533574085,18.221776106382322],[74.002029560915673,18.197477470608931],[74.005981628949201,18.172709952602361],[74.013320488050226,18.15024142370288],[74.029357582786361,18.134212543374304],[74.0381396388334,18.110363010144965],[74.026077577218587,18.089234077191065],[74.009193573824518,18.071306359301161],[73.991310616092221,18.055667068880268],[73.975868636028906,18.035437512831095],[73.975517601855984,17.98954122914455],[73.971237633809892,17.966582524763851],[73.96759754059417,17.893595929808441],[73.971061614002451,17.869738519417297],[74.011543523914668,17.75322537055456],[74.020790607700519,17.73119689072405],[74.050926566607927,17.663311019288244],[74.075172563263322,17.623863435849046],[74.085372501240101,17.601373616399428],[74.107772634899334,17.513239244695512],[74.132530596709842,17.440243597164397],[74.138359539960959,17.416827913077839],[74.146598615933556,17.39478652527805],[74.158706610421916,17.368158895416855],[74.199783635906215,17.302053004442712],[74.229782635260563,17.212487673767271],[74.242813644434307,17.189979917339429],[74.274177552951869,17.125211945075364],[74.277603572447049,17.076956155102607],[74.275253620558317,17.028709082258501],[74.267600607582153,16.982742725196772],[74.270530587117037,16.934944922170587],[74.269119576907087,16.911036213550574],[74.263862615067808,16.886217733661624],[74.270126579278383,16.864612204989385],[74.289863614414458,16.822782820171142],[74.307662585360163,16.805772920683864],[74.322563597132444,16.788303862433452],[74.336013534796962,16.7657852080211],[74.3465886474483,16.742337839919514],[74.351882488686044,16.71979806402959],[74.367248529096514,16.696350527754817],[74.373580553999545,16.683971463212572],[74.391456639112789,16.507882596804563],[74.403213599428227,16.331593570986627],[74.426711593965024,16.135714863949943],[74.426711593965024,16.010352772862291],[74.395370653233215,15.881081026668198],[74.351890535819734,15.812566343861818],[74.369796627712333,15.786847145279694],[74.430877568445169,15.744300772362919],[74.453712553991352,15.733510579649646],[74.477439542900754,15.72641177928034],[74.502532613689311,15.722551242446002],[74.523956590824184,15.710821774405531],[74.544532486585126,15.691733163055176],[74.561332503192602,15.672135268328134],[74.581428618735913,15.652115763331949],[74.611236511256152,15.612419236758512],[74.628486634950377,15.594200500053148],[74.701637516258529,15.524144888276112],[74.752876593080487,15.467177618352537],[74.809722493198649,15.413032033401748],[74.854301645105011,15.395991958961872],[74.878463486800626,15.388402647664179],[74.901718573553467,15.377593346156118],[74.920761586578124,15.363514096198742],[74.961303511847746,15.326657358850184],[74.977600614077232,15.305198009580636],[74.990142623183658,15.282329328236074],[75.000816642374332,15.255301043208704],[75.009628537027538,15.228263705605684],[75.018226525234127,15.177776149949523],[75.027900582845803,15.157178460917351],[75.045967606619911,15.143549150772856],[75.095062593564023,15.138928543817372],[75.119163582633405,15.134088833233193],[75.141410495198329,15.126470353324294],[75.160896576316077,15.112380206281614],[75.179977643253778,15.091401810845014],[75.209228641388847,15.045684732364634],[75.232810622712236,15.000377528000683],[75.24059254900709,14.978388945693439],[75.243240559604317,14.951291761805521],[75.24772655513658,14.928353175258962],[75.259506648713,14.883405051302191],[75.273643566797318,14.839409112440705],[75.283752645368452,14.817889414165279],[75.298156610839101,14.791821192294321],[75.334861635256402,14.748453895730847],[75.351562577151356,14.7265352186256],[75.362586624173503,14.706856688885239],[75.375968500246245,14.68766783100574],[75.404579623550944,14.651592287054541],[75.407653603431186,14.627721967794741],[75.400611631221977,14.578505109223556],[75.391929488055609,14.552706617416618],[75.397331623855507,14.530699091789813],[75.411201494553495,14.507830744993043],[75.429267513784907,14.48868178463681],[75.449203534715537,14.470452150846199],[75.468612502565122,14.457732781043148],[75.490798561604493,14.449173348571321],[75.53761249731906,14.423785067227186],[75.566390587855494,14.41250503717788],[75.591377544937927,14.405796161263993],[75.614501539314745,14.397227845288967],[75.661239533577771,14.375967315439368],[75.679733532976343,14.358630354107675],[75.694000537994611,14.340810596232188],[75.710113573282968,14.326221558378336],[75.713699519217585,14.34600033464784],[75.725753533698764,14.364908901724561],[75.746780543787224,14.37928705215586],[75.771659541754616,14.384048643130541],[75.795158541733485,14.384658677556047],[75.818237609578205,14.378828058867953],[75.888206552790336,14.33240103218202],[75.908546581559676,14.317822053245322],[75.925193544346769,14.295414710620548],[75.932411536363475,14.273406179551671],[75.960960634326,14.229937964665453],[75.965362642172352,14.207909485734319],[75.9763565142419,14.184550965254971],[75.98172763692105,14.159312552332551],[76.002296491889751,14.112125621900077],[76.025627520094133,14.070460523434519],[76.050826538214324,14.029720953259528],[76.059013645963148,14.005422821106436],[76.089088584970398,13.93852802504847],[76.109306573939421,13.869741768567906],[76.112770647347645,13.846804021088815],[76.123908519762551,13.799557411645367],[76.145362503676779,13.753289305956855],[76.156761557200241,13.734061555996163],[76.189849622562178,13.697484104008311],[76.200317614266623,13.676414346445085],[76.21501964024435,13.653525882713438],[76.232520550683034,13.632027306814905],[76.249511506850695,13.615119667438819],[76.261367540979393,13.595429906065476],[76.296058561553536,13.526255399667093],[76.312133543828168,13.506586928843831],[76.338638630268747,13.46537847643566],[76.351928640594451,13.439261302667148],[76.37053663265965,13.387463656023044],[76.41325349365394,13.300400660162495],[76.418548510305641,13.276551296005664],[76.431953519639364,13.230695245289496],[76.439292546913691,13.178837750561854],[76.439430512808087,13.155879215253719],[76.447067599690115,13.132040914556683],[76.470733568699416,13.088973857557619],[76.476486572297631,13.064215392126755],[76.505882577119394,13.000509743130294],[76.509307590273238,12.974352338189988],[76.510391537739451,12.950024031084297],[76.517539624554161,12.927095670728761],[76.529807546381335,12.908325906815264],[76.552749652874354,12.904276274030963],[76.576522574657247,12.917675249813044],[76.5965274953478,12.932895277195428],[76.636138526072273,12.959662382013448],[76.655692499709232,12.975792348837956],[76.670547578608023,12.99650084603735],[76.682601593988522,13.016739454662229],[76.701209586953041,13.036547233168392],[76.723602511646732,13.049006429103542],[76.761833546181379,13.074375599854193],[76.787063577422316,13.084084191432453],[76.811790527011397,13.097474281013376],[76.858497509052938,13.115042080327896],[76.879020599321336,13.129330877717962],[76.895790608250138,13.146360893240796],[76.937332494199381,13.171708104345669],[77.003677603938456,13.198937218777758],[77.027549600433872,13.198986337049973],[77.051437521224784,13.196286359128294],[77.077209526198828,13.188527063373442],[77.101119575708026,13.179387771428651],[77.142883581612182,13.151449546959157],[77.207099521226098,13.118942850132555],[77.226333641984127,13.103823741072915],[77.247436591725489,13.090073563844044],[77.269912497763698,13.084134985141588],[77.29424264758029,13.084614095364373],[77.318603644143025,13.077754344687378],[77.385566500893447,13.051186226563232],[77.433761606413157,13.048915402424029],[77.457130520357396,13.058115880643527],[77.503883601647033,13.072824780139626],[77.526321621945442,13.082924136140093],[77.551101545200311,13.091194558881909],[77.574958621043663,13.094413378174977],[77.647956615805356,13.089353725793956],[77.67415660094656,13.092103492882018],[77.701286641565389,13.092554439036292],[77.724693610321992,13.095303367956205],[77.764877627001056,13.125581149950222],[77.859840567188598,13.166358605865128],[77.91320764231898,13.151610647013911],[77.934753491080926,13.142870165725697],[77.957679505105261,13.136871406190608],[77.978736522872396,13.123521547781365],[78.048957592818795,13.049957272410325],[78.08217658418215,13.017769591193826],[78.10041862322106,13.003959566780736],[78.112106515603386,12.980531980166916],[78.184112596819034,12.884438488745388],[78.20561955439905,12.865109819562633],[78.226180530407305,12.850370746013255],[78.2434695470821,12.834721733021695],[78.257018557660444,12.813572180411938],[78.267288569012408,12.786924936336902],[78.297637596198285,12.745066884729113],[78.308837494854686,12.724377162676035],[78.31255352772331,12.699579805164035],[78.329360585123084,12.678880359641028],[78.366241630247202,12.649854165037823],[78.399383507443076,12.618086415955474],[78.49788662796567,12.593456193848397],[78.550651545832352,12.583637632271063],[78.575866490046621,12.584467775767394],[78.595977526241995,12.598166822940641],[78.607696599918313,12.622005290911602],[78.608680636302495,12.64678454417151],[78.623718607627779,12.696311031229243],[78.634040587203515,12.719228495398909],[78.648101563836235,12.741678081878092],[78.661689634669074,12.759986001652805],[78.7132105122555,12.813032384836845],[78.7520825943364,12.841340252250973],[78.77361251790353,12.851349753388547],[78.79699651887438,12.859979257436919],[78.850341632560458,12.877188980886899],[78.878883521557441,12.88393741887694],[78.928459629608369,12.891057007075347],[78.998176611561519,12.905405987096742],[79.050613631214276,12.923044864329142],[79.094177567241104,12.946235243961496],[79.117591574991366,12.956662499075208],[79.142410557601295,12.964331939967167],[79.169090491133431,12.97061166209869],[79.221946604752191,12.97123158816737],[79.244842611997115,12.966502014856246],[79.263023631135809,12.953081916697215],[79.279792633723218,12.936905011557201],[79.285301555922217,12.913925521146041],[79.282859571911899,12.889148279669485],[79.294341605880561,12.841331366949191],[79.3096776386123,12.822412572782127],[79.325942555005042,12.798443346982992],[79.33516650373133,12.774965972102052],[79.337882575920275,12.751997545150743],[79.338241656327511,12.729040016183944],[79.345596608796598,12.704670637939728],[79.349227649436614,12.678931489696652],[79.350982652127868,12.652754135095392],[79.341888622162344,12.605987306768952],[79.338966523386489,12.581668891306435],[79.318206560684416,12.534062195114359],[79.278221529799907,12.463146935782618],[79.24758952913362,12.394010484196599],[79.210807558722024,12.299197245156904],[79.197090573671176,12.251070201228913],[79.179649510416709,12.205723433889489],[79.167907637127939,12.185134798332399],[79.15615855577289,12.160407513296263],[79.142097578240794,12.141668761604194],[79.121421602325256,12.097710709381886],[79.106903643288661,12.078043244000639],[79.090476622298468,12.050585135195945],[79.070281599316502,12.005247253158359],[79.057159561664605,11.984199624313362],[79.03751355500674,11.959520114861562],[79.011276521394507,11.919254123179371],[78.984947622035293,11.844558961127291],[78.975562573254308,11.822559481734856],[78.970352549730535,11.793212763358497],[78.963760518233471,11.770283227589005],[78.952522564764706,11.749684701288061],[78.938499641145654,11.731848010977046],[78.92680353255713,11.712618081059759],[78.908050533805238,11.668181254061778],[78.895896606443387,11.649411658321526],[78.87909658983591,11.632503516224403],[78.862747520281971,11.612834039059805],[78.818397530022139,11.555647833680723],[78.78018158341348,11.527812035697025],[78.736129652761406,11.50058359125984],[78.727928630701911,11.4971540518182],[78.711707637197833,11.458874569905618],[78.70874061099056,11.421716252103465],[78.752174627357306,11.32082613391907],[78.76365649315278,11.272590628155115],[78.754669584134149,11.228775401763528],[78.716789584671744,11.207116062156672],[78.676483527293101,11.209849903150655],[78.591072604017597,11.196445899259004],[78.528579647632796,11.154219547394348],[78.525733489409163,11.118357070822299],[78.529266628951916,11.110508591998041],[78.535262540334145,11.084769443754965],[78.530548556770611,11.037954838944813],[78.537940557710726,11.014976353975669],[78.553237531087348,10.997466390062016],[78.564811598076972,10.976308120323608],[78.571739576720233,10.952869635725222],[78.583297551241174,10.928032380689956],[78.590232569777413,10.906882828080199],[78.592033505342158,10.880244803854737],[78.585487573992509,10.854546392202394],[78.5635836502654,10.78759107806593],[78.532836648792454,10.711007472816732],[78.512832567169426,10.665610582662396],[78.485397591625713,10.617472809822459],[78.476562562812205,10.595924612930673],[78.464912556169679,10.549107828163869],[78.436546518806949,10.477553866717699],[78.430038642269665,10.455075447074364],[78.436973492632717,10.433465726662121],[78.443420518342407,10.406348594012513],[78.437797601678142,10.354002268290174],[78.430366542282286,10.331063009950071],[78.410858499720121,10.282886513202186],[78.389976497217731,10.238858554878561],[78.35707065428744,10.198982153103998],[78.345931608257274,10.172834974354714],[78.322250552221362,10.068162269872971],[78.306487544764536,10.025015417827433],[78.280090584712866,9.9846592358351813],[78.269439533308002,9.9617139439434936],[78.254630553657307,9.9369417323752032],[78.240753643066341,9.9181391108314187],[78.222701538145657,9.9039368138330133],[78.206512562305079,9.8860551969899007],[78.185699625937161,9.8764528890897054],[78.148696541012725,9.84023133300974],[78.127433496658682,9.8260345677412602],[78.104316543074162,9.8233174901102416],[78.080749648777442,9.8081977101563211],[78.059020571242513,9.7866431433665184],[78.025298498227244,9.7402883691131024],[78.006812545063042,9.7228566929821341],[77.990188549162383,9.702663179062597],[77.982803589913885,9.6783217967137034],[77.970832555877905,9.625493510817023],[77.968063510023114,9.6016022373535179],[77.967613569310913,9.5781659327117836],[77.974662582312476,9.350204150001673],[77.969139579428202,9.3281476751752166],[77.961761491899495,9.3065550535729926],[77.957626532338736,9.2835777431184852],[77.959503574830251,9.235769379353485],[77.959052628676034,9.208189228949891],[77.951713602301083,9.1576327744331252],[77.925483608581828,9.0666413483197061],[77.922729650653025,9.0418180057964719],[77.92414853982342,8.9953802510978562],[77.915893538656064,8.9415952547173561],[77.900260619032508,8.8896549477178155],[77.899818557280753,8.8657425509780978],[77.902603528330303,8.8436689773415651],[77.900321638932667,8.8202179211202747],[77.887000616385478,8.7701072146763295],[77.878738574425824,8.7448242097696038],[77.870468652606405,8.7213776798361664],[77.842880624141628,8.6804728187657361],[77.809776632685612,8.6418664440812449],[77.792297514618781,8.6248615736028569],[77.772529633635827,8.6092367002136712],[77.753219573224897,8.5968328251748858],[77.709060521625929,8.5784571783562455],[77.684677566316793,8.5734044003929171],[77.640533601744494,8.5591573432369614],[77.621223541333507,8.5449014016784872],[77.615936571815496,8.5389569566983141],[77.61621853895457,8.5131626557321169],[77.622703617677985,8.4910813704090629],[77.631568654170223,8.4165556891938422],[77.636222622376295,8.3926312226529376],[77.641311610642504,8.3691680966305171],[77.656112543159509,8.3231554721474481],[77.667640510001718,8.3001469803989494],[77.682838575939684,8.2808173048748586],[77.71645352890738,8.2449129198954552],[77.73486354062004,8.2283392149828956],[77.756942646885818,8.2218866584426564],[77.784576608224029,8.2021140838979818],[77.783683601217376,8.210564550913432],[77.797569564384048,8.2283930268168888],[77.80326054084145,8.2328919303184875],[77.818733534924831,8.2401213212420998],[77.851272585761365,8.24780182739255],[77.8685835629812,8.2547613209783322],[77.878799594325983,8.2624495379159839],[77.892013496825598,8.2694390391804404],[77.904548633312913,8.2802592377737483],[77.922759491057832,8.2881578412115573],[77.943717602285687,8.2996479214145893],[77.952819510312338,8.3071074803260672],[77.958763620744662,8.3190667791087094],[77.966026540192843,8.3237973578619062],[77.990196596296016,8.3352944788572358],[78.001800502791127,8.3391161236103244],[78.011817548341355,8.3442849078223844],[78.01909656025822,8.3499334731513954],[78.059646530862892,8.3634124112539325],[78.059226597829365,8.3853309210852558],[78.0606235255554,8.3939312556231016],[78.06587260933361,8.4077084233052233],[78.089157535591937,8.4436077792757374],[78.102836634003609,8.4546450688150117],[78.107200587936916,8.4612064226384405],[78.11723355868196,8.4686448591730255],[78.133636608243023,8.4866847261193357],[78.127082629759741,8.5007126787472771],[78.126213595081481,8.5208200268228893],[78.13079849625376,8.541389552685871],[78.13559763842045,8.5506488744461535],[78.136077585912005,8.5587695969394986],[78.1399765121065,8.5712086759397721],[78.139320543908127,8.5838566332771506],[78.133163533370521,8.5838675285637009],[78.117011606000972,8.5886262713854649],[78.112930624648754,8.5981564950263873],[78.114997602157757,8.6022274183608261],[78.1145625811983,8.6094558029431028],[78.117530612847645,8.614175484611053],[78.12142953904214,8.6275126023248845],[78.117797492960108,8.6352128890637232],[78.121910492875088,8.6419713850714857],[78.112808583949175,8.6474330326084896],[78.11036660083812,8.6542714927353472],[78.129478512723324,8.6613922554483906],[78.144340634213052,8.6914490893041716],[78.15714264991351,8.7076979114295909],[78.159439626337871,8.7219277007029632],[78.165862510646491,8.7343469991148481],[78.172248515556703,8.7377166922716469],[78.185707504897607,8.7462948989905271],[78.191856637374087,8.7424253095804829],[78.197776608204038,8.7442260778713603],[78.20626060194536,8.7634337117964947],[78.206947583264537,8.7695333896543275],[78.202026567672135,8.7763500574093314],[78.199882645068158,8.7643548828716575],[78.193916573191473,8.7514737421196287],[78.188697497991313,8.7564443778059058],[78.181411611656699,8.7596142461007389],[78.174346506186453,8.76055402504835],[78.159049532809831,8.7470150715884074],[78.153076588314036,8.7489709045837003],[78.160209588102191,8.7555934473798516],[78.160942502294802,8.7770926941726088],[78.163238639651638,8.7836322538256013],[78.163719594383906,8.7974313820527641],[78.169692537980382,8.8173008513533659],[78.16766361438448,8.8252093437363328],[78.169036569782008,8.8310989723398166],[78.168388648717325,8.845778032330486],[78.170928532925586,8.8579980077020082],[78.1691205565686,8.8654563929982828],[78.17095954604639,8.8745070045947045],[78.174407526086611,8.8826443240764092],[78.180801577231136,8.8864750214052606],[78.18356358229363,8.8995851556305752],[78.19503052833636,8.9275822209428952],[78.220420654189979,8.9594109899254022],[78.229118555277239,8.9679813176837797],[78.242820619676024,8.9797183301369614],[78.261558532300569,8.99254733629067],[78.267951577103759,8.9936683313285926],[78.265037524562274,9.0122151362197087],[78.270500513887782,9.0090271627734637],[78.271400562586052,9.0042768034318783],[78.278480588708362,9.0010779337997633],[78.294692531435317,9.0141709692150016],[78.299270559089166,9.0200284110824214],[78.312759555209482,9.0276998637578458],[78.320289522043993,9.0353535467289134],[78.344299650808409,9.0511314739384829],[78.367172523893032,9.0734456090277718],[78.368339619977633,9.0790981970243365],[78.377921643669083,9.0797332101196844],[78.406280640239515,9.101605787077574],[78.422737500735252,9.109928010769238],[78.452888547568591,9.1182125159949692],[78.483016629314136,9.1226222346285795],[78.483497582247765,9.1287299614187418],[78.488845571665934,9.1326293903342162],[78.489883587157976,9.1253010919719486],[78.499687562631095,9.1255069512849332],[78.514770631359681,9.1288548511705585],[78.54559357068689,9.1319075396014],[78.558349654413178,9.1316666436008518],[78.580932513225093,9.1254620238534585],[78.587097569997013,9.1270240761003834],[78.601303555115123,9.1367113762291865],[78.633377578212844,9.1456315654445461],[78.643333602963594,9.1489764481047473],[78.65200049093005,9.1500751480497797],[78.655898578057077,9.1541281326073545],[78.647697556896901,9.1586806797697022],[78.644523497761384,9.1632142836124331],[78.64591958731927,9.170007816307816],[78.652099564743253,9.1829099121628701],[78.661483608082222,9.1819171604487337],[78.669258493584778,9.1855237251399444],[78.682510618170625,9.1886365962021159],[78.699172500710517,9.1863168210645654],[78.718322634682011,9.1805762227146488],[78.722473521236168,9.1902804552789235],[78.728202551606614,9.1977230817549298],[78.745590642094612,9.2067113316627456],[78.781471558365865,9.2176106562069435],[78.797492559733996,9.2245719943022095],[78.841163616707718,9.2397708993077003],[78.85166949415202,9.2406189797822549],[78.865859553175994,9.248704331939507],[78.87454253540983,9.2504620173083936],[78.883666572154766,9.2497391620328244],[78.89916957211824,9.2444746557808912],[78.912643649385075,9.243723804610056],[78.916076540600045,9.2480082989440007],[78.916786656079466,9.2527750871007015],[78.921607592416592,9.2579416922554287],[78.954757515846836,9.2663569553093907],[78.991523561063673,9.2679879064168631],[79.060653641852241,9.2561558437173517],[79.092758510796784,9.2538540046587059],[79.111236584101221,9.256851876712858],[79.146209571814438,9.2678110484412741],[79.185256500986895,9.2747093539536536],[79.202560603788982,9.2745313223627477],[79.207313645808256,9.2706488249834251],[79.207237538881486,9.2636611673291327],[79.218200565104155,9.2658121307254078],[79.221786511038829,9.2592175847238991],[79.221259625231653,9.2522391478185568],[79.227836568802786,9.2492211597288474],[79.250671555248232,9.2524079595598323],[79.279113532263864,9.2500972360987248],[79.306373493442152,9.2401547911108537],[79.327682637943553,9.230239670224762],[79.348251492912254,9.2142367722094036],[79.369308509780069,9.2007046931672107],[79.382408585987605,9.1895123371247678],[79.406677548630114,9.1802481554281599],[79.417053507313653,9.1679279308294781],[79.433776577027572,9.1571628849592912],[79.436248567817302,9.1528701771171086],[79.442413624589278,9.154600872032745],[79.416282539207998,9.1828530831034527],[79.402946596008746,9.1931531012347705],[79.386627534133538,9.2011957050178808],[79.370826640037592,9.2153607862713898],[79.350997571880612,9.2374412334262956],[79.334937510258044,9.248428400150658],[79.327499577343758,9.256851876712858],[79.320091651208884,9.2679889118589358],[79.319236529042769,9.2745573055753425],[79.329322640727469,9.286666473678963],[79.33718151301656,9.3013187122888894],[79.337226607721902,9.3090191663015958],[79.333389539595714,9.3146947202852743],[79.327918504035893,9.3178883927352558],[79.31286661839988,9.3195753347340542],[79.30668664097584,9.3184784792985056],[79.291587647951758,9.312224908552821],[79.28170756285391,9.3032465493888594],[79.270667590636947,9.2888534801041374],[79.203697525820303,9.2799661476197457],[79.157592531969954,9.2820458658241591],[79.144821529390242,9.2854965276427492],[79.119926606228034,9.285426623340129],[79.095298563178289,9.2896214300850488],[79.07656853041351,9.2885933062362369],[79.051307653325694,9.3025324112419412],[79.024009638234361,9.3239200108000091],[79.009902559655586,9.3323614252396965],[78.983299572117744,9.3542018145622023],[78.961936615782349,9.3760162206721702],[78.929939538678923,9.4164255436040776],[78.924743596739745,9.4277815142056625],[78.911811494105336,9.4472883822531912],[78.905479635576853,9.4599981967594999],[78.90075660213563,9.4751501634494275],[78.902397611260938,9.4848716620976461],[78.910621599307547,9.4837136185887516],[78.915428620434625,9.4848366263094022],[78.918426491589457,9.4899992078972559],[78.917762645329958,9.4947529199114342],[78.920089629432994,9.5033514117383788],[78.919708587581397,9.5178323232032653],[78.885673534306306,9.5147355446098345],[78.860740558130431,9.5148495390751009],[78.836280655028361,9.5204749702438107],[78.815071589782178,9.5329770809276511],[78.786987521357162,9.5694055026619367],[78.777343637798822,9.5919640536982342],[78.780242603313638,9.6415825737768728],[78.80094154611561,9.7935868799307286],[78.807472556813195,9.8179109952963586],[78.807540618404971,9.8445550539727265],[78.804817505423671,9.8684624208042351],[78.804893613249817,9.8909738662510449],[78.81709263531701,9.9607528753450651],[78.823623646014596,9.9846143093030832],[78.841316503254177,10.028635225935091],[78.853401530856104,10.048792864998859],[78.869186498857971,10.068021285853774],[78.877113600012763,10.09187081818385],[78.882293615857861,10.121707712041427],[78.893997601608191,10.16942421005939],[78.898696497245737,10.19696245025699],[78.904403567970462,10.246088784869642],[78.915122512793914,10.267628263733513],[78.930442620330837,10.284548141083974],[78.953620593815515,10.293155518212757],[78.975868511822512,10.296725538053295],[78.999038607246064,10.303494931146304],[79.043556571978399,10.321184770261084],[79.062141598056485,10.337622520163336],[79.077491545098894,10.355450157898588],[79.086837533625442,10.377449803665627],[79.096191571084319,10.402659886144988],[79.102760635694949,10.426506401249583],[79.121932562937616,10.473712944097201],[79.14629355860103,10.541549362713056],[79.191711572031579,10.659321137960262],[79.198303602629323,10.684998428135088],[79.213783636605683,10.72761638169078],[79.228706609822325,10.749573615430165],[79.239463610357518,10.769713316616389],[79.269927636551358,10.843008199169219],[79.290069517694235,10.886503402709991],[79.298057638749185,10.908502713929238],[79.296989617377108,10.984267408214464],[79.293373495590515,11.007256955744026],[79.28105964178917,11.058752351939631],[79.27699257474768,11.083571669996729],[79.280799636094514,11.106970087999287],[79.288330608371041,11.129417496320514],[79.309913505603959,11.177033243289657],[79.339973524858465,11.251230018150977],[79.350761536715709,11.273668541170366],[79.36723365420994,11.31625430799005],[79.396697551550915,11.355552693901814],[79.430961599198611,11.422358138717243],[79.484382653436853,11.504182613337093],[79.507873607181409,11.549939422066814],[79.517303583393812,11.572366712553901],[79.528236602837126,11.618203820849772],[79.546623647663353,11.662610473794473],[79.554656528875853,11.687799769343997],[79.553863601124476,11.710298305922208],[79.583549620218946,11.778952630959282],[79.594520525402061,11.826620514325441],[79.623107509104443,12.02611567679719],[79.624633518322355,12.048594264613769],[79.625686620841066,12.072002574259557],[79.618820501165374,12.093172075630946],[79.61746950631283,12.186836827357808],[79.621482593347139,12.237762421198909],[79.625831628427079,12.264349481743352],[79.623641603877104,12.290077733800501],[79.623336502577672,12.319467872344546],[79.625343632902513,12.343313044761317],[79.635871639065044,12.391901764654847],[79.638832629922092,12.419428773219465],[79.641471587943613,12.474036202309037],[79.634849549667138,12.542031709196181],[79.63231653897725,12.591168269100478],[79.637123560104385,12.613166742151577],[79.638786529774677,12.662742513856074],[79.631469631218692,12.689879428892652],[79.614906655218135,12.736368313646892],[79.608978638153815,12.762575675027506],[79.5928875634105,12.811352483630344],[79.573646569134041,12.884948275742488],[79.54221359358263,12.950823833253423],[79.528877651282755,12.994989924745369],[79.525726558134295,13.018879521872577],[79.526779493379081,13.041836717190904],[79.536186502705107,13.140940316842261],[79.545326632817989,13.187247147338098],[79.560096552214247,13.2353537388841],[79.570533529898626,13.259612308061719],[79.594673579222444,13.307190170190324],[79.627677489624602,13.349196412984213],[79.639503517873209,13.368854993063621],[79.646652610129991,13.391763572830769],[79.675010601258407,13.516906057568633],[79.681877559102247,13.570581419397115],[79.686706540774424,13.593509947026575],[79.70152256031804,13.64069687655973],[79.711631638889173,13.686533650307865],[79.718147561660828,13.759048846727012],[79.723472585991203,13.784727143243231],[79.735969500392287,13.835143954629928],[79.744537649093388,13.857122310746206],[79.758476586825168,13.909369060833626],[79.76284758155083,13.933677418278364],[79.766929568345063,13.987383959602198],[79.771766597150872,14.011692149773012],[79.783172523293501,14.032730894215547],[79.841430606337553,14.111726643969575],[79.858459616418315,14.12996549671044],[79.8717496258447,14.151442951131401],[79.905830611993281,14.190210425870589],[79.922393587993838,14.206610290932304],[79.941726616190522,14.218858765819505],[79.965728531446757,14.22416937221891],[79.987747623254393,14.21524968572453],[80.000816518167937,14.202280534619092],[80.003982531069141,14.251406365611444],[80.013778629380397,14.308282776129374],[80.027290592387089,14.357769364764522],[80.043136580289115,14.404036296837774],[80.055717648750658,14.453544176023058],[80.053703644907444,14.5004201370798],[80.0422665383702,14.546008303140809],[80.042922505669253,14.571266330277069],[80.049392497366,14.618993221759922],[80.050018625159566,14.641971874002934],[80.062881494385636,14.662989664241763],[80.114593646080039,14.696058450836972],[80.111183551779675,14.703786734370453],[80.114936633119271,14.732454854008438],[80.114547545033361,14.740594353446795],[80.099059632096498,14.802680451142066],[80.091880532160985,14.80500022627956],[80.095870653208237,14.811519838070183],[80.092071639894414,14.827608733756222],[80.092529626840985,14.850907238878108],[80.082046548109872,14.901614903605036],[80.070770540728006,14.939711492191748],[80.054267580084911,15.022576997730425],[80.054977527391145,15.048094528739625],[80.05171964874296,15.07390391763181],[80.052879536761395,15.098951223720121],[80.061340565414923,15.132349084842531],[80.07447064930119,15.163437898840073],[80.076232524611498,15.176717012979907],[80.07393655362921,15.18126704473849],[80.07539349581333,15.186455611337522],[80.090873529789746,15.19740589686478],[80.093513494152603,15.204843495231273],[80.094848563810331,15.222904149107308],[80.088447640046695,15.236963451202428],[80.085380533684827,15.258240911688858],[80.092407586141348,15.287320080857171],[80.10243955144432,15.310747500197124],[80.102249617326152,15.315487298799951],[80.10231063722631,15.320226930128854],[80.098846563818029,15.325437456373663],[80.107757533183758,15.329646344703178],[80.109489569887899,15.342077378368458],[80.113319596322469,15.350175973042838],[80.137206511671309,15.384083789335534],[80.153098599720749,15.400367648148574],[80.12415354195258,15.433259744042118],[80.105400542301368,15.450898454000594],[80.091857566173928,15.471247368071715],[80.098167629632542,15.494646792415665],[80.109649496327336,15.515235427972755],[80.131248655101501,15.56286140203224],[80.13568854868771,15.587659764986313],[80.136802503832655,15.610178251225477],[80.151336557136574,15.659254293950653],[80.149810547019285,15.70710222069107],[80.151870651009915,15.72962053875699],[80.160056586042799,15.750699348895978],[80.170623650661128,15.772219048070724],[80.188217601361373,15.787237070634433],[80.21145659474621,15.797606491246711],[80.234611603143151,15.796467558331301],[80.248176539815631,15.778407573550794],[80.266487644989013,15.763518464305832],[80.290649654857873,15.771108110151317],[80.310623562427622,15.78609713227695],[80.327789532061388,15.804335985917135],[80.348709589376199,15.819766064352507],[80.371017521841338,15.830584419335651],[80.390502596617694,15.842824344368125],[80.409553656775984,15.859652355971605],[80.429511639150974,15.871412500786448],[80.516830618038739,15.908709120829428],[80.537727541193249,15.919988479984511],[80.5582196183409,15.936338387706542],[80.573966532429665,15.952736408258772],[80.592071610116875,15.966814652774133],[80.613723575282961,15.955536299061066],[80.639343532777957,15.913409860077138],[80.656211610077889,15.897581139158376],[80.678382582090649,15.891820423873583],[80.727996575881434,15.888520468644856],[80.751640584345637,15.889181465852118],[80.762863617162338,15.886490538707562],[80.784408627756136,15.875870333149521],[80.790458518246169,15.866211866184813],[80.807380574653962,15.854123653184161],[80.818252574197118,15.842033595674025],[80.827918584675103,15.827534579057726],[80.85209651973878,15.820286076641253],[80.867813594322058,15.826324568224379],[80.877479604800101,15.838403728649268],[80.895606643931615,15.877081183050279],[80.926841638231167,15.914318793177927],[80.947379648252308,15.933857847961463],[81.024139608756116,15.991373965136518],[81.067863639395625,16.01062367564225],[81.091560619726977,16.014932645025681],[81.124427572374714,16.00327542941767],[81.137733507895234,15.99780472840564],[81.15148150516751,15.998774682305907],[81.151702619680293,16.003914297906647],[80.914306501743795,16.146815353346028],[80.816276624266948,16.226169178065277],[80.790588605180119,16.25884803930569],[80.730819600844086,16.310174958307812],[80.694763502933483,16.368300103567037],[80.681716567665603,16.398838394876179],[80.665893545750691,16.42518674027599],[80.636276593690013,16.4462253174446],[80.54811858600408,16.496902303598574],[80.512977624717792,16.506331441642828],[80.44519049164802,16.51924175190544],[80.411582580371942,16.523620625591548],[80.371093628768108,16.535660559387452],[80.337768522799252,16.547838961798789],[80.27124756142598,16.566668907444239],[80.242690583603689,16.579847941429477],[80.214942628699532,16.59945572690043],[80.199417500017773,16.628054781303263],[80.186782618822974,16.656703120352859],[80.18125156880501,16.688260146588618],[80.181182501771218,16.753446041002121],[80.18376161440716,16.786543997107913],[80.182502651676202,16.820032885809155],[80.165077512717176,16.84673025269916],[80.137367611726063,16.862199223215725],[80.105537501854371,16.868389091383619],[80.079070636600761,16.851281122625835],[80.06291954829868,16.82431268478274],[80.030860612227627,16.761175497251543],[80.013786508340843,16.733248336241843],[79.992378623674711,16.707059918180846],[79.974822559613585,16.68003062681214],[79.934486494556211,16.62493419765525],[79.902923601143414,16.603545592655109],[79.852172518047439,16.564248883978962],[79.838600539683341,16.532700741246344],[79.827926522291307,16.500762841332175],[79.807510552969802,16.475474639243373],[79.783233544092923,16.451475909385863],[79.755142601250213,16.427376427580214],[79.739227546314396,16.408667685365515],[79.738227584735398,16.397407435904597],[79.720886600736208,16.349202441439672],[79.703720631102385,16.32954251867244],[79.681861633008111,16.316823316143257],[79.663307620050773,16.302223382103534],[79.622909528751904,16.275825919330828],[79.604362555687544,16.260778056362369],[79.570098508939168,16.22925891496709],[79.425697595667657,16.130836093111327],[79.407653537880606,16.115317335226962],[79.393356525183663,16.096077513666444],[79.377662584760628,16.078698643927396],[79.342491616694929,16.043490627390668],[79.325843647566444,16.022882042172625],[79.314376534249789,15.999493514014603],[79.299026587207379,15.951287513208285],[79.276611533795403,15.905420397233684],[79.252311558032147,15.862323332555889],[79.241813560447611,15.839383740567314],[79.234619539860034,15.81412621705141],[79.234512587086385,15.787907120417401],[79.24150058018779,15.763948456256401],[79.250846568714337,15.740440067355337],[79.264472526186296,15.721972052967999],[79.274787632243601,15.701674436226369],[79.288406548023943,15.683194519311769],[79.327003535584879,15.651225605377533],[79.341552507742222,15.630447872071784],[79.357887495711509,15.588499631952573],[79.36486861619386,15.565921132154642],[79.364272495179648,15.540634773676004],[79.348129620385805,15.520043958162262],[79.33058160255905,15.50359531117482],[79.290801592819435,15.475326840361504],[79.274681516738781,15.45841903281223],[79.247138582979403,15.419041690022141],[79.229133583648149,15.403051700875437],[79.214416638816999,15.381982948754228],[79.194419597086892,15.337506726054698],[79.181106619874754,15.314597140845535],[79.162528634588966,15.266890198124258],[79.141960617788413,15.191155344243896],[79.138091531099462,15.165437989271936],[79.138931566238966,15.139688613938517],[79.12779251930948,15.060694541420105],[79.12581656937931,15.03725521955289],[79.127616498602663,15.014277740925138],[79.135551646891145,14.993087954445684],[79.147239540172791,14.968669626102496],[79.18374658423761,14.908264603228986],[79.194030509000925,14.887524924735601],[79.233207525107332,14.794009875055849],[79.245368493261537,14.775104324305289],[79.261779589056971,14.758462223253161],[79.27960152598979,14.743645198267416],[79.295516580925607,14.722876685710617],[79.323112655624698,14.682739103726817],[79.356712520666463,14.620042467985627],[79.366477605856971,14.594703974908668],[79.370132618825437,14.570335603005788],[79.370956559697618,14.546898125648113],[79.369453517366082,14.523938583998586],[79.358528544157139,14.502868993709228],[79.340103611792415,14.485982141262923],[79.298606654173909,14.461432553269844],[79.279266586084248,14.447763512875952],[79.25570656440658,14.436884305266631],[79.230293639839772,14.431054691121233],[79.205833570363154,14.427985909322388],[79.181846574859719,14.429955823902276],[79.133377549334568,14.42149630431112],[79.108459492012116,14.419795280727783],[79.057166603356222,14.407666332035717],[79.007316575299853,14.404697294045036],[78.983817574421664,14.408495133743543],[78.963172610727554,14.420996408057931],[78.943931617350415,14.435334323720213],[78.90355649293798,14.458952849894217],[78.865066625424561,14.487151080957744],[78.842986512817447,14.496900240953494],[78.798850596278157,14.521898764216758],[78.775833554674989,14.533018028759159],[78.728347559192684,14.548835854391314],[78.707206554638958,14.562245054565778],[78.690307632391466,14.579774799967197],[78.676238607725736,14.600043582645355],[78.641487571794187,14.634171339835575],[78.621749531216039,14.650791313068794],[78.576606613204774,14.673918827392129],[78.54228959189129,14.697928286161641],[78.527259498627132,14.719575725039817],[78.509399506881891,14.735714911713956],[78.477439644624042,14.775792142893238],[78.460510548323327,14.791470996289604],[78.440750546300819,14.80577018804388],[78.419113501786853,14.816870341992853],[78.395568568035173,14.827968819605474],[78.348022557195407,14.843259925805057],[78.325889639095749,14.848838417758884],[78.278793568968183,14.850328384847217],[78.225578542216113,14.863327543631385],[78.173767652155561,14.879056351669419],[78.102180499430688,14.896205223392485],[78.052253525380024,14.914673071405275],[78.029632611755801,14.920223734737704],[78.006072590977453,14.931282984822019],[77.98297860427931,14.940052468346892],[77.934448557954738,14.95068088921181],[77.9066466230434,14.955310380569756],[77.882141626135308,14.9659099691699],[77.817542633785706,15.006868305727892],[77.795852614706575,15.016997667608393],[77.750106534888857,15.041844981560814],[77.743476616752616,15.0643735258177],[77.742500628401444,15.089191839332045],[77.757522507258045,15.134688976914902],[77.768806560874225,15.15489757786105],[77.7843476147508,15.172816410449116],[77.802253539369531,15.189356419563239],[77.818260628225573,15.207265362306771],[77.830978488966252,15.226562850195535],[77.837081521295318,15.250000494827134],[77.839889625605906,15.272979817964369],[77.834670550405747,15.299188184787056],[77.820938645602155,15.343335333858704],[77.810066646958376,15.366795778102812],[77.798240618709769,15.386112544758248],[77.790191645028528,15.410481252108241],[77.776412634635562,15.483597264002697],[77.773933603053479,15.581530080349069],[77.782203523973635,15.759039845912298],[77.787368620065934,15.783877100947564],[77.800537596033394,15.831235356726495],[77.83403754909375,15.898369876069069],[77.846786591128421,15.917208874290282],[77.861427597205989,15.934677597992902],[77.88221756578821,15.953066320054745],[77.906318554857592,15.967756610779077],[77.987159496713559,16.029760567096616],[78.099273654955368,16.10042822508268],[78.120559498022601,16.11649599839177],[78.137603595129974,16.132566118032059],[78.152740642067158,16.151403941738636],[78.166946627185268,16.172543605403177],[78.189666612824055,16.21666963119867],[78.197257599558725,16.239659179627552],[78.198676656003045,16.264967665925155],[78.195846590248095,16.313754700719016],[78.191596629880735,16.339073077760474],[78.130203547955546,16.360411559945646],[77.973442512562087,16.396418372310166],[77.791740621132931,16.407918845978088],[77.767982619102725,16.415837230004286],[77.748191604858846,16.41978711808116],[77.728027595897004,16.429016263989524],[77.707870626828139,16.449235091126695],[77.670249627618375,16.482233973419284],[77.607582496834937,16.532781039913175],[77.563186572802238,16.564507885130922],[77.543861591739244,16.580547997991857],[77.517318619558807,16.618804344844762],[77.497627517296223,16.641274048258879],[77.427146608029716,16.715339394397688],[77.399093551826127,16.752217254123138],[77.387077591257992,16.775895626582042],[77.382293535218651,16.800823240100613],[77.364501605065186,16.848061132415467],[77.360153576326638,16.871138690298437],[77.358756647701284,16.898288009684052],[77.348182542290658,16.97067345461636],[77.342903619906281,17.019948653107974],[77.338088551645512,17.044408889858516],[77.324600560967269,17.092925021872418],[77.323661620187806,17.143042768209341],[77.321739649365497,17.167890416709497],[77.316436587378746,17.192808976753042],[77.305900534981845,17.220118056203489],[77.282142532951696,17.261915589732837],[77.271507574015516,17.28554417482394],[77.263313592748261,17.310051686236477],[77.256523580898715,17.333150031948549],[77.25222064686551,17.359878580132488],[77.246391537239788,17.382957145256171],[77.242042502159904,17.407844692178912],[77.240051633376311,17.429925139333875],[77.239532624730998,17.453362784864794],[77.252563634804062,17.554186685966897],[77.260276494065124,17.579305238146389],[77.28098264493326,17.625302441054941],[77.287750528963898,17.650902617062286],[77.29508251544587,17.704957342607429],[77.300880612850165,17.729646910076951],[77.302833595893901,17.755325204794531],[77.294197553774268,17.783493597251834],[77.292266531275573,17.833579658674466],[77.286422500098467,17.880516807804554],[77.271797588288223,17.925314896065743],[77.274238565957205,17.951433577098044],[77.289962513159594,18.013120695963494],[77.308341511751507,18.110543891687371],[77.30741162444707,18.137182251359945],[77.300102604851475,18.159809869430092],[77.295196509011816,18.181468707215231],[77.26930263061206,18.221406296163764],[77.260513534672043,18.243134703703731],[77.247337517912285,18.264942571742438],[77.205322557989803,18.325811785085932],[77.196998489788655,18.347529631887141],[77.161247493177427,18.382566490351394],[77.101882496680048,18.428103692731383],[77.084243619447648,18.445841644676307],[77.071006582787732,18.466712416444977],[77.034278592383316,18.504489317628042],[77.021018587937647,18.523987972167333],[77.002372541959403,18.541268104439609],[76.954322611299631,18.573245231882083],[76.938102623237626,18.59094412267325],[76.920356625058332,18.605446157414349],[76.888893642727567,18.64264085189393],[76.877098629398404,18.664389711815886],[76.861350540795002,18.711877887254843],[76.823638514905724,18.844997094140695],[76.808326621776359,18.862198771356361],[76.791656524828909,18.884917585178528],[76.776428619385456,18.93742350189325],[76.773857553883147,18.95993327100382],[76.773780607888909,18.985150562448666],[76.769782607881211,19.008590387036861],[76.757057537275671,19.037208719307102],[76.731872600740076,19.109563319291908],[76.7224736367491,19.13215992424125],[76.71589652500478,19.179480294280324],[76.702430494871578,19.223676727998736],[76.677177496744264,19.263925453596926],[76.667236559919445,19.284692959812389],[76.652412494141458,19.305069868879457],[76.634117648710685,19.323671659219826],[76.605377612087295,19.361659449624028],[76.576187633852385,19.404225268581399],[76.558830555585814,19.420055164014741],[76.521110650736091,19.448973401301544],[76.390457566563612,19.516220572421616],[76.344207566925832,19.532836689361886],[76.295646508379832,19.561388132756235],[76.25051850922199,19.592626145180589],[76.226707532626676,19.606194267251794],[76.198539644688992,19.624853222098636],[76.179107542679105,19.637902671870961],[76.15680665190564,19.656480321709637],[76.136413648571192,19.670908763129034],[76.084747597923467,19.693019217063352],[76.05840260519625,19.701548977303617],[75.973297622287589,19.715258083393962],[75.946861601981482,19.716897918004634],[75.897331594977288,19.711878164046198],[75.83854662612606,19.712898074386771],[75.762260577763584,19.726867354345075],[75.735832604591167,19.73030812541981],[75.681091568621127,19.746346393771205],[75.575927517740922,19.769632829991224],[75.551986623284222,19.779894458762385],[75.4861226337527,19.82023404376622],[75.439216497743359,19.844381636603373],[75.412803611597553,19.852800085056003],[75.280479512419731,19.86554040996208],[75.203010610051763,19.867810229558586],[75.177017489665559,19.869771259736012],[75.147148578144538,19.877718813272736],[75.069763495289237,19.901450494844596],[74.993843569025671,19.92696702041178],[74.919311517912377,19.943287087729061],[74.868843575570736,19.964533872340496],[74.818817527706869,19.976594089445825],[74.79528064108888,19.983993633899217],[74.771728499270978,19.986803415445422],[74.743766637920146,19.995122119190569],[74.718261512159245,20.00343244125429],[74.694236630915952,20.015849726983447],[74.667739590709687,20.025991159564512],[74.641242551402797,20.033369917088123],[74.592170531345118,20.055900472229155],[74.541107640705206,20.076128351942032],[74.521972594659701,20.088966745219238],[74.488586636064554,20.126094552621623],[74.477783536281322,20.149014028574697],[74.475830553237586,20.171910035819621],[74.477310628682744,20.19983920771341],[74.486679584994988,20.271739340698161],[74.497520571417397,20.314764655664476],[74.518211635258922,20.363291852037491],[74.528068585297149,20.390750463563165],[74.55468749802975,20.436506937745094],[74.56356862699073,20.459396742365925],[74.595657569841137,20.526193804600553],[74.62084150093466,20.56965045240662],[74.644027521553028,20.585628539026004],[74.668197577656258,20.599778533252845],[74.720481542589255,20.616136822656358],[74.74365951697331,20.622036342003696],[74.767326491424626,20.626096032805833],[74.793456571363834,20.62785723812118],[74.849662596651683,20.622646543703183],[74.898933603403236,20.614246704022321],[74.925048596315833,20.614158693668912],[74.950683640837497,20.611768006988086],[74.977790548195401,20.612578034448859],[75.005912504158914,20.616125591023319],[75.030578601121704,20.621978339329019],[75.056251532282545,20.631488780582913],[75.08191658358362,20.637314706608549],[75.107070507897788,20.639485285117928],[75.157821590993763,20.6337466976521],[75.185943546057956,20.635895651063606],[75.268257524365424,20.633605715431543],[75.322502518576528,20.635125689299286],[75.349616634899917,20.634036880098051],[75.374252556910108,20.632056739327197],[75.45304160918306,20.61870554092809],[75.503829571677556,20.620186622714584],[75.551788642032363,20.637696586628294],[75.57306660703847,20.648526005071233],[75.59631364665762,20.656585541289815],[75.617591611663727,20.666031945418069],[75.714546594250066,20.700042188196562],[75.738822597684873,20.71082232199268],[75.764060507886313,20.719301957619393],[75.784416630922919,20.732860357119932],[75.804313591599112,20.748700142397809],[75.875526576890195,20.814436725874316],[75.893943630294473,20.829824726829827],[75.914306625950189,20.841993239396629],[75.929801578779973,20.859233975967356],[75.934966507598403,20.881611812735116],[75.943603556958749,20.903510541078731],[75.947311542693683,20.92681927329096],[75.946853555747168,20.976266467123878],[75.945259653110668,20.981745380744883],[75.940162617710826,20.999227182388722],[75.916603602374494,21.014094498362567],[75.888976513655336,21.021695207667847],[75.864883571719645,21.032903488905049],[75.841712639027207,21.040913905952152],[75.784980565201067,21.053772417063556],[75.716796632358864,21.060771976345791],[75.693077523309228,21.061882914265198],[75.593063647869201,21.047122717439606],[75.569343533377548,21.047762760443163],[75.465187489411278,21.072771173550962],[75.438987504270074,21.074783165610768],[75.353866595267334,21.064811551112314],[75.292556492887968,21.066551465877581],[75.263862557311313,21.065341789592082],[75.185760652732085,21.070802264413089]]],[[[79.887359580380519,9.0454648052566995],[79.870918644180222,9.0610035119026975],[79.840438523719058,9.0825812128528014],[79.831809522391723,9.0851517747347543],[79.824516596164131,9.0854508415832242],[79.820236629017359,9.0888906072158875],[79.812866588622342,9.0913223650352393],[79.797958536057763,9.0923203139314523],[79.748657521627479,9.1032605423403083],[79.736366634712567,9.1036196227475443],[79.729560528595698,9.1054995160899352],[79.723831499124572,9.1026297200856447],[79.704017517994203,9.1026297200856447],[79.696243637933719,9.1000199306753871],[79.697868552791647,9.0826209440015191],[79.701682654930721,9.0771314678431168],[79.743919568433512,9.067193212796667],[79.774291561606447,9.0548939433009537],[79.818641551866278,9.0311356058236925],[79.861396634946914,8.9893576856088657],[79.874603496654231,8.9693400251222215],[79.87938654635218,8.9710990513802358],[79.886558604596075,8.9606109427409706],[79.913062518320714,8.9684393064289907],[79.923843656659585,8.9746186120594302],[79.920272631376974,8.9807583556137729],[79.915313561871528,8.98462794592308],[79.898788639784073,8.9929684420400804],[79.893379629566425,8.9973261942486147],[79.876327654397869,9.0184967019613396],[79.874366624220499,9.0257550951216672],[79.864723579729571,9.0378252029708506],[79.867072524377647,9.0429750438632936],[79.881027554578168,9.0299549308754763],[79.904792597400615,9.0179555663963811],[79.905113623894806,9.0258350583413858],[79.887359580380519,9.0454648052566995]]],[[[79.686256600062222,9.5229307003916688],[79.686996555047131,9.5278996597416494],[79.684097588632994,9.5326691296767194],[79.668548655795973,9.5499988829422477],[79.658546530897866,9.5528187216068545],[79.653037608698867,9.5501680292313154],[79.651168612441666,9.5458992937175822],[79.652099506087495,9.527589529433385],[79.656066493873766,9.5151405587898807],[79.656379641407511,9.5027123759755341],[79.659751512722266,9.4979315062341811],[79.687156648760492,9.4816137843487809],[79.702819576062723,9.4746442318459572],[79.711692490616088,9.4722934426883398],[79.719222624724523,9.4726734790979208],[79.725631595621792,9.4755340552525809],[79.728652601836245,9.4800228989377615],[79.729911563667883,9.4906332146512682],[79.724739594057155,9.5166513128079941],[79.722061575781254,9.5216308337960527],[79.717536521793193,9.5248498203630447],[79.710700577070156,9.5255897753480099],[79.69654857105985,9.5243998796508436],[79.692390643713395,9.5201509247255558],[79.686256600062222,9.5229307003916688]]],[[[79.77459750107397,9.5869862099457919],[79.776252591783816,9.6104545331503459],[79.774032561353806,9.6163332637692633],[79.769020518182515,9.6166331687858246],[79.763717622570368,9.6114846687825661],[79.761123591980322,9.6051940495658528],[79.761657518579796,9.5918659862264235],[79.768409644689484,9.5834356352465306],[79.77459750107397,9.5869862099457919]]],[[[79.821189651381474,9.603489004214282],[79.818962579259789,9.6140233793755669],[79.814437525271728,9.6172452149947958],[79.811523640004168,9.6215627342329526],[79.808273641215749,9.6173032176694733],[79.810058650686358,9.5944749365692132],[79.809287516206041,9.5870254365747769],[79.80558053591318,9.5823458197039599],[79.805717496365503,9.5751060353154003],[79.810707578092433,9.5718863787535042],[79.836166602806657,9.5645969733717493],[79.853271553439583,9.5641778776071078],[79.859016509904166,9.567506834173173],[79.860549559914432,9.5810367350574097],[79.857696527273049,9.5909949388654923],[79.863738538802693,9.5994943559798571],[79.860153599209411,9.6045250070235966],[79.848655639146614,9.5998685243130808],[79.841209490925451,9.6047149411417649],[79.839683649880669,9.6097145781653808],[79.834632547354317,9.6077548888771389],[79.83434253308161,9.6027753678890804],[79.826797647393676,9.6017341678976891],[79.821189651381474,9.603489004214282]]],[[[79.777610628327977,9.6485908510870217],[79.778587622121222,9.6535215892500901],[79.783416603793398,9.6577814403613047],[79.785537561309582,9.6629698378878288],[79.784332578585804,9.6771899045905343],[79.78074663265113,9.6817396018013255],[79.77500150891268,9.6786599229172339],[79.763107588144862,9.6575514414460031],[79.764869631628358,9.6521107481126478],[79.773246506221426,9.6456813248333901],[79.777610628327977,9.6485908510870217]]],[[[79.896057647842326,9.7619138474462375],[79.87912754520022,9.7585131411686916],[79.867050563832606,9.760254062275294],[79.862693649792277,9.7582633598663051],[79.855949570816222,9.7486238362212134],[79.857032512840362,9.7431942072470292],[79.860847620421509,9.7384145111209364],[79.860946526960788,9.7277862566305657],[79.852302604981389,9.7111776841029496],[79.862937563917626,9.7033779881037958],[79.852836531580806,9.6992175462528962],[79.845321652672283,9.6999873398439718],[79.845016552272227,9.6940977121398646],[79.848396637994597,9.6902279545565762],[79.843727582761915,9.6810197637512374],[79.859397550856443,9.6557815181027422],[79.866462657226009,9.6548006680165486],[79.865699568980062,9.6480220550739091],[79.876899634910387,9.6311921989609459],[79.881889550262713,9.628882481841174],[79.900848577400097,9.6119434938972859],[79.907226534277299,9.6118636979514349],[79.910270505579547,9.6170132042960859],[79.911247501171374,9.6224227172347696],[79.915878503390388,9.6280333950252839],[79.923683562946223,9.6313023380325831],[79.933006586385034,9.6291634444375518],[79.967216654025549,9.6097948768322112],[79.97752354477592,9.6114846687825661],[79.980735657824482,9.6166831252261886],[79.984596530105932,9.6122936899020033],[79.985908632877283,9.6075347807056914],[79.975791508071779,9.6013553060026879],[79.968963609583056,9.6025643122933388],[79.971626540832347,9.5973246174372662],[79.97958364876655,9.5942959004356112],[79.989166510626148,9.5948437413456986],[79.995353528842429,9.5968146622669792],[80.00155664042677,9.6008143377116539],[80.005287593048138,9.6068749571136891],[80.001068645801524,9.6161543949095289],[80.005531507173487,9.6260425262417471],[80.005592527073645,9.6305722737915289],[79.999999618088054,9.6396587602437194],[79.995696516780981,9.6419605984030454],[79.987808643154494,9.6318922564226455],[79.989112532417607,9.6262634725813427],[79.98383360913391,9.623842610947861],[79.978866493394094,9.6286333723323878],[79.95294160187359,9.6361630028204672],[79.927192562886603,9.6567803060664232],[79.931137590127832,9.6623998691587758],[79.929611580010544,9.6685094377604628],[79.936469654351242,9.6697804702926078],[79.936080566265275,9.6749792621833421],[79.925163640190021,9.6778309530361639],[79.920577565402482,9.6762789597063374],[79.917549519295051,9.6711294533617433],[79.909530552393221,9.6689593793719837],[79.908546516908416,9.6628900428413544],[79.910530513072899,9.6572113025596877],[79.903938648849703,9.6590893522919146],[79.900382543319893,9.6661398743558493],[79.898979580243576,9.6832986359234496],[79.889282555745524,9.6924580439037413],[79.883827613553706,9.6945676016136417],[79.879226619013423,9.6921189131574579],[79.873290554815412,9.6915278211521354],[79.869003546876343,9.6953885252603413],[79.868156640017105,9.7012982698993824],[79.878860497813889,9.6986784215720263],[79.888732535778047,9.7039880234286784],[79.893371584231375,9.7100166233686309],[79.891616580640857,9.7163672561441103],[79.88857260933861,9.72769539812424],[79.889312563424198,9.7324350285538799],[79.895606534414185,9.7434243743355182],[79.896057647842326,9.7619138474462375]]],[[[80.253547496120234,9.8199798164155254],[80.248123566149843,9.823879748052093],[80.230117562275836,9.8261485622065265],[80.212829551043114,9.8315589133133585],[80.207801582677064,9.8311679807178507],[80.196548542181631,9.8265884440016293],[80.174346557048125,9.8227986496381163],[80.143722602616151,9.821148924283591],[80.138229607410608,9.8194199048048745],[80.134948594602122,9.8131193957436835],[80.129508572163047,9.8161290021518539],[80.11020655798643,9.8073397389379124],[80.102653625164805,9.8058598298674156],[80.095596565029609,9.8072996732414595],[80.087806591601066,9.8055808799537658],[80.071380576052889,9.8062499242947183],[80.043380492615825,9.8133492282843804],[80.036956602865075,9.8114203848430179],[80.027831559778804,9.8115196259301456],[80.022613658193904,9.8133892939808902],[80.010223528393283,9.8087996992468334],[79.998771502103295,9.8068996889696223],[79.988952605078794,9.8070207242271863],[79.981857491929873,9.8052999191560843],[79.951110491356246,9.7925706577098026],[79.946731617670196,9.7892209142139563],[79.942077650363444,9.7823014854253643],[79.936317605972874,9.7780729828820085],[79.910591532973001,9.7655127013502465],[79.908470577255514,9.7598731885968846],[79.909530552393221,9.7535435109244304],[79.912650632420934,9.7469539939318111],[79.923698650872211,9.7355349916466594],[79.927947604898236,9.7287163130075669],[79.940803599706499,9.6971675002800453],[79.942756583649555,9.6890291753562678],[79.948882581965734,9.6857882291436113],[79.955543512323402,9.6886481344039908],[79.964767629222877,9.6971185501810737],[79.972198522244184,9.6888982502541694],[79.979446521040302,9.6840694358559176],[79.984901631405307,9.6826585938192125],[79.988822518144843,9.6853195132850374],[79.994743494416866,9.6843383268524121],[79.998580561643791,9.6808987293929931],[80.004501537915814,9.6618510219072959],[80.00785865765107,9.6568805525955668],[80.017791549140838,9.6481620327517703],[80.026428596702544,9.6448813562897158],[80.051071560404353,9.644602406376066],[80.055831643215924,9.6427215066923395],[80.071021494746333,9.634402132952232],[80.091583645269168,9.6185841409454724],[80.118568511927435,9.6053739256662993],[80.105529622893926,9.5852053904165473],[80.100028579655373,9.5827865405665307],[80.094383536071518,9.5873853560494808],[80.064857611589673,9.5981455401846461],[80.06561265270193,9.6039942649235286],[80.060630618108689,9.6065450453177164],[80.054122573398217,9.5969056889465492],[80.056106568663381,9.5921648849016492],[80.077209519304006,9.5824054996142536],[80.093727567873145,9.5722473027709611],[80.143882529954965,9.5332801713429944],[80.173828555643468,9.5037421761606424],[80.184272575019463,9.4819438643179978],[80.184883614887099,9.4762932872055785],[80.182289584297052,9.4706936728748587],[80.178131656950541,9.4662350041422769],[80.168701512564894,9.4602543479599035],[80.160072511237559,9.4454554272263067],[80.148727604995145,9.4322762259672004],[80.141372653425378,9.4278564484164917],[80.125106564316638,9.4228770947023008],[80.106491529660502,9.4109177950203389],[80.077857607642613,9.4006685723968531],[80.069793546934818,9.3941990843204053],[80.055610527803765,9.3905393768908425],[80.053253536921375,9.3842506030829895],[80.05579358930288,9.3679707669375034],[80.05844159990005,9.3611812578089371],[80.062713520812508,9.3568225010577066],[80.063766623331162,9.3500422117787707],[80.061408626107379,9.3439825987180711],[80.065986653761229,9.3276735939613218],[80.070503494241052,9.3239838806517241],[80.085082641350994,9.3235939552969285],[80.117896617634983,9.304896442916629],[80.127250655093803,9.2878476522474784],[80.115318513139016,9.2814480693730275],[80.111122531879516,9.2740473513043753],[80.112846522349287,9.2668089069056805],[80.120902536822769,9.2545188581589173],[80.121971565435558,9.2493193962732789],[80.117416502869446,9.231990649349143],[80.118072638341744,9.2121218509428218],[80.115463519825767,9.1988108846147725],[80.108428588408799,9.188774562096512],[80.108077554235877,9.1790552434048891],[80.104087601361869,9.1703248201344536],[80.101859522898849,9.1556568254023318],[80.099502532016402,9.1498273794301781],[80.094421589984563,9.1440167077050205],[80.092742526946211,9.1381782100564806],[80.089286500671619,9.1348272920460545],[80.0896836349919,9.1300777708725604],[80.082626575756024,9.1299575737831447],[80.074943556000449,9.1178594700386384],[80.075492569626533,9.1065494332099206],[80.073600607382275,9.1016207059309977],[80.079963645406053,9.0992918782177412],[80.076446599231303,9.0925513200874661],[80.075698597112705,9.087150691551301],[80.077217566437696,9.0814821783599768],[80.080810553164667,9.0773814164193709],[80.078933508874513,9.0726729663844026],[80.078109568002333,9.0616234379714342],[80.06738257604519,9.0421050028437548],[80.063590602624345,9.0302057176199355],[80.058151585627343,9.032524654589281],[80.06592563386107,9.0527463316780086],[80.058341519745511,9.0476435972743161],[80.041549550271668,9.0164768309411443],[80.036247493726989,9.0115771058988798],[80.030296509776292,9.00893546519967],[80.015922551984374,9.005725699381685],[80.005599567865943,8.9999770547973981],[79.994796636255899,8.988597950035512],[79.987586522300319,8.9739589566406721],[79.984123623406674,8.970149214414846],[79.962379625219683,8.9619797081971342],[79.945342568904607,8.9444818149839307],[79.925460527081839,8.9408122168105137],[79.917663512860997,8.9358915366652241],[79.909698525067029,8.9350625667841541],[79.912712657763109,8.9402011769428782],[79.91393256023963,8.9460819202445805],[79.910552640891808,8.9494906718571769],[79.904426642575629,8.9520515111684631],[79.90264850662345,8.9428600837260319],[79.896789555693601,8.940872063994675],[79.898071651685541,8.9340817166980173],[79.906471493165043,8.9258941062281565],[79.906097492105744,8.920212516894253],[79.915145589197721,8.915064184164919],[79.912353577355873,8.9099743568312419],[79.916366497116314,8.9036237249550823],[79.924056557664187,8.9005851172095163],[79.930320521874762,8.89824421879581],[79.935302557367265,8.8934546319258629],[79.928619498291368,8.8862760347113863],[79.934013587856953,8.8760667087117895],[79.933486533876589,8.8692862521589291],[79.926193607649054,8.8428980101351726],[79.922706569152979,8.8374884971965457],[79.921447607321397,8.8244003226169525],[79.918899507806202,8.8189909778514561],[79.92458361164455,8.816440029284081],[79.919982618003587,8.8124302940229882],[79.919242495744754,8.8069917797469657],[79.924713531304576,8.8049118951679475],[79.933357620557899,8.804850875267789],[79.938560603289375,8.8095316648546032],[79.945732495158666,8.8303771234056398],[79.969413551194577,8.834213687012209],[80.013038507121564,8.8808115372228258],[80.047996575082038,8.8973651252005084],[80.074943556000449,8.9493775173586982],[80.118553592174692,9.0047195351785376],[80.15014649416554,9.0665253429703512],[80.1540526284262,9.1209483687723605],[80.161598521354847,9.163180253266205],[80.164611646810215,9.2234109326685711],[80.173644656875581,9.3258057713194376],[80.17966453878762,9.3679677497120224],[80.218818588007593,9.4101287226625345],[80.257797622862142,9.4266727562428514],[80.273879645929071,9.4170483187250511],[80.320342546571453,9.4081918329868586],[80.335258646269665,9.4087140252322001],[80.378250600884655,9.3993737348101263],[80.402381597632768,9.4181823908048159],[80.410652523994941,9.439446776047987],[80.421569618243439,9.454668815213779],[80.434303573251441,9.4616990530689691],[80.464530559737682,9.4562164504289967],[80.476180567279528,9.4493640768907881],[80.490173652292356,9.4183034260623799],[80.494132592045673,9.4127287886028626],[80.512046562898718,9.4116708261478266],[80.53341656092573,9.4156544091238175],[80.560623548438173,9.4185382858133835],[80.598037513820373,9.4202409857330167],[80.623069564708828,9.4233000458605716],[80.636840528867481,9.429861566957868],[80.644950523348143,9.4316272985611249],[80.639350572670935,9.4398668772547012],[80.626983577929934,9.4517859439662857],[80.600349578170665,9.4708924922948086],[80.590606620799065,9.4755642302051797],[80.567413560287719,9.4950727736896852],[80.547073530619116,9.5089208511164998],[80.531097623057008,9.5247296241729487],[80.504722624449698,9.5463091687332735],[80.496650515708893,9.5558973950488735],[80.422531525010015,9.6077148240800057],[80.391891646282602,9.6359217722721269],[80.353767565420981,9.6680397155605533],[80.341010644425864,9.6864983437237129],[80.323463632041125,9.704577102751216],[80.311233596853185,9.729116466351968],[80.29029057355126,9.7504038166829332],[80.273269610604189,9.7747721885857572],[80.261680623861878,9.7961395039350805],[80.253547496120234,9.8199798164155254]]]]},"properties":{"eco_id":315,"eco_name":"Deccan thorn scrub forests","biome_name":"Deserts & Xeric Shrublands","license":"CC-BY 4.0"}},{"type":"Feature","geometry":{"type":"Polygon","coordinates":[[[75.985443503415127,12.484429426177201],[75.986877645986738,12.500384378636284],[75.983398653725033,12.52744250406846],[75.98412352078401,12.555000692128374],[75.982482511658759,12.583907696882818],[75.973213634601734,12.634814180130434],[75.966003522444737,12.660482585003422],[75.952262565065496,12.68382098944727],[75.936202504342248,12.706669386583087],[75.91786155786474,12.71987960096294],[75.896301626618936,12.728017925886718],[75.844299628824956,12.743767858100284],[75.815307631841904,12.745877750358034],[75.762542544902658,12.7423261702167],[75.741836562207766,12.758255976732073],[75.735572598896454,12.78025646156658],[75.735313597744494,12.808711513825415],[75.748466647617875,12.85471039307032],[75.75340258296302,12.878617759901829],[75.759078639667621,12.924106683976447],[75.764198641953897,12.926894504977554],[75.779479521962514,12.943983362242534],[75.786308594066497,12.965603139773236],[75.785652625868124,12.988090444718409],[75.779380615423236,13.009629086313396],[75.776367489068548,13.032567338312163],[75.766372572236605,13.053155973869252],[75.759132619674801,13.078365553627521],[75.760322515371968,13.103623748037705],[75.764343648640647,13.125692293564612],[75.771636574868182,13.146859952225157],[75.776122570400446,13.17030011226052],[75.778999573571639,13.216235288028258],[75.77129358782895,13.241894473051616],[75.76824961562744,13.268051710717998],[75.766418505110096,13.316708491303984],[75.763877614560442,13.339187079120563],[75.732398538861617,13.404182703069409],[75.720970653073323,13.424311172622652],[75.708152543105541,13.443509923044644],[75.69062061864679,13.464969605962665],[75.646301642407025,13.494975478835443],[75.62510649057225,13.506765798602885],[75.609947651263269,13.524115667903914],[75.593398588674063,13.540064417738847],[75.571250582648418,13.552302667334345],[75.547729622124507,13.56178293543428],[75.52696261863008,13.576321011405696],[75.511749632040051,13.598250751970738],[75.504966492809558,13.621157989949438],[75.494872502164412,13.646347620946074],[75.486167561184175,13.673376576867668],[75.473487585283976,13.723332384082426],[75.464813489251299,13.747609895680284],[75.442237503058493,13.800246236574708],[75.420867505930801,13.87310157098085],[75.417358505990421,13.895119992793582],[75.414176567894458,13.978224384347982],[75.42093657206533,14.006752526308162],[75.421157519304245,14.031552062877552],[75.414337499775968,14.055390530848456],[75.363853633138831,14.171202616807477],[75.336692577600559,14.208649105272116],[75.319580587973917,14.226887958012981],[75.311347547351602,14.250248490275737],[75.302390645112325,14.297953253939681],[75.276718552119632,14.369869815739548],[75.253700505074391,14.411935905717598],[75.23892253944382,14.431114705579319],[75.219963512306379,14.445653619718939],[75.201888608672505,14.463412693141436],[75.184738564233498,14.483952212224949],[75.156059546610948,14.525048515576657],[75.129676500870005,14.570305596226433],[75.096473602874653,14.637102323913268],[75.08680759239661,14.659529781674223],[75.059562550971123,14.696967216663836],[74.990417550429754,14.772162444041726],[74.938003497663431,14.824980001026347],[74.915290551917622,14.873015682827656],[74.898071607718691,14.894914410271952],[74.877082652442596,14.917694075821089],[74.866928647339364,14.93827148064446],[74.852546642413756,14.958822398634936],[74.845680521838744,14.980809974600788],[74.834106622123045,15.001837488309604],[74.824912512902301,15.022436182783736],[74.809730539433019,15.068243116127064],[74.805190564792895,15.092101532859601],[74.798309526263779,15.115021176086543],[74.786743504609206,15.136048688896039],[74.757446573600646,15.178046214561277],[74.724876509643366,15.218174576695503],[74.70677159923008,15.232242595019898],[74.673736506634611,15.269600234963036],[74.656066617180784,15.286431095618696],[74.634170570615481,15.30182898821738],[74.598792569621537,15.337775953397681],[74.581123518335858,15.353224638806182],[74.541061540557791,15.385432605130745],[74.515029528989714,15.425620141756269],[74.468521532742727,15.513855430883552],[74.392379487423568,15.624287508861585],[74.380760492103207,15.644396196927062],[74.36486857222701,15.666294757996809],[74.352783543725707,15.685933389314584],[74.337867612200682,15.704612292923116],[74.323348646822751,15.728821575655331],[74.295883497225759,15.766230344754717],[74.272689596747625,15.768708203620861],[74.252578562350948,15.753759079018437],[74.23097957085065,15.744300772362919],[74.217483533038774,15.762538452387787],[74.207679555767015,15.786347080853261],[74.196220488684787,15.858883567822545],[74.177612495720268,15.902359661669209],[74.165512548365598,15.921539467872265],[74.133308604708475,15.987854402658684],[74.113250543977585,16.032242447730937],[74.106300604789226,16.054240081714511],[74.101241623302428,16.076259509868635],[74.098510631360682,16.100156985956289],[74.091079571065507,16.122606573334849],[74.071563651341592,16.224069175652062],[74.064582530859298,16.247447812166911],[74.0594405689273,16.274077119263779],[74.051513635945696,16.297455754879309],[74.046913646847486,16.319493454559392],[74.039436487304215,16.343791753986409],[74.032173566956715,16.379169421331881],[74.03209662186174,16.403549023968424],[74.020072614159972,16.424686843123425],[74.000396598924056,16.437985737851648],[73.97395353872497,16.468753860802167],[73.97052751922979,16.491283411400445],[73.95082853800676,16.507792574667747],[73.942130636919501,16.529850224008783],[73.955398519426296,16.577258100780853],[73.959548566912986,16.62923394718905],[73.957549650995759,16.655442146737812],[73.954597545440549,16.677970690994755],[73.947799485557994,16.703699110325829],[73.932281565841777,16.750567192422125],[73.927406651296053,16.773085845935157],[73.924453539399508,16.796064330004981],[73.917632514429158,16.821331913337247],[73.891067579905041,16.861709384980259],[73.883781527195879,16.885137809762227],[73.889953624760153,16.906756581850914],[73.8941806191404,16.931133000887428],[73.895072620705037,16.954114503081996],[73.894012645567273,16.978931976629553],[73.853149527428911,17.100145695667436],[73.841026612288488,17.122624117109467],[73.822067586050423,17.17035335582284],[73.792411573735308,17.235956333318256],[73.787017652342968,17.258903804267277],[73.785468508065378,17.282334409005898],[73.785842509124677,17.307604673217213],[73.775611558027151,17.331460408171438],[73.761047497943821,17.355748648681356],[73.753723558595539,17.376858471941091],[73.752159494565205,17.401195997997036],[73.762176540115377,17.424655604072996],[73.774627521642969,17.444443265644338],[73.78176152777246,17.467444046605578],[73.784561585848678,17.489491637029573],[73.782516569784036,17.513367990740335],[73.771217596415113,17.558796230361907],[73.757873606981548,17.627623221634508],[73.740821630014352,17.660160261586952],[73.752807583803133,17.679028932039728],[73.745841552146089,17.72400521826637],[73.733673543199643,17.742785040197589],[73.734527491750498,17.76528290588152],[73.717399575130457,17.808371253430721],[73.710517530259949,17.831290729383795],[73.728820589199017,17.846969750054086],[73.751586508610615,17.840169343840273],[73.775756564713845,17.840262047755459],[73.783409576790689,17.861397855127052],[73.766876609368182,17.881074707631797],[73.749870565274534,17.897545817885316],[73.763320502039676,17.917785600125512],[73.782142568724737,17.931626804033897],[73.770431542182109,17.950862601128279],[73.751502521824079,17.963640812673532],[73.772720638746648,17.979779663900501],[73.778922576715729,18.00275144442378],[73.758048621346973,18.013698543652993],[73.733352515806132,18.01314869185876],[73.719711640380069,18.030987561227107],[73.700729646356251,18.049737542753519],[73.677390571917499,18.067995506987188],[73.656013533997566,18.080304499952831],[73.637519534598994,18.095363594554385],[73.616920504677694,18.140699130260771],[73.587623573669134,18.179568528764719],[73.575393539380514,18.199247562125436],[73.56555150909503,18.222594011904278],[73.559600525144276,18.245055668184705],[73.557517622440457,18.268443190001335],[73.565162588282988,18.289582181872333],[73.591613528341838,18.329160691313007],[73.603141494284671,18.350319463772394],[73.615501617305938,18.39578575730701],[73.625099566192205,18.416014474288716],[73.610443641261213,18.433843452913152],[73.588996529966039,18.447042771107135],[73.562728651406303,18.453342273826991],[73.540313597994327,18.466992370901323],[73.528022542906172,18.491700880791143],[73.515747581186076,18.510898960318912],[73.512702602643174,18.532908664103729],[73.512557595956423,18.554925074132996],[73.498351610838313,18.572735276711796],[73.480750621144409,18.588233081291833],[73.464103490184073,18.606034231294871],[73.449867498286551,18.625672862612646],[73.448738624288239,18.6495205513325],[73.456863537622326,18.672499202676192],[73.472778591658823,18.691837929876726],[73.497016542079905,18.703890436194797],[73.514938560066639,18.718196333294259],[73.528930637838812,18.737066511910143],[73.535118494223298,18.760024041776262],[73.527191561241693,18.782452505878609],[73.498718571105314,18.819451568135491],[73.498092610585672,18.842828192866932],[73.49355364228694,18.865728726399766],[73.466491495086586,18.907316377049312],[73.471687604299632,18.932552946361511],[73.47398357528192,18.955033545961498],[73.473342526836291,18.978410003419071],[73.461990579801579,18.998059866369886],[73.438011632331097,19.011220125208752],[73.420852535316385,19.026718096163336],[73.425567523422615,19.049206742897013],[73.445472531232497,19.061686054867664],[73.459976575958365,19.08056511878533],[73.466148507148034,19.106263531337049],[73.46843760461195,19.129202117883551],[73.467307556998321,19.152111871265959],[73.463249541633218,19.175009385774672],[73.454307560046004,19.19924901163273],[73.442237618571426,19.250516251623878],[73.438148591884158,19.277543363935251],[73.436042555020038,19.300893167286006],[73.435699567081485,19.350390149386044],[73.437972572076717,19.375605931768462],[73.434692564710247,19.425544974720935],[73.436500541966609,19.447544454113427],[73.431297559235134,19.492422001973978],[73.433593530217422,19.514889526330705],[73.412452526563015,19.528979839747933],[73.390846495169797,19.540299097325601],[73.370681647140486,19.553928574744077],[73.363662641817598,19.578627025716798],[73.373290598382539,19.599764676698612],[73.407791517564647,19.635703595644543],[73.424629588085168,19.678870230077223],[73.428382501251576,19.70362986912329],[73.422790597708058,19.731538253187978],[73.400726579368325,19.802423170293196],[73.392227496801695,19.825742631417427],[73.378799519682218,19.851770283971575],[73.370307646980507,19.873251929233277],[73.360122628756471,19.924036203608068],[73.355857581362443,19.969365535790985],[73.350776639330604,19.992692036808194],[73.342246543643228,20.016450877006491],[73.341590576344174,20.039809564759764],[73.346603624957481,20.091596483391129],[73.34721349210912,20.141064632327073],[73.344093580254707,20.163943204415489],[73.338508550229562,20.187731045951125],[73.336860500312014,20.210159844601264],[73.331771512045805,20.23301830065418],[73.321746588434451,20.258147917192787],[73.309776558941223,20.278675701022905],[73.259956538563586,20.29759566790591],[73.238952495361502,20.280515695942768],[73.236213623560047,20.255308296141095],[73.236793483932274,20.184784303952597],[73.246696535017236,20.114325187057887],[73.258911651351809,20.062648240224235],[73.262542522919262,20.040230504134627],[73.262741509613136,20.014119870235959],[73.267379551725071,19.987123603771465],[73.268562573903807,19.962393972404016],[73.263847585797578,19.938548296366946],[73.236717544279429,19.836680176249274],[73.236457537685396,19.808733738271542],[73.238609508322327,19.786304937822763],[73.243896644214942,19.738686676349175],[73.249023519120271,19.711228399371294],[73.246681616163812,19.638373400412263],[73.247848544075225,19.615014040865447],[73.251953496856572,19.592586080383455],[73.244010637780889,19.54533595099349],[73.245719541223991,19.515569801405377],[73.243667650741656,19.467442589304198],[73.248756639907185,19.443653742326489],[73.249442613985593,19.41936516636946],[73.246719501903669,19.39322670384945],[73.233940620363512,19.342270599608639],[73.228958583971632,19.295032372745936],[73.22818761676524,19.270283798058983],[73.230071532775185,19.219418051402101],[73.232719544271731,19.194689424577405],[73.240722585079368,19.170449631445479],[73.251151517428752,19.148981901393768],[73.26643357015331,19.130283216297528],[73.28362250667351,19.114813910333851],[73.297416604992463,19.097024997405867],[73.309287558873905,19.077386197914848],[73.30847954409586,19.055376662303274],[73.285049610251463,19.057987457155548],[73.260223585949916,19.053236594193606],[73.248191532013777,19.032987760277081],[73.223388641872475,18.965881739550753],[73.221618552154609,18.943864156805546],[73.235908523159992,18.925164130820121],[73.260299525602761,18.92166451890256],[73.283683526573668,18.921814554598143],[73.295921608895299,18.914105718004635],[73.300956618053647,18.892586019729151],[73.307670522077103,18.844030158365229],[73.303459621964123,18.821990446002417],[73.303649556082291,18.797231813297685],[73.292632549852442,18.774694049191169],[73.255416564822781,18.741436165746563],[73.242919650421697,18.722087381427627],[73.24410250442719,18.696879645279523],[73.2571105467145,18.651571267300312],[73.260421567201718,18.602513497000416],[73.253013641066843,18.556605980781512],[73.255638516604392,18.532769523694697],[73.266006596327543,18.511737820044516],[73.28505665104376,18.499020462024816],[73.309417645807855,18.490000192654918],[73.323173522939896,18.470361394063218],[73.329643513737324,18.448852591973662],[73.327873591293383,18.426364950682057],[73.334831576716056,18.405305252035873],[73.350013550185338,18.386587120899037],[73.388572652006417,18.357457828016493],[73.400848620067904,18.337800254278477],[73.402633630437833,18.291930959246486],[73.41249862671043,18.267223288424134],[73.425727617135976,18.248024538901461],[73.44283256686964,18.229305736870401],[73.48346753060224,18.168039221932702],[73.492362573873834,18.142390764922027],[73.496398627794576,18.116711632036356],[73.497520630073154,18.092865787825986],[73.482971489742624,18.020278338075002],[73.486511502803751,17.996889810816242],[73.486183602791186,17.972561169162759],[73.481002580604752,17.950963352177098],[73.470481616133839,17.930703621175326],[73.473213612618281,17.883447624608323],[73.476753625679464,17.860056080124139],[73.486076649118218,17.838069342326435],[73.524002582353432,17.805670269167706],[73.542991616270228,17.784653651644874],[73.548438512227733,17.763104784758127],[73.550987616285624,17.741074125870341],[73.546432554618832,17.694218113575232],[73.552848567207775,17.671750590117767],[73.576782588146102,17.625952205729845],[73.58560956982592,17.603492729406071],[73.589126616899989,17.578716157924475],[73.610137533620446,17.533348771828514],[73.598342520291226,17.486451688394823],[73.578346651277116,17.439503811252052],[73.567863573445322,17.418784918789129],[73.574752490934884,17.395854211203016],[73.583717606682342,17.344450346206656],[73.591079600843045,17.320600982049825],[73.625663501369672,17.253226237600927],[73.628677633166376,17.22888770610291],[73.627372571187379,17.205908885686654],[73.631828558141592,17.182490350749219],[73.63870255677773,17.158170929844687],[73.647003490818577,17.136150328974622],[73.662017490714788,17.118291342671455],[73.667419628313382,17.096725712421858],[73.665618523676073,17.073276165262939],[73.667182587706407,17.050767737041554],[73.663970641931712,17.019500556005994],[73.668411541859314,16.997460843643182],[73.692176584681818,16.955264666731125],[73.723136485360669,16.917236978803658],[73.733810503651966,16.896137213561701],[73.751319629397528,16.850230032789909],[73.764121645097987,16.780854360640376],[73.777763527764762,16.735388068904399],[73.787948545988741,16.71104970378093],[73.792846594694765,16.686700107923798],[73.790656571044053,16.639323244272418],[73.781738560886026,16.594686088792116],[73.784233518562189,16.572617544164473],[73.791038618337723,16.550569618293366],[73.805496562916176,16.53221995558664],[73.82376860873444,16.518940842346126],[73.840133604382515,16.50243184455411],[73.851226550265267,16.483143911962088],[73.844619599015459,16.4592033529525],[73.823097554408776,16.449946043874945],[73.800117560377259,16.444806261000281],[73.783912492067998,16.426807631567101],[73.797401488188314,16.408448749910008],[73.821350597951891,16.407147710598508],[73.844337631876385,16.408606831839961],[73.86778248457415,16.41511839829559],[73.86595154312937,16.392569737103827],[73.861732594983437,16.368630182636934],[73.898338545587592,16.308923875436619],[73.898498640200216,16.26382772756773],[73.918052614736553,16.23178991387357],[73.918891642635344,16.20787148268289],[73.932456580207145,16.157423490002202],[73.946136515887645,16.129995387976919],[73.957992550915662,16.098858126601385],[73.964363635173754,16.023942017310389],[73.977416605791859,15.974415194805545],[73.987617549210711,15.957527168743979],[73.99360658707451,15.936898466591117],[73.992820531942129,15.926768099268486],[73.985137512186611,15.903670590825243],[73.981643599272843,15.885681853035237],[73.980827537361108,15.876012321711414],[73.984268643882956,15.837413825987426],[73.989837579640721,15.81356546727261],[73.993766514413267,15.80349595167695],[74.013023601158409,15.781657405964665],[74.020866548252741,15.762439713122376],[74.021148515391815,15.744499590883549],[74.018928652235672,15.73528033571904],[74.011077490733783,15.723222967665947],[74.002113547702209,15.691373243580472],[74.006652516000997,15.673495314857007],[74.015937486426026,15.652456738587773],[74.034377504918098,15.620497547224147],[74.068199489914662,15.53951293957067],[74.07716360022016,15.508824948013057],[74.104926643050305,15.45167864105656],[74.141677601240474,15.361095246348668],[74.17215755262913,15.309966642246877],[74.195587487372791,15.28910006221821],[74.224151505088059,15.271060195271957],[74.260017500707249,15.237463346556353],[74.281097651735422,15.214723746703669],[74.294570555386997,15.196034785077416],[74.310996570935174,15.168636690730807],[74.332313595296341,15.128429371718255],[74.358238485917525,15.095171488273706],[74.363082556415009,15.086493034126363],[74.375801590770948,15.0526252826308],[74.384551627355904,15.033885359122166],[74.397842643123624,14.992668188686082],[74.406837599275946,14.956001386355013],[74.435211514699802,14.87956530229701],[74.482643531074245,14.78588160814985],[74.493690544083506,14.769922463950707],[74.49736064497796,14.742384223753049],[74.507636522607584,14.713086120028549],[74.520263524841937,14.684738187817231],[74.551612512707436,14.62810267419917],[74.583473635699875,14.531487157806225],[74.591453543246587,14.497121354567014],[74.593292531825057,14.46406363233092],[74.595306535668271,14.453513162902311],[74.617759642993292,14.390807474585415],[74.62174959676662,14.373398597167636],[74.625991510000347,14.336231728611551],[74.642761518929092,14.275765014943602],[74.648620637132865,14.258377091729528],[74.676193577671654,14.197559846609749],[74.696693533779694,14.136683927921069],[74.719352501317019,14.090977912900485],[74.739753549986517,14.036990577153574],[74.747306650981329,13.996184288074573],[74.753196614132605,13.976035533413267],[74.762367590092367,13.918258404202106],[74.784286601745407,13.853263618421408],[74.798149598925022,13.7950766141945],[74.813850580140297,13.738740165626268],[74.817420599980835,13.715351973814677],[74.820075652269679,13.672951782099176],[74.820976539136154,13.658565753606808],[74.830352536240696,13.632538268326584],[74.833396508442263,13.618808208032533],[74.839256631188732,13.605590113792857],[74.875450527719863,13.546924000242541],[74.914863577192477,13.4910579447685],[74.937026502970866,13.45559025708485],[74.950118532944089,13.430070714292185],[74.972259498177436,13.395513300598509],[74.982513583435264,13.371335869155189],[74.986267502043745,13.342927755211861],[74.990768583703357,13.326008883303473],[74.999168591557407,13.29996949459661],[75.019721522230611,13.247473971346835],[75.020889623757284,13.233724966833904],[75.031158627868535,13.207246870846575],[75.04605058796443,13.184978165010421],[75.084312634720447,13.136421464579087],[75.125152619597884,13.072295715275175],[75.135162624355814,13.061426565683576],[75.145103561180576,13.054226007924058],[75.164611602843365,13.034768425422612],[75.218269530414659,12.986430660446786],[75.22866862235918,12.980151105589186],[75.369346629243694,12.869208403345283],[75.405746552361677,12.844461168648138],[75.42292760992143,12.821752750089502],[75.42870357860744,12.810812354406778],[75.433113633587482,12.798013355931744],[75.438636637371076,12.772385015855946],[75.439308530764265,12.758616064380021],[75.434127508577831,12.730547752077257],[75.429161565553954,12.718538496854308],[75.418334494341593,12.711021270715207],[75.56507161156577,12.622986141897059],[75.710540548008055,12.53347512667591],[75.86719563606988,12.499908453812225],[75.985443503415127,12.484429426177201]]]},"properties":{"eco_id":254,"eco_name":"North Western Ghats montane rain forests","biome_name":"Tropical & Subtropical Moist Broadleaf Forests","license":"CC-BY 4.0"}},{"type":"Feature","geometry":{"type":"MultiPolygon","coordinates":[[[[80.891853562592019,29.467445191742343],[80.894943634940944,29.458226440198189],[80.902419621768274,29.448490020897907],[80.89938352942653,29.438677159223687],[80.884620650822512,29.426909638169434],[80.877326550979717,29.43077771761773],[80.875900621916344,29.435911298767564],[80.86798056155385,29.438620161991025],[80.864807507860348,29.434540522427312],[80.865646536658517,29.427099906835394],[80.863891533967262,29.418457996639404],[80.853523623316732,29.41423217677368],[80.848434634151204,29.40838948738508],[80.852592560598339,29.398721967844665],[80.852775621198134,29.391266097052892],[80.843826598818623,29.383049317971768],[80.82883455856819,29.381026597000016],[80.812705598085017,29.372088972628148],[80.804878577084821,29.371353042109376],[80.794380577701645,29.372858935291788],[80.77563461974205,29.390253061130011],[80.774558551236339,29.406869512618073],[80.772437593720156,29.413135153164944],[80.773521542085632,29.422337980413602],[80.768218647372862,29.425095793736034],[80.760513498899002,29.419200130681645],[80.754554635987802,29.42194285697741],[80.74938149276187,29.419537922337383],[80.762847522895015,29.404331640193163],[80.760536633059303,29.389849219665905],[80.768669592627759,29.38092651684542],[80.750877495200427,29.386294287751298],[80.731285634924291,29.384087332564491],[80.739272582363924,29.379736622047631],[80.754989656947259,29.378920727409763],[80.759620658266954,29.376721819356646],[80.765647581870553,29.371109967051495],[80.766448556755677,29.365386132963806],[80.758766542442117,29.358922512064396],[80.753784506949614,29.349059693949869],[80.757018579643898,29.324456796843833],[80.762405629316504,29.318258044273477],[80.759925592292404,29.31304315901474],[80.749328519096025,29.318555099338482],[80.744071557256746,29.319592779383413],[80.716651502365096,29.318439093089808],[80.708885501265058,29.315404174363323],[80.687202522978225,29.320102062760157],[80.685043513347637,29.327515688798144],[80.680595571728418,29.322831713812661],[80.680129537648213,29.315360923268145],[80.675636503122291,29.31239523795],[80.670394628309623,29.312854063964039],[80.666389586610308,29.316213028208836],[80.660919557391821,29.325272690582324],[80.656585610237869,29.315998116320145],[80.634406591990796,29.314366997039428],[80.633254582932807,29.308607456269215],[80.660835570605286,29.30346649977929],[80.653999625882193,29.290122174898613],[80.672180644121568,29.294530888090151],[80.682372535863976,29.304506526155421],[80.687019629652355,29.301736474858558],[80.696922514362711,29.301012781414897],[80.72534152359259,29.306634356290658],[80.743057514992472,29.308095322041595],[80.745483572908711,29.298202831695448],[80.759673631932742,29.296968847634332],[80.766281588624565,29.294240035649295],[80.773704602685427,29.284638231369399],[80.795127574378228,29.29024890915997],[80.786910626224596,29.279179431985369],[80.778366617125812,29.275404726447107],[80.77799965685881,29.269810979293425],[80.805915586235471,29.276700735850397],[80.814720608269624,29.290654089714621],[80.819938509854524,29.290761880656419],[80.828498612321255,29.288069278974206],[80.838546502818986,29.277949639664257],[80.822379654797373,29.271304801775329],[80.814079559823995,29.263673079349303],[80.810386492942428,29.254417445708668],[80.816986570673862,29.25168444288289],[80.830528542258605,29.258848287618548],[80.837043626862055,29.259554212257228],[80.841430547681796,29.267098930671239],[80.853706515743283,29.27251783073342],[80.860473560706396,29.262901105801518],[80.867126613002938,29.257873304709392],[80.874992526084384,29.256881391163404],[80.883445507604279,29.258197349328327],[80.891517616345084,29.248607613950355],[80.88063857600963,29.239209153579736],[80.878875527084062,29.23114140385286],[80.869155536598896,29.223780584206736],[80.866249531191045,29.219733802273311],[80.867515533814981,29.214844973416916],[80.873390577213513,29.214965839601973],[80.89977261661312,29.230982482855438],[80.910354601883512,29.225461490855253],[80.919425497688735,29.228507306667041],[80.921501527773444,29.22338479077564],[80.919082510649503,29.215304972146896],[80.925041540834627,29.211979031906935],[80.939208633871544,29.220292706643249],[80.940269615350644,29.230641340325747],[80.947517614146761,29.22791537739289],[80.957504652018258,29.219504807900705],[80.964553496846577,29.225379515852126],[80.973930500292511,29.215234060603564],[80.968879565040083,29.207676434220218],[80.972289659340447,29.201431413329203],[80.972480598001368,29.193403729298836],[80.980995605762757,29.191848047849248],[80.982490601859922,29.183841150748663],[80.985221593801668,29.178733387336081],[80.993553540963319,29.185204048128469],[80.99343854105598,29.190366966062754],[80.989959548794275,29.199480441169555],[80.992439585818374,29.205265463330591],[81.012458588093523,29.183503192718319],[81.016677536239456,29.173024640275059],[81.00554653644366,29.174533717956876],[80.99906162499417,29.172686682244716],[81.001357595976458,29.157812323679934],[81.022743519198229,29.164534945731305],[81.031951542729701,29.164414916815076],[81.041099551803029,29.160866019351431],[81.034080545580878,29.153848354018464],[81.035499602025197,29.148710582927208],[81.044006562652896,29.147728727398999],[81.05927252380809,29.135964055396983],[81.046920616093701,29.134009227843706],[81.051650523952674,29.126637512011712],[81.066078629025697,29.1234694873271],[81.072700500028191,29.119006795027701],[81.081893603806918,29.116305809865366],[81.093307577083181,29.10160143665712],[81.049850593830001,29.119719758660096],[81.03939064925919,29.120669597424126],[81.017150610212639,29.094997838979225],[81.03350856506836,29.092440687787644],[81.045776654169401,29.097837628204104],[81.046028613629801,29.086942159053535],[81.057601507004108,29.094046828398575],[81.063453585314846,29.094728779809486],[81.06882453982081,29.08794496968477],[81.073326627821757,29.090898753374915],[81.093055616723518,29.083234005145357],[81.100776523118213,29.087966092960983],[81.112686537254035,29.080155165328733],[81.085601590441229,29.066453938198833],[81.066078629025697,29.064938825166792],[81.056495598992854,29.056152243731219],[81.060493599000552,29.052212413672123],[81.081283569381355,29.055469285978916],[81.089240510041691,29.049307581879532],[81.095657527173273,29.05401837914502],[81.106033653130737,29.056503277904085],[81.10788756236127,29.061130926551186],[81.115104548036641,29.058969234242909],[81.126907609398813,29.02590547575727],[81.114501554403375,29.02682446687578],[81.113449624600662,29.015327681327562],[81.100501596771437,29.01164400336819],[81.103897607688623,29.005396131626298],[81.128585497922529,29.008722239140184],[81.134986589859409,28.998739560282615],[81.134857509266794,28.989901680618232],[81.127151521725523,28.9845950977857],[81.10311859424786,28.981280054630986],[81.059844505219928,28.993666663585827],[81.055099509434967,29.002186197635069],[81.04858358486473,29.002064493281864],[81.037055618921841,28.99323583436643],[81.035903609863851,28.986329146273249],[81.01704365743899,28.984819901317508],[81.000610601098515,28.991388631380403],[80.994514609561747,29.001600470985068],[80.995666618619737,29.007932998609135],[81.004501648332564,29.020730656194985],[81.000488560398878,29.025243473107935],[80.990875522687361,29.018172666835255],[80.980995605762757,29.022571490182258],[80.978790495085434,29.005312313012951],[80.974296620592725,29.002354339381384],[80.96584363997215,29.001618239790105],[80.97714965413337,28.991509664839327],[80.978004608126298,28.982917209261927],[80.984687499029008,28.975587401837288],[80.991912531838011,28.97285842167895],[81.006942626001546,28.970853471310818],[81.010299577563615,28.966327746428476],[80.981697506834621,28.964051892381065],[80.956832591351144,28.968728658401005],[80.936477641929798,28.975789237583399],[80.930717598438605,28.97108464384138],[80.927139530565057,28.957241091803098],[80.920059505342067,28.953657325825077],[80.909660580671414,28.952877306042978],[80.90242750072872,28.955601257192427],[80.909408621211071,28.96320381100719],[80.909263613625058,28.969510689966512],[80.906532621683311,28.974620466061822],[80.902534621675613,28.978557277996117],[80.886283621392181,28.977084409717861],[80.873107603733104,28.983131114809225],[80.867050506076168,28.991041955322146],[80.863517532907963,29.002445366960274],[80.844299506417258,28.988857798848471],[80.833328600334823,28.98461404110526],[80.830772622758502,28.955870316362166],[80.826133575204494,28.947611627075048],[80.819961644014825,28.945316494260965],[80.815322595561497,28.957419291567192],[80.814742567915346,28.96635993226522],[80.808784544071614,28.976075229188609],[80.802764493087068,28.982263252846963],[80.790901586339317,28.98775406989455],[80.777213601726487,28.988043747820825],[80.768630534171962,28.992455813685012],[80.761321513677103,29.010811009020983],[80.782157584205322,29.009902914088343],[80.789688557381169,29.010926847096471],[80.799873574705884,29.020078711563428],[80.7958836209325,29.023438513976373],[80.788047548255918,29.023849561708062],[80.779693639649906,29.019084786234032],[80.771881539301774,29.018920836227778],[80.761382533577205,29.021569516819909],[80.751602530432592,29.021937649802851],[80.745002619075763,29.025243473107935],[80.740165590269953,29.036041879329389],[80.739959562783781,29.044071574243901],[80.743476609857794,29.059643139419506],[80.737625537888448,29.058943250131051],[80.722328565411146,29.045420724586904],[80.726409545863987,29.038618979282603],[80.729247658752627,29.029494438917368],[80.728813644134505,29.020883541842124],[80.724998536553358,29.0173547613133],[80.700286506717077,29.015105895920499],[80.679206522962829,29.023837660080119],[80.650413511774332,29.028373274806938],[80.640350535149253,29.039058022909558],[80.652419636657044,29.051373553047199],[80.657585571816867,29.053205501732634],[80.667991537279761,29.054007146612662],[80.676345612260377,29.058778964677629],[80.674819603042408,29.067353818723916],[80.665275632364683,29.083215229998984],[80.674209567717526,29.090868745696184],[80.670768629368922,29.097679711749436],[80.662269546802293,29.09864245758348],[80.656463570437609,29.096222602291391],[80.649467531101834,29.089180966428614],[80.649825606067054,29.076808438159048],[80.655166553793606,29.070943620951482],[80.653388585115295,29.064017822264816],[80.642433605126939,29.059186996083156],[80.634124623952403,29.052694372947087],[80.625068648799243,29.050199416170244],[80.621673643324129,29.045252751913097],[80.623184563716791,29.038681842792926],[80.636848575101794,29.023488637690605],[80.659240494353469,29.014792748386753],[80.698554638186181,29.006462142114287],[80.720710523172272,29.0063612237916],[80.729873619272269,29.00483722725636],[80.735824603223023,29.001518495981941],[80.750160507101896,28.982286050660832],[80.759124617407338,28.974599510958797],[80.776328640954205,28.971381530733197],[80.794189639040781,28.960278023212368],[80.791236527144179,28.948164328820837],[80.796867657316682,28.931064240822195],[80.804878577084821,28.923196484130585],[80.78234064480506,28.912971902931133],[80.778541630591917,28.908875163658024],[80.787773627351157,28.903904191625259],[80.806648500428139,28.904297304177362],[80.817962559924354,28.894200630854584],[80.825561593792656,28.902966258086508],[80.832481525302285,28.917770709650654],[80.84188853462831,28.927404367018084],[80.844283580323122,28.936061028793574],[80.853103522110018,28.948294583928032],[80.858688551235787,28.959884911559584],[80.868575508952745,28.954920311223532],[80.871650494275059,28.935469936788309],[80.881606519025809,28.927634198659462],[80.886405493019254,28.917403750282972],[80.892295624343774,28.916373614650752],[80.8924255440038,28.910635028084243],[80.886642533626173,28.907652076682155],[80.886306587379238,28.902525369050693],[80.892120609978349,28.896284539899739],[80.898048627941989,28.893534771912357],[80.905822507103153,28.894837654834021],[80.910079508262868,28.907548979302078],[80.913886568710325,28.911641863181558],[80.922431584150445,28.90837090929017],[80.930198590692555,28.910245939998276],[80.937011569428535,28.925300341038053],[80.94683851178803,28.922628526285621],[80.944412622045036,28.915118843659855],[80.95958755472202,28.906233188411079],[80.964729516654018,28.909203063670589],[80.971717509755422,28.916801762091779],[80.977867647673975,28.904295124220766],[80.989616560855779,28.902802139906953],[80.990066501567981,28.911418904159234],[80.993217593817064,28.916072704192061],[81.000411614404641,28.914489865914732],[81.015006519435474,28.902720332177751],[81.015121519342813,28.897557415142728],[81.017829544398126,28.893017776849092],[81.037696499194226,28.877904366793246],[81.032661657309802,28.870347745851916],[81.014152570884619,28.868244726213277],[80.996795494416688,28.873672344303372],[80.985336593709008,28.86254888802091],[80.977126519973069,28.85148527892261],[80.979202549158458,28.846362426684777],[80.985740602446981,28.844763663212632],[80.997825630048965,28.857052203796286],[81.01026152365057,28.853848305155282],[80.996887527437593,28.840966660782897],[80.999702505266555,28.831838265024032],[81.013488557351195,28.826364380411974],[81.018661532403939,28.827611438816973],[81.032699543948979,28.839932668857728],[81.039810583192036,28.841790601655077],[81.036834504409001,28.829681099003665],[81.040237557017804,28.822860575855032],[81.038444500413505,28.815938632561995],[81.06489560684696,28.796355490313772],[81.068031612069376,28.801579259975028],[81.057006559605213,28.829490159443424],[81.06951152113993,28.822841466160867],[81.082504644573874,28.823661382566911],[81.078140523366642,28.814968846834972],[81.078514522627302,28.808413024741469],[81.085838630148828,28.806403045364391],[81.106483592943619,28.796044689111284],[81.117477633186411,28.800782475930646],[81.116043656989348,28.807066220729666],[81.123855590962933,28.806637235120434],[81.139327577805659,28.782819218632198],[81.138099629094768,28.809769048602845],[81.143257517120901,28.811582893036245],[81.145423569342427,28.80186944062234],[81.150115589662903,28.795069706202128],[81.161773644338382,28.797575391890973],[81.168937657247227,28.79713551009587],[81.168563656187928,28.783925965710864],[81.158935532349119,28.778013371120323],[81.148590586786327,28.775529309630087],[81.150031603775631,28.768669728025657],[81.15847050371093,28.769393756916486],[81.163093626070122,28.76603781079649],[81.168296608801597,28.766128671101455],[81.173690531093314,28.757046208216082],[81.185928613414944,28.762432922441576],[81.195686656913836,28.762035787221919],[81.186889513840129,28.747531407048939],[81.187683616106142,28.740655732076505],[81.196807652851078,28.739672870206959],[81.19176459655904,28.732122116442667],[81.199890517133838,28.71677485117857],[81.209663647659397,28.715227718684389],[81.211723585275422,28.710099001068215],[81.220107498862149,28.713117827326016],[81.226638511358374,28.711512022162253],[81.230026644214433,28.704684290947398],[81.228355627410451,28.691455635968964],[81.231681566751092,28.687496025321479],[81.236274514157685,28.685282866611146],[81.242957573233582,28.676216497993153],[81.244415520859775,28.668783762260944],[81.250953574148298,28.666603629354142],[81.252593576932213,28.675482242911301],[81.269088658614862,28.669216603263749],[81.274383507992638,28.664142702024208],[81.273933567280494,28.654380131338144],[81.257797565105705,28.64950856856575],[81.231582492038513,28.661096886212476],[81.229537643247795,28.665651779706025],[81.224906641928158,28.669586748030156],[81.224128633929467,28.675886418923255],[81.220161646143197,28.679258122964143],[81.204467539345615,28.684142929152983],[81.196411523972813,28.696625593796284],[81.177261557275187,28.711201052786521],[81.147025518213241,28.727295312928504],[81.116653524140986,28.749114412600193],[81.104667570352262,28.762092783555261],[81.094909525953994,28.762485895208044],[81.088470548277314,28.75949506484551],[81.074592631345013,28.76956575405643],[81.064834586946802,28.769956517579374],[81.031440582117341,28.780223176258744],[81.033943586027817,28.784865911932457],[81.028610516362392,28.790499892056516],[81.014839552203739,28.795401461608321],[81.007041531641505,28.79525058684527],[81.00189252891721,28.792855710222966],[80.992751560636179,28.794400494587308],[80.985496521047764,28.798851285258763],[80.975707630802674,28.800381486216736],[80.947296499633921,28.819335650719836],[80.940742522049902,28.82150254021019],[80.934249564366041,28.820800640037646],[80.928306626649658,28.824701241669118],[80.915237563562869,28.827308350200326],[80.915748525074548,28.833057162058537],[80.948661576071061,28.844614632959065],[80.949836552015427,28.849802527764609],[80.948234602245236,28.862971001011033],[80.940994649683489,28.86626978172518],[80.935195545937859,28.863860990792261],[80.92932854877364,28.864316798681443],[80.92161552223871,28.860148143322306],[80.911628651641138,28.869706698305606],[80.907508610933803,28.878805253659664],[80.891067508358958,28.885933895333153],[80.877830638972966,28.894848551919267],[80.871963641808804,28.89530268257289],[80.868156581361291,28.890463642882935],[80.867683507388108,28.883741020831565],[80.865211515699059,28.878526137371466],[80.869277577298533,28.871721540316969],[80.881248611334513,28.861060093648518],[80.884635570575256,28.855389234125994],[80.88543654456106,28.849095597683856],[80.881645578380926,28.844424530667709],[80.871986607795861,28.840212792386581],[80.868171501114034,28.836693901702347],[80.863975520753854,28.821683421752653],[80.885200511194796,28.812339778657986],[80.907516658067493,28.806670260024646],[80.980750518921468,28.778791211845089],[81.032691496815289,28.754502300440947],[81.113723546404685,28.719894763033039],[81.159950580055408,28.696635485439458],[81.196838497798581,28.674913446898188],[81.204627633058976,28.671816669204077],[81.36464654710062,28.575619411306945],[81.378684557746283,28.504447161707276],[81.397605530970623,28.44296472943887],[81.416526504194962,28.405128481993984],[81.473281544008216,28.367291900900625],[81.54895755704581,28.329457330691412],[81.596252781141118,28.319996844079242],[81.643546496173997,28.315269116176921],[81.700302542328643,28.296350656557706],[81.757064622034818,28.267976071138889],[81.794898522249184,28.230137646435367],[81.846923654203465,28.197031977743734],[81.880035523720608,28.149736921821614],[81.932060655674888,28.107170767417131],[82.003005588137569,28.078793833868474],[82.125976657097226,28.012581660115643],[82.196922594102602,28.00312284983977],[82.272598607140196,27.951099226947917],[82.362457638409467,27.927452033984309],[82.45232354319711,27.894346366191996],[82.53745249843422,27.870697496892092],[82.627319575937861,27.851779373619365],[82.717185647999429,27.847051644817725],[82.773940521438078,27.865969768989771],[82.802314604135859,27.894346366191996],[82.835426641826245,27.884886047753071],[82.859069643949056,27.832863094856066],[82.844886624818059,27.799756588895605],[82.773940521438078,27.785567199866534],[82.688804523610031,27.799756588895605],[82.546913655041294,27.790296773177658],[82.457054623772024,27.809215231897554],[82.39083859462562,27.842321736958752],[82.310432505555866,27.884886047753071],[82.24421664458265,27.913264824911892],[82.182731528737236,27.941640584845231],[82.125976657097226,27.965286604193579],[82.059760627051446,27.979474986881257],[82.003005588137569,27.979474986881257],[81.932060655674888,27.988935640767352],[81.875305615861635,28.00312284983977],[81.828002512805881,28.017311233426824],[81.747604639043004,28.022041141285797],[81.679153658814471,28.022545229279046],[81.505325560326526,28.101406867632988],[81.472808637308901,28.155597548188439],[81.425842654115343,28.184498517592658],[81.357200567052701,28.184498517592658],[81.346366622321909,28.177279688307124],[81.336563651391543,28.180762535962401],[81.289588614722959,28.197454928902005],[81.289230539757739,28.176425907030136],[81.292892594417879,28.153866853272802],[81.317397591325914,28.116148289312264],[81.327178600811919,28.095960978016876],[81.338546641214691,28.071979178796198],[81.352538551712939,28.052339876584199],[81.371307644732155,28.037229484653153],[81.394157550930402,28.021982300442971],[81.420677558023044,28.00941581628706],[81.442291635650633,28.00121395605936],[81.470703605886854,27.996984279900744],[81.518356568600893,28.000982949903346],[81.545341604331725,27.999124011663923],[81.59375765619103,28.023943163346473],[81.613769616774562,28.014210599439764],[81.647666536881331,27.994214395877805],[81.695533574215233,27.988795495815623],[81.70461251625477,27.98620364338359],[81.797424660319962,27.910719744420817],[81.802833502364422,27.907135810269551],[81.82455453276566,27.900560373962207],[81.849143517359607,27.887685938555364],[81.870674615441317,27.872717536085588],[81.886627556116991,27.857719125937081],[81.895332497097229,27.853631271965753],[81.905776515573905,27.852920319217503],[81.977561649550637,27.797622724309406],[82.007919562038296,27.771752818238099],[82.06137062305595,27.719924829367528],[82.086990580551003,27.698135903749119],[82.115150591326881,27.680485626710436],[82.172531590760457,27.641059333821318],[82.23451962098386,27.602571980812399],[82.262702596847532,27.579400880846094],[82.284660500581822,27.555712784017885],[82.309181590857918,27.534802618346305],[82.373153617245805,27.496284252216583],[82.410011528209623,27.480036100985387],[82.445236642657107,27.472016463189391],[82.486106636112538,27.46861558963792],[82.561530520617168,27.476866231791291],[82.59980765529923,27.474808307757314],[82.637031520188657,27.475475339415539],[82.722289556917701,27.48233609463523],[82.772872498267361,27.45418731729103],[82.827789554944161,27.42019752599515],[82.89724753574535,27.385460237100403],[83.011382571348747,27.345771757660657],[83.22971354664304,27.281262619274628],[83.418258591760775,27.286233591307337],[83.735816549194567,27.320961826727057],[83.840927627308304,27.31707111583944],[83.869796578149703,27.316003260841967],[83.919418618174859,27.340801960142471],[83.944229553651155,27.340801960142471],[83.984527565694748,27.332232302378998],[84.010803658662098,27.307872480330843],[84.044830496630254,27.290823353315261],[84.108253509392114,27.264965349771217],[84.141746588034778,27.249733922582607],[84.206611622328694,27.209169702220152],[84.239066519104711,27.198046414110877],[84.274131540738153,27.191487406618648],[84.308647546946872,27.181718969654867],[84.34216359337529,27.175617279114306],[84.379302633310033,27.175449306440498],[84.451538545267795,27.177839154053856],[84.518569629984597,27.171989423872958],[84.588752646917271,27.174339206689183],[84.626953505599943,27.177768243409844],[84.691062659714134,27.204847993040573],[84.702728593350059,27.154872237064239],[84.735244510026291,27.172933226387443],[84.735244510026291,27.274089051068984],[84.706344546064088,27.324667634304035],[84.67681862068298,27.356462372040994],[84.70837363693397,27.374104601945987],[84.779319573939347,27.350456738987475],[84.836074613752601,27.303161850339279],[84.892829653565798,27.279515830990931],[84.9732365808037,27.284243558893252],[85.063095612073027,27.284245403402792],[85.110389662553018,27.270055177104894],[85.171882657358935,27.227491033584499],[85.200256572782791,27.21330248362284],[85.275932585820328,27.203843003352063],[85.309036577276402,27.194382348566648],[85.408363638671176,27.161278859831668],[85.469848586343346,27.132902095355576],[85.521873551023702,27.123442446911554],[85.687415636122864,27.099795589395058],[85.791465563684994,27.05722926681733],[85.886054503712558,27.024124772640278],[85.990112645682188,26.972100144306353],[86.046867519120894,26.948452113174653],[86.150916609414139,26.901158229968473],[86.212402563427702,26.868049712224604],[86.340103540246332,26.858593081006006],[86.40631856395072,26.83967495773328],[86.51510661377938,26.825487581386938],[86.55294051399369,26.811299198699203],[86.586051546242004,26.792379063643011],[86.595504655715445,26.76873304429472],[86.595504655715445,26.730898810431881],[86.586051546242004,26.707249940232714],[86.590774580582604,26.683603752711178],[86.628616527031284,26.669413359139355],[86.680641658985564,26.669413359139355],[86.784690581105622,26.659956057925854],[86.822532526654925,26.669413359139355],[86.831993516887451,26.697792136298176],[86.841453499879265,26.745086186778224],[86.841453499879265,26.778192692738742],[86.865096502002132,26.806571469897563],[86.893478631833545,26.816026926601523],[86.945503597413278,26.830217321971986],[86.945876591231865,26.856972188815575],[86.993339620727056,26.846783817919004],[87.023956534366732,26.841641855987007],[87.036941610666986,26.841673875449146],[87.081581615199525,26.833454244617826],[87.103897594798298,26.830894411647932],[87.114280593374872,26.831434206323706],[87.131408509994912,26.829904340812845],[87.166709564994619,26.824264494411011],[87.209793554429154,26.821744894411495],[87.260650583058123,26.816124156804563],[87.291801590571083,26.808404424025071],[87.326072510837889,26.797045771645173],[87.36865962034534,26.780006536272765],[87.37904362526325,26.77794659955606],[87.435089555938418,26.773895961329686],[87.520713546593072,26.77300697699053],[87.548232508024,26.765795186698654],[87.587646563838007,26.773127005906758],[87.630203498392916,26.776825771792062],[87.674827576831376,26.777425748199846],[87.712051608994727,26.758433697057626],[87.792274636565367,26.696039479938179],[87.827926559363391,26.681187082817758],[87.890319601968201,26.678216201216856],[87.923004498558896,26.693071615562758],[87.943801508832735,26.71684034560559],[87.979453598904627,26.737636351336675],[88.000251614620481,26.743578115437799],[88.044822553018548,26.74952105225492],[88.101272659705671,26.749522895865084],[88.11910264377218,26.761405584999864],[88.154296578724313,26.781366416427147],[88.186431621722136,26.776916799370952],[88.184547538438323,26.808594358143239],[88.178039661001719,26.815168956282434],[88.174102512720935,26.822763630237489],[88.171188629252015,26.841652752172934],[88.174590508245501,26.860281196620065],[88.170646654619588,26.867902693754445],[88.164886611128338,26.857377034822434],[88.153320590373085,26.856036097987669],[88.150520532296866,26.850384516332497],[88.141509650050466,26.848957580927788],[88.127349598705166,26.861480982161765],[88.103019616162499,26.886769855144848],[88.100906537606761,26.870956723973791],[88.109626567412306,26.850575623166606],[88.113899661040705,26.84584185991406],[88.125732561908364,26.838565027054472],[88.147643527327091,26.828083457385787],[88.15628862202243,26.8209098891802],[88.158546539091674,26.813946203854357],[88.147323506274972,26.805699584368483],[88.145858516957162,26.801156759776802],[88.12261164371256,26.803776439930914],[88.114204595066155,26.80793235639328],[88.110771534778678,26.802300722600421],[88.104385530767786,26.802510604580903],[88.103523535982561,26.812300164820897],[88.093315550872148,26.81263007661687],[88.062965518244255,26.805001372315644],[88.052543626687168,26.800170880681719],[88.047561592093984,26.803200435851579],[88.055602518641479,26.812131019431149],[88.056793587054585,26.825300665393513],[88.061576636752534,26.832609348642677],[88.056121526387471,26.83967495773328],[88.06090558062823,26.846985653665115],[88.060943635440594,26.863066000395747],[88.055168504023413,26.862675067800296],[88.0476455779812,26.850859602089088],[88.035110609667072,26.841498860184402],[88.035407663832757,26.833450221950329],[88.025733607120458,26.815958865909067],[88.018623574218736,26.813889039347828],[88.015930636190092,26.826034416855009],[88.011115567929266,26.833078232674438],[88.004165628740964,26.83502132587364],[87.997756657843638,26.834651348381158],[87.984809634557166,26.830469282331649],[87.965660506927009,26.815568939655009],[87.960678638708373,26.818597992103776],[87.954032628103448,26.827995614306303],[87.93651562429676,26.837158040411396],[87.938667593135051,26.842831918058721],[87.948524544072598,26.84941338881697],[87.949424592770924,26.855702162624823],[87.960845605940108,26.862669033349334],[87.966682596324915,26.871236679329456],[87.993049548697854,26.890499802324143],[88.004661502326655,26.893002638061432],[88.009910585205489,26.896281470913323],[88.010124658926031,26.901444219775044],[88.005233651012361,26.906764885091491],[87.998207604897232,26.906988011387739],[87.97883551824475,26.902434290610188],[87.970130576365193,26.908450820748897],[87.968475652929214,26.914819557776525],[87.973304634601391,26.923280419156185],[87.961715647859023,26.936852563894831],[87.962020581884531,26.944308267412737],[87.968269626342362,26.956168827829288],[87.979530544898864,26.965575502607521],[87.980407626710758,26.971290284119448],[87.974227650186094,26.976652857843249],[87.965286505867709,26.976937004938975],[87.957969608210988,26.970275068239971],[87.945968565597013,26.953029805381334],[87.939620616398486,26.928359013957447],[87.945091651958307,26.905792919407872],[87.941726653262606,26.90188125341723],[87.919166593163879,26.897416548435103],[87.920555641929468,26.915746596928045],[87.918830646017682,26.920394361610647],[87.918632665665143,26.931311791306257],[87.910018584090551,26.939617587082125],[87.906021588625549,26.935723857170387],[87.904754580559597,26.920259245667808],[87.901374662111152,26.915771574698567],[87.907363531801707,26.905822927086547],[87.905532588558287,26.894822516945737],[87.887214609866533,26.897831285185816],[87.88609361392929,26.885809791988436],[87.873390504768167,26.887925886870335],[87.869079523601272,26.892077778866565],[87.862655633850579,26.891127605554686],[87.861144544385354,26.885434784587801],[87.871917637389231,26.867299867395104],[87.872939558613893,26.860953090013254],[87.877105532194719,26.853360426942288],[87.881462612609653,26.850354508653766],[87.892242579131903,26.848298596403254],[87.885528506935202,26.840464869158552],[87.875411549403623,26.843075664010826],[87.865791639073052,26.842225739026787],[87.858978661236392,26.847601556167035],[87.8339075500935,26.843777899630481],[87.834747584333741,26.848919695187931],[87.845420597182965,26.860075001859968],[87.8419345632297,26.868795701660474],[87.825813648980898,26.865268932015738],[87.815421597828617,26.860991143926299],[87.806030512798088,26.849793591601099],[87.799507549234193,26.846545603696768],[87.79650163094567,26.851231591364979],[87.803176642887934,26.858491996308715],[87.800941525431199,26.866598637217464],[87.808875499205101,26.873248504115338],[87.809768507111073,26.895615444697171],[87.815788557196299,26.902321135212389],[87.826736663666281,26.904286020783388],[87.827056518343795,26.91231387208768],[87.831756585797962,26.917913653692324],[87.821563521339613,26.918798448090058],[87.796287557225128,26.910377819680775],[87.790130545788202,26.916305670370548],[87.79740855316237,26.922403337344292],[87.79580660339218,26.930490028592089],[87.802017593037647,26.941786488355888],[87.801765632677984,26.951554087151521],[87.789947653361651,26.943873247352599],[87.784515508983702,26.935997609901904],[87.778655552611838,26.933302996436282],[87.774383631699379,26.93859968762564],[87.768630629000484,26.954848846097491],[87.759956532967806,26.954328832909482],[87.755035517375404,26.950665102812366],[87.750068568909512,26.938181599101654],[87.744132504711501,26.933764838776426],[87.755500545114216,26.929981079763138],[87.757850663377553,26.924741216733935],[87.752563526585618,26.920307357598631],[87.75986449904758,26.910901857334977],[87.752616500251463,26.905377177215087],[87.760734540966439,26.900540315683145],[87.761810610371526,26.895340518350395],[87.755905559294263,26.891497583047169],[87.742271554688671,26.886162837045447],[87.738235500767928,26.881116260806948],[87.743850537572428,26.877504164385812],[87.75538655244759,26.878305138371559],[87.770004590739461,26.876146463288819],[87.764579655326997,26.868270658564199],[87.752517593712128,26.870355573950746],[87.748100497939788,26.855559167721538],[87.757385634739421,26.847817641670986],[87.759551518787703,26.837989022075874],[87.734107581999467,26.841046907688792],[87.726707533925719,26.831508302366387],[87.720855624687488,26.828811508944113],[87.71530965491678,26.834272151039102],[87.717452572078685,26.839821977102702],[87.717033645386607,26.845576656137894],[87.710761634042342,26.848631525424707],[87.69682353537803,26.835266077267818],[87.691764553891232,26.836563261185688],[87.68441764765646,26.844817758732745],[87.67867252391801,26.844986569574644],[87.674377637018495,26.833055265788005],[87.664298566126092,26.83679896000416],[87.65855360876219,26.836965089067746],[87.650764641675039,26.833747108842147],[87.640510557316532,26.832901207424925],[87.644096503251205,26.82647865766404],[87.643897515658011,26.821315739729755],[87.623985635229019,26.818450806359749],[87.610214502897179,26.809092242613076],[87.632438615849594,26.805573352828105],[87.635322661611724,26.797452964882552],[87.630767599944932,26.795288087175607],[87.621833664592089,26.795545075644895],[87.614883558129861,26.797469896418704],[87.607582584768636,26.790222064896511],[87.60392757269949,26.794917942409256],[87.590484508553402,26.794156865047398],[87.580383645289146,26.797318855281105],[87.574859635164216,26.803217702834843],[87.576019523182595,26.816964023770822],[87.566680573649705,26.823547673586404],[87.565437537912203,26.807507226177677],[87.556953543271561,26.802582689739495],[87.546745559060469,26.802872535839015],[87.547126600012746,26.813197029019818],[87.542808578952929,26.817339030272194],[87.536430621176407,26.817519073646451],[87.518646569084069,26.803095662135263],[87.515731511100512,26.810641218717421],[87.507072502094445,26.818348044426841],[87.505042573056471,26.827444419824246],[87.504669578338508,26.839659870706612],[87.497627606129299,26.839283019695756],[87.48558750505947,26.824693647294112],[87.481376604047227,26.814476945954425],[87.481170576560999,26.808741209339473],[87.492767611336376,26.794062820243084],[87.464561501312403,26.793149863575479],[87.450439502980828,26.795817991107526],[87.432723511580946,26.794011858360705],[87.439376563877488,26.80129154117185],[87.435714510116725,26.805987585958462],[87.442306541613789,26.811545290982508],[87.444488519030074,26.818949026276698],[87.449951508355582,26.828557370426438],[87.437377647960261,26.834074337960487],[87.430992649391442,26.834251195936076],[87.426254527124911,26.826915690406906],[87.413513531324554,26.827840548702511],[87.409828510677414,26.831960422135921],[87.401466556736352,26.830467269648921],[87.391548585898704,26.838777088991606],[87.38691758457901,26.834310036778902],[87.386627571205622,26.826280509138314],[87.381294500640877,26.820110926078542],[87.384994608314685,26.816564877667133],[87.394569592113157,26.816305877414436],[87.3959886476581,26.802487638593789],[87.370483521897199,26.803755485727208],[87.358962595847288,26.802920647769838],[87.354675587908218,26.808201247389775],[87.347656582585387,26.826189481559481],[87.335281540710696,26.819633827639166],[87.327186634156021,26.825592689651046],[87.324859650052986,26.831970144706531],[87.327178587022331,26.843388644270647],[87.3061376626232,26.84452590084976],[87.301963642808005,26.853249449702503],[87.297622654861811,26.856808238809322],[87.291213516690618,26.856406242754019],[87.278724649423168,26.846402608793483],[87.247024625586164,26.853550361060456],[87.240341567409587,26.863487945212626],[87.230422591129866,26.87235851343479],[87.237007580935256,26.877929293702095],[87.219184637661044,26.880115293785934],[87.213638499717149,26.886000898822545],[87.228324599600739,26.885617846086859],[87.235267497996801,26.883141999004181],[87.241653502907013,26.882974026330373],[87.246200518339435,26.885151980179899],[87.243865655275954,26.891526585283827],[87.251510621118427,26.890751761784543],[87.257697639334765,26.884849057937799],[87.266738526561937,26.887480975167023],[87.272689511412011,26.893065669744999],[87.276374531159831,26.888947808094997],[87.289710641632951,26.886298792055754],[87.292205599309113,26.902882052265056],[87.296760660975906,26.9050539707643],[87.299812511238542,26.900959243274599],[87.298011575673854,26.886076839374766],[87.320236526794417,26.882037934603147],[87.327300627721968,26.88299917227414],[87.336616610368424,26.875286312113758],[87.348152624344323,26.876123497301705],[87.361816633930687,26.869741683232235],[87.370399536009927,26.872650538591643],[87.366134655889823,26.878507309564839],[87.342811506645887,26.88774969888965],[87.334754654004257,26.894856380018041],[87.328468561974717,26.897894484143251],[87.326042504058478,26.907046014062416],[87.33715858410153,26.908570010597657],[87.341751532407443,26.911889916386656],[87.345832512860341,26.918670372040197],[87.358604521781444,26.918325541390743],[87.36547064055776,26.913547856148796],[87.373832596297461,26.915042516798849],[87.377357521432657,26.924133362265025],[87.382690591098083,26.930303112598722],[87.397445589842278,26.93162275978267],[87.39503461985197,26.917911474634991],[87.405441590756993,26.904995129921474],[87.410484647048975,26.903134179898643],[87.415122520987723,26.907599052154694],[87.414794620975158,26.91621950362736],[87.418220639571018,26.922441391257337],[87.42662852728489,26.925081187447006],[87.425865607212188,26.939455480686036],[87.442665622920345,26.944159405332414],[87.453666534882814,26.930075962735657],[87.453880608603356,26.918586386152924],[87.458145656896704,26.91272760339632],[87.459022572333993,26.901791063107225],[87.473480516013183,26.895073639137252],[87.480651569714325,26.898894444822929],[87.479309627437544,26.914432816921135],[87.484458630161839,26.915435627552313],[87.492637524402369,26.911763683947015],[87.489417532393361,26.928504020644198],[87.484519650061941,26.934382753061755],[87.477577590733404,26.936873518997857],[87.481658572085621,26.943651461046215],[87.471259647414968,26.956569818442517],[87.478294578831935,26.956374688041535],[87.495117561426468,26.961644725124131],[87.507743557319486,26.957271718615061],[87.507491596959767,26.950387997408313],[87.518440541597897,26.952378028023702],[87.519416530848389,26.92708714415653],[87.534362638225332,26.916330479967826],[87.535751518817676,26.936384687103782],[87.542373557993471,26.942513367198273],[87.555999514566111,26.9306420769704],[87.573089545446351,26.908910986752801],[87.5776675731002,26.911651870337664],[87.583122515292018,26.920680353215857],[87.600524520090687,26.907548928440463],[87.608787568391733,26.906162896900298],[87.615661567027871,26.901944285100797],[87.621032522433154,26.908679814222182],[87.605415528004357,26.918317662430297],[87.603095584693619,26.924699308326581],[87.61049663820944,26.934246630777523],[87.603492551740032,26.935023800608064],[87.595710625445179,26.932375958184082],[87.589324621434287,26.932561029667909],[87.580581624742365,26.937977750672815],[87.574516648124984,26.946764164834462],[87.570167613944363,26.95033301195906],[87.565360591917965,26.958509726242994],[87.572799531173587,26.96920536963222],[87.552970630290531,26.969197323397907],[87.539588586943921,26.970725344399284],[87.528343592682802,26.977932942951099],[87.555961628826253,26.997821858292241],[87.567489594769143,26.998064095181974],[87.574012560131735,27.001323983814927],[87.57252460482681,27.012849437052012],[87.578452621891131,27.017274076337685],[87.567863595828442,27.025040914706608],[87.58698255030464,27.02277075966299],[87.595420611172415,27.025972814693773],[87.601730508256537,27.023495962169079],[87.605743596190166,27.011321247877447],[87.610664610883248,27.006011647819435],[87.61941565291022,27.000590735973844],[87.632087581676728,26.997355153317812],[87.638854628438537,26.990267248235057],[87.646507641414701,26.989470296916807],[87.653228586230455,26.997885057249732],[87.653427572025009,27.003047638837586],[87.649787646982475,27.008321700386318],[87.619941534174643,27.014356334777176],[87.616432534234207,27.023068988343255],[87.626571618685432,27.037130301322463],[87.640083582591444,27.044111086357702],[87.628776562988151,27.044530851217928],[87.613960543444477,27.042090208996115],[87.568817623634573,27.050275640408643],[87.58788259810359,27.06350999529019],[87.596717626917098,27.077036375328589],[87.616104634221642,27.081646254271334],[87.620887515746404,27.089545862251896],[87.614837625256371,27.098906604156582],[87.629646604007746,27.100776438581931],[87.637451665362221,27.103993414264778],[87.647994590378232,27.111725886840361],[87.656028645205993,27.120678764613444],[87.670303529184707,27.125429293027594],[87.681426649120738,27.131417995444281],[87.685684655722469,27.125551501001098],[87.684516554195795,27.11180585006008],[87.679771559310154,27.105054394844615],[87.679984626689361,27.09413679787508],[87.671996504735091,27.086336263707722],[87.682784518390974,27.083721278014707],[87.689575535682593,27.07720652705973],[87.695243546152881,27.074741577062298],[87.701942531322914,27.06593404142302],[87.711074614302163,27.070255917876466],[87.710021511783509,27.076029541130538],[87.705131510211174,27.081915480714997],[87.695800607811975,27.089081001786951],[87.692779601597522,27.093762797715101],[87.694946659261063,27.100015530292637],[87.706176565596195,27.108870173319985],[87.701324617037585,27.115906948347117],[87.708084622107776,27.124891510135228],[87.717704532438404,27.125181356234748],[87.723396515237141,27.12328939309117],[87.726920602204189,27.115147882768724],[87.734535562166627,27.113198084224337],[87.732559612236457,27.128183250956397],[87.723777556189418,27.133039223081823],[87.726501507338867,27.142865495446415],[87.76299262620887,27.152543241177796],[87.768752502426196,27.152369400427631],[87.774352618578632,27.14818129812852],[87.779426519818173,27.146880426990265],[87.785346658821425,27.150719338726617],[87.785736585075483,27.160472017769564],[87.805396506044076,27.171362289737999],[87.801689525751158,27.174919234335334],[87.795928644091816,27.175094248700759],[87.777046562948669,27.167623458156186],[87.766143551184086,27.167379712204081],[87.750595622889875,27.163248775310876],[87.740997505830364,27.163534597843579],[87.730018554412936,27.161564851436879],[87.726318614012996,27.165117771568021],[87.727271637276374,27.173130201297909],[87.733413559888049,27.181353853897406],[87.742011548993958,27.189341640404507],[87.761581615998921,27.197945327614946],[87.77191164090965,27.199933180072321],[87.773559522654011,27.209070795680816],[87.787414641772443,27.218992454638226],[87.786453573174015,27.227057857134525],[87.781402637921587,27.228933056915196],[87.763534599941977,27.231190973984383],[87.75733165563156,27.236544495132478],[87.751609497880168,27.237864645037462],[87.744377591552791,27.249563938125391],[87.730308567786324,27.250557864354107],[87.71402755892484,27.2608013879738],[87.696357501297825,27.268213170401623],[87.697311529103956,27.276223753823331],[87.702506632874986,27.277792678689309],[87.71595757598152,27.277394874374068],[87.735603584438024,27.271070056637939],[87.759376505321654,27.272085106142868],[87.776519508968306,27.267553345910301],[87.7867655470925,27.267244389217353],[87.809997500584359,27.270562952318528],[87.841758543422202,27.278784593134617],[87.853935604944354,27.27841277203197],[87.86400562326105,27.273509861590981],[87.875015587799282,27.276043878622261],[87.87334457189462,27.282412615649832],[87.865035590720083,27.28324242459837],[87.844833527845196,27.291321237785041],[87.857917511584048,27.313318369946955],[87.860778589560425,27.320696792023455],[87.855857574867343,27.326014605589705],[87.833412514675956,27.294542907029665],[87.831191646077741,27.287144368018289],[87.825263628114101,27.28330763623859],[87.820091659402749,27.282315553620037],[87.803474536121087,27.28396762710446],[87.785324530103139,27.279345845634396],[87.774543559038193,27.282540524425826],[87.770355624912327,27.29008239288828],[87.770904639437731,27.303895769973963],[87.76336662636885,27.308141371327395],[87.757560650004166,27.291089227086331],[87.757972535903946,27.285332536267674],[87.751426604554297,27.282082704753179],[87.739364543838803,27.285313592948114],[87.733825613961073,27.291220320361617],[87.731689570317599,27.302194579116701],[87.718559653705199,27.294544917913754],[87.709648517065546,27.29652992131895],[87.705940531330612,27.300085692301025],[87.704193574873727,27.304729768863865],[87.696174607971955,27.31300522241321],[87.693420650043151,27.324570906822032],[87.68313555166452,27.324295813201388],[87.667556611148825,27.336237343178993],[87.644142603398564,27.344957874806198],[87.637329623763264,27.351472457587988],[87.635711582423767,27.359558145192409],[87.637191657868868,27.36468300831433],[87.647186574700811,27.374153720218146],[87.664176525426456,27.381697265016896],[87.676742506861387,27.391093043609203],[87.67446162290571,27.398622674996602],[87.66931161384008,27.398198551122391],[87.643073574785831,27.38403430803703],[87.635574621971386,27.389419847747945],[87.632781603788146,27.400409528976752],[87.627983635236717,27.409162080066096],[87.617980503997217,27.416342856337906],[87.615219505276116,27.41125219083608],[87.626129557832996,27.377634388816148],[87.61757666433175,27.372139717274251],[87.604255639985979,27.376541556947416],[87.592735553003536,27.377449651880056],[87.587448582586205,27.373579559749032],[87.591125556999032,27.368880999558598],[87.613334582924836,27.36192620043397],[87.617690657897697,27.35835634696798],[87.618598584657093,27.348567625795454],[87.614845504216817,27.334320234091649],[87.622138597718276,27.340426114573688],[87.640075536357074,27.322682799971403],[87.65163451632003,27.322920677847151],[87.663391643909392,27.311668476419186],[87.682899517398994,27.301023626739152],[87.684478500282751,27.29267709527187],[87.668205537655581,27.270187107649065],[87.675582618842952,27.261932610102008],[87.675277518442897,27.253902914288233],[87.671806572415562,27.247113236986422],[87.676109504650071,27.2423943925873],[87.689102628983278,27.246606131767692],[87.696174607971955,27.246972085693358],[87.707275600988339,27.235736646728981],[87.728080658395811,27.226506998998957],[87.744277512297515,27.21454049125083],[87.73435954235913,27.206796786142888],[87.709976585251354,27.206371991374454],[87.705276516897925,27.200768018029748],[87.709396556705883,27.191458572555234],[87.703155560281061,27.162933783267647],[87.698547524948481,27.159624776362477],[87.68115256094211,27.157265101903079],[87.675483545029749,27.176380200086328],[87.669341620619434,27.150147190040911],[87.658874636155701,27.14471169299037],[87.652076577172465,27.151225270330087],[87.648925652197249,27.169117616085259],[87.638656647186679,27.16884051068115],[87.624282522120836,27.195096319439756],[87.623374593562801,27.204885878780431],[87.621047610359085,27.211265681066493],[87.612945662112793,27.217243487297253],[87.60958854237748,27.213319749706841],[87.613655609419027,27.202294195420905],[87.61521162631567,27.175836381843681],[87.614059617257681,27.166235583005914],[87.621620597212939,27.158998814943516],[87.630561573358079,27.141515674209131],[87.630363592106278,27.136354098063293],[87.619880514274485,27.130340082429029],[87.610816659261559,27.127731299360107],[87.587135603225647,27.128412411703607],[87.576980591781023,27.131000240568767],[87.567558661802934,27.135862079871231],[87.546104510614839,27.161735674062243],[87.541404610434597,27.156129018939225],[87.553947624983095,27.131657046935288],[87.564392649801107,27.119877623353773],[87.586311662353523,27.106618289802384],[87.580337544242411,27.101046335919818],[87.567901649741486,27.093938650248674],[87.566894648269567,27.084206255414472],[87.559722589126352,27.080967320085904],[87.546951585647321,27.084688047415625],[87.526893524017055,27.093379744979416],[87.520790659861234,27.101590322335653],[87.513175532624871,27.120752694281578],[87.503257562686542,27.129644383981258],[87.500503604757739,27.124552377590305],[87.506904529420638,27.107148361907491],[87.506011520615345,27.100284588563056],[87.500106637711326,27.096431764314616],[87.482421660331511,27.103242394920755],[87.476684582827374,27.103974470945218],[87.46941361714488,27.097861716045486],[87.491409574792215,27.086340287274595],[87.517379561018117,27.078720467375831],[87.541168575269694,27.064267216359099],[87.524330504749173,27.059003381001389],[87.523284612095324,27.0481238379449],[87.516059579286321,27.043160074877676],[87.505805661302418,27.042872910556525],[87.492523529937102,27.047265865827171],[87.489173618268012,27.043341123694063],[87.49399556004721,27.035168265703021],[87.507125643034158,27.026762725219726],[87.521766649111726,27.024626848850119],[87.519569583769453,27.017224287171246],[87.512367517846826,27.012834181852156],[87.502967549313098,27.018265989883673],[87.495979556211694,27.019610950285255],[87.492446583942865,27.010522452948976],[87.497856599602528,27.001182833421183],[87.489639652348217,26.992832111113159],[87.477638610633562,26.990843419588259],[87.469077502724758,26.984190536364281],[87.46206654273692,26.984959491787265],[87.45970150562016,26.990193320365563],[87.461013609290774,27.008527559699246],[87.453079634617609,27.019082051795408],[87.445388567728401,27.018721965946099],[87.43145750895701,27.040350293331528],[87.422164661370175,27.013620404258404],[87.428886611628002,27.004823763905733],[87.430236601038473,26.989287236317068],[87.423721516435023,26.986019635098216],[87.419738602554617,26.982109812717852],[87.424560544333815,26.973939132884823],[87.418647614296106,26.969508123701075],[87.407821547626497,26.970954337872513],[87.39166258036397,26.966228285407169],[87.385681588734485,26.977873765761842],[87.384300587102587,26.992836301953901],[87.386199591038462,27.010011324163429],[87.379264571602846,27.01307021611774],[87.359062508727959,27.002709848081167],[87.34780158927208,27.009902358707052],[87.357147578697948,26.984963682628006],[87.356674503825445,26.97177023161106],[87.365745567803856,26.957174655685947],[87.361534500417008,26.949612167567636],[87.348892578429911,26.950739030681859],[87.344474643590104,26.97037632200977],[87.34149957204778,26.976773054932664],[87.336547543334632,26.981499778292289],[87.32518755006555,26.985823499255218],[87.318160497609028,26.986012594305919],[87.312965562011243,26.983853583776011],[87.309463601963841,26.975334887894917],[87.302268576833512,26.970935227279085],[87.308998574224972,26.962142443219307],[87.323966642146956,26.951409079565508],[87.325042543378856,26.94563914622978],[87.32042662908583,26.941744578149894],[87.313384656876565,26.941355322790059],[87.30390153882513,26.944481269994753],[87.295616530878362,26.945275371361447],[87.292800546708008,26.956258849966105],[87.285133620320494,26.95646085388546],[87.279540543161716,26.961202496098451],[87.272636536846846,26.946457387198791],[87.267402541893944,26.943152402961175],[87.250167505226329,26.944178515925898],[87.239425592617181,26.947905276807205],[87.230445557116923,26.94699114742366],[87.213577647990235,26.939966442197715],[87.201156505068809,26.932251738427112],[87.195045594678618,26.940447563304531],[87.181526590879628,26.937924609733102],[87.180465610299848,26.944268369889528],[87.18333456723667,26.953378995044716],[87.192459610322942,26.958308895938956],[87.205215525875985,26.957406834557901],[87.211769502560685,26.961831642016818],[87.213859615129309,26.966943428996217],[87.212737612850731,26.971564036850964],[87.220664546731598,26.978821927290255],[87.223655545267377,26.991373324419556],[87.230590563803617,26.988323316867707],[87.234146502958879,26.980192870904432],[87.239120658591673,26.976044835201151],[87.244216521275575,26.975334887894917],[87.253265623809682,26.977968985080736],[87.256721650084273,26.98534254542227],[87.252479568677302,26.992344115588594],[87.253539543815066,27.004369633252111],[87.274497655042921,27.018171945079359],[87.282455602044536,27.025997793363615],[87.279457562716516,27.031820365817396],[87.269225606176974,27.03209160404441],[87.257614657990246,27.029524562108975],[87.229438554745684,27.029114519819359],[87.219123617760886,27.026327872433512],[87.212837524832082,27.030121522190655],[87.215804551938675,27.042100937908117],[87.21284456562438,27.049066634117992],[87.205932513974517,27.052690465792523],[87.203651630018896,27.060786211414666],[87.208358571890756,27.067555100887319],[87.209236660043985,27.074421556010122],[87.215110529827257,27.077713465004535],[87.224090566226835,27.078054608433547],[87.233261541287277,27.084131321203643],[87.25369259763545,27.082447229156458],[87.256416548784841,27.086971108629882],[87.255393621218786,27.094459668878756],[87.272605523726099,27.092284901327275],[87.283042503209117,27.079378445558973],[87.294219603152328,27.087694132078695],[87.301978562560748,27.089783070132739],[87.310874612173791,27.087826064421506],[87.316306588378495,27.078495496570042],[87.32556959735922,27.086858959573476],[87.33386265243962,27.086061170087078],[87.338905539659095,27.08363008316195],[87.344100644329444,27.085785238298229],[87.341148537874858,27.092755796243125],[87.326057591085146,27.100625397444276],[87.299423591325819,27.108224263139391],[87.289970648226983,27.11249400499446],[87.287689596997438,27.120592598769576],[87.319908626781853,27.126051398153663],[87.342933548244844,27.124861335182629],[87.354324553735353,27.121109762905348],[87.35839061533477,27.127315220820947],[87.349655499401933,27.133863163954004],[87.34857959817009,27.139636953582681],[87.338607647325205,27.147368421615511],[87.344756611628497,27.158112009661636],[87.337234523754432,27.162906626439792],[87.313201596276826,27.153788288698706],[87.303108611073696,27.158075968431319],[87.298889663827083,27.165651531792889],[87.300033625751382,27.179975031322783],[87.309959642823401,27.188897734143268],[87.305320595269393,27.193614398585794],[87.305923588902658,27.201636215439123],[87.300300505863845,27.205804032630169],[87.277244572179427,27.206411888897719],[87.261794545881742,27.204522104811417],[87.260070556311291,27.210310815092157],[87.264755536738789,27.215929371843174],[87.272582557738986,27.219742300366988],[87.283836603676491,27.229779963774433],[87.291442511063224,27.227281150704698],[87.297248654701832,27.228276921442898],[87.301895582115606,27.232745817265823],[87.302116529354521,27.239056384344792],[87.307319512085996,27.241213214918105],[87.311706600179605,27.238227413564402],[87.318176590977032,27.239777563284065],[87.318534497769008,27.250102055565549],[87.322563510897453,27.255161707946627],[87.330230606357588,27.254381688164528],[87.350822594587214,27.238328500060391],[87.355865650879252,27.235894729558254],[87.361816633930687,27.240903420056952],[87.349494565721784,27.255014856750392],[87.346542628339762,27.261983571085068],[87.346725520766313,27.26714531540415],[87.351478562785587,27.2744819954479],[87.358749527568818,27.280600783899217],[87.376304586187871,27.287016292867747],[87.379737645576029,27.293240024107945],[87.37667054011348,27.297342797832016],[87.367034537314225,27.297027973062654],[87.351432629912097,27.291132142734341],[87.331794501315358,27.280177666366342],[87.324821596139941,27.282660720615922],[87.313186509250158,27.280098541314771],[87.308578641191502,27.27677880369896],[87.307052631973534,27.269928274670292],[87.259597648712656,27.251963005588379],[87.248962521603232,27.241030321592234],[87.24017359383646,27.24642826835003],[87.240531500628435,27.256752760631514],[87.230453604250613,27.262182557778942],[87.243751660810688,27.275614724839841],[87.233116533701207,27.283356419063637],[87.234573644058571,27.288485473026299],[87.252883577415332,27.279969795270006],[87.26776162230118,27.283597482338109],[87.276359611407088,27.290835255842524],[87.289337646915044,27.295085886204845],[87.299812511238542,27.301126892292416],[87.308868654564947,27.30318079275952],[87.310356609869814,27.308883505369636],[87.317466643670855,27.31041554903851],[87.328590602674353,27.316434259133871],[87.335662581662973,27.31682016092185],[87.345420626061184,27.320577097655075],[87.353050504877046,27.329756455296319],[87.308898662243621,27.322125738312309],[87.303848566058662,27.324555651622177],[87.299529537758133,27.329264438003577],[87.296035625743684,27.321318896250204],[87.292068638856733,27.317979042598893],[87.280448638993676,27.315988005642112],[87.274719607723853,27.317291224010944],[87.266006619609982,27.324982793621189],[87.245483530240904,27.325516721119925],[87.253501658075209,27.334496253899147],[87.269386538058427,27.330059376639042],[87.288223525395551,27.336453093235832],[87.309974562576144,27.35252757189005],[87.301147580896327,27.356206557187022],[87.309120614924609,27.364605894146848],[87.302268576833512,27.370531732153836],[87.306983564939742,27.37672160032173],[87.322296631684367,27.374016759765766],[87.323776539855601,27.379717459693154],[87.323379572809188,27.386620125118839],[87.310676630921932,27.390402039622586],[87.305992655936507,27.403158457896666],[87.314651497668649,27.412113851073514],[87.321876531376972,27.41651485257853],[87.323364653955764,27.422217565188646],[87.327354606829829,27.426127386669691],[87.339569554991158,27.426377336145265],[87.34844951123614,27.423268487750647],[87.364883573018631,27.43373497039272],[87.341201510641383,27.436094811226724],[87.33633464322935,27.443687641571557],[87.34908251164876,27.458835081973575],[87.328048628941247,27.445632579280243],[87.310478650569451,27.43920684412069],[87.302253657080769,27.442872754174402],[87.293205559988792,27.441388654263108],[87.292808592942379,27.448289475179251],[87.295822558364534,27.460840872308552],[87.294761576885435,27.467184798839526],[87.289565634946257,27.465599613331619],[87.286048587872187,27.457079912008453],[87.267433555014691,27.457570084791712],[87.280448638993676,27.444020738766199],[87.285201512839706,27.432989149130094],[87.291397583631749,27.426510273030829],[87.274993528628613,27.416607891940828],[87.272781544432917,27.408627985293435],[87.264366615926747,27.406553128823987],[87.265945598810504,27.415123792029533],[87.263641581593902,27.42264856168191],[87.255241573739795,27.4211456866243],[87.255058513140057,27.415982937762521],[87.25030563929397,27.408643239593971],[87.23047657023767,27.410884057853139],[87.220642586186557,27.42376737856182],[87.215835565059422,27.414706877120807],[87.206794508759742,27.413219089089807],[87.20589462733534,27.405776126267369],[87.21443964187614,27.392925663188976],[87.217910588802795,27.38192827117291],[87.218040507563558,27.366995909933451],[87.207679637705269,27.36439316221481],[87.208152545303903,27.378161442796511],[87.203536630111557,27.393205785818509],[87.200485618017012,27.397876518286807],[87.183181514315606,27.398896427728118],[87.176673636879002,27.415138879955464],[87.152152545703586,27.411745885364439],[87.151626498064616,27.434151216205805],[87.156921513816997,27.438609884938387],[87.160476613904791,27.448854414899472],[87.168006580739245,27.462439971227809],[87.165656630649153,27.468815581773811],[87.172859534739871,27.475937181755683],[87.197822518594535,27.488660576024927],[87.208236531191119,27.492410640139099],[87.210700643020402,27.507849770250857],[87.215431557220768,27.514616647940102],[87.249870618334512,27.543576459086466],[87.234657630845163,27.549714023583476],[87.234313638363858,27.539962685429714],[87.207946516918412,27.52112636898687],[87.200935557829894,27.523027217432286],[87.200035509131624,27.515587440008517],[87.1858065580264,27.513081754319671],[87.183723655322581,27.508541779679547],[87.189269625093289,27.50151221271858],[87.181426510725032,27.497693249743804],[87.165969610908974,27.496942398572969],[87.153381500755813,27.485776698436041],[87.143051644018328,27.484317743569136],[87.144058644590928,27.47625418558232],[87.139976658696014,27.469467693679235],[87.137779594253061,27.461485775248491],[87.128227577340965,27.464024654014736],[87.098457572359223,27.476828346051491],[87.092613541182118,27.498202198572756],[87.081817650364428,27.478964223320418],[87.075904552153531,27.475092285780534],[87.069465573577531,27.474678388097288],[87.07373062187088,27.467682684208626],[87.093574609780603,27.465466676446113],[87.102371584681066,27.459505969924692],[87.122024633929868,27.451549363812205],[87.125755585651916,27.448009518924323],[87.114967573794672,27.432781109860457],[87.098258584766029,27.432625038814649],[87.090423518430782,27.428803225888316],[87.09004264385311,27.417328736332252],[87.07759853494457,27.410175116888297],[87.070594616648407,27.41207194176684],[87.06717664428686,27.405841169734344],[87.054550648393842,27.392949970964537],[87.070144508662281,27.398303660285819],[87.08295457059711,27.397413502331403],[87.116401549991679,27.406013166874288],[87.106574606732863,27.393377782958453],[87.106368580146011,27.387064029581438],[87.104286514711021,27.382527242138679],[87.104736622697146,27.376774405814331],[87.102622538699336,27.37108577568813],[87.082786597923302,27.353782678328059],[87.087837533175787,27.351362486689538],[87.097572609788301,27.354562362663046],[87.119300514607232,27.370669698048289],[87.125808560217024,27.37337353316218],[87.141570561332514,27.364936141389933],[87.153045553609559,27.362350157034257],[87.162429597847847,27.355220341745508],[87.162094657042928,27.345469003591802],[87.156188599624329,27.341601091417374],[87.147155591357603,27.340107099862905],[87.135047596869242,27.342715044763622],[87.128555644627454,27.340577994778755],[87.121948526103779,27.335005202728041],[87.126266547163596,27.329728627574241],[87.117675598849985,27.322483813277529],[87.132888586339334,27.316929963647056],[87.147674598204333,27.317704955319584],[87.165100575331451,27.301757880921627],[87.174034510684294,27.300384758250118],[87.176383622606238,27.294007135920708],[87.172325608140454,27.28779530720783],[87.179023586969151,27.277289933383884],[87.170654592235792,27.276356690708838],[87.163772545566701,27.28169948384425],[87.153617535021397,27.284827610106277],[87.150009629441001,27.291810070578435],[87.140586525847652,27.297788883150588],[87.132118623675694,27.293988191701828],[87.121879627243175,27.294819006991702],[87.120345570891573,27.287392472984379],[87.136077565227595,27.27838460886278],[87.141052559927857,27.273664089026624],[87.133048512778828,27.26468237719007],[87.111755628919298,27.260625536339546],[87.110877540766069,27.253757906702162],[87.126838527676057,27.251632927417802],[87.126747500996544,27.229819862197019],[87.133308519372861,27.234248692323433],[87.143402510018007,27.248345041990262],[87.149520629373683,27.23957740297493],[87.16204050976188,27.249591933121337],[87.184936517006804,27.243838260427538],[87.192451563189252,27.236972475299638],[87.187683602316554,27.230565684358965],[87.176795509405395,27.230843963378334],[87.172134501306346,27.225795207183182],[87.176940516092088,27.216486600776136],[87.182685639830595,27.215765421836863],[87.188316602729174,27.211601794587295],[87.196006664176366,27.211404820576149],[87.206809595786353,27.208828726964327],[87.209838648235177,27.203585007642118],[87.20315558915928,27.195718423666449],[87.203544509072003,27.188243777728303],[87.211143542940306,27.185750664561681],[87.214034628595414,27.176491176426794],[87.219634578373245,27.171751545997211],[87.22809560702683,27.175550223863866],[87.234481611037666,27.174810101605033],[87.239883579563696,27.164333729118425],[87.235488613408961,27.151055453146796],[87.216987573218091,27.132206062360012],[87.203529590218579,27.131981258828148],[87.197845652754836,27.134424081006671],[87.192359530168346,27.142602807074013],[87.184043509100832,27.142817718962704],[87.175216527420957,27.147061475806595],[87.182250619770457,27.127935146889683],[87.188514583981032,27.123756599887315],[87.192115616942317,27.116773803968044],[87.192542590768085,27.110447981689163],[87.181312517159085,27.100402439321272],[87.174316645097235,27.101729293672122],[87.169578522830705,27.094388758234743],[87.169227656831083,27.084063259611867],[87.165061515976333,27.074409486208936],[87.155700605898403,27.08153946787229],[87.146140542751994,27.082930193873494],[87.140479573074003,27.085945163838403],[87.138076649318066,27.090598796597305],[87.136520632421423,27.101546401245571],[87.120490577578266,27.100804435376517],[87.116104663099861,27.103784201379938],[87.112495583004886,27.110762973732392],[87.112800517030394,27.119942498647561],[87.125984580024522,27.131092107215125],[87.117820606435998,27.13589108120857],[87.114440519814309,27.149754413835296],[87.107696608112121,27.139590854334585],[87.09857961215954,27.135226898602639],[87.09045453065221,27.141171679929244],[87.08587650299836,27.138415878390219],[87.072753627178315,27.148501320080015],[87.074355576948506,27.138703712706331],[87.078697570336772,27.134577133927735],[87.067008503439865,27.129700374872527],[87.060066611385196,27.132744179800227],[87.038375586863992,27.155095027913376],[87.030204571583852,27.159887966556539],[87.026039605243739,27.169750618296518],[87.021102663557258,27.175613088273565],[87.016906515023834,27.184327752723732],[87.003478538803677,27.185229813205467],[87.00140351506036,27.180684977729697],[87.017288562317447,27.156762020251165],[86.995735503690696,27.144082715245247],[86.986457575856605,27.134548132590396],[87.023803647820273,27.140527615157453],[87.033233624032675,27.135130004746088],[87.036209534642467,27.128166320319565],[87.044998630582484,27.122782623319551],[87.047279515437424,27.114115902626963],[87.043891549855289,27.108457112006249],[87.028816529159656,27.097920725061556],[87.01584653988607,27.093074979127152],[87.01306156883652,27.086250266037098],[87.033744584645035,27.092057750564891],[87.05627463796435,27.095521655799928],[87.064140551045739,27.101066621027883],[87.070129588909538,27.10780634099001],[87.082206570277151,27.105210131342631],[87.090820651851743,27.09465982918789],[87.10515555118792,27.082819216633709],[87.101051602949269,27.074884572864903],[87.094596531904585,27.073324699675311],[87.060218658864187,27.073662825878841],[87.06627659558859,27.068866030942729],[87.0688855468307,27.051002519251028],[87.074096575796489,27.053742562869104],[87.078308650424049,27.045601053445978],[87.076126504834519,27.037617289606374],[87.083160598083282,27.037441101625689],[87.090125625197629,27.054490395915195],[87.099700608096725,27.053678693017389],[87.107086572787239,27.04488004088131],[87.111678514751816,27.048207656558247],[87.115127501133429,27.055585575913767],[87.122665514202254,27.05137568124286],[87.134490535210205,27.060262342832971],[87.138870583410835,27.057281235041103],[87.139900550869868,27.049790831182065],[87.134956569290409,27.03613922504536],[87.148887628061743,27.031765380368142],[87.155418638759329,27.035618206415222],[87.169799638242864,27.025490688144885],[87.179313601241859,27.022949964869099],[87.177757584345215,27.014957318425672],[87.180625535839965,27.005120650797551],[87.173530589964912,27.00357771094275],[87.163513546213323,27.010150463673085],[87.156562600683628,27.012624298972355],[87.134124581284539,27.01147245808761],[87.130714656056682,27.005242524223263],[87.136802598661177,26.995905083752746],[87.132713571973909,26.988545270448014],[87.140228619055677,26.983761549855785],[87.152900546922865,26.979994890551893],[87.144973613941318,26.972729960219624],[87.137267627299309,26.971780123254234],[87.138297595657662,26.964290556664025],[87.114379499914151,26.956859663642717],[87.107643635345653,26.965640378800572],[87.111625541985347,26.970130060653901],[87.111427560733489,26.983341784995503],[87.103408593831716,26.992153176927729],[87.092521508161212,26.991852099195171],[87.085548602985796,26.993754120356527],[87.090804559383059,26.978691840356305],[87.085815650372126,26.963317586437597],[87.080642507146138,26.961724521069925],[87.07235749919937,26.962505713567964],[87.067108582695084,26.95861785173264],[87.055839617004892,26.965787565443918],[87.04735562326357,26.960832686779213],[87.045761551554506,26.951109176347529],[87.040626631314126,26.95066292285577],[87.032417562120941,26.953737908178084],[87.018821612327713,26.968423338066714],[87.013168521610169,26.971431099965457],[87.005531602002009,26.97276600234926],[87.000251506002371,26.96772948412854],[87.012153641177747,26.959972535604152],[87.018203530768517,26.949494151334136],[87.022910639914244,26.936747791077835],[87.040046602768655,26.932881721614308],[87.038558648363107,26.926603005824177],[87.028976622873017,26.92683904008976],[87.019943613706971,26.924194213991939],[87.013664563369048,26.927789045228394],[86.998184529392688,26.923578312389338],[86.987541523322818,26.93072388469966],[86.976097543267144,26.932722800616887],[86.970535648301677,26.938597508568307],[86.965804565928124,26.950768200192442],[86.947334539757378,26.94254940932791],[86.935722586128634,26.935431832013592],[86.922500637394648,26.936306734768152],[86.918174569201142,26.941002445006973],[86.92153152076321,26.946089254215849],[86.922607590168298,26.959838759651177],[86.926132515303493,26.970090163130692],[86.935409605868756,26.980202761648286],[86.94252064511187,26.98496552713749],[86.929855588964415,26.98665163096814],[86.909553614108177,26.971633272058],[86.901100631688962,26.96724132222937],[86.897704619872457,26.961007701144638],[86.896079536841341,26.950138216105927],[86.886390560376242,26.946923254005128],[86.876418608632036,26.955194851261524],[86.870452537654671,26.948445072382299],[86.885650605391277,26.923404136192062],[86.875266601372743,26.91847959975388],[86.858817618938133,26.924033282110429],[86.851013563924994,26.919622557135426],[86.850051657158417,26.909311810092106],[86.844909527053176,26.908283852617842],[86.838004515296291,26.912462735067322],[86.832908652612389,26.913154577222087],[86.827903651132772,26.916715712660164],[86.82198351302884,26.911111740214778],[86.81970950169233,26.899683349906809],[86.802017651693461,26.906405133790031],[86.794212591238249,26.90199122341636],[86.784324628079275,26.913123732274585],[86.785003562264762,26.935496708206642],[86.796401609446889,26.931791067903589],[86.804885604087531,26.937336703126505],[86.802696585878891,26.949442183110421],[86.786537617717045,26.964738485592761],[86.793723591170931,26.969739297131014],[86.786765604848938,26.972196032720888],[86.783157531095355,26.979740751134898],[86.804283614997019,26.980404765567641],[86.81078361437244,26.98370270901296],[86.810371559400096,26.991173164110364],[86.819480509118364,26.996128210048994],[86.831062623241621,26.9981579718131],[86.840011644721812,26.99794993344284],[86.846992597030919,26.996065011091559],[86.855956540062436,26.996432137733109],[86.876029522344766,27.00399764397622],[86.882545613289608,27.007861534382471],[86.889175531425792,27.015172396688911],[86.900024563183194,27.014341415024433],[86.900901645894407,27.021785047841831],[86.912010516971918,27.028982755649793],[86.921234633871393,27.037373209106477],[86.918815616747452,27.042023153745674],[86.90875263922311,27.047429815833482],[86.90076451816816,27.037861202832403],[86.892967503947318,27.034025477393982],[86.886764559636902,27.038189271018211],[86.885856631978129,27.031897647258745],[86.871574539933249,27.025343668775463],[86.863952540077833,27.027245858110007],[86.854164657073454,27.021156909164176],[86.844467632575345,27.017940101654517],[86.838142649363931,27.020380912049575],[86.841697581278538,27.031782647351463],[86.838020607764975,27.03703122660994],[86.82035055013796,27.024237760764208],[86.814765521012134,27.030106434264667],[86.807754561923673,27.03084270112987],[86.794952545323895,27.009894479746606],[86.789077501925362,27.006011647819435],[86.776908654810711,27.005714592754373],[86.781059541364925,27.01595208192316],[86.776100639133347,27.021235866042502],[86.764663532596103,27.02379000000866],[86.763038616838855,27.033583414742964],[86.77452852976802,27.032749584026249],[86.781692541777545,27.036606431841506],[86.783889607119818,27.045739856609259],[86.804191581976113,27.060775147055551],[86.804382522435617,27.066965853391537],[86.797416657153178,27.069542953344751],[86.78314965213491,27.063552240043975],[86.759361643325349,27.060073414156875],[86.753051578967359,27.063087212305163],[86.746444627717551,27.056346485102324],[86.738822627862135,27.058240291856123],[86.73731958463128,27.072050818990249],[86.730331592429195,27.07392953871738],[86.728736516177435,27.084873118899452],[86.736434623858941,27.085276288570014],[86.739822589441133,27.091512926880227],[86.751342509149652,27.091254764795679],[86.75650760524195,27.092856713666549],[86.752342638002517,27.103286316010838],[86.767509524445131,27.096629743767778],[86.775344591679698,27.101617311889584],[86.76715061131182,27.105822176652282],[86.766166574927638,27.115602851590495],[86.759849637950595,27.118616649738726],[86.763259564077771,27.125429293027594],[86.762824543118313,27.132328270333574],[86.77333058783654,27.140698605956061],[86.774803624287983,27.146983357096417],[86.7793736048082,27.149747373042999],[86.785774528571778,27.149602199082381],[86.790779530950772,27.141871737390886],[86.799926533682765,27.151576137229085],[86.828102636927326,27.150925198039602],[86.816841550197523,27.159797946218362],[86.840568539106982,27.181063839624642],[86.834869514616571,27.188023668657536],[86.827346590372997,27.188832690676293],[86.823112555200453,27.176302247750698],[86.818389519960533,27.172674225235426],[86.806861554017644,27.168638506761795],[86.778671537361731,27.168707573795643],[86.767646652171436,27.164366585849393],[86.763923577611195,27.168468688679184],[86.766059622153989,27.196549238057059],[86.764930579982433,27.201740989155439],[86.758560501166357,27.20303414860723],[86.749748605613831,27.165916567395811],[86.739486642294878,27.1634207715515],[86.741943546057939,27.140832715557508],[86.728935502871309,27.134236996840059],[86.72999564618226,27.126751287442119],[86.718337592406101,27.122419519345499],[86.716262567763465,27.117298678891075],[86.716056541176613,27.110415124958195],[86.70832054685593,27.108865143411776],[86.706596557285479,27.1152159443605],[86.710693631106381,27.12373749019315],[86.694084554958408,27.125254445936093],[86.70278161787752,27.137690844057374],[86.705596595706481,27.146237534934414],[86.712806542388194,27.151820385902226],[86.718131564919929,27.158589108101012],[86.719589513445442,27.164297854262713],[86.715881526811188,27.168972442124641],[86.70634459692576,27.171480475044007],[86.701324508419475,27.175035239684689],[86.700248607187632,27.181948968570168],[86.705818549286789,27.196751410149602],[86.700103599601618,27.198600290371246],[86.697730515351168,27.204966010173393],[86.691223644255956,27.20166722855987],[86.682235560722688,27.179475972338423],[86.675155534600378,27.178484057893115],[86.667030621266349,27.185549835156905],[86.654121651892865,27.182388013096443],[86.655151620251218,27.173754150034142],[86.650451551897788,27.166395676719276],[86.655425541155978,27.161119939733567],[86.654495652952164,27.151379329592544],[86.658775620098936,27.144400725413277],[86.651130654256463,27.145715678136185],[86.64694959274965,27.156138072414251],[86.638778578368886,27.161482708260507],[86.633666623216243,27.183980742117683],[86.61808064190825,27.176855285842919],[86.618415582713112,27.166515538361523],[86.616363524956853,27.161966846592861],[86.611289623717312,27.163795610778948],[86.600028536987566,27.17322323976083],[86.594795546577359,27.169317608221206],[86.5835495477736,27.179317218614869],[86.575218606953285,27.179495082931851],[86.562850605870949,27.168728527999292],[86.548561640307639,27.16570668541533],[86.547576599380704,27.153672116075427],[86.528304591983499,27.151780320205773],[86.523712650018922,27.147858595298089],[86.519622616090999,27.139333696792789],[86.500198561214802,27.131698286247058],[86.49723857579977,27.140368694160031],[86.491378620327225,27.137048958342916],[86.486534550729118,27.12876931395283],[86.467674598304257,27.136960779816263],[86.471038590658623,27.14263264568018],[86.452499496554708,27.144158487624225],[86.452003623868336,27.149335318969918],[86.455985531407293,27.15442028366931],[86.465652547327352,27.156520118808601],[86.473915594729078,27.154054163369096],[86.479133498112617,27.157390997996288],[86.485519502123509,27.156685913324395],[86.491523627013919,27.165172757017274],[86.498611532096675,27.16674872267555],[86.503204646777192,27.170671453025307],[86.512237656842558,27.172781346182319],[86.525649539694655,27.171352567167389],[86.540260538093548,27.189416573716073],[86.542983651074792,27.195101515722513],[86.551361531109933,27.196646469159361],[86.561904624299132,27.206756720446435],[86.570083516741079,27.201416945435824],[86.57711057009692,27.200694090160255],[86.581672504382709,27.203467157783223],[86.589347646077158,27.202729048207175],[86.581924632016296,27.212070511345189],[86.599944550200973,27.214555411003573],[86.603027581757658,27.210472585141815],[86.609710640833555,27.208065805992305],[86.614356561905993,27.203341095315466],[86.62030754585669,27.209526771743242],[86.631584558680629,27.210432687618606],[86.633338555929754,27.216709559798517],[86.625244654817152,27.224921980764918],[86.616134532382944,27.228654945169751],[86.654495652952164,27.238637456753395],[86.645080595593186,27.245732067181279],[86.655349600603756,27.246081256844661],[86.661086510833968,27.244809387043745],[86.666747647785883,27.241240539919147],[86.672027577410915,27.246291139724462],[86.667121648845182,27.253860836808315],[86.671104561826212,27.258365773861499],[86.679489649927575,27.259903518332862],[86.687156577214409,27.259161551564489],[86.6924056600933,27.263065507667193],[86.703384612410105,27.26569122317153],[86.710037663807327,27.273582114023498],[86.715141571826223,27.272894127262305],[86.723266654232873,27.265825332773034],[86.721687503175872,27.277340894366944],[86.727668662079282,27.284096373149225],[86.73719754483102,27.281012670698317],[86.741233598751762,27.287236401938515],[86.736862604026101,27.291354262689197],[86.753829586966049,27.300731768856167],[86.758453548392708,27.305219607099332],[86.756065544389514,27.311014520004221],[86.75756858672105,27.318443064895689],[86.744125522574961,27.319320147606845],[86.735496521247626,27.309753546389175],[86.721488517381317,27.313510314949212],[86.715461592878398,27.305036713773461],[86.685256566937198,27.281592531070601],[86.680892613003834,27.285706537326973],[86.686881649968313,27.293038186563194],[86.706588510151789,27.308673621590515],[86.70094262839973,27.312820150030063],[86.703727599449337,27.320220029031248],[86.696830633926766,27.325539688006359],[86.698959636778,27.332381499906433],[86.695228516882707,27.336482094573171],[86.693397573639288,27.361207199652711],[86.695732604875957,27.374934578168393],[86.704780533794747,27.377032400624955],[86.703063585016594,27.383957193869549],[86.697372607659872,27.3869520477989],[86.691787577634784,27.393390690927788],[86.690811589283555,27.40374535906119],[86.697059628299371,27.419680698205809],[86.701759527580293,27.426466519214614],[86.708351559976677,27.432059260026961],[86.720733642643665,27.438100767936248],[86.729965637604266,27.445932650671409],[86.732810624011279,27.455054005637976],[86.727065500272772,27.456332246236343],[86.714507565072211,27.44455550443314],[86.701515615253584,27.439676733594524],[86.691589598181565,27.430136115589391],[86.687538623608759,27.423336381169179],[86.686744522242066,27.41818670755066],[86.677329633056274,27.404041239611672],[86.677047498643333,27.394288896015894],[86.680465639178067,27.379862467279168],[86.67390461990243,27.374838521580671],[86.661102604201972,27.376267636042712],[86.65480762687065,27.380423384331891],[86.648017615021104,27.389755794894143],[86.642898619076163,27.390441769871927],[86.640808508306179,27.38474526078528],[86.646362524311201,27.377161482116833],[86.644172500660545,27.368026045565671],[86.649978645198473,27.36904679407445],[86.657577510893589,27.365437882152662],[86.667770576251257,27.362918282153146],[86.67273752381783,27.357068215625816],[86.676879525070206,27.323681755208952],[86.672325637018673,27.321487037097199],[86.666603647440525,27.323334911876827],[86.653747651732886,27.32246688174132],[86.645835637604762,27.315176134571118],[86.651466601402717,27.310461313738756],[86.663650534644603,27.310195439967742],[86.666671540859113,27.303813794970779],[86.661308630788824,27.29589507459815],[86.661003530388768,27.285569408701406],[86.648757569106692,27.283539646937299],[86.63657363496543,27.283804515266297],[86.620864606616465,27.295052024031804],[86.62950165597681,27.305196472939031],[86.632331553558515,27.314319336967969],[86.625312548235684,27.315622051716446],[86.615615523737574,27.312957109583067],[86.619277578397714,27.306564568400233],[86.606071553959225,27.293646042830744],[86.599052547737074,27.294941046792019],[86.593452598858505,27.30517568600925],[86.590568553995752,27.289959346746571],[86.585395578043631,27.28834650079051],[86.56422456671055,27.288222449206785],[86.569267623002588,27.273214148314423],[86.577270663810225,27.273594853819588],[86.591522581801883,27.27845686129524],[86.618392615826735,27.276160890313008],[86.629058587883662,27.267892310282036],[86.637931503336347,27.264255403364302],[86.619666498310437,27.253744998732827],[86.608428544841615,27.241931376631896],[86.603248528996573,27.240319537017172],[86.596198509653675,27.240470410880903],[86.585189550557459,27.236685647324919],[86.579543500632212,27.240824463178569],[86.562850605870949,27.240029522744408],[86.557151582279857,27.242447198979164],[86.553092562372001,27.235070621412206],[86.548011619440842,27.236899720146084],[86.542579643236081,27.226103996602319],[86.539253535722253,27.244544351440823],[86.521362531755585,27.246642173897328],[86.527587603884967,27.240199508100943],[86.524207517263278,27.233952810873689],[86.528564597678212,27.229270846772295],[86.527107656393412,27.222986095631938],[86.527389622633166,27.210350712615423],[86.523414588612525,27.20584191926929],[86.510642579691478,27.20725477308946],[86.506523546224855,27.19758121819882],[86.495201605969498,27.20527882315929],[86.491210646754098,27.200194024834502],[86.49107351902785,27.195031443246648],[86.484054512805699,27.19632426815059],[86.477050595408798,27.221149117937557],[86.472473573197021,27.217800548056971],[86.470092609086805,27.208648682690693],[86.465080565915571,27.205322912422616],[86.470657549706289,27.198321173183729],[86.459045596077544,27.195687411445022],[86.467201523431697,27.189206523562348],[86.467056515845684,27.18404377380125],[86.455528549902795,27.184281819850241],[86.456664632866648,27.179090236925049],[86.44821165134681,27.174669117585836],[86.432311516163679,27.179008093748678],[86.426734533272281,27.186009832987565],[86.417694649688485,27.183322930309146],[86.400039511814157,27.194007510238578],[86.406051515665069,27.203070024362262],[86.406188644290637,27.208234785007448],[86.403434518188647,27.215910429422934],[86.411727573269047,27.217178442930958],[86.43074762030659,27.216077563928593],[86.430282591668458,27.222101303032844],[86.420890502095176,27.230326967415749],[86.427429559926395,27.234788822446319],[86.435790509324704,27.235768498917253],[86.443710568787878,27.244218295038422],[86.454009580577861,27.245732067181279],[86.458015627719192,27.251392868686082],[86.439590528080544,27.257501600018941],[86.442336607048958,27.264337378367486],[86.457618660672836,27.283541658720708],[86.461860573906506,27.297807825570828],[86.453056559113065,27.304302626864853],[86.452056598433444,27.31465511594098],[86.444923597746026,27.311929321181367],[86.442489660869342,27.31657205685508],[86.441718526389025,27.328177473311882],[86.444610618385468,27.342087073359892],[86.442359573935335,27.350215508439078],[86.437141504177248,27.355714370821715],[86.431823522437753,27.348934753336323],[86.431999541345931,27.331707594729835],[86.42607152428161,27.326086858022222],[86.426536552020423,27.319763048426069],[86.433494538342416,27.316179280649408],[86.43391463864981,27.308134497808965],[86.432105655951432,27.303295625392934],[86.438232659709627,27.301731896809713],[86.437950525296685,27.291405057297709],[86.444923597746026,27.288394278173541],[86.431693601878408,27.273737010554726],[86.414901632404565,27.269481015736403],[86.426254584881349,27.262365451104813],[86.422172598087116,27.253839881705346],[86.418235617979576,27.250472033058031],[86.409812644138356,27.247197223773014],[86.389366499864252,27.249900051646193],[86.38663450158117,27.243640279175679],[86.395439523615266,27.237151679606484],[86.391418556721192,27.230916885805755],[86.384994498797255,27.230469962319034],[86.384460572197838,27.215069556115282],[86.378555521120575,27.205340011232693],[86.368125584228494,27.211954505995777],[86.353813651778751,27.21438458657957],[86.351142507021223,27.235156787256074],[86.344924642958063,27.242165400013334],[86.356651595594826,27.249398143609596],[86.345893591416257,27.254774798917992],[86.334297562982329,27.252704972356753],[86.323257590765365,27.24717811317953],[86.320182606342371,27.252403893724875],[86.313003506406858,27.247378272589344],[86.307845618380725,27.246329193637507],[86.29781365307781,27.255130694825823],[86.290840580628469,27.258134768604805],[86.292358542712748,27.267290322090844],[86.280662603196731,27.261200365904301],[86.280883550435647,27.269806065797468],[86.277145557021981,27.273892915225986],[86.266273558378202,27.275248939087419],[86.261711623193037,27.272466147095145],[86.256362628332795,27.263956335616513],[86.250465622590582,27.258899702259612],[86.234191656320036,27.249449106391296],[86.222190613706005,27.256559810187241],[86.235389597352196,27.271240210167718],[86.252319532720435,27.281252561256849],[86.260932608852954,27.291997154745047],[86.252685653919968,27.295598021331784],[86.265823616766681,27.30740560808249],[86.276794521949796,27.310064514865587],[86.283180526860008,27.308797506799635],[86.28652960036095,27.314470042658456],[86.28350859504576,27.321417802789483],[86.278465538753778,27.324955636793334],[86.27140864679177,27.325091590904321],[86.266235503565781,27.323468855103727],[86.2538145288176,27.314517317320508],[86.246124636442971,27.314662156733277],[86.24631456966182,27.32212188291868],[86.237464621095569,27.327452606252905],[86.23265860541045,27.340173987839421],[86.235969624998347,27.344130077641125],[86.246391515656057,27.350246520660562],[86.237632593769376,27.359022205910208],[86.242980584086865,27.367529837432187],[86.238052527702166,27.375660450669386],[86.238204575181157,27.38139836724099],[86.245162560603831,27.387762075259729],[86.242431568662141,27.396241711785706],[86.251006590881616,27.40526516565501],[86.247947531653438,27.411062927612136],[86.255752593007912,27.414935032425944],[86.262855585117336,27.416521726096903],[86.2605286010143,27.425751374726303],[86.264747548260914,27.440021733316485],[86.264915521834041,27.446332635842623],[86.257270555092191,27.448772271723101],[86.246421523334789,27.426590404423791],[86.232108585443029,27.419396551110083],[86.227874550270428,27.404552201123352],[86.227714623830991,27.398238615919524],[86.219871508563415,27.392644702391237],[86.211662608442793,27.396510602782257],[86.217010597860963,27.381218491140601],[86.216064616289145,27.369181742743365],[86.211372595069349,27.36123234559642],[86.204856503225187,27.357334257570074],[86.209098583732839,27.347497759014516],[86.18199150910101,27.366940925383517],[86.179313658998353,27.362396089008428],[86.190597545340609,27.351858695722399],[86.188529562389533,27.346155816737678],[86.180206498731081,27.34687967835464],[86.18633249704726,27.33528918165058],[86.196052654806351,27.339129099728325],[86.203590499701988,27.332676543188086],[86.211830582015921,27.328505707872239],[86.211028600789462,27.322206036979139],[86.205612550678836,27.317101960786999],[86.227348501732138,27.30812460706511],[86.230377554180961,27.301181876842293],[86.230247635420199,27.296019127980514],[86.218345500244823,27.28188975340953],[86.207137553555413,27.29529995992533],[86.188621595410439,27.298511905700025],[86.198059617857268,27.291451158344444],[86.201164609958937,27.287371517881411],[86.201621590564116,27.279902739120246],[86.195922567872344,27.265178249876499],[86.185920610248104,27.26756407482236],[86.182273644413328,27.275668872120889],[86.175880598710819,27.276356690708838],[86.176917607861469,27.266584398351426],[86.170394643398254,27.262107623568113],[86.162826622650698,27.267412194617236],[86.147888563306708,27.259647535305646],[86.137405651849519,27.276482754975291],[86.152259558032313,27.280806811385389],[86.151122636000991,27.286566352155546],[86.130660567431391,27.289231461562849],[86.126373557693682,27.297344976889292],[86.1210175220412,27.288256478653693],[86.112625561320783,27.286110545165684],[86.105697582677465,27.291400195562744],[86.097167655163332,27.283515507334926],[86.097465548396485,27.295562983744844],[86.090576629108284,27.30257478190083],[86.077171618875298,27.305105614432705],[86.079925576804101,27.313093231867299],[86.073577626706253,27.316074004212055],[86.067069581995781,27.31217038355652],[86.062705628062474,27.317413097436656],[86.057395524384106,27.310043559762619],[86.049774529970762,27.313043108153067],[86.050575504855829,27.319921130356022],[86.046195624828385,27.324587671084316],[86.041915657681614,27.333271323313056],[86.031532659105096,27.328284760633323],[86.022674496131231,27.333603414166362],[86.017661614791848,27.338854173381549],[86.018455548884617,27.345153844274648],[86.009605601217686,27.351047662819553],[86.001960633576516,27.353471541678459],[86.007255650228217,27.360271108824747],[86.036765648615926,27.364554932264468],[86.041862516741901,27.35795535725407],[86.049751563983648,27.365854127066427],[86.058036571930415,27.363413987565593],[86.063865515181533,27.365610045667211],[86.07398951260609,27.359691416625708],[86.073837633300286,27.353393590242149],[86.085342634155381,27.351455526051836],[86.087715550232645,27.343378053754293],[86.086234635720018,27.335368306702151],[86.100082545872965,27.338456032719876],[86.09669458029083,27.343219970925077],[86.097602507949546,27.354110410167436],[86.095230597314355,27.362188050638167],[86.113815623392441,27.361284313820192],[86.120307574734966,27.364037937201203],[86.127647608350628,27.374113487247769],[86.117324623332877,27.373274625723525],[86.111648565728899,27.377394499156935],[86.107086632342373,27.37460466727174],[86.100738513172018,27.377589462283993],[86.097022647577262,27.383393092317476],[86.080398651676603,27.38598326841327],[86.076644564894934,27.390067936985872],[86.085250600235156,27.400821415775852],[86.097473593731536,27.401756501161742],[86.09828161030822,27.408627985293435],[86.109695582685163,27.402684377582091],[86.118736638984842,27.40481941578355],[86.108261607387419,27.420696584979567],[86.101241594823932,27.424645299441181],[86.115699540301705,27.438165812302543],[86.127395647990909,27.443698705930672],[86.121810617965821,27.451833342734744],[86.12574759807336,27.45520705855904],[86.124679575801963,27.463837905295236],[86.135276648098966,27.476849132981272],[86.137412525367893,27.485419965259325],[86.149902567149923,27.496677363869367],[86.152595504279248,27.501794179857654],[86.144462543811528,27.51055092178774],[86.135116554385661,27.496368407176419],[86.122001558425325,27.48569690338951],[86.117614636706264,27.490367802232413],[86.108428573719891,27.50889868102945],[86.096946539751173,27.512545646864282],[86.097328587944162,27.528038086988261],[86.091148609620802,27.538476573735011],[86.094123514788521,27.555073914629588],[86.093078626677425,27.56485039962638],[86.095184497166997,27.57227307824013],[86.089691500162758,27.584422479314128],[86.085899526741912,27.613766347738874],[86.095725631832579,27.647460090311085],[86.106674577370029,27.674243792117466],[86.114562619169703,27.680991559213226],[86.126319578585822,27.687670092001269],[86.129310577121601,27.696056856438929],[86.111572626075997,27.690230260418332],[86.095092631419959,27.674447806920909],[86.086357513688483,27.659103391608369],[86.08528161335596,27.641330236601277],[86.075820624022754,27.622552930073823],[86.061660571778134,27.622227040945347],[86.064750644127059,27.617006289408891],[86.074241641138997,27.610525568800085],[86.077293659574877,27.603584851259996],[86.081855593860723,27.579396857279278],[86.080024650617304,27.539714413189756],[86.081314625569689,27.533244756940121],[86.079688537096445,27.52575100130781],[86.080207543943175,27.511120891416169],[86.08202356833317,27.506496092720624],[86.065277530833555,27.505066978258583],[86.063171662142679,27.49764044425126],[86.072120517248209,27.495763400860426],[86.077781654200123,27.490497553719251],[86.091270651219759,27.490260514011652],[86.098930536814976,27.488402581214302],[86.104576586740222,27.482562909051182],[86.101570501177832,27.464821772606854],[86.097610555083236,27.460299904017518],[86.101379560718328,27.456790065908933],[86.102546657702248,27.452178341557385],[86.094650569668204,27.444280746259551],[86.088790613296339,27.440940725334372],[86.081771607973508,27.442786588330534],[86.075920536004105,27.440017709749668],[86.078926621566495,27.431355012623897],[86.074989642358275,27.427979285016136],[86.068664658247542,27.43211022190934],[86.066329627010816,27.441907829283025],[86.060722637340007,27.448894479696605],[86.059066541188088,27.433424169190175],[86.041763610202622,27.432820169215574],[86.051032653634195,27.419787819152702],[86.061279530825857,27.418461633897437],[86.064987516560791,27.412657836590029],[86.053848637804549,27.403093414429691],[86.051757520693172,27.396241711785706],[86.0458836509099,27.392325015886911],[86.042838505992393,27.399265567052396],[86.033843549840128,27.398847477629147],[86.028900573702686,27.406968368295679],[86.020606513180212,27.409406160565993],[86.020759567000596,27.41571672764502],[86.009147613371795,27.41362108514511],[86.004775613204174,27.418860612727258],[86.010314542182527,27.435986013943534],[85.99898556203425,27.424799525977505],[85.991447548066049,27.425398328769973],[85.990295539907379,27.431160216770706],[85.991729516104442,27.437451003261344],[85.996391529645564,27.444831437121252],[85.992622524010415,27.448341441604384],[85.982780660099536,27.439323855811438],[85.980544536301466,27.453710050678467],[85.973548496965748,27.45669719382056],[85.96602657726487,27.464859659246031],[85.964446588039777,27.452258138402499],[85.970001611285511,27.44240772643559],[85.969146657292583,27.433237253196808],[85.97483864009132,27.429123415113679],[85.979720595429285,27.41813574566828],[85.980209594597284,27.411815119672156],[85.996673496784638,27.401778461706783],[86.002952548921144,27.395932586919514],[85.998840555347499,27.384522135388409],[85.986541620399635,27.380137392726624],[85.982902532625928,27.38938414106542],[85.979133526990836,27.39289079377528],[85.97023060385942,27.396484618670343],[85.953567548603644,27.39791071590696],[85.951209552279181,27.40713231830199],[85.943473557958498,27.40554026017503],[85.93843854880015,27.410213002628097],[85.947692505205112,27.421540641887248],[85.94263452916033,27.425070428757408],[85.926559547785075,27.424187479768534],[85.929962600393878,27.432739199654463],[85.928184630816247,27.439082791637645],[85.921119525346001,27.439199804227712],[85.916046630447795,27.442151741609734],[85.912712643973521,27.43646596233441],[85.911819636067492,27.425577366702271],[85.904067549278125,27.42340762726036],[85.893974564075052,27.431607308430671],[85.88681055116615,27.427130366373433],[85.881019661828077,27.426649245266617],[85.845436638790034,27.443862488663058],[85.84426853726336,27.449048539858381],[85.853378659697569,27.450811422409345],[85.840591563749854,27.457141100081856],[85.827369614116549,27.469402651111579],[85.833915544566878,27.475041323898097],[85.819984654868108,27.484443976008833],[85.817581562938926,27.491942594275429],[85.810676551182041,27.499511285017945],[85.815925634060932,27.504595915169489],[85.821754577312049,27.506801025846812],[85.839759575743983,27.507090871946332],[85.845580640034655,27.508722829395197],[85.854797547968644,27.518906505830728],[85.836769582650277,27.517468338792924],[85.826652626018017,27.525093021326029],[85.837448517735083,27.548453218141674],[85.832755658347139,27.56862644695309],[85.833640619119421,27.580083670425211],[85.824592522027444,27.577929857077379],[85.820098649333374,27.533278954560274],[85.813682636744431,27.519554426895411],[85.807807593345899,27.51562750570497],[85.802696643635386,27.516853442632396],[85.797134581395994,27.527272986958906],[85.792739614341883,27.531932822342014],[85.795493572270686,27.540500635596004],[85.792388580169018,27.545711161840813],[85.786704642705274,27.550393125042831],[85.7874836570453,27.556694640445471],[85.777915546765257,27.560286789004238],[85.768127663760822,27.553547906310996],[85.763763541654271,27.55992972038041],[85.756027548232908,27.558897740238649],[85.747161506298653,27.565346441385316],[85.745391583854655,27.572833995292797],[85.758529545802048,27.585835500408166],[85.763183514008119,27.593228338617052],[85.757423637790794,27.594462321778849],[85.745063515668903,27.587764511123453],[85.739944519723963,27.588986425383382],[85.736907589214013,27.597641914442931],[85.742843653412024,27.604441816137069],[85.735824647189872,27.607416554030863],[85.732040552729472,27.610916334121669],[85.728996581427225,27.618999170875156],[85.734870619383742,27.622927935675818],[85.724807640960023,27.633984672155066],[85.727546511862215,27.641980170348745],[85.72708165139727,27.650594921918241],[85.732383539768705,27.65797837300363],[85.746169591853345,27.670972838226021],[85.764892583825826,27.673560834365162],[85.75504250730603,27.682728456753011],[85.75736965868299,27.689858271142441],[85.763290634955013,27.696928741968009],[85.780486612267509,27.710630303645758],[85.792121531883367,27.712745225811659],[85.789153500234022,27.724270678149423],[85.79245764630349,27.728240514987931],[85.80983752328325,27.727969444034784],[85.814445557716454,27.732487289956623],[85.814025623783664,27.742827038337282],[85.824401581567884,27.746109725683425],[85.849594566136489,27.749729534690402],[85.873405540933106,27.74877751866768],[85.875533539241587,27.757352206339419],[85.889152623195173,27.761728061900669],[85.890548544579815,27.766296032436117],[85.912818591305097,27.782580224897629],[85.907829515020239,27.79012293242755],[85.904289501959113,27.804529412402587],[85.884086600016758,27.823222397595714],[85.877609568426976,27.821604522630764],[85.885879656621,27.81167414744408],[85.891563593185424,27.807285046667687],[85.895698553645502,27.794912686571365],[85.895553546958809,27.78860010770893],[85.892852561796474,27.78290410224264],[85.886268577433043,27.776696465269822],[85.865341646599859,27.762681923332252],[85.840179508777453,27.760784260285504],[85.832488610061489,27.762625930642344],[85.824737528714138,27.761597974966719],[85.820152628441235,27.758226102752587],[85.801963563068171,27.751049517321519],[85.797286627975666,27.743086038589979],[85.792076605351212,27.74029385857483],[85.789756662040475,27.752386430589468],[85.784088650670867,27.758213194783252],[85.781707520186046,27.767432785394874],[85.777381620165784,27.776106378706572],[85.778152588271496,27.781836248144486],[85.77436061485065,27.785338207292568],[85.77449757530303,27.791648941645462],[85.781913546772955,27.807035266264677],[85.780845525400821,27.817381719990522],[85.787788591070807,27.840810648392846],[85.779540630695692,27.846673621990192],[85.772025583613981,27.857119987697445],[85.763626582101267,27.856099071914798],[85.76792163627465,27.846557447568273],[85.77198752970088,27.824978405728984],[85.765869579417711,27.810149980937013],[85.764846650952336,27.792371796921032],[85.759643500946993,27.790153946447617],[85.750228611761202,27.79083271156054],[85.757507624577386,27.782732106002015],[85.765579565145003,27.766530724913139],[85.776893626439858,27.753156559627655],[85.777229571787473,27.738803054217726],[85.769058558305971,27.718264876023341],[85.763778628680939,27.712030248597216],[85.757217611203941,27.706390402195439],[85.737007501195365,27.694069842149645],[85.735587606582953,27.687775201164754],[85.7270736051629,27.679127591065594],[85.71973457788863,27.668499002926808],[85.709365660896708,27.665209272989728],[85.703704523045474,27.671605838638698],[85.701263546275811,27.677954627803956],[85.700836570651404,27.688292197127339],[85.697723533214628,27.693504902429424],[85.705627500209118,27.70199761419866],[85.691512541770521,27.704502461719358],[85.689079611235229,27.711424237738527],[85.684036554943191,27.716664938935935],[85.699867623092473,27.733628233756122],[85.687744541577501,27.740143152884343],[85.692344529776392,27.744667704151368],[85.7072066503668,27.747318564700151],[85.707336570026825,27.753629299053046],[85.682845653804065,27.752840394868485],[85.681846532191855,27.798200404725037],[85.676696523126225,27.798274668940962],[85.672721657278828,27.793167742797209],[85.671447606621882,27.762191077856073],[85.671935602146505,27.754724310878373],[85.675064565677303,27.750085597872214],[85.672569608900517,27.722571666349438],[85.664199607825822,27.722691695265667],[85.660514588077945,27.731354392391438],[85.655456612033163,27.736020262225452],[85.636222659448322,27.740313138240879],[85.635681522984044,27.7454877887306],[85.641311647714531,27.749452764733462],[85.635330656984422,27.759841295939225],[85.631912517348951,27.750131530745705],[85.625442525652204,27.74850074781142],[85.621704532238539,27.754867306680978],[85.612182523005174,27.76189201190698],[85.614906641428547,27.769314689621353],[85.605255549803928,27.770024805100832],[85.601554604861292,27.778109318190616],[85.596397555003307,27.778182407891961],[85.592613627816831,27.782254336668473],[85.588928608968274,27.791488679758913],[85.591873505557999,27.809816045574166],[85.588455534095772,27.832819173765984],[85.590499544718398,27.838531944393878],[85.59847257874668,27.850473474371483],[85.607429648259824,27.879620200611896],[85.600318609016767,27.878571288933983],[85.587043519343126,27.859243124270904],[85.580314527393682,27.844985506376133],[85.571906639679867,27.843377690328282],[85.555992591085385,27.853931176083051],[85.551368629658668,27.848253443042097],[85.555740630725666,27.840734707840625],[85.567214617560694,27.834261196197417],[85.57353256087913,27.82786228421719],[85.572372505586827,27.801475550356486],[85.565864629049543,27.798120608779243],[85.555610542892396,27.80113256241799],[85.549819653554323,27.801210513854301],[85.544555650922689,27.795543508826029],[85.564430652852536,27.790679994086588],[85.568862500204375,27.786601023618516],[85.563644597720156,27.783227141419559],[85.552001630970665,27.781092437765949],[85.563499591033462,27.775769426118245],[85.577682609265196,27.776148622561038],[85.594673565432856,27.75582317899665],[85.590110624805675,27.753017421017319],[85.570823530381801,27.755006446190691],[85.573188568397882,27.744066888676116],[85.580978540927106,27.747404563270095],[85.586776639230663,27.747324767324301],[85.60989359191592,27.731764267407186],[85.611450615153956,27.725167541449025],[85.591056606377435,27.726336649317034],[85.594604498399065,27.719666833657584],[85.595764553691367,27.713335144201665],[85.588546560775342,27.706548485024712],[85.594276598386443,27.703022552648804],[85.608482582605291,27.705120376004686],[85.614860541281132,27.702161732378215],[85.613433604977047,27.695295779976391],[85.617179646423722,27.689500196177278],[85.602630506093135,27.690210981651603],[85.609916558802297,27.680421588685533],[85.619522554822197,27.677989663592257],[85.625808646851738,27.670440084342545],[85.634139588571315,27.668598076740011],[85.638587529291215,27.665664075436894],[85.638450568838834,27.658779515162621],[85.626319608363417,27.663543286093898],[85.619171520649331,27.660200247943237],[85.608276556018382,27.662651283629998],[85.6055445577353,27.654653774552173],[85.600906515623365,27.6478320786876],[85.608627590191304,27.647722778683431],[85.611648594607118,27.637925507656178],[85.628868545147384,27.630217510130137],[85.618415641368927,27.622330139224687],[85.613120624717226,27.614944172735534],[85.629302559765506,27.619881114422014],[85.636390632122129,27.620354021121329],[85.638229621599919,27.615734418708598],[85.631751583668802,27.613531487088608],[85.635513550310236,27.608885566016227],[85.649032554109226,27.609266439694579],[85.644370539668842,27.601297763780906],[85.644882505723217,27.594977306857345],[85.657829529009746,27.598809009628212],[85.666068604982286,27.592950226871608],[85.668144634167675,27.600380784445804],[85.67755851791145,27.588763299087134],[85.676040554927852,27.577308758292702],[85.684356575995366,27.575463900738555],[85.687202567844395,27.588620304183848],[85.699890589978907,27.587254388679241],[85.706954522733213,27.579720733725026],[85.714034548855523,27.580190958645971],[85.719711611901516,27.574942043041005],[85.726776550097895,27.574262941581651],[85.730400549945614,27.563301424421354],[85.740310641822816,27.545360127667891],[85.746787506138674,27.547557192110844],[85.754447559007815,27.546393281424969],[85.76331360094207,27.538695677363762],[85.775436516082493,27.534493660753981],[85.779220609643573,27.530993043394403],[85.781646500285945,27.524067243808418],[85.789253580388561,27.519358291052413],[85.789092647607788,27.511900575751099],[85.796516498937422,27.498584414039613],[85.798187514842084,27.486503744552294],[85.804855655064614,27.468035730164956],[85.804634539652454,27.457706039802019],[85.807670632893576,27.449622364880383],[85.801841522368534,27.447417588750852],[85.794250534734545,27.452701205596327],[85.783431509756554,27.457460114792582],[85.774475613858669,27.459318885758137],[85.772781631966893,27.47024938979763],[85.769012625432481,27.474323163083625],[85.761978532183662,27.475580281305099],[85.757621619042652,27.482535081329104],[85.747360660266395,27.483264810123046],[85.736778507722136,27.499496197991277],[85.729759502399304,27.501895266353586],[85.723976659295545,27.50198310763443],[85.721504501231891,27.506611929896792],[85.722350569923037,27.516356396330764],[85.71643864622672,27.520910450756844],[85.705184600289215,27.525221097375891],[85.687858535143448,27.526625233168147],[85.675529594315492,27.521065180913524],[85.670249498315854,27.51425471668199],[85.679840574583011,27.511818600747972],[85.688980537422026,27.51857458315061],[85.694129540146321,27.519070455836982],[85.700469612183042,27.514957455922001],[85.710700563280511,27.51251262285939],[85.71182256376045,27.504460128332425],[85.708442646211324,27.496476532666009],[85.723144504015806,27.492810624410936],[85.724235660447562,27.483609976219554],[85.733268502339683,27.485198849847166],[85.736274587902074,27.475395208022576],[85.742584652260064,27.470133552621519],[85.741821563114797,27.4644058631402],[85.748718528637369,27.453496313304356],[85.753868537702999,27.456763242729608],[85.759658588872924,27.457248220129372],[85.762786546961763,27.453183164871291],[85.770393627064379,27.448476391172676],[85.758521499567735,27.43373312588318],[85.780418550675734,27.43684180700393],[85.798927637100917,27.431391054753533],[85.802703517153759,27.427887419269155],[85.801238527835949,27.419300661796228],[85.804923547583826,27.411783101109393],[85.810111610562558,27.413996761641386],[85.810249577356274,27.420307496893599],[85.814247577363972,27.427134389040987],[85.823852567941799,27.425837540570171],[85.832046549209053,27.418820547030748],[85.847335642725909,27.413411034092064],[85.83950761628364,27.407796332734733],[85.854850521634432,27.404683461672562],[85.858596562181788,27.40002949436581],[85.850746575194478,27.39327066201156],[85.846771541173837,27.387591085360441],[85.851791629680122,27.382346359696896],[85.871375611895132,27.396957694442165],[85.877136660828398,27.396289823716529],[85.880203599916342,27.389926952966675],[85.87296264101326,27.382008401666553],[85.878654623811997,27.377898418976997],[85.887771619764578,27.384064146643198],[85.893562510001971,27.384549292216207],[85.898414625834505,27.371840650425838],[85.90599857177682,27.366551837297607],[85.908782537384354,27.376263445201971],[85.925842559686544,27.374522524095369],[85.925903579586702,27.366798096854836],[85.935417542585697,27.362050083844451],[85.927665623969517,27.359882188912025],[85.923675502922265,27.353635658958638],[85.928031577895183,27.347822809974843],[85.937080513155308,27.350541563942159],[85.946838556654257,27.356468240117351],[85.966255570738156,27.363260095577118],[85.962829552142296,27.35413337705387],[85.957633610203118,27.351348740552055],[85.951194631627118,27.350309719617997],[85.947250610727281,27.346355977046869],[85.943862646044465,27.338377074942173],[85.952880568183843,27.339949185206876],[85.965064502325106,27.339745170403432],[85.961021574885933,27.33120250129457],[85.964721515285873,27.324826890748568],[85.975128652565445,27.330965628860838],[85.978889612865487,27.326888839248682],[85.973594598012426,27.320084913088408],[85.980613603335314,27.318245922711299],[85.983604601871036,27.309013592303586],[85.97182450739524,27.298878026899558],[85.973998604951817,27.291255357049238],[85.982017571853646,27.295839921875029],[86.005073504638688,27.294299161077561],[86.001541538711194,27.280583517815217],[86.002624648908579,27.271955019208917],[86.011169664348699,27.280991715595349],[86.022788657870422,27.284237524442347],[86.030815503732697,27.270898227671239],[86.043105553378723,27.275277773150833],[86.049514524276049,27.275166795911048],[86.051299533746658,27.269395018065779],[86.039642652686439,27.264431254998556],[86.040077507271292,27.255813819852051],[86.036682500896859,27.2478381040454],[86.047546620580249,27.246501022604264],[86.048942542864211,27.251068992240334],[86.058662533349377,27.255491787016524],[86.071060541211182,27.264459249994559],[86.076705584795093,27.259193739199873],[86.08948564084983,27.257246789707722],[86.084548531889425,27.238965356765959],[86.084358597771256,27.230933817341963],[86.075149568797713,27.221338213887577],[86.079513522731077,27.216095333632893],[86.093482635415455,27.210682636194861],[86.098724510228124,27.215181370623895],[86.099708544813666,27.229514928171568],[86.110572498122451,27.228173992236123],[86.108192540353627,27.235676633170215],[86.114074623645138,27.240164472312699],[86.118919532310713,27.255001948781057],[86.125549616821502,27.237664652901572],[86.132751516369524,27.243847144829999],[86.147827543406549,27.231341847848114],[86.142181659855908,27.219938436209986],[86.14804865702007,27.214298420735645],[86.155166568882237,27.217041315204654],[86.164169572168191,27.218023507079351],[86.169608589165193,27.230551937322218],[86.178062576127161,27.235564483214489],[86.186378598093995,27.234837771645971],[86.198379638909387,27.227728912359566],[86.199546566820743,27.223116016191341],[86.185279561802474,27.216489618001617],[86.184440533903683,27.208467802047551],[86.196739636125471,27.213409437295809],[86.195899600985967,27.205387787716347],[86.200820616578369,27.197261197146702],[86.21035754556442,27.194216386776986],[86.214927526983956,27.197573339238375],[86.215911563368138,27.211330557259544],[86.213516517673327,27.217689404442581],[86.217643599172902,27.229092983354633],[86.229766514313326,27.226572041566612],[86.236053610885619,27.216869486237954],[86.241676526650565,27.217689404442581],[86.251594498387533,27.227883977963359],[86.259223539035247,27.225444005736392],[86.265792603645878,27.206950007237197],[86.272048520722819,27.225773916633102],[86.277160644048649,27.225103196855173],[86.283058654333615,27.218927243897326],[86.289916559601693,27.222564318988248],[86.298217660916464,27.221254228000362],[86.307212617068785,27.222231055419002],[86.30557261428487,27.208486912641035],[86.317100580227759,27.208263786344787],[86.327155510618468,27.200608090690992],[86.336051560231454,27.197564119388744],[86.342269591568538,27.190554501189411],[86.354942525777119,27.185139959241894],[86.334594618047333,27.166595668855166],[86.342155598002591,27.161855871151658],[86.349319610012174,27.166307499091943],[86.357704530839612,27.168440693683237],[86.376853659369033,27.165766698974096],[86.368148550215608,27.151587368862124],[86.362899634610585,27.14709952971964],[86.34487150201835,27.143433788738491],[86.366813647831748,27.126795374906749],[86.371604575590879,27.114153957439328],[86.3771745185893,27.108340101214822],[86.388137544812025,27.108716281331454],[86.378341614673957,27.125555523668652],[86.385414600003969,27.126562358765966],[86.379989497317638,27.139300840061878],[86.385887506703227,27.14434959535771],[86.384841613150115,27.151789372781479],[86.3914715312863,27.161457729590666],[86.408073565742654,27.159406008180895],[86.412139628241391,27.143823546819362],[86.400337573220611,27.133729891621329],[86.396308560092109,27.126919428289114],[86.402526591429194,27.119907630133184],[86.399764586366757,27.112501883954906],[86.403335611649311,27.102672426191646],[86.407089531157112,27.099152697339264],[86.413436643086754,27.097300631718895],[86.41130059944328,27.089309996159557],[86.420303600930595,27.090850925130212],[86.427329647945044,27.090134104305605],[86.434074565089247,27.079094300261886],[86.430076565081549,27.073433665131688],[86.444061602960744,27.069706736077137],[86.446754540989446,27.074818523056535],[86.453079525100179,27.071819813733555],[86.466575562912055,27.073839516580563],[86.472068559016975,27.063970161294037],[86.479026545338968,27.060956195871881],[86.484237574304757,27.064294037739785],[86.485015582303447,27.069445723141769],[86.488365661246405,27.074541584926351],[86.501930597918943,27.085428000601894],[86.502502579330724,27.07654653619386],[86.509506496727624,27.075251700405772],[86.513648498879263,27.063111183734293],[86.522552593827299,27.061204132664727],[86.531875618165429,27.051251628759815],[86.537635660757303,27.051129588060178],[86.545471567059337,27.05670556640888],[86.545646582324082,27.063016300761831],[86.538169589155359,27.070061961090801],[86.539047509135401,27.078653412125391],[86.557044628606889,27.081144512609285],[86.555503532362309,27.094378868390208],[86.560836602027734,27.10173130635485],[86.560981608714428,27.10689321704848],[86.55398556937871,27.108762214204944],[86.544700599852945,27.119863709043102],[86.547767538041626,27.124088524366073],[86.556129660155875,27.127851160103091],[86.569297629781943,27.129104422031617],[86.567771620563974,27.12052571169238],[86.577079556976116,27.109996030092873],[86.580734569045262,27.103604492553416],[86.58641062664924,27.100610477691532],[86.595092601642421,27.090668031804341],[86.599082556315068,27.095748805662993],[86.59048456720916,27.108561215727661],[86.590057593383392,27.116033849882399],[86.587699596159609,27.12297255743772],[86.591735650080352,27.129774303641341],[86.605750526565714,27.127178261267886],[86.612655539221919,27.122436449982331],[86.618415582713112,27.122312398398606],[86.623321511278903,27.114744881271406],[86.630950551027297,27.112858952578733],[86.641296502032105,27.116077939145725],[86.646247525303238,27.110230219848916],[86.656471602882334,27.109433101256741],[86.660728604041992,27.101876313041544],[86.654800586078352,27.096265801625577],[86.680839639338046,27.08880590816625],[86.683242563093984,27.083588172955956],[86.676048543405727,27.07857931608271],[86.666992567353248,27.075333507235712],[86.664901618415115,27.069639848100678],[86.689231600957783,27.069677902013723],[86.694953591435251,27.068404020429341],[86.697326506613138,27.062036288843785],[86.693305540618383,27.055810377646935],[86.708900575401401,27.042261031621479],[86.703460552063007,27.031475534268623],[86.7147526519135,27.02376300955541],[86.726829633281113,27.021195967619974],[86.734229513181674,27.011846290074345],[86.722824591581798,27.015546063200418],[86.703018657585119,27.016561279079895],[86.700057498554884,27.024662722806568],[86.690650657402102,27.031185688169103],[86.676719597731392,27.036085413211367],[86.661971639779495,27.035263315949408],[86.679595597259151,27.025114676201497],[86.668319589877342,27.011586284379689],[86.65764657792738,27.006246675743625],[86.642402578216547,27.000672040082748],[86.640319508238861,26.994976201890324],[86.647285539895904,26.992529356144985],[86.641487609765534,26.969119203788352],[86.646469645258094,26.964418465439962],[86.652252654736401,26.965440385765305],[86.657890659326654,26.96129972630149],[86.661216597767918,26.965818410391478],[86.655113567237493,26.975710899838305],[86.670349519814636,26.993746241396082],[86.676086597318772,26.993046352107626],[86.687309630135474,26.983040539089757],[86.696426626088112,26.988577457184022],[86.703292579389199,26.982685648623942],[86.715034619052574,26.990462378635982],[86.720100641331669,26.988625569114845],[86.719909533598241,26.982315672030779],[86.709999609894226,26.971629081217259],[86.709686629634405,26.961303581695063],[86.714057624360066,26.957761725023715],[86.725646611102377,26.960372519876046],[86.733955592276914,26.960189794723362],[86.742713506922996,26.953674877393837],[86.745735518579465,26.947867055620236],[86.743995602914879,26.932408814914993],[86.729797496757215,26.928134212224279],[86.720474642390968,26.91571474563915],[86.723548621371947,26.911624879884414],[86.733238604178382,26.91485375719526],[86.73092653982809,26.901701209143653],[86.732665617324528,26.895924402289495],[86.740905530565954,26.893442519856535],[86.743820589448831,26.884192921566239],[86.737953592284612,26.880306066072251],[86.732894610797814,26.882142205598427],[86.733085550357998,26.888451767235438],[86.726142651961993,26.891478639727609],[86.717811543867811,26.890517739302368],[86.716133654444775,26.898590518038134],[86.69767754168538,26.901297368578867],[86.693374607652174,26.907133018074489],[86.686332636342229,26.906715934992576],[86.678481642114264,26.900574178755505],[86.670928542018771,26.90475725114635],[86.668746564602429,26.917434545268179],[86.665016618322454,26.920961314013596],[86.648490521720362,26.92419220310785],[86.644302587594495,26.934042951421191],[86.638519578116188,26.933020693850096],[86.63263665485789,26.928554145257749],[86.624862608422802,26.925279335073412],[86.620475519429817,26.9282450203915],[86.614723522172994,26.928370917384086],[86.610351521105997,26.931906738705152],[86.603034623449275,26.94411749512642],[86.596496571060072,26.939095729384519],[86.596198509653675,26.928767045362974],[86.588958557991248,26.921460204824712],[86.571327559719293,26.925893225791867],[86.577209643910123,26.935486650188921],[86.572555508430128,26.951658190872934],[86.565917544059573,26.943190288701032],[86.558746657632298,26.938177576434157],[86.549995615605326,26.945248381807517],[86.53072360910744,26.942209605888763],[86.528091523705029,26.937765688735681],[86.535400543300568,26.926612225673807],[86.530204601361447,26.923850388784558],[86.520034502890155,26.925786104845031],[86.510627660838054,26.932295826791119],[86.505180596707362,26.943316521140673],[86.510536633259164,26.948639029168021],[86.522056552967683,26.952148867276549],[86.535507664247461,26.953016897412056],[86.544692552719312,26.961433501355145],[86.537856607996218,26.968465414647312],[86.538726649915134,26.976484047001293],[86.552314552574728,26.981936810135835],[86.557060553801705,26.991594438932339],[86.570060550753965,26.998780915107261],[86.570899579552133,27.005653572854271],[86.56594855718032,27.011500453083613],[86.560211646950108,27.012193300680451],[86.553733609018991,27.009460466027804],[86.547958645775054,27.009008346258327],[86.54517350655226,27.001029779600799],[86.536147538178511,26.998350084988601],[86.526237613575177,27.010038481890547],[86.522285547340289,27.006101501783007],[86.517555638581996,26.997017195287469],[86.510429512312328,26.993721094552996],[86.506080646304952,26.998406075879814],[86.505920550792951,27.015626360967929],[86.497848611124653,27.024405734337336],[86.492668595279611,27.022216046133792],[86.485214568098002,27.030405668387004],[86.477989536188318,27.023666952967631],[86.469901502252696,27.031868477748219],[86.454887502356485,27.033814588172845],[86.452438644827737,27.025335789815017],[86.447235662096318,27.021998955187769],[86.436576563557708,27.030251609124605],[86.439323647968138,27.037083194833713],[86.434394587040742,27.044071019761873],[86.426078565073908,27.044240837844541],[86.416870542441757,27.034983527867666],[86.411697565590316,27.03304948814349],[86.408050599755541,27.040009149902517],[86.410804557684344,27.047416740590222],[86.407714652609286,27.051496715601104],[86.40659365757142,27.057258436327913],[86.400848533832914,27.05794826669927],[86.390525548815162,27.054709666817814],[86.387481576613652,27.060510112351949],[86.392097659079866,27.065583007250154],[86.387222576360955,27.074867641328751],[86.378127540953415,27.069880912274414],[86.3698115198859,27.07004469410748],[86.364234536095125,27.077044588836827],[86.36071765809362,27.089166833083027],[86.350814607008658,27.077881605851587],[86.33921053234036,27.074661613842522],[86.330696530020987,27.067367011278691],[86.323051564178513,27.06866385885013],[86.314536556417124,27.061368082671038],[86.318923643611413,27.057838463974065],[86.33802063664325,27.054023523666842],[86.339775640233768,27.047673897232698],[86.348060648180535,27.046363974418],[86.342727579414429,27.038433184244184],[86.331886592992021,27.039791052615101],[86.325744502207158,27.032917556699999],[86.312042605082297,27.039600113054917],[86.302848663135478,27.030596439774001],[86.293258592310337,27.030779501273116],[86.29689751101148,27.040270161938565],[86.295562610426316,27.04565989428886],[86.27274354917563,27.054135673622568],[86.26906557022005,27.060517320418171],[86.277412604408312,27.061505043123361],[86.292709576885613,27.058917382431389],[86.298568527815462,27.062823182144257],[86.305641513145474,27.063834207183049],[86.309570614292568,27.067202893998513],[86.301429605791839,27.074247716159334],[86.296325529599699,27.074919776826391],[86.287948655905893,27.072784571351008],[86.283019594079178,27.08034152684013],[86.26193961122425,27.081890334771288],[86.256950534040072,27.087151152903516],[86.254775598315348,27.102117543589884],[86.248359585726462,27.101663412036999],[86.239890510838563,27.096082741025839],[86.223953664430212,27.09867660524128],[86.220619509782694,27.093572863596933],[86.226829662159332,27.08599512117803],[86.194892600413368,27.088881847819152],[86.195678653747052,27.094609872747583],[86.187499593131861,27.100499501351067],[86.192733588984083,27.104997230338029],[86.211280561149124,27.104079411935459],[86.216476503088302,27.106852145909954],[86.212837584387159,27.114956943208483],[86.200775521873027,27.119198520995099],[86.20349863485427,27.125463323373822],[86.197776645276122,27.127289404882276],[86.201782524244265,27.133530066759306],[86.193443536290317,27.133108121942428],[86.179580539110759,27.128092390651432],[86.185363548589066,27.143016704757258],[86.185043528436267,27.155652088673094],[86.176101545949734,27.156962179660979],[86.168121639302399,27.14505367458753],[86.152572538292191,27.137873737383188],[86.157905607957616,27.146388408798146],[86.156242638287267,27.156751124065238],[86.146652566562864,27.157498118943181],[86.145599633116717,27.166700610744726],[86.132804658208556,27.167503597413258],[86.131034566692051,27.173851212063937],[86.134559660000491,27.186991856688962],[86.12612159823334,27.182549951319345],[86.122009603760375,27.171716342035722],[86.109596508871959,27.161606759844233],[86.10540756930402,27.173734369445754],[86.098358556302514,27.173860264639643],[86.093665527842006,27.166975537091503],[86.087272651212061,27.162534805337145],[86.075294576383783,27.162180753039479],[86.062393653244669,27.170938333137713],[86.057426536605533,27.176876240945887],[86.06073755709275,27.181409844788675],[86.07228061096157,27.181781834064509],[86.069267651880807,27.18986869438487],[86.06033354925404,27.19117660631548],[86.056571582612605,27.194684432640599],[86.048858556077676,27.193671395818399],[86.043907532806543,27.201216282405653],[86.033630649734846,27.200249177557623],[86.027732640349257,27.19460949842977],[86.020088511775555,27.196465252169787],[86.014442629124176,27.20172623667662],[86.002952548921144,27.203643849384264],[86.000015530392602,27.215173659836694],[85.983344595277003,27.21488247194867],[85.988174583290572,27.229724811051312],[85.974723640183981,27.22995179274119],[85.978713593058046,27.236197485425748],[85.978187545419075,27.241374315872122],[85.973113644179477,27.243754272741626],[85.964759569198918,27.242747271269707],[85.961044541772367,27.248549224966894],[85.953330507996725,27.247529147352395],[85.959960594306153,27.257175543616597],[85.959449632794474,27.262924356374072],[85.94921164090465,27.263670513083866],[85.931770576750864,27.258216743607989],[85.924590638647203,27.252596845967787],[85.909965558663771,27.258003508954914],[85.891715640664472,27.273223032716942],[85.893752611394063,27.278355774799309],[85.908508615580331,27.278689710162155],[85.915496608681735,27.275704915149845],[85.925559587105397,27.266931240784288],[85.933189633195184,27.263933536903323],[85.940353646104029,27.268982293098475],[85.930374655366222,27.281201599374469],[85.933128613295025,27.289765389960905],[85.917716640011065,27.288870202098281],[85.911422500847891,27.294140240080139],[85.903152579927792,27.297143811138142],[85.896408500951736,27.311029271583777],[85.89137265362524,27.315130034423703],[85.884277539576942,27.313522384750399],[85.884056593237347,27.303768700265437],[85.877098607814673,27.307897458101365],[85.870704556670091,27.309148372799314],[85.87670851428669,27.3193828438433],[85.870323514818494,27.320633926714493],[85.861320513331179,27.31963094880939],[85.857620572931239,27.326577535325157],[85.850364527001489,27.317509992192527],[85.842628533580125,27.315910222378989],[85.844955517683161,27.304967480365065],[85.859435590979899,27.292683129722775],[85.849082599182793,27.288256478653693],[85.834670586578454,27.303981767644586],[85.834197512605272,27.311452222742048],[85.829780585006176,27.314968096200801],[85.826080644606236,27.321909820981602],[85.810150502643751,27.326752548791262],[85.79538762403979,27.326407549968621],[85.795272625031771,27.321242789323435],[85.808029546026887,27.317602025213432],[85.816215648333639,27.310586371663874],[85.803932638580591,27.306186543774118],[85.819160545822683,27.298486927030183],[85.820922590205555,27.290997362238613],[85.832351649609109,27.285651383704533],[85.834106653199626,27.278163661623807],[85.845497658690135,27.271095202581648],[85.835868529409254,27.270675102274311],[85.806014536741657,27.283770652193994],[85.790038629179548,27.286311374570403],[85.783561596690504,27.283541658720708],[85.778510662337339,27.287064236625383],[85.767043548121421,27.290684381079473],[85.762710607308861,27.298213007024799],[85.756767503217873,27.298134049247096],[85.746597572020505,27.294437965140105],[85.744148547217833,27.300214941066827],[85.735839566942616,27.301488655377284],[85.734702644911295,27.308393330787737],[85.7269366438112,27.305067726894208],[85.721244661911783,27.309169495176207],[85.712768546231587,27.302408651937867],[85.704421511144005,27.301959717567058],[85.689781512307093,27.307342408225679],[85.68737758220982,27.31541032522648],[85.700088570331445,27.309484487219436],[85.705230533162762,27.30998253986246],[85.728118659648601,27.330876613065357],[85.736976656247862,27.325001905113993],[85.742118618179859,27.325499789583773],[85.746482572113166,27.319695992276365],[85.756744536331439,27.319540089403745],[85.754943600766751,27.325306670966256],[85.747939515196606,27.32770674477058],[85.751869620886453,27.331667361759457],[85.758964566761506,27.333281381330835],[85.760429556079316,27.34186796973114],[85.75397465320782,27.340245065757301],[85.74179054999405,27.34042997086658],[85.738059598272002,27.346223878329454],[85.747741533944804,27.348947828579583],[85.739478653817002,27.352517513872328],[85.735198519396306,27.362913084971012],[85.725540555152634,27.358592213959639],[85.727271584616119,27.352126582176197],[85.725234614785791,27.346418673283267],[85.719505584415344,27.348798631052148],[85.70382656374511,27.366253944064397],[85.702323521413518,27.35594152068478],[85.690887587592272,27.361276099412578],[85.675491540402447,27.361503081102455],[85.669807603838024,27.366178004411495],[85.660850535224199,27.367455908663374],[85.659179518420217,27.380106213231272],[85.647582651818084,27.377978383096035],[85.649749542207758,27.389999876293416],[85.662200523735351,27.402448343316507],[85.650855618392256,27.412943994569844],[85.644271633129506,27.40500230910942],[85.644172559316303,27.399837547564914],[85.636878626747375,27.388464143605461],[85.629882588310977,27.391435864273888],[85.626586655749747,27.387463009310579],[85.627052521656708,27.378271413694904],[85.61738550483733,27.37668840814365],[85.602722539114041,27.38148939392056],[85.595527513084448,27.374699550244202],[85.608825569644466,27.365331096652938],[85.585021635640146,27.362794062396233],[85.561401600403713,27.36886188986449],[85.575561651749013,27.370961892277649],[85.578857584310242,27.375506558680854],[85.565536560863734,27.383726188612854],[85.56182857422948,27.393012667200992],[85.551475583331694,27.38678994230213],[85.549659559840961,27.392555852970361],[85.56140864119601,27.402725448720616],[85.560867504731732,27.407897082884233],[85.550689528199314,27.41262883525269],[85.531692615322129,27.39279976709571],[85.520713663005324,27.3895038354338],[85.516334621146029,27.39530176466485],[85.507301611979983,27.393127835281518],[85.506759638246876,27.398299469445078],[85.502395516140325,27.405248402292102],[85.511535647152584,27.41315991279987],[85.51294766190523,27.420027708811858],[85.518821531688502,27.425114518020735],[85.512557568377247,27.433233229629991],[85.506713538099461,27.429871248159714],[85.494384596372186,27.431147308801428],[85.494064575320067,27.440368743922534],[85.48896049912787,27.442157776959959],[85.484336537701211,27.435331891154021],[85.479125508735422,27.431383175793087],[85.485420654239988,27.424412449674946],[85.48142265423229,27.41643069941739],[85.482490508330443,27.404937265642445],[85.476028563767386,27.402726286888765],[85.473159605931244,27.421129761429484],[85.470024606150787,27.425188446789548],[85.458503512827008,27.427061299339641],[85.453857591754627,27.419085749907595],[85.453109591434668,27.413356048642868],[85.448020602269139,27.41571672764502],[85.444290655089844,27.422653424316195],[85.438514518230591,27.422728525800949],[85.433326623425103,27.419924778705706],[85.425025521211012,27.422327703360963],[85.431869513067738,27.445771550616712],[85.427444538334953,27.449845491176632],[85.412048658418996,27.450616459282287],[85.408752558583899,27.446065587556973],[85.408477632237123,27.430573315606182],[85.398132520299725,27.426686460112194],[85.387283654916928,27.430266203422718],[85.377143564124367,27.43785299931659],[85.368171574858479,27.439111793874304],[85.361190623448692,27.44378671628408],[85.345809663285479,27.445699467256759],[85.342666617270709,27.44975647538115],[85.330451501835512,27.448754502918121],[85.323478595760776,27.454005262133307],[85.313865558948521,27.455268246632443],[85.306884606639471,27.46051682679024],[85.283142530703401,27.461945773978414],[85.283233559181554,27.4671105346236],[85.277488601817709,27.469471549972184],[85.274185629363444,27.463770681871608],[85.265823508148571,27.463293919778721],[85.263358557251763,27.469637679035827],[85.274459550268205,27.480413957438316],[85.280273572867259,27.482067036364754],[85.282943544908846,27.488347763038973],[85.276428626679945,27.48913784173817],[85.255866645229673,27.482349840772656],[85.255378649705108,27.492112578732645],[85.258727555932126,27.500110087810469],[85.238983648176998,27.50177506926417],[85.241920499431671,27.493989622123479],[85.239128654863691,27.480246151139113],[85.251151657123444,27.469204501686534],[85.253639573107989,27.464583893831787],[85.251502523123122,27.451984218397115],[85.258567628593369,27.451900230711203],[85.265502648028928,27.443784537226747],[85.281577630303559,27.445321442630643],[85.300155614690027,27.442229862118609],[85.305251644647853,27.439874713947006],[85.315345636192319,27.429423319230921],[85.320442503418974,27.427065322007138],[85.334556621890727,27.426319332571268],[85.343444625269399,27.420471782347022],[85.351806579210404,27.421280636192535],[85.365150568643969,27.413321851022772],[85.372169574866177,27.410938205134187],[85.377868597557892,27.40627635796767],[85.361129601749894,27.403613427617756],[85.356674621137017,27.405963377707849],[85.345756521446447,27.405523327739502],[85.334915535923415,27.409671197068235],[85.324615517792097,27.408075115374402],[85.326019653584297,27.414946934053887],[85.319663657252136,27.419037637976771],[85.309974511714529,27.415713877693463],[85.305534618128263,27.418635810094713],[85.288299580561329,27.417942627050763],[85.276061499139018,27.422426441727055],[85.270866562641913,27.419043840600921],[85.251571590156914,27.416970828640956],[85.249565633447389,27.411828027641491],[85.234741566770026,27.408553051082606],[85.232963597192395,27.417755710158019],[85.223876608019225,27.411546061401737],[85.225959510722987,27.421282479802755],[85.221565550010268,27.427643337869881],[85.225486604023729,27.431614181049781],[85.235839595820835,27.436664948129021],[85.230773574441059,27.440740899572972],[85.228973644318387,27.446075645574751],[85.22069550809141,27.452907400356366],[85.218597518360923,27.442598665096455],[85.197303628160057,27.435950809982046],[85.20491758178116,27.430123207620056],[85.20674852502458,27.424368528584864],[85.198905577930248,27.415844970968806],[85.20163757531401,27.409031993132146],[85.202484650346491,27.398588643751054],[85.196098646335599,27.400953347219343],[85.194366608732196,27.413025802299103],[85.18929254111805,27.417097731075557],[85.18220564057799,27.415453703825506],[85.169563552216346,27.41562570096545],[85.161003617023482,27.41453890264836],[85.14423360809468,27.409553011762227],[85.151115653864508,27.421866531015723],[85.153480523707344,27.426098386231672],[85.16065258285056,27.432907005953723],[85.169059632396284,27.436834932586237],[85.148643663074779,27.445089599205801],[85.161147618268103,27.45210826998084],[85.176460516839541,27.457990018724502],[85.158531626233753,27.461626927440875],[85.153510531386075,27.469143481786375],[85.147720648389395,27.46863268934726],[85.141212602779547,27.462961660752171],[85.137908623983947,27.457257105431211],[85.127616652986319,27.456222108063969],[85.125602649143104,27.450504309326561],[85.130042542729313,27.447009390071457],[85.12925766211157,27.437262074585192],[85.120262538685381,27.437356791183106],[85.119705645199531,27.442527753553122],[85.114700642820594,27.451190284304346],[85.107757577150608,27.459298098828356],[85.102027541338146,27.462801734312734],[85.09431451300452,27.462305860727042],[85.092452556640353,27.466917584179328],[85.085433552216841,27.469858458101498],[85.075767540839479,27.467663740889066],[85.074584518660743,27.474562214574689],[85.051429512062498,27.472498255190487],[85.059310512170555,27.484473982788245],[85.054260583259463,27.490264536679149],[85.055030545023783,27.498866381178686],[85.069145501663741,27.497577411668374],[85.082061511829465,27.502034070416187],[85.086616574395578,27.50600491269671],[85.089301631665137,27.51343966111159],[85.115936637765799,27.532674788211068],[85.117355526936194,27.541268418302991],[85.113563554414668,27.545325259153515],[85.10517863268791,27.54369330170465],[85.103141495583714,27.536254530622216],[85.099227649636475,27.532849801677173],[85.085044631404799,27.529553031847058],[85.080474649985263,27.525007022756029],[85.076499615964678,27.517014375413225],[85.071288586998833,27.51247473622027],[85.060340647802832,27.510864908388953],[85.052101572729555,27.518406442303615],[85.054824518436931,27.528710985823466],[85.049049554293674,27.529344992577478],[85.047202517682194,27.535098834343898],[85.0387495361623,27.528296919967033],[85.033576561109555,27.526054089924457],[85.03601854422061,27.517420562309269],[85.043022629790698,27.51276072692616],[85.038352569115943,27.500754320755448],[85.037719567803947,27.492789502034043],[85.032432599185256,27.491630452183756],[85.020316557563262,27.498061216352198],[85.018844528352474,27.484876985184883],[85.013717653447088,27.485499760305856],[84.99855059883123,27.495284290637642],[84.988761542211591,27.492627562911821],[84.981109534677444,27.496718435007892],[84.96967360085614,27.506010948046935],[84.96254764275966,27.502059216359896],[84.952361619093608,27.50904184410598],[84.953109620312887,27.516495367667233],[84.947349575922374,27.518269313678047],[84.938926601181834,27.513184684425767],[84.930000544789493,27.518431420074137],[84.932632630191904,27.522997209753555],[84.930816606701228,27.531049871554444],[84.914749504286362,27.531194879140514],[84.910827612104754,27.537679622416761],[84.899337531002402,27.531908010946097],[84.891769511154166,27.542882436975049],[84.899528638735831,27.546252130131847],[84.900962614932894,27.557718740727466],[84.910537597832047,27.552468148786204],[84.915763546550579,27.558735801116484],[84.920883548836855,27.556967723182026],[84.924781636863202,27.560371613059658],[84.921722576735704,27.571880302034458],[84.923721660826175,27.577027963869568],[84.934600532988384,27.572912114002975],[84.941558519310377,27.564812512987203],[84.946693607724001,27.564190576034378],[84.951713529855681,27.554962771015198],[84.956260545288103,27.558363644566668],[84.96714763095855,27.555391756624431],[84.970855616693541,27.545026359578969],[84.98250562513465,27.550654137978256],[84.990859531942021,27.550576018368702],[84.999999662054904,27.547206157937978],[85.011459568204657,27.552671829941119],[84.999999662054904,27.55732579724787],[84.982765630829363,27.569017378649221],[84.984146634259901,27.575890874564379],[84.979041551726368,27.578809956114753],[84.97331956214822,27.574703158823866],[84.964660553142153,27.574427058861829],[84.952316524388266,27.593879276907273],[84.936859623672831,27.596997177877597],[84.94796765658225,27.610094572306821],[84.937827565789689,27.621091964322829],[84.941139590819603,27.627948695975704],[84.956169516809894,27.645025986160476],[84.950416514110998,27.647949929445815],[84.943977536434318,27.647434777093451],[84.938133506156532,27.643472149220429],[84.930419639654815,27.64411621399222],[84.927780514359426,27.638976262944311],[84.930885505561776,27.630912536784308],[84.924240501298243,27.615476256624106],[84.919052605593436,27.61207957391332],[84.912643634696167,27.613859219827248],[84.902984496837234,27.612799243790221],[84.899818653008595,27.616842339402581],[84.897979495357561,27.623747015712354],[84.889709574437461,27.630709694696804],[84.886588657140976,27.637622250866343],[84.88017264455209,27.638827400863988],[84.871337615738526,27.652103665052266],[84.863525515390393,27.645283980971101],[84.851470661841745,27.658588575602437],[84.842498505301933,27.660961491679643],[84.838699659262033,27.666158271786969],[84.830978584694094,27.666222980706152],[84.827049650820868,27.660517419043799],[84.835296605753911,27.651264804427342],[84.837081616123839,27.640345362948267],[84.834434610968685,27.634055416424474],[84.847320614355056,27.635667590586991],[84.854667518791132,27.628489832439982],[84.863250588144297,27.624051948838485],[84.867004507652041,27.615984368184172],[84.854148511944459,27.616670174988712],[84.856559650107954,27.604021883103542],[84.862968621005223,27.602245925309376],[84.868064650963049,27.598758047745832],[84.86664559361941,27.588439589915311],[84.860145596042571,27.582755654250207],[84.851814655222313,27.585124546760539],[84.848510509152845,27.591195392353598],[84.843452533108064,27.584620626940534],[84.837608501930958,27.580079646858337],[84.83184862571369,27.582423563396901],[84.829986502974918,27.587603411068699],[84.8203206597708,27.585965420068248],[84.818488542912064,27.594014058302264],[84.805656520432251,27.596415138448037],[84.807670524275409,27.603285784411582],[84.800598544387469,27.603342780744867],[84.794784520889095,27.601095928034795],[84.790977627715506,27.60514271086754],[84.792381597133158,27.614889356358844],[84.787269641980572,27.617800222602341],[84.771209580358004,27.619078127753539],[84.773895644868276,27.628238878421655],[84.756507554380278,27.627229696993084],[84.752052572868081,27.630706678370643],[84.75650051268866,27.63354261130263],[84.765594542654185,27.633469520701965],[84.775306654178905,27.639130154932843],[84.781097544416298,27.639085395674613],[84.787490589219487,27.635590477318829],[84.789504592163382,27.642461123282374],[84.785034523624518,27.645367128690168],[84.767730587196979,27.650669688855203],[84.774848499059146,27.654054637211857],[84.782028605336052,27.662609375222644],[84.776267556402786,27.664951110905179],[84.772483629216254,27.671292859278196],[84.765296650320295,27.662170163422445],[84.755027645309724,27.66454509128306],[84.754486509744765,27.673158000141711],[84.759063531956599,27.67943453687451],[84.764877554555653,27.681109576345989],[84.763648600402746,27.685713252664641],[84.752067659894749,27.685803442075326],[84.745597500924077,27.68355441030792],[84.745674615091559,27.689870006395836],[84.752197579554831,27.696705782945685],[84.752303526886408,27.705888494158842],[84.765190534815474,27.706934554985878],[84.771652646652456,27.709181407695951],[84.771095585892738,27.71606999063772],[84.764030647696416,27.717273129751277],[84.758926570604899,27.721331815111341],[84.746086501890716,27.72023898234329],[84.742217583374952,27.723757537580411],[84.726852548406555,27.714609025786046],[84.729736594168628,27.702619551151486],[84.727081541879841,27.695751755139554],[84.722534527346738,27.692343002627638],[84.717369597628988,27.691236927342459],[84.710349586864083,27.695879997563964],[84.701995511883524,27.697662660703372],[84.698020645136808,27.687363146192411],[84.701835585444087,27.683316364258928],[84.699798614714439,27.674149747313152],[84.688270647872287,27.67882668060696],[84.685012601950177,27.671565772942188],[84.679115598006604,27.666267069969422],[84.674705543925882,27.674334650623791],[84.66506954022725,27.67612586361787],[84.654769522095933,27.675624625576177],[84.64270058696269,27.690058096004464],[84.654876643042826,27.685382167253351],[84.66176556143165,27.686623360280009],[84.66712964421788,27.68758711065675],[84.665916615259732,27.69448491434747],[84.669860636159569,27.701915471022289],[84.664077625781943,27.702531540798134],[84.658317582290749,27.705442408840213],[84.672553574188271,27.712227224407002],[84.669410528173501,27.719138940609753],[84.654617641890809,27.720391867990486],[84.656654611721137,27.729560329445803],[84.650848635356397,27.729025563778862],[84.645027571065725,27.726197677081302],[84.637321585323093,27.727973466702281],[84.632133522344361,27.724564715089684],[84.627662614738028,27.728041361020132],[84.624534655749926,27.736672038683764],[84.617454629627616,27.736720150614588],[84.614379645204622,27.750515589822783],[84.608611554579738,27.753423607913305],[84.600852595171318,27.750032456932502],[84.600982513932024,27.762082952366484],[84.593887568056971,27.76155623293397],[84.58032263228381,27.757627299960063],[84.570732560559406,27.7645789145854],[84.561683626198544,27.761194135301253],[84.556709636940354,27.779017245849332],[84.530967638745722,27.780903341815929],[84.523857604944681,27.778649448313558],[84.51805850209837,27.77868532316927],[84.505897533944221,27.786792970419413],[84.4924315029117,27.793186853390694],[84.491195507966495,27.798933486191572],[84.500488523726574,27.798543391764269],[84.506629609069364,27.795970482651796],[84.521980561553846,27.784400103781934],[84.525916536219313,27.791835691264282],[84.532386527016797,27.794664583403971],[84.537513570095371,27.791763774278877],[84.555549580748732,27.791650953428928],[84.565170497420695,27.78757114569197],[84.579238515745089,27.777148585039299],[84.585105512909252,27.783997269558483],[84.582702589153314,27.800657475762023],[84.577545539295386,27.800689327050918],[84.572914537975691,27.796106773109216],[84.560775530366584,27.798503495140324],[84.556953550166384,27.803117228577378],[84.547309500233439,27.804903245288699],[84.540954509343294,27.813552028103743],[84.541679542776819,27.821577701250078],[84.549407658137056,27.821532605645359],[84.564201548962501,27.818568596663567],[84.586234555080807,27.830475258126796],[84.572769531288998,27.837449839638509],[84.576705505055202,27.843738614345739],[84.582504608800832,27.843700561331957],[84.589744561362579,27.849569233933153],[84.599975511560785,27.849897469392829],[84.601951629664143,27.854474324330738],[84.599456504714055,27.861952824763193],[84.60526264925204,27.86248675226193],[84.610336549592262,27.854419337982222],[84.614799579137411,27.850370208818219],[84.625747518333469,27.849147456390142],[84.631484594938286,27.843366793243035],[84.639221594700984,27.84331365230338],[84.644348636880238,27.840984823690803],[84.648109597180337,27.831202136969182],[84.643554536412864,27.827216206762671],[84.656310619239832,27.81507384738029],[84.656188577640933,27.804170163822164],[84.667793658650567,27.804660338404062],[84.672241599370466,27.799463558296736],[84.670867637631545,27.791439728760622],[84.679199584793139,27.787934082392155],[84.67266052696192,27.779374315372479],[84.675163530872396,27.772469639062763],[84.674453583566162,27.766734907889827],[84.662101507678585,27.756494402394878],[84.660110637995729,27.75134238064652],[84.671005604425261,27.746673829034137],[84.676246640170461,27.754669326328496],[84.68080153366401,27.758653076578355],[84.693344549111828,27.751682685907383],[84.697387643824868,27.744758899004125],[84.708480589707619,27.757301243557663],[84.702735634142357,27.761935932997062],[84.699577500201656,27.767128018643291],[84.704765563180331,27.769955906240227],[84.70627564720354,27.789458079826659],[84.715888515842494,27.78536821407198],[84.720298570822536,27.776724628439013],[84.725425613001789,27.774392615327088],[84.729972628434211,27.777798349714203],[84.731964503559141,27.782950203289374],[84.736526606018231,27.787505095883603],[84.741706621863273,27.789760833895514],[84.748153646673643,27.789712890137935],[84.751281604762426,27.782225168057209],[84.740234591753165,27.773703622224502],[84.736282524618957,27.766273064650363],[84.731063616692722,27.761148034254518],[84.728401523611581,27.753709597719876],[84.729606507234678,27.746236796291271],[84.737991595336041,27.747320743757484],[84.743873512252947,27.754736548852804],[84.755569619042831,27.763828064313884],[84.765914563706303,27.767188872168845],[84.773704537134847,27.771718787891871],[84.779487548411794,27.770524868627945],[84.770324618686345,27.75854511836269],[84.761238635854511,27.752199347322176],[84.762458538331032,27.747129804197243],[84.770828539405727,27.747064760730268],[84.779243634286445,27.750438476554564],[84.788337496078725,27.757255310684172],[84.794776641928649,27.75720216974446],[84.80113263916013,27.75026145130505],[84.795295648775323,27.746866612204542],[84.791999549839488,27.740579850180097],[84.781013556730443,27.73722524404991],[84.780296568631911,27.731492358285834],[84.81108061677719,27.721484868032348],[84.810363628678658,27.715748964143529],[84.807075575977194,27.710039211640435],[84.811515637736647,27.704837403423596],[84.821929650333232,27.713934115167433],[84.830284562582676,27.713289043154987],[84.840492547693088,27.705740301174103],[84.845649596651754,27.706270540553135],[84.847007633195858,27.712000241817861],[84.832328574104565,27.721881835078761],[84.832443574011904,27.731063371777338],[84.822898597892163,27.73975188484178],[84.838386510828968,27.742492934801248],[84.833930522975436,27.746545584811031],[84.838531518414982,27.753969268866797],[84.850105585404606,27.752721372293649],[84.856590495954777,27.756111348759873],[84.855377634270553,27.761859155176012],[84.859329534130836,27.768712702329481],[84.858817567177141,27.779047420801987],[84.854347497739013,27.781958120670879],[84.85312658982042,27.787131095723623],[84.869827531715373,27.783543306178785],[84.867065527552199,27.769221651158432],[84.87335161958174,27.757116339347704],[84.88231656805533,27.753589568803704],[84.888152552098745,27.756412427391751],[84.887641590587123,27.766743959566213],[84.894264636104253,27.779887287768247],[84.903915558656252,27.779229307786466],[84.902542604158043,27.772925614225869],[84.897315649098061,27.767231786917591],[84.90685257808417,27.757965257990406],[84.901618583131267,27.752273609739461],[84.905982537064574,27.741329862283465],[84.909950530292917,27.748754551781303],[84.915733539771225,27.748128759434849],[84.937736539110176,27.74275797130349],[84.943427515567578,27.736977308156384],[84.954284595357933,27.739026179614655],[84.952484497062073,27.750269664813345],[84.960372538861748,27.762641018568274],[84.971992538724862,27.764827018652113],[84.966949650606068,27.772336534004012],[84.972251539876822,27.783188081165179],[84.98255155710882,27.782519373170658],[84.990890545062769,27.780144277136799],[85.001205651120074,27.780619362893447],[85.011413635331166,27.773633549748638],[85.005561557919748,27.770247764123155],[84.993278549965282,27.766919812999106],[84.995117539443072,27.760017147573421],[84.993629584138148,27.746255738711511],[84.999999662054904,27.746154821288087],[85.005912592092614,27.74958251711962],[85.023506541893539,27.763758997280036],[85.020751577623344,27.751157643710428],[85.021949519554823,27.745409670020422],[85.027793549832609,27.748220793355074],[85.039993578241194,27.745803787115221],[85.048904546707604,27.738827025646856],[85.046203563343909,27.730246304423531],[85.037689561024592,27.720574928590224],[85.044044551914681,27.714773143066225],[85.040420552066962,27.71005211960977],[85.0393986308423,27.70506153516186],[85.059966647642852,27.703134535330662],[85.068420634604763,27.708789303283879],[85.059471612225309,27.71289609967539],[85.057624575613829,27.718653964109308],[85.060905588422315,27.723212882068992],[85.066726652712987,27.724877528075581],[85.070709564794754,27.732869169077048],[85.076522582851055,27.733958313725338],[85.084915549912864,27.740031170202485],[85.103637537342649,27.736973283690247],[85.113044546668675,27.73866508832333],[85.144637615933391,27.72521364159644],[85.151618568242498,27.718823948566524],[85.162658539560141,27.724444686173456],[85.155021620851301,27.730267258627237],[85.165946593160925,27.729001592349732],[85.171127615347359,27.730666404730925],[85.182014533743882,27.727103425682685],[85.187858564920987,27.730483512304374],[85.186027621677567,27.736817212644382],[85.16671756126658,27.737027096423503],[85.159721521031543,27.742841789916838],[85.148155501175609,27.741620043830096],[85.142372658071849,27.74532568323383],[85.130142622883909,27.745454764725764],[85.122489609907745,27.750125496294743],[85.103240570296236,27.754919274005431],[85.088523623666447,27.76138608030351],[85.078826600067714,27.759187172250336],[85.067352613232686,27.766764914669238],[85.054481529599059,27.768042819820437],[85.053352654701428,27.778384411811317],[85.046905630790377,27.778450461619627],[85.040557513418662,27.784825066723613],[85.030937602188772,27.787788908431537],[85.025192645724189,27.791288687622966],[85.026603655034819,27.799884328599035],[85.036285591606941,27.800937432017008],[85.043296550695402,27.795703770712578],[85.054168550238558,27.790429040068261],[85.085655503998453,27.784945095639785],[85.090751533956279,27.780875178646738],[85.093864573191638,27.773953738074681],[85.10354650886444,27.775002481579406],[85.114341562413358,27.765133965360349],[85.130950638561274,27.756351405692953],[85.141975523751569,27.76082415780877],[85.192321592667554,27.767739897578338],[85.194366608732196,27.774603670922829],[85.187934504573889,27.775246394805436],[85.182197595242997,27.779330394282397],[85.175758616666997,27.779400466758261],[85.162856520811943,27.778393297113098],[85.138915626355242,27.771187710344691],[85.127952600132573,27.770730560667005],[85.123489570587367,27.773646457717973],[85.117797588687949,27.78059421694968],[85.112640538829964,27.780072191978206],[85.107566637590423,27.785292106245834],[85.101776587319819,27.785927119341238],[85.09540550216235,27.790582931157473],[85.088348610200342,27.792377664098069],[85.088439636879912,27.798690579306935],[85.071662588058132,27.797142441370738],[85.060157587203037,27.802995356050985],[85.058967525131322,27.809893997909796],[85.073974652408424,27.822369455386195],[85.070861613173065,27.829861368307661],[85.062538551313253,27.833389980663242],[85.036064645267345,27.829636230228004],[85.033615619565353,27.838842911970971],[85.039466524260831,27.842225681270293],[85.045852528271723,27.838148722585629],[85.067802553944887,27.840797906798116],[85.079399586921568,27.840104723754166],[85.089675632724436,27.837703979055505],[85.095481609988497,27.844119488024091],[85.102691554871512,27.846179592014721],[85.111076642972876,27.846666581197894],[85.117477567635774,27.84372855632796],[85.129135621411933,27.847049465760392],[85.14397460784204,27.84804138110502],[85.150520539191689,27.854284053866138],[85.156944597115626,27.853067170413738],[85.154174545818819,27.841043831807553],[85.159850603422797,27.832947248916525],[85.165145619175121,27.84149980786998],[85.171653495712405,27.845447684163446],[85.176727565125191,27.840227938069006],[85.188987607092542,27.841239634002022],[85.185920500730674,27.851030366958014],[85.18864461915399,27.86018306959312],[85.194465516170794,27.86126483890132],[85.199111605416419,27.869824437747752],[85.202796625164297,27.858304015318197],[85.211776660664498,27.855335312774628],[85.214210598440502,27.846698599760714],[85.222518572374383,27.842014624775231],[85.222610606294609,27.84775153410618],[85.218871605640231,27.855829007302987],[85.219070593233425,27.867880507279722],[85.231231561387631,27.862576774398747],[85.257659533660728,27.862276870281505],[85.264068504557997,27.859906803256536],[85.271789579125937,27.859243124270904],[85.276863647639402,27.854019353710328],[85.279922538694393,27.844226608970985],[85.285682583084906,27.84186375001218],[85.287078505368868,27.848161577295116],[85.291007605616642,27.85213426408518],[85.29934659357059,27.849738548395408],[85.305183583955397,27.851392298216126],[85.311515608858429,27.845003444253678],[85.317436585130451,27.851819272041894],[85.332282612352856,27.852788387774012],[85.346969550404594,27.845147444599036],[85.347793658550643,27.855470261443543],[85.371635648266704,27.854606254874909],[85.376823543072192,27.856264194636992],[85.380752644219342,27.859659033737557],[85.379539615261194,27.864264889113485],[85.364723594818201,27.865021774735283],[85.358360556794423,27.869692507203581],[85.332549659739186,27.86828350877704],[85.32681258223505,27.872368512796754],[85.319053621927253,27.870739407098085],[85.312721597024222,27.877703092423928],[85.300453507923237,27.876700112720187],[85.290244518270072,27.884702818980031],[85.273574588596546,27.888492613343601],[85.265930628196088,27.894321388421474],[85.27180449797936,27.898271275599029],[85.277633609403722,27.899925193592935],[85.289230643279723,27.899215246286758],[85.299705506703958,27.90827507773281],[85.314575506254755,27.910393688018416],[85.328758525385808,27.910223702661881],[85.336639524594545,27.918164382680231],[85.360855513571266,27.916964597138588],[85.369293576237737,27.91437257743263],[85.375633648274402,27.914992502602047],[85.398002599740323,27.923153290791902],[85.385909525904083,27.932484025917233],[85.389045531126499,27.939912570808644],[85.387084500949129,27.948735195273173],[85.371398606760465,27.951677242810661],[85.352767647808889,27.948737374330506],[85.322379561267894,27.955595783218939],[85.279243605408226,27.957558825179774],[85.245902574244553,27.956577974194317],[85.208122654037425,27.948352309811412],[85.189430507012446,27.949704142832047],[85.179084556007638,27.948096325884876],[85.182403621829849,27.953800882105156],[85.193534621625645,27.964007692700989],[85.200004613322392,27.965084600274224],[85.206527577785664,27.969607307931085],[85.257507654354924,27.969603284364212],[85.262687502026779,27.970690417229093],[85.268562546324631,27.974640137132781],[85.271224637607077,27.979199055092465],[85.269370561102676,27.984387619892914],[85.251212508850358,27.978856905322061],[85.236404536440375,27.981321017151345],[85.227363648313883,27.980849954062251],[85.220291501152019,27.982650722353071],[85.201553589426794,27.981137789277682],[85.195846517802693,27.987514740712868],[85.192230565088664,28.003624926049667],[85.193031539973731,28.013371570641596],[85.199783497910289,28.031663900668605],[85.198715643812079,28.045449281859021],[85.213165542156219,28.060209645958537],[85.215858646559468,28.067068222120895],[85.212165580577221,28.078586800940229],[85.207130572318192,28.072167940198426],[85.202171501913426,28.059757694362247],[85.189773662224866,28.051859929092586],[85.180564632352059,28.041057332030391],[85.168800631244324,28.0320016923244],[85.17127966282635,28.025661116667322],[85.171180589013147,28.019350215040561],[85.178733521834715,28.007214728277233],[85.180580558446195,28.001454181165684],[85.177841520270078,27.993428508918669],[85.155296547198077,27.994840189123579],[85.139144619828528,27.993867217997831],[85.125633662263851,27.99630635115733],[85.122322642675954,27.991176290853275],[85.128501613758658,27.986013710164741],[85.157699639127202,27.983338709114264],[85.173087640082713,27.976860001188243],[85.158721560351864,27.966108534181672],[85.150512660231243,27.962957775581003],[85.154708639692103,27.956970917673857],[85.145492569926319,27.945590304748919],[85.133239568751264,27.945722404365597],[85.128829513771223,27.952657088354101],[85.120292546364112,27.942987388857034],[85.11126758343238,27.943656432298667],[85.10166963274753,27.948920267656376],[85.097145585100861,27.955429821429277],[85.093925593091797,27.948426237680849],[85.086761580182952,27.943910404441738],[85.078750660414812,27.944612471888206],[85.08407551567268,27.937047637438639],[85.08987461941831,27.936416815184032],[85.096877532272458,27.930604970742934],[85.113006660029498,27.930439008953272],[85.12071952018988,27.928635056163046],[85.125183554277783,27.92514214869135],[85.125694514890085,27.916531419789351],[85.120414586164372,27.909126009058241],[85.113250574154847,27.904609168578418],[85.118965522940698,27.898809394837826],[85.1272966319342,27.895280613409739],[85.11887365719366,27.89249765414354],[85.107147541825782,27.901008135617133],[85.100212523289485,27.894990600036294],[85.093154625885461,27.897357314388671],[85.084899623818728,27.906050855562683],[85.08342759460794,27.894012599002394],[85.0750195396202,27.89237561344396],[85.067863573845045,27.887857768421441],[85.062721611913048,27.889056883068861],[85.053031629106556,27.888006797775631],[85.053855569978737,27.900050252417373],[85.049438642379585,27.906981918281019],[85.041603574245698,27.900172124044445],[85.030044594282742,27.903730242257041],[85.024871619229998,27.902633218648248],[85.031135583440573,27.889945700134092],[85.026580520874518,27.88712267517144],[85.020759624757034,27.88603000967737],[85.021957566688513,27.879706031008652],[85.030921508820711,27.875025241421895],[85.017341652395487,27.872290394086576],[85.005645544706283,27.866089629732755],[84.999999662054904,27.872549563411781],[84.999999662054904,27.884247011090849],[84.992469527946525,27.891469530294728],[84.98461166199877,27.882934908319498],[84.976219533105109,27.882440879243347],[84.971633625591494,27.877320206962111],[84.965293553554829,27.874760205818973],[84.962516629638912,27.870518627133094],[84.969566648082491,27.867581608604496],[84.974021629594688,27.863522755970564],[84.975868498032924,27.857191903783473],[84.966140628587311,27.8532651498669],[84.948066564020849,27.851713324710317],[84.948631503741069,27.845394543223733],[84.960182604743579,27.841844640318016],[84.994903632996454,27.835775805609103],[84.99739858977324,27.830014085781556],[84.991668553960778,27.822218413349219],[84.972183645558971,27.824572387006185],[84.961326566667879,27.831503047427816],[84.942603574695397,27.829380247200788],[84.934966655087237,27.836336890835014],[84.920814649976251,27.838188955556006],[84.912414641222881,27.836543085595054],[84.907829572776734,27.830843055662626],[84.900016633361076,27.82517538063945],[84.887184609981944,27.829306151158107],[84.88600963493684,27.837924759020552],[84.88021053119121,27.83854887503071],[84.873718579848742,27.834586917152649],[84.871726535651248,27.830014085781556],[84.866561607732194,27.829485188191029],[84.862121545972741,27.83468917636452],[84.859268514230735,27.841974727252023],[84.862922520857808,27.846734473717106],[84.871353541832661,27.851255336864426],[84.882980583387393,27.852872373661285],[84.881774594322223,27.859194844166893],[84.889503546951289,27.85855597477854],[84.89346366121913,27.865406840153696],[84.88835153879262,27.868893712275167],[84.884567611606144,27.875239315142437],[84.898254589877581,27.886598805690483],[84.907287599043627,27.887092834766634],[84.902198609878099,27.892303529184687],[84.906135589985638,27.896859429019571],[84.927993581738576,27.892070512144585],[84.931274593647743,27.89663244732975],[84.919181519811445,27.908220093182877],[84.923110620059219,27.912775656671386],[84.936775636886296,27.921261327648267],[84.950332527324463,27.922281406162085],[84.958045554758712,27.920489354999859],[84.965873582100301,27.928597002250001],[84.947235582356427,27.931493787808222],[84.944732578445894,27.937255675808956],[84.949958527164483,27.941798500400637],[84.962310602152741,27.948573088877083],[84.967483578104805,27.949670279759744],[84.979110618760217,27.950710307035195],[84.992591568646162,27.945989450852608],[84.9972225699658,27.953980924580151],[84.986961612088862,27.958096942619932],[84.979240538420299,27.959890670118455],[84.970207529254253,27.959974656905047],[84.953384545760343,27.956686770578131],[84.947654509048505,27.961908696629166],[84.932723657770737,27.962450503088405],[84.939170515307183,27.955098065123764],[84.941650552331282,27.94761637929264],[84.931243581426315,27.941396504345335],[84.922271592160428,27.946069246798459],[84.924072527725116,27.93572379941395],[84.911750626790138,27.931241828347822],[84.902053603191405,27.929608027288793],[84.894912557168936,27.926228276114216],[84.889846534889841,27.933158937435167],[84.896438566386905,27.9440052874142],[84.887496583900372,27.950971151797376],[84.892715659999851,27.95494383768812],[84.888915641244012,27.960714779163879],[84.876052603844755,27.963698568734117],[84.867629630003592,27.960901863330491],[84.874015634014484,27.955680104553323],[84.873901640448537,27.947072225602881],[84.877715574414367,27.943021587376506],[84.86472362369642,27.935676692925199],[84.866584573719251,27.930492988960395],[84.860679522642045,27.922508387851963],[84.855689609088358,27.935750620794636],[84.848579576186637,27.934665835160331],[84.842086617603456,27.931275019626582],[84.84772462129439,27.918602588139095],[84.843749588173125,27.910027734092807],[84.835983587073031,27.908369960705272],[84.828330574096867,27.914749762991335],[84.821220541195203,27.913660785616912],[84.814056528286301,27.907982885302033],[84.812004637803966,27.898813250231456],[84.808097498101233,27.895404330445615],[84.79902660229601,27.892034470014949],[84.791961495926444,27.894388443671858],[84.782913567007654,27.892740561028234],[84.779640601332858,27.888747590029425],[84.779533647659889,27.88014105196811],[84.767936613783888,27.880806071842869],[84.759139638883369,27.899816229035878],[84.759208538643293,27.90555313926609],[84.764449575287813,27.912400651069333],[84.770271645020557,27.914074516925552],[84.783828534559404,27.915114710575551],[84.796714537945718,27.913861615921007],[84.803832617981072,27.915526598274027],[84.807136595877353,27.921812353957137],[84.800743551074163,27.926455091429489],[84.809226540272789,27.934419910150893],[84.795661602700989,27.932809914146389],[84.78276856032096,27.933486837447731],[84.75946753979531,27.927361007304796],[84.758232550292121,27.931960828229762],[84.775176567244955,27.946174187788699],[84.802268554850116,27.945382266378658],[84.811309611149795,27.946454478591477],[84.825401601802639,27.938302742977328],[84.835777559586859,27.94223335318685],[84.830100497440185,27.952612999090775],[84.816001632369591,27.960190742408997],[84.810836536277293,27.960232651715671],[84.805709661371964,27.962570532004577],[84.807067528843561,27.968298389659083],[84.816757511649996,27.968792418735291],[84.838630592228185,27.964018589786235],[84.845809523990511,27.970270484195623],[84.838233625181829,27.983533672241322],[84.853073617053951,27.982833951126111],[84.861427523861323,27.980468744936786],[84.907745585990142,27.981448925028019],[84.918594618646921,27.978820863192425],[84.92933653125607,27.990769433962328],[84.93904864188147,27.992976220975947],[84.954452568031741,27.987096484015694],[84.955200569251019,27.994550343024059],[84.946327653798335,28.006107813924643],[84.957412553446773,28.014042625866637],[84.985137542363873,28.023380233611022],[84.988624581759211,28.029819714908058],[84.984161553113324,28.033877729373842],[84.986816605402169,28.039018351316031],[84.996620581774607,28.047532017288916],[84.989540555652297,28.049320883052474],[84.991577526381889,28.056189852679722],[85.017181557782806,28.085212696408973],[85.012779549936454,28.093289329638992],[85.006736532964794,28.091998181071347],[84.993263630212539,28.083720716637913],[84.986061563390592,28.076901870724896],[84.970092529346914,28.043767201595244],[84.962905549551635,28.038094496663859],[84.955810603676582,28.038161552813563],[84.951827524320947,28.030736695142537],[84.942092614083037,28.02681010939915],[84.937049557790999,28.036038584413291],[84.926734619906938,28.03728061470872],[84.928848535731504,28.049888170003214],[84.920448527877397,28.04939011825951],[84.914024637227385,28.052317748765233],[84.909477622694283,28.050061005311306],[84.911788513429315,28.029954830850897],[84.914962571665512,28.025908886186301],[84.925842618342301,28.018921396705252],[84.923202653979445,28.014357449736679],[84.905754549033361,28.01336553619069],[84.89599650463515,28.007713786362274],[84.875396637445021,28.011910437616734],[84.86396053634985,28.026360001413082],[84.850440526209468,28.029342951915851],[84.84210153825552,28.03343164495459],[84.846084617611154,28.042005492659484],[84.857673605252842,28.039037461010139],[84.88399462475229,28.027904784878046],[84.878959615593942,28.037705408577892],[84.845611543637972,28.055208667146417],[84.846343618763171,28.062090376569756],[84.852806568768301,28.062035560193067],[84.865631552254513,28.055036670905793],[84.877860581101118,28.052061765738017],[84.882430561621277,28.056040655152231],[84.883186609974246,28.064068507355898],[84.873496627167754,28.064154505026522],[84.861999505273104,28.074006928776896],[84.850402639570348,28.076402979913723],[84.847236626669144,28.081019732374898],[84.847328659690049,28.088481470343709],[84.855827574982754,28.096444110907157],[84.849426651219119,28.10108802019613],[84.863372628843933,28.119764242026292],[84.875633508979433,28.136182545887948],[84.87848654072144,28.149046923277012],[84.891601537581039,28.163276209829348],[84.891677645407185,28.169015969111854],[84.886619502088536,28.177092604140512],[84.884132590646686,28.184579487153769],[84.88399462475229,28.223233807394422],[84.887428523207916,28.238492224136962],[84.888259504872394,28.252258662007762],[84.882476662668012,28.255178580826964],[84.870391635066085,28.234339325799397],[84.854255632891295,28.224429736643174],[84.856117589255518,28.218102908922276],[84.869094619321402,28.221434882713822],[84.874832534993629,28.215072180137156],[84.871223622172579,28.186410430397189],[84.87497754078106,28.177195700621212],[84.872268510283675,28.167462970339955],[84.864326656650064,28.153757553268633],[84.849899557918434,28.137238330184914],[84.845519509717747,28.127631831444035],[84.834625551428189,28.105232704126138],[84.829383509341653,28.099535858693059],[84.827697572784928,28.094098182585185],[84.818229541760104,28.085854582123432],[84.819351544038682,28.072647048622514],[84.814750550397719,28.066372356399256],[84.809043646946918,28.075027007290714],[84.801963620824608,28.07680681957919],[84.766387638578806,28.072500198325656],[84.75869757803099,28.077723967986856],[84.757568535859377,28.091510354619288],[84.751769600286991,28.092702093926619],[84.746467542842993,28.081267669167744],[84.740562659938973,28.073276027267013],[84.746940617715495,28.066914330132363],[84.765548609780694,28.057012619936586],[84.770721585732758,28.056971716971304],[84.790832621028812,28.064844502671804],[84.796638598292816,28.064222565718978],[84.801757594237756,28.06016555669521],[84.802337621883908,28.054995935214379],[84.797759594230058,28.050441040821511],[84.786720626555848,28.045365127798561],[84.780250635758421,28.044270284146421],[84.768638514855752,28.044936310362573],[84.750717503210353,28.052425875154142],[84.740310532305386,28.052042989692382],[84.735084582687477,28.047491951592463],[84.738227628702248,28.040009259419946],[84.789825618657517,28.035010627838346],[84.774215497747207,28.025954987233035],[84.759994593775616,28.024344991228531],[84.749687534852001,28.026718074579605],[84.736862552265109,28.033706571301366],[84.707229506836427,28.039670463221455],[84.676254519130907,28.04161925542445],[84.666603595679533,28.044559123904605],[84.666671657271309,28.050297877744981],[84.68604257120785,28.050154882841696],[84.715660527811281,28.04305038077058],[84.724746510643115,28.047000268847455],[84.730682574841126,28.05728369088979],[84.728179570930592,28.064190547156159],[84.719146561764603,28.064833439212009],[84.710655526331664,28.056860739731519],[84.703544655261794,28.056339721101381],[84.697158651250902,28.062126419598712],[84.698600506408411,28.075315008880693],[84.690185577902241,28.073657907286758],[84.669372640635004,28.061182617084228],[84.664237552221437,28.064089460660227],[84.666892603610904,28.070381252592881],[84.677322541402305,28.078914700952851],[84.675102510972238,28.084981522979035],[84.670333542858884,28.089295353198111],[84.676879642381778,28.096708979236155],[84.682075583421579,28.098966058137194],[84.687232633279564,28.098355017370295],[84.709083584240204,28.088437549253626],[84.711128601204166,28.09760416619946],[84.721992552714312,28.110361589915613],[84.702148564804588,28.102835814821162],[84.690528564941474,28.104069630709034],[84.682228637241963,28.112737524117563],[84.689430535890665,28.121293939363966],[84.690154564781494,28.12817581696055],[84.698028524097253,28.137873510554186],[84.700675529252408,28.143591981085194],[84.703384560649113,28.153902727229195],[84.701515564391968,28.160228382234209],[84.696342588439848,28.160267441589326],[84.683250559366002,28.145442202196023],[84.677406528188897,28.143189145962481],[84.667694583938044,28.142112239288565],[84.664398652276134,28.136395278719306],[84.670143608740716,28.130042634160361],[84.66488664690138,28.122044956909349],[84.659049657415892,28.120367235659558],[84.649421532677763,28.126172709303262],[84.642944501088039,28.124495994394749],[84.650573540836376,28.112964339432835],[84.6459965186246,28.108408606871876],[84.63250752340366,28.115389222834494],[84.627899655345004,28.10795849888575],[84.647857636820618,28.101505774172267],[84.652313623774887,28.095162014915218],[84.640014523351738,28.092954220660886],[84.652122516940778,28.077947931551932],[84.65269449835256,28.071055995937627],[84.644905531265408,28.067669372143939],[84.637794659296276,28.067144329946984],[84.635764562085058,28.059124524877063],[84.628600550075475,28.053434889308846],[84.620193501429128,28.05234406832426],[84.606010649571999,28.054163779035321],[84.594940503301757,28.045630164300803],[84.591102597007421,28.049097924929413],[84.589263608428951,28.058865523725103],[84.580963511656876,28.067526377240654],[84.56169150515899,28.077983974580889],[84.555877648934541,28.078019849436657],[84.550010651770322,28.072893141805196],[84.542755612181907,28.057444623670563],[84.543342513346488,28.051702014436557],[84.555488560848573,28.039573567566208],[84.5342335627289,28.044871097823034],[84.527130570619477,28.044915355259604],[84.511550624661766,28.036979536976219],[84.507102515768622,28.043889242294824],[84.498763527814731,28.049677951676244],[84.507285577267737,28.062824631651551],[84.505401660358473,28.068003306607466],[84.517089553640176,28.074819136194321],[84.515212511148604,28.080569791662697],[84.554679539729136,28.0872116123262],[84.571548623370461,28.09398905075426],[84.559982601715831,28.100374888390547],[84.558135566003727,28.108997518920489],[84.562713593657577,28.114706265981511],[84.576911531642054,28.112892422447487],[84.58279462217422,28.119165271060581],[84.578330588086317,28.125507019433542],[84.606384650631298,28.149997765684475],[84.614250563712687,28.160848474677493],[84.614364558177954,28.171178835934654],[84.590888523286878,28.151825858976338],[84.581184626169716,28.1507388942847],[84.571357515636976,28.138179450021767],[84.560935624979265,28.130784768202659],[84.555160660836009,28.134265604973848],[84.548828635932978,28.14693082839517],[84.54432654793203,28.149828786669332],[84.541053583156497,28.145259140696908],[84.545402617337061,28.128014716006476],[84.544685629238586,28.121132168414988],[84.53814657140731,28.11371435063694],[84.536132566664776,28.105690691072652],[84.53157750589736,28.102850733674586],[84.525787622001303,28.104606575433252],[84.520011653315294,28.109234560426785],[84.509025660206191,28.108726616140586],[84.505729561270414,28.10185680834519],[84.501174498704302,28.099017020019573],[84.474716518752473,28.102041712555149],[84.458602645296025,28.106151527970781],[84.4484095799383,28.121703981653582],[84.452979562257156,28.126843765427566],[84.465263575653637,28.127347851622176],[84.48535952392308,28.134118585604369],[84.490615647594211,28.142695285059517],[84.475715642163323,28.139338165324205],[84.462142658357152,28.138842459012437],[84.455657579633737,28.136584373769949],[84.449211561164759,28.138341220970688],[84.455085599121276,28.145194098129252],[84.473297629582078,28.156568508430041],[84.465576555913458,28.160631383731527],[84.474738646571438,28.172630078215661],[84.467666500308894,28.176686583619073],[84.477462597720887,28.186961455806681],[84.498184507409235,28.190856023886511],[84.498252568101691,28.197738907824487],[84.48793763021763,28.201244889640066],[84.471755527895482,28.199043969803483],[84.461448637145054,28.203693578995626],[84.457023662412269,28.214048079855161],[84.458419583796911,28.225518882190784],[84.463020579236513,28.233523263887662],[84.469543542800409,28.239228322828978],[84.491569509025794,28.242542862363337],[84.498062633983523,28.244798767649172],[84.503280535568422,28.24935986376687],[84.504638572112583,28.255661547342697],[84.507911537787379,28.259660217345299],[84.508674626033326,28.265016252997839],[84.498672501135161,28.265336944944181],[84.485923626374415,28.260940301553831],[84.478378571613973,28.267248018681244],[84.462325550783703,28.255882326408368],[84.446937549828249,28.239497045652286],[84.442291628755811,28.227063665655805],[84.444610566624533,28.200918665963798],[84.448997654718141,28.185975242163863],[84.44631963734156,28.175660638827537],[84.434875657285943,28.19695503174944],[84.429710560294268,28.197558026282024],[84.424568598362271,28.20160363460019],[84.415512622309848,28.200504768280553],[84.4110105343089,28.203972697082463],[84.402755533141487,28.220657042888377],[84.403465647721646,28.228686737802832],[84.394485612221388,28.237341221420365],[84.392021500392104,28.251127775326722],[84.385559555828991,28.251733618911544],[84.38040149962967,28.254056580347026],[84.37327554063387,28.265569123816135],[84.372779499774254,28.271309889439976],[84.376075599609408,28.278178523620113],[84.404762496192404,28.302133499661409],[84.402297546194973,28.316495053104347],[84.396469609285191,28.315950062145816],[84.380165632638011,28.302261408437403],[84.35608660501299,28.286313327698053],[84.346374660762137,28.28578627371769],[84.36238057600292,28.265625114707404],[84.361022540358135,28.257597263403113],[84.350631661921796,28.252483463740987],[84.349937640709697,28.247320714879208],[84.360305552259604,28.248992904399188],[84.36804959191528,28.246658880403174],[84.37633560710276,28.232844496976099],[84.37564057864995,28.227109599428616],[84.365844649411201,28.216255035041968],[84.36710361124284,28.21165839861635],[84.378105528647382,28.212749386874862],[84.3799815665962,28.204706447644583],[84.38577262410746,28.201807819375517],[84.383758620264302,28.193209159375328],[84.3933716570765,28.182831357081625],[84.406936593748981,28.182185447800293],[84.413368530633363,28.178134642300051],[84.425483565914021,28.159130519557948],[84.427970644629681,28.148214936170518],[84.425239652687992,28.132161578993816],[84.414909627777263,28.132790556738939],[84.413688551685482,28.140834335036686],[84.410499572797221,28.14601585904478],[84.398239530829869,28.147798857631301],[84.389228650382051,28.15243589430122],[84.364845526000408,28.173793988901593],[84.359023624440852,28.173821816623672],[84.360237658841072,28.164060253178263],[84.358909629975585,28.159477531063374],[84.339462609112275,28.153259835173401],[84.338767580659464,28.146951111704595],[84.344566517131227,28.144626977553116],[84.371704604883746,28.14449018527398],[84.382644496946114,28.137675194754593],[84.352874659238296,28.133681385587636],[84.34896064601719,28.12968372102705],[84.350852609160768,28.123360077805501],[84.355987531199787,28.119320001217204],[84.382430591398816,28.113449315933337],[84.397888496656947,28.107630766147111],[84.404373576279681,28.11046435184852],[84.410835519943475,28.110432500559568],[84.423072595923713,28.106348670155171],[84.426917542111028,28.102884764920134],[84.428161584189922,28.097716147981998],[84.419700556435714,28.090873329740532],[84.421569552692858,28.082827540558696],[84.429923627673418,28.077617853381355],[84.449279621857215,28.075787915580008],[84.442748611159629,28.067791412843576],[84.437606648328313,28.070118228773367],[84.431106649852154,28.066133304908249],[84.421440639374168,28.067907418192931],[84.40850853584044,28.066830176071903],[84.39678963033731,28.055986676044427],[84.392951555869786,28.060024740849258],[84.392349567678593,28.065193525960581],[84.405387617644578,28.078896763974626],[84.401573517304143,28.086377611637602],[84.385421589934595,28.08764931506397],[84.354652628815927,28.087088565285228],[84.344711523817921,28.084369644043989],[84.343368575199747,28.078061926017199],[84.346511622113837,28.067718154969043],[84.320129580915591,28.079320720574913],[84.310409591329744,28.075921858806907],[84.300666633958144,28.068506220985455],[84.294204522121163,28.067961398200111],[84.284454524856585,28.059969588126137],[84.264404510360009,28.055466661957041],[84.265762546004851,28.064642498752448],[84.271003581750051,28.074375061759838],[84.275543556390176,28.077226920785904],[84.304664634865162,28.0845567282106],[84.317001622826808,28.091960295331489],[84.331329647745235,28.106813530620059],[84.337928552760673,28.123423947657216],[84.334121659587083,28.132048590869942],[84.328948517260415,28.13207574859706],[84.303687640172598,28.124733034102405],[84.293365660596919,28.126500944762938],[84.284927599729087,28.121945883096146],[84.275245495883098,28.123136114240424],[84.262916554155822,28.11572818810555],[84.247383545614298,28.112926452793715],[84.249435604269877,28.127835678973554],[84.255966614967463,28.137564385687995],[84.286392589046898,28.144320199917445],[84.286445561813366,28.151207778316461],[84.265777633031519,28.153591758752782],[84.270988661997308,28.158161404725206],[84.284614618569947,28.16556128372639],[84.291129536798849,28.171846034866746],[84.29695864822321,28.173542029441251],[84.29312862088932,28.179295534861183],[84.300285593005867,28.185002270138796],[84.301620495389727,28.190161163606945],[84.309448521831996,28.199308838132538],[84.304946602004236,28.202198582898404],[84.289421640596402,28.201694663078399],[84.289489534014933,28.210876367050844],[84.277862660633446,28.212074308982324],[84.27793156039337,28.221256012954768],[84.285880622093202,28.245895791257908],[84.272872578906572,28.236771250892673],[84.268287509561105,28.229331474368166],[84.266944561842195,28.222449764045507],[84.268806517307098,28.212686356090614],[84.272636543741669,28.20578369066493],[84.279693603876865,28.198293956800796],[84.278991536430397,28.190837080566951],[84.273780505665968,28.186269279104067],[84.267288555222819,28.182278487162591],[84.257568564737653,28.179450601364294],[84.251129587060973,28.182919367434977],[84.237548557020432,28.182400527862228],[84.232383628202058,28.183572318407926],[84.221443567966446,28.190499123435927],[84.212409551559745,28.192831973816681],[84.210502502288819,28.198003943427409],[84.230598617832129,28.205385718176501],[84.221626628566241,28.216898094371686],[84.229461529426203,28.226624790202038],[84.220451652621819,28.233544554437799],[84.21549962480799,28.265125051180291],[84.208412557893382,28.268595829034439],[84.207611583008315,28.246789804605953],[84.202964655594542,28.22959449818768],[84.206153635382123,28.223845686329526],[84.20610854067678,28.216958946997977],[84.204139632438228,28.212375219440958],[84.199584569872172,28.208948529950817],[84.173767638365973,28.2159311576969],[84.171211659890332,28.220530978621923],[84.177101623940928,28.230837366651315],[84.173248629720661,28.236018388837692],[84.165435523031135,28.228013670794439],[84.156349540199301,28.223452910123854],[84.14144165490859,28.217763944550541],[84.134979543071609,28.218358891949435],[84.120124631446743,28.222424786274985],[84.11436458705623,28.232197582252752],[84.104644596571063,28.228785477068243],[84.098182652007949,28.230527403616918],[84.07824663107732,28.250671631990372],[84.074989590597283,28.246089748043573],[84.076232627234106,28.237481366372094],[84.082633550997741,28.226554549552986],[84.088432654743372,28.22194785600891],[84.105842537603166,28.213859319352252],[84.137412640880825,28.203994656728185],[84.163978580847015,28.203340533039295],[84.171081572956382,28.201593744755655],[84.174888633403896,28.190102156389571],[84.189071651635572,28.184312271594194],[84.193565525228962,28.17970356626671],[84.184478536955055,28.174000017287085],[84.183143634571252,28.16826595700843],[84.203117542141001,28.159010492440416],[84.198547560721522,28.151565685108437],[84.177833530892883,28.147052030027282],[84.173271596607037,28.141904200918304],[84.173171517351818,28.126984915821367],[84.159568525866916,28.121295951147374],[84.165290516344442,28.107500679213103],[84.165252629705265,28.101761925372728],[84.188423563296965,28.089053283582302],[84.198127627688052,28.090739220139028],[84.206474661876314,28.0838216349606],[84.198005586988415,28.072947959980525],[84.203109495906688,28.064321304984389],[84.197250544976839,28.057455688029734],[84.188911557022891,28.065519414189737],[84.185089576822691,28.07356989693335],[84.180595535955376,28.07760377089744],[84.158698652121245,28.086863428104891],[84.147712659012143,28.08690332472878],[84.141891594721471,28.085200458434542],[84.137344580188369,28.081197763965804],[84.136184524896066,28.07404883898289],[84.140441526055724,28.060528494294715],[84.138465576125611,28.05479678124658],[84.129463580080312,28.060564536424351],[84.119140595062561,28.061745377747116],[84.106201618909722,28.057770511899776],[84.09324654938888,28.051496825118534],[84.089393556067932,28.054949665994457],[84.089439657114667,28.063557545844219],[84.085601582647087,28.06930920765393],[84.087562612824456,28.07389410882621],[84.101188570296472,28.083609740297447],[84.116706658185876,28.086430418029522],[84.125160646047163,28.09558412700602],[84.133552606767523,28.094983145156164],[84.141334533961754,28.098974941640392],[84.151672606006116,28.098941078568089],[84.153678562715641,28.11041154635592],[84.152496546878297,28.127055659191456],[84.153846536288768,28.136233507770328],[84.14934562190308,28.139693390337811],[84.141593535113714,28.140292193130335],[84.120872631766701,28.134047674960357],[84.135871544636245,28.155229583378741],[84.160568654719782,28.175807658197016],[84.152275599639381,28.193051077445432],[84.136085618356788,28.189088113225978],[84.132797564755947,28.179917639987252],[84.123733543368473,28.1782238253694],[84.117278638698394,28.180541588723486],[84.109565612163408,28.187453306724876],[84.105102584416898,28.197796909599845],[84.089569575875373,28.195547877832439],[84.083702578711211,28.186957433139185],[84.077873636359413,28.185826379184221],[84.068847499812421,28.189870312065409],[84.068244506179155,28.198480873693484],[84.049499552762313,28.19910465515585],[84.043044648991497,28.20084289358482],[84.042434613666671,28.207731477425909],[84.067085623602793,28.222010720418552],[84.060661565678856,28.228915732175437],[84.058250594789286,28.24801875965818],[84.050384514433972,28.242713853161945],[84.045768600140946,28.226086671862561],[84.029586497818798,28.22383277836019],[84.024444534987481,28.230157427023755],[84.020530521766318,28.224429736643174],[84.016593541658779,28.213535106560073],[84.006286650908351,28.220446991835331],[83.99735254828164,28.244570108723678],[83.99091356970564,28.250322609600914],[83.985465500132875,28.250736842731271],[83.98696854336373,28.23885616627922],[83.983695577688934,28.23082865042204],[83.97591365139408,28.226254812709556],[83.97199259738062,28.217655148166671],[83.965530652817563,28.218815874353254],[83.962356592782669,28.232020556103919],[83.949409570395517,28.22975040195962],[83.930686578423035,28.236674188862878],[83.925506561678617,28.236109249142658],[83.921638648604926,28.239558233725631],[83.917793535143687,28.24817281892058],[83.908073543759201,28.243597975766136],[83.900329504103468,28.248201820257918],[83.893211592241357,28.247064730952729],[83.888694583588347,28.250515560944507],[83.884841591166662,28.257408502900205],[83.880325588854987,28.26143013978924],[83.871932621793235,28.264885998789964],[83.866752605948193,28.26489622498093],[83.863502607159774,28.259733475219832],[83.871231558889519,28.251115704626216],[83.858245645320437,28.239081304358876],[83.868537616318122,28.224146764062027],[83.876327588847289,28.231598611287041],[83.888626522895891,28.233874466233772],[83.895072542264188,28.227549482123038],[83.898277613621133,28.221234890577875],[83.906227514388434,28.222474909989273],[83.918899611328186,28.218154877145992],[83.934837632251117,28.214903201121956],[83.939880520369854,28.20665741980423],[83.956497642752197,28.196937764766176],[83.944717549175721,28.193610149988558],[83.93822459059254,28.187882292334052],[83.932403527201188,28.18559721843701],[83.914031569401573,28.187634188267339],[83.930419531036705,28.176989842207604],[83.942687619238427,28.173526942414583],[83.943954628203699,28.167785003175482],[83.951049574078752,28.164327299665274],[83.956230596265186,28.16604022577593],[83.962081499162025,28.173487714886278],[83.967903568894769,28.172902826404481],[83.982063621139389,28.161394304703549],[83.995635598604167,28.1607894665608],[84.009139515376489,28.146412994264438],[83.968444537185803,28.151668783387777],[83.961318579089323,28.14881390623691],[83.951637647959274,28.151129825980831],[83.946464504733285,28.149990893065421],[83.94192453099248,28.146557832777887],[83.939308538958073,28.140248103867066],[83.924438540306539,28.138556301032622],[83.920539614112045,28.134545560329514],[83.943122640197828,28.126467919858783],[83.962531608047414,28.131020635194318],[83.967063534654585,28.133307552701524],[83.978683535416963,28.129838619356917],[83.965072497697747,28.12240604999937],[83.967628643447313,28.11551511982708],[83.979240596176737,28.112623363277748],[83.985061659568089,28.112610455308413],[83.989532568073741,28.102844699223624],[83.976585544787213,28.097705083622827],[83.991401564330886,28.08849253380356],[83.999839626098037,28.0965069753168],[84.008880515123849,28.095338201996583],[84.014015604436736,28.089587211081096],[84.017852504389737,28.081544607297928],[84.024276562313673,28.07521593506749],[84.030067618925614,28.070610078792242],[84.039085541065049,28.067142149990389],[84.033233630927498,28.059696672663449],[84.016418528192673,28.055149826303591],[84.010627638854601,28.059179677600184],[84.002311616887766,28.074119078732622],[83.986808616924293,28.074157970813872],[83.97779857374536,28.080489661169054],[83.969413652917922,28.083949542837274],[83.963630643439615,28.089702210988378],[83.951988513958895,28.087430378709143],[83.948745555962773,28.083417627121946],[83.952590503049464,28.077672837931289],[83.96161663869708,28.073637120356977],[83.972549658140395,28.063860468086261],[83.973159526191353,28.056969705187896],[83.977004639652534,28.050649080091091],[83.961524605676175,28.054125725122276],[83.956268649278911,28.034623718809712],[83.962058533174911,28.029447725632167],[83.970436579584657,28.027135996728987],[83.980766606294026,28.026540882056224],[83.986587502411453,28.028247772816599],[83.993682614661111,28.028231008554371],[83.997535608881378,28.024204175382522],[83.99105053015802,28.017334366687805],[83.995773565397883,28.005728952029642],[84.000015645905478,28.002966946967149],[84.018752553088007,28.007511782442975],[84.039413609250801,28.007460653286671],[84.045211539381171,28.005722916679417],[84.047767516058173,28.000552120683949],[84.041290651742372,27.996551270724694],[84.02966361108696,27.995435303796398],[84.025772563852911,27.991426574876698],[84.024452582121114,27.98569268277123],[84.011566578734801,27.990314464241294],[84.004455540391064,27.987460760705687],[84.00507362195026,27.982295832786576],[84.018615591736307,27.981111973339068],[84.007591545613479,27.970238464733484],[84.00049559429641,27.969681235800522],[83.991432576552313,27.964535417575576],[83.984413572128801,27.980048980076504],[83.979247636969035,27.980059038094282],[83.96044954261248,27.961733683163118],[83.955253600673302,27.954286026778846],[83.935241640089771,27.952601934731661],[83.929397608912666,27.942853445630135],[83.930663612435922,27.937686841374784],[83.944183620777665,27.93192495337405],[83.966087546303356,27.926144290226944],[83.94992857814151,27.918141415793855],[83.938949625824762,27.915865561746443],[83.897682498948313,27.917084626054816],[83.882209505764251,27.918831414338456],[83.874488599369499,27.924006401174609],[83.879669620656614,27.92973911966476],[83.88742053473004,27.932596007699715],[83.90226756829378,27.934869850863095],[83.908729511957574,27.937726570724806],[83.914558623381936,27.942882446967474],[83.918456543235038,27.949762313679969],[83.91526052265516,27.955504922914031],[83.901077505322746,27.95954382678633],[83.912094510653333,27.971007252882544],[83.926963503862794,27.976721196226379],[83.934112597018895,27.988183616880576],[83.928321540406898,27.993360280053025],[83.930953624910046,28.003112120927767],[83.917426574876686,28.010593641283663],[83.922622516815863,28.017471495313373],[83.927795660041852,28.019758246446088],[83.93492865893063,28.026632076908982],[83.939460587336384,28.02891882804164],[83.94272651131962,28.038667317143108],[83.950500558654028,28.043818164376944],[83.951171613879012,28.049555911875984],[83.946670532219457,28.053007914583759],[83.936973507721348,28.050731055094275],[83.931182619282595,28.055902855632439],[83.924728553679984,28.05649260674852],[83.922767524401877,28.051330025160667],[83.929191582325814,28.043284236878151],[83.916259646065953,28.038716435415324],[83.912406652745005,28.043889242294824],[83.913726635376065,28.050771119891408],[83.906639567562138,28.055374797109323],[83.911193623786858,28.062254326576067],[83.908622559183925,28.066849453939312],[83.903434496205193,28.061693577696587],[83.899536576352091,28.054810693758668],[83.90081062521034,28.050219926308671],[83.893920533206199,28.044023352795648],[83.903961550185556,28.03242279897313],[83.876861516346082,28.037055643902988],[83.870422537770082,28.041657476611419],[83.865234642964538,28.034205796660331],[83.846527576186872,28.03824537232623],[83.841316547221027,28.025625075437006],[83.852279573443695,28.023317033754267],[83.856773615210329,28.015850266776511],[83.868377520806121,28.012392732338867],[83.872924536238543,28.019844244116712],[83.879997520669178,28.012949457651473],[83.886459634304856,28.015238387841464],[83.8941956268269,28.012354678425822],[83.892875645095103,28.004896964023828],[83.898666534433175,27.999723149903616],[83.899284615992372,27.993981210664458],[83.897315538681312,27.986524669877781],[83.888900611074519,27.979078019834901],[83.87729653730554,27.982537734229197],[83.866935499274007,27.973370111841348],[83.857276528688999,27.979122109098171],[83.846908618038469,27.96651153477967],[83.832710511880805,27.965378637214485],[83.851325544738245,27.938384550706587],[83.83132950934953,27.938407684866888],[83.829368647345348,27.931523962760821],[83.835792537995417,27.923481358977654],[83.825462512185368,27.920624470942698],[83.804855603303622,27.932120921943124],[83.796470515202259,27.932704973156149],[83.788757655041934,27.93959556788127],[83.77520763812214,27.940753612289541],[83.767486563554201,27.945350246916519],[83.756515659270406,27.944209303116963],[83.748786537568833,27.949378254602891],[83.738464559791737,27.94823630356268],[83.735847562315314,27.935611816732091],[83.721031541872321,27.943076404652516],[83.712554588923297,27.949487219160005],[83.722343646442312,27.95225810862496],[83.724288582352358,27.956851056930873],[83.714622571874372,27.962589642598061],[83.717864524428421,27.966606418651452],[83.74173752636591,27.967171359270935],[83.771446511447493,27.978059954003811],[83.777259527705212,27.978053918653586],[83.797241649682576,27.97230024506041],[83.80306958839094,27.978605113135586],[83.790206550991684,27.991244352445051],[83.813438505382862,27.991223398241402],[83.812171496417591,27.997537149819777],[83.798629525732167,28.001567001116371],[83.790901579444494,28.007885782602955],[83.793525616813952,28.020508259448775],[83.801940545320065,28.027961782110708],[83.809699504728542,28.031398697791815],[83.810363520060548,28.038283592613823],[83.800697508683243,28.042884419880238],[83.808486643943638,28.056650689577793],[83.816253651385068,28.061233578966664],[83.821441546190556,28.066967135624964],[83.82854453829998,28.067533418032951],[83.83503749598384,28.076707913939231],[83.848609640722486,28.078986785212123],[83.862159657642223,28.076098884955741],[83.862190502589783,28.084134615220478],[83.869323503277201,28.090438476954319],[83.891929496249418,28.09097843890396],[83.888091589955081,28.099592855925721],[83.89518754217147,28.097858975611359],[83.914565496000989,28.097254975636758],[83.91590157110079,28.10643282511495],[83.899101555392633,28.106460820110897],[83.884269609754824,28.113943513182733],[83.87651852930685,28.113956252978824],[83.869445543976838,28.123147847695179],[83.856544620837724,28.132352686727245],[83.846893530112482,28.141539253334031],[83.833335634232299,28.146148125935383],[83.837829507825688,28.135237401584959],[83.853935502321747,28.12259514594939],[83.863548539133944,28.101923863595573],[83.851249605085343,28.095052212189955],[83.835098515883942,28.09392316911908],[83.829940627857866,28.096797155964111],[83.821571633124506,28.105415763826556],[83.819610602947137,28.098530869004549],[83.813781659696019,28.095667945619311],[83.816978518444046,28.084760407566876],[83.816955550658292,28.079022660067835],[83.811782575605548,28.075583899877245],[83.808570630730173,28.082473657333537],[83.80276465436549,28.08420368225427],[83.80280254010529,28.095674987310986],[83.783431627068069,28.097988895271442],[83.774413536755503,28.109474450085941],[83.771171584201397,28.104883849010548],[83.771789497587406,28.095128151842857],[83.774360563089658,28.089387386219016],[83.780799540766338,28.083644608811767],[83.788558501074135,28.084788404361518],[83.798194504772766,28.069284229883465],[83.798820632566276,28.063545307869788],[83.787803627235746,28.049207056760395],[83.780677500966078,28.043473164654984],[83.774215556402964,28.041757388592771],[83.768424498891648,28.046926006430169],[83.761970602361544,28.048652175057953],[83.752944633088532,28.055542769783131],[83.752921498928174,28.04578707261544],[83.763008616954266,28.038293650631601],[83.757400620042745,28.031438930762192],[83.770942590728168,28.025115958434867],[83.771552626052994,28.013065632073392],[83.767021536714708,28.00847687460822],[83.747016616024155,28.010210754922525],[83.741844646413483,28.006769649299997],[83.7469866092448,28.000453046870746],[83.756668544917602,27.998727044617567],[83.754714556431793,27.993564463029713],[83.743095562010751,27.991847346977636],[83.735999609794305,27.994720160207351],[83.714095517894009,28.00964782698577],[83.705055635209533,28.009649670595991],[83.708908627631217,28.002188938968516],[83.724380616272583,27.993577370998992],[83.732749611005886,27.984967815712253],[83.724998529658592,27.980950872384994],[83.700508619777167,27.996450352402007],[83.697273540741492,27.991860590394083],[83.695953559009695,27.980958918619365],[83.692718647247943,27.976366139385959],[83.697219560734311,27.967758426810065],[83.686874616070838,27.958576891010864],[83.68170951997854,27.957430749129912],[83.676544591160109,27.957430749129912],[83.666236526794421,27.962019672969689],[83.658492654412612,27.962019672969689],[83.645584523207333,27.95914786608131],[83.634895585163292,27.960503889942686],[83.62773157225439,27.963768473936057],[83.613998494734915,27.976296234184019],[83.610351528000763,27.986507571067705],[83.614761582980805,27.997064074947218],[83.621131493623693,28.003901864179852],[83.646934512617804,27.994153375977646],[83.653388578220472,27.993581394565865],[83.658561553273216,27.999322160189706],[83.654052591753896,28.003336923560312],[83.630828518121803,28.013084575393009],[83.630195516809806,28.022268122975618],[83.637954644391471,28.028582042727237],[83.647636580963592,28.028012912166332],[83.652076641823726,28.024647075302425],[83.670890495000492,28.030885892669971],[83.668968524178183,28.038346625196766],[83.676063638226481,28.037198639705593],[83.703155624932322,28.025718952967452],[83.687690510708649,28.042079422327618],[83.692237526141071,28.053265910293646],[83.683204516075705,28.056135872672542],[83.687744657989754,28.062448619708164],[83.702629577293294,28.076218912972593],[83.699409585284286,28.083106658645534],[83.692954514239602,28.08253249817642],[83.673545546390017,28.067039220783556],[83.667091648960593,28.069334352698377],[83.663207641619522,28.065317242097194],[83.667068514800292,28.059576477372673],[83.667060635839846,28.054413894885499],[83.66446660435048,28.049822959262315],[83.653488658375068,28.046951989642764],[83.645080603387271,28.039489414405068],[83.642517585018709,28.050392928890687],[83.634132496917346,28.056702825075433],[83.629600569410911,28.051535885372971],[83.628936554978168,28.041207368625294],[83.614089522313748,28.040626502810994],[83.612663593250375,28.022545229279046],[83.599609617190254,28.037517655315696],[83.59237653724756,28.040378397844904],[83.580093528393775,28.055050751591068],[83.583709649281047,28.059708576090031],[83.591514541563015,28.065288240759855],[83.590881541150338,28.073897964219839],[83.601875579594491,28.082513554856803],[83.6135255880356,28.098012029431743],[83.618049635682326,28.101457996789236],[83.625801555197768,28.099740041669747],[83.627098570942451,28.104330642745083],[83.623229652426687,28.107773593776471],[83.625823515742809,28.112938355320978],[83.631645586374873,28.118105127749573],[83.63940454578335,28.12040310961595],[83.650413504879509,28.133031620912732],[83.647842608449764,28.142786982633311],[83.654312599247191,28.144509127694221],[83.666580520175046,28.140494365222935],[83.664657543910664,28.149675733748268],[83.660148583290663,28.154264825761231],[83.664031583391022,28.157711464013005],[83.669853653123766,28.159431598189826],[83.69166554472929,28.161470245255771],[83.679565597374562,28.168611123104995],[83.664047508585838,28.166891157101361],[83.660819637616328,28.171481924551301],[83.667304549065875,28.178942657078096],[83.671203643433557,28.191567144808005],[83.678329600630718,28.19558408813532],[83.685439635331079,28.196158081330509],[83.691253657930133,28.190993319786003],[83.710006657581346,28.195010094940073],[83.696441552735621,28.19902670282022],[83.695808552323001,28.204765456660652],[83.701629615714353,28.204763613050432],[83.703582598758089,28.212225351019299],[83.708763620944524,28.216239947116037],[83.717178548551317,28.217959914018934],[83.722366612429369,28.224270649271205],[83.736595562635273,28.223691794340994],[83.728202595573464,28.229434571748243],[83.7282185216676,28.236893124318385],[83.732108562560256,28.240910067645643],[83.737937505811431,28.242055035911335],[83.748344644889585,28.25065470135354],[83.758026580562387,28.251232549043038],[83.769699554990609,28.263843289736201],[83.776817634126701,28.264411080307241],[83.787086639137272,28.270237843601763],[83.767791497579708,28.276469789249518],[83.745147618867691,28.2776274973113],[83.736732523986973,28.274764742099308],[83.727569595160844,28.269362772673958],[83.718292503696262,28.268126945002678],[83.703124611811575,28.270970925068298],[83.690147581745634,28.278220432926787],[83.68301357741484,28.270759031304408],[83.667732529232978,28.279889605221229],[83.654342606026603,28.278979665779104],[83.62348161188703,28.268291063182176],[83.61572265157929,28.271317768400422],[83.612487573442934,28.275332531771085],[83.611854571231618,28.285088397111963],[83.60863457922261,28.292548123297422],[83.613174552963414,28.303451637782985],[83.60736053036436,28.307466402052967],[83.597671552999941,28.321806664945768],[83.596382584388948,28.327542568834644],[83.58473157140503,28.33212730183368],[83.573753625429617,28.352203468615301],[83.573760498048728,28.362533158978238],[83.584136623106815,28.375738511623183],[83.582199565257895,28.380902434999541],[83.572486615565026,28.37974623600013],[83.567947648165614,28.375725603653848],[83.565353615776928,28.371132824420442],[83.56533852875026,28.35678836978758],[83.563384540264508,28.351621598258305],[83.556907507775406,28.346452813146925],[83.542663636917496,28.342418771009591],[83.535537509748451,28.34470971298299],[83.525184518850608,28.351009719323258],[83.516769591243815,28.36132817715378],[83.512885584802063,28.356160398383849],[83.516761544110125,28.348705533034092],[83.523231534907552,28.341828013552117],[83.536827652874024,28.334956362146556],[83.547614659289252,28.333508305264218],[83.565963651101754,28.335556171280416],[83.586662593903725,28.320649795052134],[83.592475611060763,28.311473287362446],[83.595046508389828,28.298850812315266],[83.599563516143519,28.289098969641884],[83.600189643937085,28.271883881735903],[83.59306351766736,28.266716102965916],[83.585487617959359,28.267622019740543],[83.580764583618816,28.260395143321375],[83.600173550569082,28.256389430727779],[83.622146543128622,28.245496979702011],[83.644493534948822,28.238408069177183],[83.662971608253258,28.226954533824824],[83.66802958429804,28.218538097155601],[83.664771538375931,28.207061595816128],[83.6576536256145,28.205337606245678],[83.651817641571085,28.193860097665493],[83.644691515301361,28.18582453467468],[83.624000619633023,28.186967155709794],[83.610427635826909,28.193274034669116],[83.611061642580921,28.180648542396455],[83.603286589804441,28.170891000719223],[83.616226572298615,28.174910793998095],[83.631088524715778,28.173770854741292],[83.635612573261824,28.170325892825815],[83.633918589571408,28.161382403075606],[83.628478568031653,28.15655157599457],[83.632347653821341,28.149668022061689],[83.632331561352657,28.141633129965101],[83.630386623643915,28.13646652481043],[83.621322602256441,28.126708984032518],[83.612914547268701,28.124985831730896],[83.607108570004641,28.128997746049265],[83.603225569904282,28.12268399357157],[83.596107657142852,28.117517052969788],[83.597389585860867,28.107759512191876],[83.591552596375379,28.092837209869458],[83.586379621322635,28.089389229829237],[83.574760626002274,28.09282430190018],[83.563041552325956,28.100398021651529],[83.566017631108934,28.090131363871478],[83.56962553668933,28.084762586624208],[83.562370497100915,28.074729952225653],[83.547889585636028,28.073281895343314],[83.542098529024031,28.076142973319691],[83.539939517594803,28.081511582393773],[83.534141588363752,28.080073918077005],[83.522750581973924,28.081469673087099],[83.552955607915123,28.06075564325846],[83.531875625060195,28.062197330242725],[83.542083609271288,28.056091617034667],[83.54714963065112,28.049650963021691],[83.550041556272959,28.041060350155192],[83.558715652305693,28.029610000201501],[83.569930638888025,28.025680899054407],[83.575714654707724,28.021029278078856],[83.581138583778795,28.021032295304337],[83.588371496447564,28.016027461098588],[83.597900547372546,28.004461943064371],[83.591438601910113,27.999295003361851],[83.579162633848625,27.992974544639651],[83.566253498100593,27.988946705126466],[83.547538552362482,27.986634808949418],[83.526878501641704,27.980874931832773],[83.50368460206289,27.984433720939592],[83.492477495340324,27.989791601101672],[83.485954529977732,27.990855599806252],[83.482345618056002,27.996579265720698],[83.492111541414658,28.00267894537717],[83.491882547042053,28.0080477208258],[83.479774552553693,28.007786876962939],[83.472679606678639,28.010071782686737],[83.463645592070577,28.019239405973963],[83.466873630313955,28.023834197890039],[83.460418559269272,28.027842088641648],[83.452667645195845,28.03815937285691],[83.447502549103547,28.037576496158522],[83.439758509447813,28.031823659834174],[83.43329656398538,28.033534574161422],[83.42684166111394,28.04270538194794],[83.419738499932009,28.044414285391099],[83.411338660251147,28.05013610679606],[83.401657561847173,28.051838974888938],[83.401000588206728,28.061018667077974],[83.396072531822028,28.064186523589342],[83.384216497693387,28.05581870157198],[83.380340538385326,28.062696557400329],[83.386138635789564,28.075333784027066],[83.396194573420985,28.088094394041207],[83.389678648850747,28.090943403115716],[83.366111587280102,28.081029623118752],[83.358360505932751,28.082732657586234],[83.34671753918326,28.097051966275387],[83.348647556239882,28.104517895084939],[83.343482628320828,28.106226796729402],[83.330947659107323,28.114948334698056],[83.328628553964734,28.128424591921544],[83.320732634103933,28.133601423267237],[83.318092501567833,28.138955447136311],[83.318878556700213,28.145184207385398],[83.30788451735674,28.149173992985538],[83.306587500712737,28.157205533308854],[83.30139960590725,28.166372316629236],[83.304626638708555,28.172120962112842],[83.298797528183513,28.176696809810039],[83.287155567775415,28.18125270964498],[83.287795609879652,28.186419314799707],[83.29801952018488,28.191201022709151],[83.292945618945339,28.197336910869865],[83.295524563408037,28.207101493339394],[83.280021561645924,28.19443207907733],[83.27484858659318,28.195564976642515],[83.264488554003719,28.204141676097606],[83.251525606421751,28.218447907744917],[83.235336629681854,28.229298448564691],[83.211234636069776,28.256736610406392],[83.204238595834681,28.251573525198182],[83.226905608707057,28.226357742815708],[83.239616597727945,28.213867365586623],[83.255226551364387,28.201383861875854],[83.260322581322214,28.192090007947627],[83.266128557686955,28.18960125289567],[83.300537611122024,28.136403493126863],[83.313743634661193,28.122221144890091],[83.290473628155553,28.123876068326013],[83.282081499261949,28.122133135436002],[83.266555532412042,28.129546760574669],[83.265258515768039,28.13527830634888],[83.254882557983819,28.150739899726716],[83.25291465518734,28.1679509649652],[83.248382560406981,28.172526980835642],[83.24451464733329,28.167927159910619],[83.247650651656386,28.146823036554053],[83.25556953930294,28.130084544366355],[83.256225506601993,28.123774814556214],[83.247215630696985,28.107679548972158],[83.239440577920504,28.11683627517408],[83.223258642872224,28.129409632848422],[83.210334587371449,28.129939536780341],[83.202590545917133,28.125891915779448],[83.198707545816774,28.129325646061886],[83.196128602253339,28.124724986968715],[83.189025610143972,28.124126016003004],[83.18319649871961,28.129845659249895],[83.174804537099874,28.125794852850333],[83.165115559735455,28.125186998381423],[83.169654528034187,28.119467186961231],[83.181930496095674,28.119510269883165],[83.190345591875712,28.114374343301449],[83.210357553358563,28.121332159651615],[83.225219505775726,28.121382116991242],[83.229103512217478,28.117950230319025],[83.231697542807524,28.111646535859109],[83.230430534741572,28.101885809682528],[83.223327542632148,28.100142038624313],[83.214904567891665,28.109295580326886],[83.210395607271607,28.103540900392375],[83.216224549623405,28.096675116163794],[83.22850755937651,28.090979445245353],[83.236900526438319,28.093873046304168],[83.239471591041251,28.102489809657129],[83.248474593427886,28.097799966595346],[83.256271606749408,28.099670976434538],[83.269195495875579,28.099711041231728],[83.265304616814774,28.106010543951584],[83.267883561277472,28.110611371217942],[83.272399561790508,28.114067396593214],[83.280799569644557,28.113518214793942],[83.293083584839735,28.110111642238621],[83.301475545560152,28.113577391083879],[83.314399602859567,28.1124654477224],[83.320869593656994,28.106169633122192],[83.311187657084872,28.095815971330182],[83.314422568846624,28.091807242410425],[83.328620506831101,28.106188743715677],[83.328636601098424,28.094136070123682],[83.336402602198518,28.082681695703855],[83.334464538008206,28.07636291511659],[83.344169607841309,28.067118177661939],[83.330619590921572,28.056265793231887],[83.349983632239002,28.059183701167001],[83.358390512712162,28.054039726552276],[83.348655603373572,28.048753093380697],[83.346130638018678,28.043681203025244],[83.339027645909312,28.042516454171164],[83.339683614107685,28.030465792362577],[83.357749633339097,28.044282353947608],[83.362914561258151,28.044867075155537],[83.371314569112258,28.036851629099544],[83.378417562120944,28.039165537060057],[83.387542605207216,28.038663460850159],[83.402023515772783,28.03332469218094],[83.408767594748838,28.027178074208905],[83.404251593336539,28.015690341236393],[83.41844953132096,28.023178062417799],[83.428787603365379,28.015736274109884],[83.435882549240432,28.008286773216128],[83.445571525705532,28.001993975841458],[83.448799564848173,27.996833069690581],[83.453956613806838,27.978477876153192],[83.454605541212914,27.9670013739144],[83.448799564848173,27.960104912012241],[83.441703612631784,27.958944687647374],[83.435249547928436,27.96352673976736],[83.429290516844048,27.970699301631612],[83.421050603602623,27.965796391190622],[83.430732540174745,27.954908970073063],[83.424926562910684,27.952029115151674],[83.402061569685827,27.953475161149925],[83.394096581891915,27.95990475170305],[83.390479622836494,27.968487484709783],[83.381065572718171,27.972048284700747],[83.374595581920744,27.971438250275185],[83.369438532062759,27.964541452925857],[83.36105361123532,27.961651708159934],[83.359748549256324,27.977143980110725],[83.343620594215224,27.971365159674519],[83.336517601206481,27.974789000112423],[83.337676651056768,27.9621207585663],[83.333312528950216,27.957567708682973],[83.312011598856373,27.963251477973472],[83.320388639824046,27.970160346023306],[83.317794609233999,27.981629973844349],[83.328109547118061,27.989118534093222],[83.324874635356309,27.995996389022253],[83.312614593388957,27.997109169652617],[83.302932655917516,27.995364393152386],[83.30746458432327,27.983323622087653],[83.304252637649256,27.977003164264772],[83.293266646338793,27.98672851830662],[83.284873511103797,27.986133738181593],[83.278427659009424,27.982093996141145],[83.273910652155053,27.98437890276432],[83.27196454173037,27.990110615812398],[83.271293653779253,28.004456745882237],[83.26484662896894,27.998698044179548],[83.253875555612581,27.99808817612859],[83.251289572156168,28.003820894618741],[83.246765522710859,28.006676777211624],[83.244193619939779,28.000929977136877],[83.2474365779359,27.992332490752005],[83.248100593267907,27.98257779992565],[83.253272561979315,27.978002956771206],[83.262954498551437,27.976884978958765],[83.268173573751596,27.971024184418695],[83.268783609076479,27.961405614977309],[83.275894648319536,27.953393186146741],[83.268165528416546,27.94877928363718],[83.261711630087802,27.950482989898205],[83.259742552776743,27.965971572829972],[83.253936577311379,27.966526622705601],[83.245902521584242,27.951095204280421],[83.239135643894997,27.946395471374046],[83.226882642719943,27.945781411583027],[83.234603549114638,27.954988095124634],[83.228141604551581,27.959559752880409],[83.215896649610841,27.954927075224475],[83.219093508358867,27.965840647727873],[83.219077582264788,27.97387520527667],[83.212608596909377,27.981887968654974],[83.214515647978942,27.995093322199182],[83.210632646979263,27.998523028914803],[83.196456502265903,27.990439522166355],[83.175765605698302,28.005285716662627],[83.169959630232938,28.00182298504285],[83.170638564418368,27.989772489608868],[83.175811538571793,27.985200664579168],[83.192611555179269,27.976651961918662],[83.203605595422061,27.968083309597205],[83.204917530020168,27.957184992293719],[83.199767520954481,27.953722929769526],[83.192024654914064,27.953122116092914],[83.164260605742527,27.961054748977631],[83.152648653013102,27.961584820183475],[83.146865641736156,27.954103134352295],[83.18237255784743,27.945052521856553],[83.206893648123526,27.942269395316487],[83.212699625387586,27.940568707180262],[83.228202625351059,27.932010783770806],[83.215309582071711,27.92623011972438],[83.215339588851123,27.915323588013337],[83.212776569583184,27.906135009623142],[83.224380645150802,27.906749069414161],[83.232742599091864,27.919974370820682],[83.242423530221913,27.915415789207429],[83.245017560811959,27.906242130570035],[83.248901567253711,27.899368300107085],[83.25922354593007,27.896531529007007],[83.261779522607071,27.910881681744343],[83.265632516827338,27.918356663129657],[83.271438661365266,27.920670571989433],[83.279823582192705,27.920120551122693],[83.286926574302129,27.916123723830935],[83.297370592778805,27.905759165852942],[83.306289609278224,27.900686102781549],[83.306945575677958,27.892650707064604],[83.309539608066643,27.885768830367397],[83.313407521140334,27.881763955941949],[83.319213496605755,27.878910254205039],[83.324363505671386,27.884090940044985],[83.316612593396655,27.895545481738736],[83.319824538271973,27.907030868379991],[83.304336625335168,27.915598681633981],[83.306259600700173,27.923638436364911],[83.321105627922577,27.915640759113899],[83.326263515948654,27.915655510693398],[83.336578622005959,27.920273436769833],[83.360435529676124,27.927218178776059],[83.35461463265932,27.939828752195297],[83.357841498186758,27.945575217722251],[83.374610500774168,27.950204039984612],[83.384933653065787,27.950227174144914],[83.393966494957965,27.940488407614055],[83.399787559248637,27.919844283886732],[83.40559353561332,27.908951832860964],[83.418685565586543,27.895519330352954],[83.421722496995812,27.888322627987009],[83.437843579417802,27.886630825152622],[83.415908640771306,27.91011876077232],[83.408164601115629,27.921007523678441],[83.40687563160526,27.925596281143612],[83.410095623614325,27.929618924373983],[83.425582531109058,27.929074937958148],[83.432678649700108,27.926792043118439],[83.444930646332409,27.919928269773948],[83.459121542625269,27.9142116446518],[83.467498585391581,27.902173051745081],[83.473304561756265,27.898166502782033],[83.483619498741064,27.897033437043603],[83.486846532441689,27.901056248447276],[83.479759632800949,27.914818493678695],[83.526191521221904,27.918320621000021],[83.53457660932321,27.916607695788684],[83.536506626379889,27.910870785558473],[83.534568562189577,27.898818447413532],[83.54294560405657,27.897678340882862],[83.543601572254943,27.910877659076846],[83.549415594853997,27.918345598770486],[83.559081606231302,27.916632673559207],[83.56423161529699,27.904582010851243],[83.571975654952666,27.905738042576729],[83.57907864796141,27.913779809091068],[83.588737617647098,27.906900110551817],[83.601646587020525,27.913792717060403],[83.614540635741889,27.911503955043656],[83.612602571551577,27.906338858051981],[83.59841150708553,27.902889035300859],[83.591957609656106,27.897718405679996],[83.58872252972111,27.893125626446647],[83.590003620271034,27.887388884389622],[83.606765582965465,27.883378980955342],[83.614494535594531,27.877646095191267],[83.619651584553139,27.87937226381905],[83.637702516757884,27.875933169080611],[83.63768759700514,27.869046597922306],[83.628639499913163,27.853547285179218],[83.645416549634206,27.863308850423266],[83.65057360039151,27.863884853603281],[83.650550632605757,27.852981170944417],[83.653121530834142,27.848390402595157],[83.659561513952895,27.843227821007304],[83.673080517751828,27.836339908060438],[83.682754576262823,27.839210710406121],[83.682121574051564,27.84609744973767],[83.665374532009196,27.853557175923072],[83.661537632056252,27.865607669558472],[83.65189358212325,27.879954135974742],[83.655120614025293,27.884544904324002],[83.662856608345976,27.884547083381335],[83.669303633156289,27.882251950567195],[83.677040632019725,27.881677958271325],[83.682212601630397,27.888564864876741],[83.675132576407464,27.89545043059303],[83.671279583086459,27.902337169924579],[83.675155542394521,27.908076930106404],[83.693855568379945,27.906354113251894],[83.702224563113248,27.901761165845244],[83.713828637781546,27.900037176274793],[83.720909502072004,27.893724429239171],[83.719604607366875,27.88683668356623],[83.711845647059135,27.878231319120232],[83.719566552554511,27.871916561200464],[83.718887619268401,27.856421942918473],[83.724685549398771,27.855846106113063],[83.727279580888137,27.861584859953439],[83.735031500403579,27.868466736650703],[83.737647659711911,27.883961021284222],[83.743453636076595,27.886253806867842],[83.749191551748879,27.859852991422542],[83.753684587174121,27.85526004311663],[83.762718602681502,27.858697126071661],[83.764686506377302,27.870745442448367],[83.769866522222401,27.87820516773445],[83.775024578421721,27.877053326849705],[83.781455508964711,27.871310550341775],[83.795555546751245,27.846048498739378],[83.803298580964906,27.849485247146561],[83.803985562284026,27.861534736239207],[83.818153659863697,27.858079045411785],[83.837493560679434,27.859207081241948],[83.845191501087072,27.847719348269436],[83.863227511740433,27.844825579936696],[83.87673964292037,27.838497745874406],[83.888328629662681,27.835605821151887],[83.892181623883005,27.832159014726869],[83.888931624195266,27.824704485723601],[83.883766528102967,27.822415556432929],[83.877960550838907,27.821850614914069],[83.864440541597901,27.824738516069829],[83.856079593098912,27.828764177425001],[83.850273615834851,27.826477258119098],[83.85927561277947,27.821299421331389],[83.862480516862547,27.817280801667778],[83.862457550875433,27.811542047827402],[83.855361598658988,27.809255129420819],[83.840560498868115,27.813865009262884],[83.836082551368804,27.824202410413079],[83.827087596115803,27.832245180570794],[83.812911617777104,27.831110103948276],[83.808883610989994,27.825039427427782],[83.813522659443322,27.821928399076512],[83.814147613621628,27.815615820214077],[83.826362560883638,27.80814318605934],[83.823753609641528,27.798389500675057],[83.81858851444855,27.79380258771937],[83.810844641167421,27.79036801926884],[83.805046542863806,27.789798887808558],[83.794113524319869,27.797269511079207],[83.794792625779223,27.807023029189565],[83.793525616813952,27.81391295302052],[83.781959596958018,27.824252533227991],[83.75620251083734,27.831728018233605],[83.745887572953279,27.831160227662508],[83.745223559419912,27.824849493309614],[83.758102521114608,27.820824502848666],[83.767120611427231,27.819670650180512],[83.776130653706844,27.815646833334824],[83.779983647027848,27.811054053202156],[83.780578594426743,27.794410611260844],[83.783134572003064,27.788669845637003],[83.792137574389699,27.783497037858126],[83.812095555865369,27.780610143043816],[83.821716639811257,27.767401940447314],[83.828140529561949,27.762803963132512],[83.832023530561628,27.7673908760882],[83.827545583062374,27.77600344860042],[83.826927500603858,27.785184986198317],[83.834045580639213,27.7932108257192],[83.841140527413586,27.796075759988469],[83.850799497099274,27.794340874232091],[83.865585508964216,27.78686019294372],[83.862327631215351,27.775961372019822],[83.875846635014341,27.775942595974186],[83.88423960297547,27.780520457253431],[83.884941503148013,27.794866753697875],[83.88947259158698,27.80059846674601],[83.906196501267686,27.793683899692383],[83.916496519399004,27.792518648117266],[83.91776252202294,27.787351874789351],[83.922256562890254,27.782181078793883],[83.943557661157286,27.792470704359687],[83.944236595342772,27.799930429645769],[83.950675573019453,27.799919366185918],[83.957092591050412,27.794740691230061],[83.964172617172721,27.792430805937101],[83.9686886176857,27.795289537582221],[83.969367552770507,27.802175270572434],[83.976501558000678,27.810768063395528],[83.976524523987734,27.81650882812005],[83.973358511985907,27.82799237115114],[83.976631644934628,27.837740022084517],[83.981803615444676,27.842321736958752],[83.986267648633259,27.831406152671946],[84.001098587929675,27.83366993691817],[84.008178614051985,27.831931026695656],[84.008796528337257,27.826764255166381],[84.006164610208771,27.816439929259445],[84.006126557195046,27.809553021754709],[84.013152603310175,27.796911603387912],[84.018279646388748,27.792306920727924],[84.029258597806233,27.796871537691459],[84.028015561169354,27.804908274297588],[84.032546651407017,27.80949015824433],[84.039268601664787,27.803251339977521],[84.042152647426917,27.797985661009591],[84.049903559701704,27.802555474255882],[84.055061615901025,27.803115384967214],[84.061500593577705,27.801950467939889],[84.068557653712901,27.797338578113056],[84.075645558795657,27.797319634793439],[84.075576659035733,27.785266961201444],[84.083923525950127,27.78007738916034],[84.090400558439171,27.78637203104455],[84.090438612352216,27.792684945354097],[84.105239543969958,27.790916865621],[84.106574613627686,27.798372401864981],[84.122032519785137,27.797750464012836],[84.12531252625223,27.807497276778065],[84.131103582864228,27.80632934162594],[84.129135511894503,27.80059846674601],[84.134284514618798,27.798860395590907],[84.130302607979161,27.78108120613291],[84.135436523676788,27.778195316760616],[84.156181566626174,27.798784455938062],[84.158042516649004,27.787300912906971],[84.15285462184346,27.781579258775935],[84.161170642911031,27.773514527173859],[84.166366584850152,27.779234336795355],[84.172828529413266,27.782656332723718],[84.173522550625364,27.790687704873847],[84.181960613291835,27.799840408408272],[84.188384503042528,27.797521637813475],[84.190254505641064,27.78775789531079],[84.201248544984537,27.794029570308567],[84.209556519817681,27.784241016409908],[84.21344756705173,27.788240860027827],[84.213508587851209,27.796852763444406],[84.225799642939307,27.804264376799665],[84.228988621827625,27.79965952686581],[84.230842531058101,27.788174140224555],[84.239211525791461,27.786994136170563],[84.244125500591565,27.799741501868937],[84.253501497696107,27.803003235011431],[84.258697606909209,27.808721034648158],[84.267021506937169,27.802371240040827],[84.271552597174775,27.805221421831277],[84.277320518727095,27.801179500733497],[84.269538593331561,27.79375279855293],[84.267562643401448,27.788020080962099],[84.262359659770652,27.781733318038334],[84.270065647311924,27.778252481267145],[84.275871623676665,27.77937733259796],[84.286247582360204,27.788515953648471],[84.290069561661085,27.78275926282987],[84.287429598197548,27.77530959466219],[84.275802556642816,27.770195795899383],[84.259597655607479,27.756492222438283],[84.244163555403929,27.759426055568156],[84.231262632264816,27.75661040684497],[84.220306645935125,27.756078492028905],[84.2131805196654,27.74921974769336],[84.202186647595852,27.742948910863674],[84.196395590983911,27.743543858262569],[84.183547642409906,27.748182739442029],[84.164199528085931,27.743086038589979],[84.160941649437746,27.737935024082219],[84.143585578411887,27.742012987309636],[84.147529599311724,27.75462523706517],[84.134025514366158,27.757539289606655],[84.126319527724206,27.76158322338722],[84.119888596281839,27.762752163081984],[84.115325655654658,27.753582528011407],[84.096664521750427,27.756507476738818],[84.099151599566824,27.741006991279789],[84.106857587108095,27.738116072898606],[84.094604585033721,27.73470732128601],[84.077857542991353,27.733609291335881],[84.085639636560131,27.742769872931433],[84.077911522099214,27.743366832113736],[84.069572535044642,27.74912872011447],[84.065093581203996,27.75373256460631],[84.067062656716416,27.760040113560535],[84.045196618729108,27.766413881395636],[84.041305572394435,27.760685185572981],[84.041267517582014,27.754371433095287],[84.03674363720927,27.750938709154241],[84.026420653090838,27.746950598991077],[84.018722545409332,27.753280444836776],[84.009635557135425,27.738957112580806],[84.011535565613997,27.7332121570156],[84.002494510213637,27.726922712313467],[83.987708498348695,27.732121336030957],[83.97486859600906,27.739608889938438],[83.990363548838843,27.74875857624744],[83.987831543591028,27.756797323737658],[83.982040655152275,27.757385397618123],[83.97108450244798,27.755687223986342],[83.958228505841021,27.762024948792487],[83.931167532255984,27.759210138237449],[83.926032610216964,27.762663984555388],[83.920341632860243,27.762508081682768],[83.896377604243185,27.755252203926204],[83.880912658192756,27.75355151489066],[83.866752605948193,27.754720288210876],[83.85900856539314,27.750713571074584],[83.824233558032461,27.750755647655183],[83.781234561725796,27.748256500037598],[83.736633617447637,27.742212980344902],[83.730842559936377,27.742214823955123],[83.721839558449005,27.747381763657586],[83.716079514058492,27.761732084568166],[83.712203553851111,27.757141148945038],[83.710868653265891,27.737055258693374],[83.708267580084907,27.72729738336767],[83.710189550907216,27.722134633606572],[83.718543625887776,27.716965849394569],[83.739799630348841,27.719254946858428],[83.739135615016778,27.712368040253011],[83.729461558304422,27.706632470911927],[83.723022579728422,27.70606233400963],[83.70951061672173,27.708360484049251],[83.697273540741492,27.703197735187473],[83.685691594791422,27.707792527103607],[83.663803596259129,27.705492531655182],[83.647712520616494,27.707786323580137],[83.630988611835107,27.713520049310944],[83.61361661471517,27.716957132265975],[83.621368534230612,27.73417741735409],[83.615569597758906,27.736472047447194],[83.608474652783173,27.725562663985897],[83.60009761091618,27.719245727008854],[83.576278588985872,27.722100603260401],[83.576286636119505,27.727835668981072],[83.572433641899238,27.731278451839216],[83.545570648666683,27.746341738180831],[83.537040552979306,27.757070238301026],[83.549270588167246,27.7559354962263],[83.555068518297617,27.760530288142434],[83.560867622043304,27.759389176169691],[83.571807514105672,27.752512326682677],[83.580825604418294,27.755962485780231],[83.5776136586436,27.761697048779922],[83.562164637787987,27.769721714685545],[83.557670596021353,27.781193187915449],[83.567329565707041,27.78120324593317],[83.576995577084404,27.784653069583612],[83.566055516848792,27.795547533292165],[83.569930638888025,27.800716316604849],[83.575080647054392,27.800720340171722],[83.580879582626778,27.796707755858392],[83.588615576947461,27.804748179684907],[83.594413507077832,27.803030392738549],[83.604064597803131,27.796720663827728],[83.611793551331516,27.795005558659739],[83.618247616934127,27.799598506066332],[83.618255494995253,27.808782055447637],[83.623420591986871,27.812800842385116],[83.633079561672616,27.812804865052613],[83.64016763402924,27.808216275760685],[83.654983653572913,27.808220970221726],[83.665283504430363,27.805925167412681],[83.673660546297356,27.806499326982475],[83.677535500163344,27.810516103035866],[83.673034585777657,27.815680863681052],[83.658218566233984,27.817400830584006],[83.642768539037036,27.825430359123914],[83.631828646974611,27.835758874972271],[83.626678637908981,27.83575703136205],[83.618293548908298,27.832884217232959],[83.609290547420983,27.846080518201518],[83.594467654358937,27.847793610686722],[83.590606613904242,27.85180820768278],[83.58932451791236,27.857542937956339],[83.58223761917094,27.860409884908393],[83.577079563870939,27.860406028615444],[83.571273586606878,27.858105866792471],[83.563545640319205,27.860394965155649],[83.559028631666195,27.855226180044326],[83.556442648209782,27.847190617053457],[83.550636502772534,27.845462603916189],[83.542266501697839,27.852914115694034],[83.53775050118486,27.850614456592041],[83.53838350159748,27.830527226350569],[83.535797517241804,27.824788305236268],[83.531288555722426,27.821339654301767],[83.522270633583048,27.825346538711926],[83.518402553235433,27.819603594930129],[83.511306601918307,27.815005953062439],[83.497772510193329,27.81326385834052],[83.490692652244263,27.8149769517251],[83.484893549397952,27.818413700132282],[83.47651650663164,27.827010347449743],[83.469428602448204,27.820685530612877],[83.472000505219285,27.813227816210883],[83.497772510193329,27.800065545588609],[83.529975614782984,27.789772903696701],[83.532516505332637,27.78421620501399],[83.531898591047309,27.777726264555611],[83.524810517791309,27.773125773635684],[83.486808645802512,27.76791273288643],[83.478439651069209,27.769625658997086],[83.468131585804201,27.777070465429802],[83.461044518889594,27.779927352565437],[83.44301554902853,27.779322347148764],[83.43721761799884,27.782181078793883],[83.433349537651225,27.797670668966362],[83.428192655966484,27.801677386102654],[83.416595622090426,27.801082438703702],[83.412086660571106,27.796482617778736],[83.413383509041864,27.786154101031059],[83.407585578911494,27.7827002538138],[83.399856626282428,27.783259327256303],[83.394058527978871,27.785542054822088],[83.385673608050752,27.793558675392717],[83.369567612655374,27.794671624196269],[83.363120588744323,27.79982347687212],[83.371490588919698,27.80844812008479],[83.369552525628706,27.81361003077842],[83.353446531132647,27.812998990011522],[83.345725624737952,27.799779554882718],[83.338645598615642,27.795171687723325],[83.332206620938962,27.793434622010352],[83.327056611873275,27.788830108422928],[83.31611655163772,27.783062185071913],[83.3174206081747,27.767569745847254],[83.309051613441341,27.766976976606315],[83.300018604275351,27.777279510141398],[83.287132600888981,27.780112424948584],[83.296783525239675,27.789895782564429],[83.29484562832323,27.794483700962189],[83.287750515174309,27.798477678302334],[83.269065577114873,27.798997356043287],[83.253562576252079,27.819611809337687],[83.256133640855012,27.824784448943319],[83.277397524276466,27.823126509181179],[83.283195620781441,27.8265863908494],[83.27867861392707,27.83001928296369],[83.257400648920964,27.835118161973753],[83.257369635800217,27.851760263025881],[83.251571539295242,27.851169339193802],[83.246429575564605,27.843118521003078],[83.238708501895985,27.837928949861293],[83.205840545604872,27.837819817130992],[83.203246514115506,27.843549685669586],[83.174880644925963,27.848615540674814],[83.165191500287676,27.854316073328278],[83.161956587626605,27.860615912394564],[83.156165531913928,27.856004188942336],[83.147140568982252,27.856542139108569],[83.140678624419138,27.862253736121147],[83.136825631098134,27.856502074311436],[83.125892611654876,27.848424601114573],[83.085311627929457,27.841939857838327],[83.092422498999269,27.835658962990919],[83.12787660781936,27.832364035871706],[83.148513525279157,27.82613443835379],[83.162696542611513,27.825612413382316],[83.182037617042567,27.819947588310697],[83.187202545860941,27.815945900183294],[83.19109359309499,27.806777270554733],[83.189178494891792,27.801031476821322],[83.17950460635268,27.805011371677608],[83.167930539363056,27.795791613792062],[83.159561542831113,27.793462617905618],[83.152465592413307,27.79745156623693],[83.141479599304205,27.807167030434243],[83.133102557437212,27.807706154215794],[83.121513569795582,27.804790257164768],[83.113143568720886,27.804756394092465],[83.107978640801775,27.806457250401934],[83.101524575199164,27.811020861024076],[83.084060545058264,27.831032319785891],[83.075683503191271,27.83099611038233],[83.080886653196671,27.817244592264274],[83.077682587281743,27.81149192411317],[83.070617648186101,27.805149337572004],[83.051299540641423,27.802190525772289],[83.045455510363695,27.814216043435806],[83.039009659168585,27.814759859879757],[83.028068592591637,27.811264942423293],[83.028694554010599,27.81700671258983],[83.023536497811278,27.818127709426392],[83.013908541246337,27.808902084363865],[83.008781499067084,27.801416541340473],[83.008163584781755,27.795099770737977],[83.012084638795216,27.781920234031702],[83.005020538766985,27.777293590826673],[82.993415625930538,27.778958236833319],[82.977279623755805,27.78633699435693],[82.961082601680857,27.788243039085103],[82.949607609403813,27.780453233829803],[82.945724609303454,27.785025227032747],[82.948013538594068,27.791263877126369],[82.954650496623287,27.798152460068138],[82.966903498697661,27.801202300346006],[82.979789501184712,27.801271367379854],[82.988799545262964,27.804187262632183],[82.998428507269978,27.812269093943655],[82.999046588829174,27.819159688668833],[82.995803629933732,27.823159365912147],[82.984191509031064,27.826544480643406],[82.971977568110447,27.819596554137831],[82.955192639428901,27.825821289920725],[82.959037585616272,27.831007173842124],[82.956443554126906,27.835585034222106],[82.940528499191032,27.830027161924136],[82.937988614982771,27.836373101137838],[82.942237569008739,27.840673855214391],[82.948028625620736,27.843000503870314],[82.962196556825802,27.844795572258022],[82.964103607895368,27.851119214580251],[82.951187597729586,27.856790075901415],[82.933761620602468,27.861286966720286],[82.936950600390048,27.867617650734132],[82.945342562009785,27.865368786240651],[82.961456602740213,27.866026765323113],[82.971115573325221,27.868372692745709],[82.983367568158883,27.86786357574357],[82.989204557644371,27.860430839112098],[82.989219644671039,27.855264066683446],[82.982803633880735,27.84892248558441],[83.013770575351941,27.841613634162002],[83.040206594758729,27.840017719742093],[83.058891532818166,27.84067771060802],[83.069824553160743,27.847038569574465],[83.060150494649747,27.849290452192747],[83.052863603772437,27.854720249340176],[83.04016150005333,27.85034741010503],[83.027915539670573,27.850864406067615],[83.009200593932405,27.855365152280115],[83.007247609989349,27.860520861248915],[83.013671500639418,27.865715628673456],[83.046539626003096,27.868740657555463],[83.055541622048395,27.873946322964571],[83.053588639004658,27.879677029671313],[83.040672628838934,27.885356942668921],[83.04906458955935,27.891954506795173],[83.049659537857565,27.896875354214387],[83.047058632849769,27.903177036890895],[83.034728518406553,27.921484453944515],[83.037292542217187,27.926659106232933],[83.043716601040444,27.932429878636128],[83.058532619684797,27.939384512285528],[83.092712513272033,27.940679516246803],[83.086875522887226,27.949840265116279],[83.079765658158749,27.954399853070925],[83.071388616291756,27.952068175406112],[83.063583554937281,27.954901929280766],[83.054603519437023,27.954861862684936],[83.035278539273349,27.946740470196687],[83.030738564633225,27.951881259412744],[83.034599605087863,27.955341811075868],[83.044265614666529,27.95825485817528],[83.047470519648925,27.964584535847791],[83.035842640825365,27.966826526822899],[83.032592642036946,27.974270159640298],[83.024864526676708,27.969643350060721],[83.017692634807418,27.988547559022777],[83.035125652726833,27.986335742100948],[83.038978646047838,27.990943441986417],[83.027992652938735,27.994334424794033],[83.022132529292946,28.006929743013359],[83.028572513311019,28.012127528562758],[83.022094642653769,28.016115470552677],[83.033042581849827,28.023054009934754],[83.027221517559155,28.026469971412212],[83.030395576694673,28.040257530760584],[83.022636617286196,28.042514275113831],[83.015571510916629,28.033299546237231],[83.013656580886675,28.028124055780665],[83.00272356234268,28.017168237624219],[82.990455641414883,28.01825537138842],[82.996246529853636,28.024023125666872],[82.993637578611526,28.029174979242043],[82.996833599191405,28.037225461985599],[82.993057550965375,28.05413494497185],[82.98774761635957,28.04865921585025],[82.986473565702681,28.044061239434768],[82.981323556636994,28.040017473827504],[82.978065511614204,28.046313289326974],[82.972923548782887,28.041696368692612],[82.960639535386406,28.045075114425117],[82.957389535698667,28.049650963021691],[82.959937634314542,28.057123763550976],[82.957328515798508,28.062273438068871],[82.950263576702866,28.054201832948365],[82.943244571380035,28.051198093717176],[82.934112654775333,28.055838819406119],[82.928314558270415,28.053514014360417],[82.929305633648255,28.047870142593126],[82.93620259917077,28.042533385707316],[82.969077597153557,28.035937497917359],[82.972968644387606,28.030791847865657],[82.967819640763992,28.028471067286091],[82.971717560617094,28.023325080887901],[82.971122614117519,28.01127257456983],[82.960807508060213,28.0077726272051],[82.955612571563108,28.015205363836628],[82.943954517786949,28.023180242374451],[82.940040504565786,28.031766662601513],[82.93359364792866,28.030007805416005],[82.930335602006608,28.036305463626377],[82.925804512668265,28.039151454576086],[82.92063153761552,28.039121447796731],[82.91419255993884,28.036216447830952],[82.904495536340107,28.038457600637912],[82.900596610145612,28.044175233000772],[82.883148505199529,28.046945117023654],[82.872817641221332,28.046308260318085],[82.867668637597717,28.043410300245284],[82.841148632303714,28.05071194360147],[82.8572536213577,28.058269570884136],[82.860443604788713,28.065748240389098],[82.839179554992654,28.057009602711162],[82.835250622018748,28.065596192010787],[82.838455526101825,28.070782075932186],[82.839057515192337,28.07824481934307],[82.847427516267032,28.083463728168681],[82.866790550343808,28.085872519101599],[82.875152504284813,28.092807203090103],[82.873184600589013,28.098533887129349],[82.882835524040388,28.105478629135575],[82.889236615977211,28.116419359366091],[82.896331561852264,28.119901201579353],[82.902145585350638,28.119934227382828],[82.909919632685046,28.115961204246332],[82.91440562821731,28.123447081817517],[82.909187557559903,28.132026463050977],[82.91496252080384,28.141240185586241],[82.922721649284824,28.139561123447209],[82.9337465335758,28.132735404015818],[82.945320600565424,28.144275106111422],[82.934982529420381,28.143645122024907],[82.909721652332564,28.155557483391306],[82.903877622054779,28.160116399552351],[82.894737659215764,28.177279688307124],[82.88955663702933,28.178971659314755],[82.887000660352328,28.172644997968405],[82.892867656617227,28.163496150726928],[82.894210605235401,28.154896486184043],[82.904601650945608,28.14519996530629],[82.902061598564103,28.136578506592969],[82.888496493718378,28.134204416900445],[82.891754539640431,28.129058765949424],[82.871780632070681,28.119186057990305],[82.858909549336374,28.10878059614771],[82.851783591239894,28.112755461995107],[82.836158549677464,28.133319623402031],[82.833618498195278,28.125842798406552],[82.834945520719373,28.11953927122056],[82.840835652043893,28.106951497413831],[82.840866496991396,28.10121190540525],[82.824020548409749,28.10914252560724],[82.832473529929644,28.100012789858511],[82.829940519239756,28.091388146645784],[82.815116619836317,28.084983533863124],[82.806640504156121,28.098125855723822],[82.79041263713367,28.110651436015075],[82.793228621303967,28.120365055702905],[82.780677558722516,28.117473131879649],[82.774825648584965,28.12432299091347],[82.762519507369518,28.128831616985678],[82.781249540134354,28.129531840821926],[82.776687604949188,28.135812401121541],[82.76374862879635,28.138594354945667],[82.76821853006129,28.14665690659109],[82.767532555982825,28.152393650446754],[82.757888505150561,28.144871897120481],[82.754707573395933,28.136813368142555],[82.749557564330303,28.134482527746627],[82.742370585434344,28.146484911249786],[82.734565524079812,28.153320687799635],[82.733222576360959,28.160196362772069],[82.726783597784959,28.156708486107902],[82.72092464775443,28.162981167447072],[82.725959656912778,28.169820966664417],[82.716972579720959,28.17385584786922],[82.720168600300838,28.179042569958767],[82.707221577014309,28.181822511999485],[82.709762634837887,28.188727355583126],[82.701332619305106,28.192110963050652],[82.705146553270993,28.201318818408879],[82.70964059413825,28.205940431705699],[82.708908519013107,28.218563074926124],[82.712730499213308,28.227196770714556],[82.716583659808236,28.230666544025951],[82.723686651917603,28.233012471448546],[82.732055646650906,28.238808054348397],[82.743659554045337,28.244052946386489],[82.741035515776616,28.24977359507551],[82.746185524842247,28.254398561044923],[82.752639590444915,28.256166471705455],[82.770751541650498,28.256858482033465],[82.772659598162079,28.262611318357813],[82.751930648580753,28.265913955364908],[82.757690524798022,28.2757105563972],[82.767974616835261,28.286681126133203],[82.774375540598896,28.29820071129393],[82.773033599221378,28.305652557619567],[82.752471616871787,28.282561252699793],[82.745979497356075,28.285386290345173],[82.739540518780075,28.280753443616675],[82.730544558085057,28.270934714765417],[82.72409853871676,28.266874185795189],[82.726768510758347,28.254840622796621],[82.726173563359396,28.247949859898256],[82.710075615097708,28.236359196819649],[82.704917558898387,28.234028357322984],[82.695869629979597,28.233389488834007],[82.697845579909767,28.22766666108771],[82.697250633410192,28.220200898652706],[82.692176563997407,28.206966544670422],[82.684356582890132,28.201601790990026],[82.677055610428226,28.20411870921123],[82.66720553300911,28.213356236801019],[82.653739502875908,28.221491041778279],[82.651901518840191,28.230773664073467],[82.646026642715526,28.237616146867822],[82.638252595381118,28.23985310973336],[82.631713536650579,28.24841170313772],[82.621971587419011,28.254076696382583],[82.619338495675208,28.259794159672879],[82.613471499410309,28.265486980639764],[82.600479548692363,28.271698810252019],[82.592636601598031,28.281394492062304],[82.591918608057483,28.290570161583844],[82.585426655815695,28.292810979843011],[82.58223750965351,28.286477277704364],[82.57774363606012,28.282422281363324],[82.577789568933611,28.276684701138208],[82.588210622322549,28.268733963102079],[82.591522647352463,28.259006260930335],[82.596725630083938,28.255601364711367],[82.60708649994217,28.254535522396566],[82.618820494270551,28.242575049099401],[82.628562611675363,28.237485221765724],[82.633788561293215,28.230637375414688],[82.629287646907528,28.22716072858492],[82.637084492955125,28.223200783389586],[82.640991633557178,28.219214852283756],[82.642990550373781,28.211195215387022],[82.65338863597691,28.204387768380968],[82.657966496356892,28.197534892121723],[82.663146513101253,28.196998952839522],[82.668991548821054,28.193023918818938],[82.656089621139245,28.188912093418537],[82.646430650554237,28.183675414888626],[82.64646954263543,28.178509816075291],[82.659362585914778,28.18377247781774],[82.683952575950798,28.181081550673184],[82.692420645396624,28.171386036136823],[82.68148762505399,28.163849363957127],[82.691841623192545,28.162775475408012],[82.69638863772559,28.159364542939443],[82.695144595646752,28.15246791286404],[82.699684570286877,28.150205804954055],[82.703590537273612,28.14564219433197],[82.699111583432966,28.140399145903984],[82.712097497901368,28.130780577361918],[82.719192611050346,28.132552678863192],[82.723770638704195,28.124551985286018],[82.712821526792197,28.119882090985868],[82.723190611057987,28.114790252768103],[82.7368236093223,28.105127594962653],[82.719421605422895,28.099268980379293],[82.731727580263794,28.094764208801337],[82.738830572373161,28.094813159799628],[82.746566565794524,28.097160930832445],[82.762092532644431,28.094396075818395],[82.754653594288129,28.085103396404747],[82.757659511677275,28.080594770332539],[82.766036552644948,28.082942541365355],[82.773155639021695,28.081269848225077],[82.756431562966441,28.070255189225747],[82.774505628432166,28.07152404180124],[82.780303557663217,28.074430048108354],[82.788703567315963,28.07391187763119],[82.791320563893066,28.068190224399473],[82.777847661140811,28.054327897214819],[82.779838530823724,28.045159267586257],[82.767555521969939,28.047947926755569],[82.747566527373522,28.043221371569189],[82.715194611042648,28.055624744786257],[82.692565652083317,28.060055586696137],[82.689292518235277,28.066343355061917],[82.680961577415019,28.057102642073403],[82.671226499903185,28.063917465318923],[82.641456494022123,28.072304061583338],[82.636909646762945,28.075142006298677],[82.633315653694638,28.081246714064719],[82.62781561679742,28.081956661370953],[82.608314616826249,28.097878087104164],[82.589507637167856,28.106909755381025],[82.586959538552037,28.102300713707109],[82.591522647352463,28.096596995654977],[82.59932753963443,28.090342253092672],[82.607749508932841,28.087539512338765],[82.620284645420213,28.072688958828508],[82.632476625795789,28.063627282872972],[82.642173650293898,28.062553394323857],[82.644042645651723,28.056152636934769],[82.657722583130862,28.055782660341663],[82.677146638007116,28.049043106754141],[82.682975581258233,28.045638209635797],[82.686530514072103,28.039680353065989],[82.693313653302596,28.045140325166017],[82.701705614023012,28.045773159204089],[82.708824532226515,28.042954156908934],[82.701835533683095,28.026836092611745],[82.719840532115029,28.037292683610588],[82.733459616068615,28.028206030783849],[82.730911518352059,28.02359598366786],[82.735443613132418,28.02133404393112],[82.74508665672397,28.027138009411772],[82.763175641942496,28.025536058742262],[82.770904594571562,28.028457822970324],[82.779960570623984,28.026222033720046],[82.783882630978781,28.018213293908502],[82.794158508608461,28.011374665608457],[82.795570525159746,28.006809714097187],[82.791068604432724,28.003912761265042],[82.758788553848831,28.004848013924857],[82.75366251711165,27.99964821569273],[82.758201652684306,27.996236111407541],[82.771110622057734,27.996322277251409],[82.803428559280746,27.988496597140397],[82.812499622359837,27.981666686868266],[82.822921513017548,27.966236609332213],[82.826812560251597,27.962818636970667],[82.834571519660074,27.959997791065348],[82.85909260993617,27.958424842632496],[82.873947521561036,27.955641883366354],[82.896591569345617,27.943721475765642],[82.909545631625747,27.934037695583299],[82.916656503594936,27.93120980888574],[82.914749620698615,27.924887339279451],[82.906356653636806,27.926560032419729],[82.881126622395868,27.940763502134075],[82.857871534743708,27.945790296884809],[82.850776588868655,27.945748220304267],[82.828788510181766,27.955370813312527],[82.815223572609966,27.957581791166888],[82.804908634725848,27.956942921778534],[82.795905633238533,27.951718146675262],[82.792724533310718,27.938022620347795],[82.787612578158132,27.936172733784758],[82.78529364118873,27.94135845043229],[82.781730493967302,27.949332321729401],[82.772659598162079,27.955010893837823],[82.770049640578634,27.960158722946858],[82.763564562754539,27.964707414715576],[82.739753587058544,27.962750575378891],[82.729392549027068,27.96103161481733],[82.721633588719328,27.963846592646291],[82.713195526952177,27.970675162029238],[82.705451653671048,27.970619339311213],[82.695823529832182,27.96366370021974],[82.686439653767195,27.968222449106861],[82.683662561678034,27.97247509215191],[82.676422609116287,27.969837306846387],[82.671241586929852,27.972098409314299],[82.656402601399122,27.971985421190368],[82.642814529666964,27.977049096238943],[82.624725545347815,27.979780088180689],[82.622749595417645,27.984929593625964],[82.61563151538229,27.98774473962817],[82.607276602233583,27.98308993415327],[82.602737633035474,27.985349694832678],[82.592414648917099,27.984693726634305],[82.578826578084261,27.989177543109292],[82.564628640099841,27.989636368223955],[82.558753595801988,27.997048317026326],[82.56001255763357,28.001650987902906],[82.56897750700648,28.00975662426896],[82.576705620568077,28.012116465102906],[82.56893962036736,28.014923396697554],[82.558624515209374,28.01311743212392],[82.536659569783467,28.014658528368557],[82.534004519293319,28.023819109964109],[82.539810494758683,28.023867054621007],[82.548133556618495,28.032542659716114],[82.56619253595693,28.034411488699391],[82.563545530801775,28.042428277443207],[82.552566577585651,28.042911242160244],[82.525466543746177,28.040389462204075],[82.527351634270644,28.046718135333833],[82.53311955672234,28.0519338578614],[82.537544532354445,28.062872577207827],[82.528457543181219,28.068535223222113],[82.5217815239983,28.062031535726931],[82.519508519902445,28.057556773626345],[82.509803617343209,28.059769764163434],[82.509094508205123,28.06722429316676],[82.503227511040961,28.072914096908164],[82.514602592236031,28.101629825755992],[82.514556659362484,28.106869688785252],[82.509368596383752,28.109121571403534],[82.501357509341744,28.095483208683277],[82.488288612629503,28.081967725730124],[82.48239160868593,28.09167229284219],[82.482322541652138,28.099130846311652],[82.474586548230775,28.097341979648775],[82.471313581656602,28.101906763886177],[82.464164656673745,28.107006650136952],[82.468635564280021,28.112785300601274],[82.479537570602588,28.119775976380367],[82.461456631618432,28.120184175059762],[82.457984511975781,28.128005831604014],[82.445899651647778,28.125783789390539],[82.447235560372974,28.121204085400336],[82.445350637122374,28.114874238655318],[82.433662575667483,28.121082043801437],[82.427909572968588,28.114717162167437],[82.420699628085515,28.12498298177934],[82.4186856242423,28.132996416951244],[82.406417535141316,28.132310441973459],[82.404434545318168,28.136884446060492],[82.394332506640012,28.129710543307056],[82.389480558980779,28.145352012785281],[82.381713552438669,28.146427914017181],[82.39069358793887,28.153970620647783],[82.389991519593138,28.159704512753194],[82.397064504923151,28.16321518902987],[82.402885569213822,28.163271348094383],[82.408080504811608,28.160446478622248],[82.407989645405962,28.170202009415334],[82.427261651903848,28.182431372809731],[82.42721555175649,28.187594289844753],[82.420715553280331,28.190980076369556],[82.410461636195691,28.181702483083257],[82.401954507394748,28.179829629633844],[82.396888652389578,28.181576418816803],[82.39371459325406,28.17523483861703],[82.384719638001059,28.169409918932729],[82.365966638349846,28.170380879174388],[82.364623521558428,28.174958905928918],[82.358116651362536,28.17949049888756],[82.34972351612754,28.178261543835333],[82.343177583878571,28.185656225654441],[82.336723519175223,28.185019537122059],[82.325134532432912,28.179743463789976],[82.321853519624369,28.184874363161498],[82.321685546950619,28.200367807828229],[82.319679589341717,28.206661444270367],[82.313827511930299,28.210046390828438],[82.309997652769596,28.205417401292152],[82.309501611910036,28.191065068598164],[82.306320511982221,28.186442280786764],[82.296440595057561,28.192885114756393],[82.284393621368679,28.181056405628738],[82.279197512155633,28.182725409749992],[82.275909625828717,28.18785731366421],[82.279075638729921,28.194202918330177],[82.273857568971778,28.198166719818403],[82.267471564061566,28.191214267024918],[82.257797507349267,28.188821233113572],[82.262420629708458,28.180258616142339],[82.232955557852847,28.18148539123797],[82.236488530121733,28.186301464940811],[82.23316963067407,28.193728167121378],[82.221496658044487,28.197048742005961],[82.2226635859559,28.207964493566692],[82.218734652981993,28.211942210264908],[82.206619617701335,28.197462975136318],[82.189155586661172,28.197276059142951],[82.185874574752006,28.201830617189387],[82.178069514296794,28.205188407818923],[82.172256497139813,28.205127723365877],[82.169608653816454,28.209688484036462],[82.172729572012315,28.219477876103269],[82.161765539448254,28.217064056161405],[82.159744494812742,28.22335383631065],[82.148818516161725,28.217493209044505],[82.139068518897204,28.221976857346249],[82.133186601980242,28.226500570445126],[82.130508583704341,28.233931295293189],[82.118865617854169,28.233800536565639],[82.099334610204266,28.243907938800476],[82.0922695038347,28.239810194085351],[82.07900950028835,28.249740570171298],[82.078468531997316,28.256866529167155],[82.088180644421357,28.256404518653767],[82.086135626558075,28.264415102974738],[82.095077609044608,28.2737017488368],[82.105430599942395,28.273819598695638],[82.119712524713407,28.269963922697002],[82.126830604748761,28.270045897700186],[82.131973573022151,28.272973697278474],[82.137145542632823,28.273030861785003],[82.143653588242671,28.270234826376281],[82.152801597316,28.262876353960735],[82.154678639807514,28.268060057925481],[82.159149547413847,28.27327678679444],[82.172706605125882,28.275721619856995],[82.192123619209838,28.27593167091004],[82.194641542873057,28.281697581578271],[82.199783504805055,28.28461917763309],[82.217277542624629,28.2830854567286],[82.228912630413731,28.283783335132966],[82.241256659167675,28.279894635129438],[82.256706518191436,28.286942139068628],[82.270271623037161,28.289378255002589],[82.272163586180739,28.293987966671466],[82.253906628288405,28.305850538871425],[82.250587561566874,28.31327807922014],[82.240905624994753,28.310882195357181],[82.240341523442737,28.303415428379481],[82.249504620442053,28.294902766949292],[82.244346564242733,28.292552816859143],[82.230743572757831,28.294132806084292],[82.193855655913978,28.293739861705376],[82.184173552067932,28.291340123348164],[82.180351570968412,28.286131106165783],[82.172561598439188,28.288344095803495],[82.165443518403833,28.288266144367185],[82.157066643810708,28.284729315805407],[82.149726611993685,28.288821194242871],[82.146781546331454,28.279450394320406],[82.132476654674008,28.28445941936684],[82.120887499758453,28.279734373242889],[82.111770503805872,28.284222210586677],[82.105308560142078,28.283576302204722],[82.095558561978237,28.28690626421286],[82.091621582770017,28.291453110572718],[82.084281550053674,28.308584379865408],[82.080474656880085,28.302801537660969],[82.080062602807061,28.284432261639722],[82.074928518936133,28.280926447098011],[82.06780960073263,28.280846315705048],[82.056732580944015,28.286456156226791],[82.053420555914101,28.29272883666664],[82.052009545704152,28.301320454975155],[82.047447612317626,28.304136607318696],[82.039070569551313,28.301168574770031],[82.032516591967294,28.306827366290065],[82.026657641936765,28.309627424366283],[82.023902510392702,28.322218887192037],[82.018707573895597,28.323304679167734],[82.012336656911373,28.315767000646701],[82.000541642682833,28.325955538817198],[81.990837579191066,28.325835510800346],[81.979873545727742,28.333256344904555],[81.969314528243046,28.337049993762321],[81.963485584991929,28.336975059551492],[81.950057607872452,28.324755586001629],[81.939720542169425,28.323479860807083],[81.935157602441564,28.325718499109598],[81.926101626389084,28.325028668738241],[81.920837622858187,28.331273354182088],[81.898666650845428,28.341895068802501],[81.892234545787801,28.33893994602181],[81.885696494297918,28.343446894858459],[81.87985950391311,28.343946792010968],[81.874595501281533,28.349614635207388],[81.868751638277672,28.350684668362874],[81.856323622737136,28.359130106369435],[81.853629511992551,28.365980970845271],[81.838119637611328,28.363478973276131],[81.830276523243128,28.368538792931076],[81.825111595324017,28.367321740406112],[81.819343503799814,28.363227181089655],[81.814117555081282,28.366027071892006],[81.800987639368202,28.377899366662575],[81.788673618292989,28.378306391726767],[81.814292569446707,28.354551407821361],[81.822776564087349,28.35064845895937],[81.840255513980935,28.350885665940893],[81.844245635927507,28.34404972211712],[81.850067538386327,28.344125997217134],[81.860565535970863,28.335083263681838],[81.862579539814078,28.329943314432569],[81.871787564244869,28.320309991612987],[81.881561532938576,28.315845120256256],[81.900398520275644,28.311498097859044],[81.906318658379519,28.305261458649568],[81.907066658699478,28.297811623207963],[81.903915565551074,28.292030960060913],[81.89942152468376,28.289677153677815],[81.888931573333593,28.298723741707477],[81.851730508056676,28.319470963714139],[81.849052657054642,28.325173508151011],[81.82704161238064,28.325453630780601],[81.813972548394531,28.333311162180507],[81.790496514402776,28.343897002844528],[81.789108638353127,28.350190471113478],[81.768325542390016,28.35392159190809],[81.761726637374579,28.361863277368514],[81.756545615188145,28.361793036719405],[81.750114515572591,28.358833386751542],[81.742225635604768,28.366183812932775],[81.727287576260778,28.368841715173176],[81.717460633001963,28.375590487711008],[81.688758649392298,28.387803926809909],[81.689208590104499,28.399862635752186],[81.681922537395337,28.409513223756392],[81.675430585153549,28.410568169885266],[81.668991606577549,28.408180333155997],[81.661834635360321,28.409795190895466],[81.656814545954717,28.399965733132206],[81.651458510302177,28.410217302986268],[81.621955551807446,28.430441159132329],[81.617942632047004,28.437841877201038],[81.610786498098548,28.43945505770489],[81.604858648308152,28.445106640259382],[81.593086600966046,28.451244540203504],[81.592994567045821,28.45640511000795],[81.584487606418065,28.460868138653836],[81.579162582986953,28.46882189391539],[81.570037539900682,28.471552717683892],[81.568656538268783,28.476696525024749],[81.561530579272983,28.476013399099259],[81.55685465142119,28.483976206936518],[81.547828513974878,28.480965259639163],[81.532798588883907,28.48762082733947],[81.530731611374904,28.494477726266211],[81.519706558910741,28.49430455641027],[81.516395539322843,28.498269698787738],[81.514244575027249,28.50971300884845],[81.499710522622706,28.52440648497145],[81.493217564938845,28.524878386228693],[81.481689598995956,28.516659929911953],[81.476509582251595,28.516003795339032],[81.471931554597745,28.518227849335915],[81.463981654729764,28.527279466374409],[81.460563515094293,28.536411046632622],[81.44821160737996,28.537931021399686],[81.437721655130417,28.544076633030329],[81.435035589720826,28.548621467606779],[81.437499534276242,28.555549278976173],[81.43596665243922,28.568148788036297],[81.430625535640104,28.576097347015093],[81.419357576291247,28.585858911359821],[81.349319566045324,28.618940606823685],[81.331039641266614,28.623796410775867],[81.319213613917327,28.631058323882712],[81.317138590173954,28.63733301700529],[81.316955528674896,28.646512541920401],[81.322135545419258,28.647174377295812],[81.331985622838374,28.641602590687171],[81.342399633636319,28.640631631344831],[81.375770506104118,28.627418230666933],[81.380920515169805,28.629801205661238],[81.382049557341361,28.638425848873965],[81.405563645246218,28.631353198991064],[81.393272590158062,28.628856230430813],[81.391448520433016,28.622513643889704],[81.422325607940593,28.603509354773053],[81.434036635382597,28.601979490161511],[81.435432556767239,28.596835683719974],[81.44322957098808,28.596387586617993],[81.447196557875031,28.592433675873565],[81.44214662896394,28.584890131074815],[81.446922637869591,28.572344432949365],[81.452804553887233,28.570143681286027],[81.458099569639614,28.564489752400277],[81.465797510047196,28.569202727823779],[81.474296591714506,28.565897743586163],[81.486610613689038,28.56666669990841],[81.486709520228317,28.561503111979164],[81.496543505178806,28.555921100078876],[81.507125656823746,28.544608716019582],[81.518081643153494,28.54880050643834],[81.521446641849195,28.541966908046504],[81.522979523686217,28.52879038766639],[81.538650498122138,28.523294541609971],[81.547866567887979,28.515402811690535],[81.553832638865345,28.508033274915874],[81.566268534265589,28.501908282941031],[81.578086513581923,28.493482627321555],[81.589813635291193,28.490217036986792],[81.597808629864517,28.477715260850744],[81.608917500942084,28.472714450211868],[81.630447592682401,28.457332316433394],[81.631713596205657,28.466742846605257],[81.636878524124768,28.467964760865186],[81.639556542400669,28.462840065017133],[81.648689631721311,28.459531057212644],[81.645706512145978,28.44399486507109],[81.659904618303642,28.447644679958159],[81.66914365495586,28.438022926017368],[81.663368524437999,28.434494144589223],[81.659553584130776,28.429848390790767],[81.664848599883157,28.423613596090718],[81.67714652759031,28.424364447261553],[81.69556458733598,28.407413222242553],[81.70462056338846,28.40869313827784],[81.71050264667997,28.405334510379475],[81.712547496370007,28.399049759239119],[81.724929579036996,28.394635680692261],[81.73066749470928,28.400455404093748],[81.735847510554322,28.400527488353021],[81.737342506651544,28.387921105774581],[81.747047578283286,28.388633903032314],[81.762092591300188,28.379660404704055],[81.771049492640145,28.386671029244724],[81.76757854661281,28.401544547842775],[81.759872559970802,28.409868280596811],[81.772621602005472,28.410796157916479],[81.777236510856426,28.405696439838948],[81.787689581908865,28.400100513627933],[81.78388252236067,28.394883616585787],[81.791046534370253,28.392112895294019],[81.80065957118245,28.399131566069059],[81.803329543223981,28.394000667596856],[81.811103590558446,28.394105944034209],[81.816306573289864,28.392457726842736],[81.824195619632292,28.38510227165267],[81.843650521254688,28.383639126844344],[81.851547613831485,28.375134511648525],[81.857421651787945,28.372341829811717],[81.865226544969232,28.370152811603134],[81.872962539289915,28.372549532734865],[81.87483958178143,28.377163603417728],[81.89440964968577,28.367663890176516],[81.901580536112988,28.360202152207705],[81.941986506372359,28.346462703890836],[81.949012551588169,28.353439465359202],[81.929366544930247,28.368685978675103],[81.924568576378874,28.387562025367345],[81.914169650808901,28.38972505856475],[81.910194617687637,28.395986676444124],[81.903022557645102,28.399337425382043],[81.903587499163905,28.405084226356109],[81.914970625693968,28.424742639161593],[81.932426609600498,28.42726056192555],[81.936935571119875,28.429611519256355],[81.943313528896397,28.43657905907645],[81.958915602673073,28.433333251128772],[81.955802564337034,28.424111480560498],[81.965545520809314,28.422510538031077],[81.973144553778297,28.435230244180559],[81.984168600800444,28.434792205096358],[81.994460571798129,28.440658866813408],[82.008872584402411,28.440763975976836],[82.020446652291355,28.435806248259894],[82.010848534332581,28.426508538038718],[82.025298599950588,28.412334068762391],[82.027114623441264,28.421541589572826],[82.030288515302914,28.426743566862285],[82.030853623196322,28.433062181074945],[82.034675603396522,28.438272873694302],[82.042541515578648,28.431479341898239],[82.048942608414791,28.437294036290893],[82.056030512598227,28.440820805036253],[82.066390545187687,28.441514995320915],[82.091697523322182,28.438940074425034],[82.097427559134701,28.447040679983559],[82.092208651208466,28.449849624260878],[82.0779346053979,28.450832653404348],[82.067527633593556,28.453578396925593],[82.061080609682563,28.45120950441526],[82.05390150884773,28.454570312270221],[82.047447612317626,28.452773566646954],[82.039672557742506,28.452678349126643],[82.021484498710834,28.455331388732759],[82.019470494867619,28.460471171607423],[82.02592456136955,28.462841908627297],[82.02318552229417,28.473715417232881],[82.027847536734612,28.476191430690108],[82.038040602092281,28.477909385809653],[82.042510503357221,28.483128293735888],[82.036544599653723,28.493386905281625],[82.040367586195316,28.498023607403695],[82.070838654080774,28.498954501049525],[82.078079612084593,28.49043094343341],[82.096198604981794,28.493508611433413],[82.095992576596302,28.50957604839607],[82.099838530024329,28.513063087791409],[82.108390586256689,28.503402441769424],[82.116149545665166,28.505214274419359],[82.128318560053685,28.504966336727193],[82.123786633446514,28.517353952023427],[82.117362574623257,28.512113082652775],[82.111503624592785,28.513768006088753],[82.108848573203261,28.518904603564749],[82.109374620842232,28.528666336082665],[82.113761541661972,28.540765780716356],[82.110443648555702,28.547040473838933],[82.104606659070214,28.546399760840416],[82.098304641845914,28.530237271832789],[82.089935647112611,28.5267244173981],[82.082069565857921,28.533516272857867],[82.073196651304556,28.517345904889737],[82.070503545102667,28.524775624295785],[82.064590615065015,28.530441120261628],[82.059303646446267,28.538415997900131],[82.058845658600433,28.523489504736972],[82.044547641360737,28.525618507588206],[82.043777512322492,28.534789987168324],[82.03593456522816,28.539288050703135],[82.020812606216964,28.55460111834708],[82.014144634167678,28.56829379472299],[82.015357494952582,28.574623473294821],[82.021797647143842,28.578140352195646],[82.029655513091598,28.5724966486016],[82.030853623196322,28.580543275951584],[82.021697566989303,28.585599910207861],[82.022064527256305,28.606837137723858],[82.044776633934646,28.607106197792916],[82.038871583756759,28.612202897745703],[82.033538514091333,28.622469556425017],[82.038635548591856,28.629988122553982],[82.047096578144703,28.628366224022159],[82.054214657280795,28.630173363110373],[82.060844575416979,28.61992179235699],[82.065353536037037,28.62226838977449],[82.077773505343146,28.615526657129692],[82.076858535992812,28.585676018033951],[82.087875542222662,28.586952078675608],[82.085731618719365,28.602418199240674],[82.091110622157657,28.608197186051427],[82.096023589717049,28.609999966125656],[82.103820603937891,28.609514988725891],[82.105216527121172,28.60149753088649],[82.109825566996506,28.596383732123684],[82.121299554730854,28.613155751936517],[82.123962653254011,28.608022171686002],[82.13101954521602,28.614412870157992],[82.138748497845086,28.616831887281933],[82.146408551613547,28.615125667415782],[82.154098612161363,28.610912922793318],[82.162246493281202,28.599547565068235],[82.167358615707712,28.597094516698746],[82.171531630080835,28.592479608747112],[82.172897544686123,28.586758121889943],[82.162689559575654,28.572300511859282],[82.169219565730543,28.568928639645151],[82.179534503614605,28.574203372088107],[82.186119494319371,28.566242910581991],[82.191940557710723,28.567453593208882],[82.188217652223045,28.553639210681183],[82.201705642901288,28.564688906368076],[82.205650501969274,28.560713872347492],[82.213409629550938,28.563091985606775],[82.216056634706092,28.558528206811445],[82.214866571735058,28.548760608015812],[82.22073356889922,28.546527501443165],[82.227958601708281,28.538572068945996],[82.233764578972284,28.541499700351039],[82.226386659616821,28.562654952863909],[82.230232613044791,28.566711793714433],[82.244422503895578,28.574894376074724],[82.246940594832722,28.581806261350039],[82.232101609301992,28.57419247500286],[82.223663546635521,28.574102453765363],[82.21585060811924,28.576315444302452],[82.197563641648912,28.586451846975308],[82.185745494159391,28.597798428654698],[82.186294507785476,28.60641016389809],[82.199920633430622,28.607133187346847],[82.199195599097777,28.613437887248836],[82.203704559717835,28.616354789741877],[82.211585559825892,28.60840505714782],[82.218101651670054,28.606179158641396],[82.218810592634895,28.601024456013988],[82.231788629042171,28.601157225625627],[82.225181509619119,28.611419021670656],[82.227065593802251,28.617178897887982],[82.217925631862556,28.621670593323358],[82.21520955967361,28.631969102392304],[82.214462564795667,28.644025798651853],[82.222999533102154,28.63205308827952],[82.229553510686117,28.626957225595618],[82.235359655224045,28.62988636606309],[82.244491570929426,28.62596531204963],[82.245704599887517,28.633439957987832],[82.251510577151578,28.636941917135914],[82.271011577122749,28.634845938289573],[82.275649620134004,28.626283488592264],[82.280143492828074,28.63092220159848],[82.278106522997803,28.639506780014017],[82.272712600706143,28.644175667073512],[82.243530502330998,28.654073353702472],[82.240363651261646,28.64658043533899],[82.231262581403143,28.647633537857644],[82.227317554161971,28.651608403704984],[82.225891625098598,28.663068811676453],[82.218742531942439,28.663568877002206],[82.218498618716467,28.675926483720389],[82.222442638716984,28.680824197878565],[82.247703515804744,28.687396783335032],[82.244316556564002,28.699412576629243],[82.24751257714388,28.704035197166775],[82.257278499603217,28.702416315860432],[82.269088600858424,28.69163484117513],[82.318664540736108,28.6726204940407],[82.329788499739607,28.664121915094427],[82.338256569185489,28.66190992999941],[82.35588857289946,28.652325391803515],[82.36757663435435,28.652436368144038],[82.39687356536291,28.644677576009485],[82.41056858896934,28.63906673004567],[82.434783571604726,28.618627625664544],[82.44520563043568,28.61470472804092],[82.445808624968208,28.619875524036331],[82.436546622328933,28.638154946094005],[82.461532572170654,28.674528549652962],[82.455673622140125,28.676197220125744],[82.43063352411798,28.648415402149226],[82.418281616403647,28.646872461395105],[82.345001653603617,28.670202482358832],[82.323646577127988,28.681066266595053],[82.313789626190442,28.683832127950495],[82.306144660347968,28.689137705340954],[82.29178662685149,28.695304439348547],[82.288459514794909,28.702733152413202],[82.289161583140697,28.707587111855844],[82.298545625580346,28.730947141397621],[82.298438506432092,28.741276830861182],[82.295745568403447,28.749857384810582],[82.295112567091451,28.761964875678586],[82.30192554492811,28.779754124953058],[82.308387656765092,28.783263963061586],[82.318786581435745,28.783367060441606],[82.334419501059301,28.780649143743119],[82.344161620262753,28.781892013106074],[82.346664624173229,28.791096683964952],[82.336898532641328,28.792723778779532],[82.325858561323685,28.790892836435376],[82.312820509559003,28.794209723200311],[82.305610564675987,28.799876560055338],[82.295936507963631,28.79232178272423],[82.291458559565058,28.785390115961206],[82.285903537218644,28.770822535931416],[82.281585516158827,28.765409671219516],[82.284713642420797,28.745749582077678],[82.282623530751493,28.736777928258903],[82.284225647795552,28.721468548734663],[82.281433635953704,28.712063047571746],[82.276725521365904,28.706057079071059],[82.272201640093783,28.703715175215279],[82.260383658978867,28.715070643095828],[82.245361612848342,28.721801645929361],[82.238944594817383,28.714849863130837],[82.228637535893711,28.707282010556469],[82.222808592642593,28.705500185585265],[82.215614572954337,28.709441189259621],[82.212257621392268,28.719160676124432],[82.207046592426479,28.720253508892483],[82.203857612638899,28.715051867050192],[82.207878580432293,28.704194285438064],[82.218971526315045,28.700295527416813],[82.208686595210338,28.690430864792745],[82.20155359632156,28.689782775554818],[82.195098524377556,28.686268914778736],[82.18727150337736,28.689053717655099],[82.189361614147344,28.677026190006814],[82.183525631003249,28.675817519163331],[82.189468567820313,28.667846665091645],[82.185638541385742,28.662066001045275],[82.179801551000935,28.661432831560091],[82.175414630181194,28.64818640777662],[82.183891584029539,28.644833478882106],[82.16975349322928,28.632631104142263],[82.151573647705845,28.632431112006373],[82.151412547651091,28.646199728934505],[82.146827647378188,28.649018395782491],[82.141075649221989,28.641494631572129],[82.135795553222351,28.648322361887608],[82.142143504219518,28.660442929797512],[82.129135628306756,28.662018894556468],[82.122955650882716,28.689492762181374],[82.1177514954353,28.689435764948712],[82.111991619218031,28.683058142619302],[82.116004538978473,28.673347372883086],[82.110908509020646,28.66525682444302],[82.118759503248612,28.660754066447168],[82.118232615642853,28.650994345712604],[82.12154363613007,28.645865459023867],[82.119079524300787,28.634934954084997],[82.110587649800379,28.639430840361115],[82.105468653855439,28.633060089751496],[82.095039555131507,28.636385023650064],[82.096267503842398,28.642136686359152],[82.085769505358542,28.650624536393366],[82.07849149888375,28.661443057751057],[82.07596552808684,28.655675302573286],[82.080627543426544,28.646544393209297],[82.087196608037175,28.640309765783229],[82.06964859110974,28.641827896040695],[82.052589574249623,28.65540222073605],[82.044227620308618,28.648991406228561],[82.027801603861064,28.663715894573045],[82.026283640877466,28.680338215036727],[82.018539601221789,28.676229238688563],[82.011184648752703,28.692206655313043],[82.018127547148765,28.707211267186381],[82.029663560225288,28.719396710390015],[82.038070608871635,28.722368598332309],[82.042541515578648,28.728159152223213],[82.04837062700301,28.72937536568071],[82.064384587578843,28.747351530948549],[82.068145547878885,28.758298129255422],[82.071998541199889,28.761785838645665],[82.083633628988935,28.767084877964862],[82.085479659259022,28.775136367049868],[82.077651631917433,28.777343154063431],[82.061477575829599,28.771417650604235],[82.055595659812013,28.773643550009979],[82.04442559976178,28.78269298799114],[82.025466572624396,28.790503915623333],[82.019561523345772,28.794447769249302],[82.007316568405088,28.785885990446218],[82.024299644712983,28.780159306407029],[82.054428563727413,28.763301789845855],[82.055160638852556,28.756999269001199],[82.033332653879029,28.736657899342731],[82.023643510140062,28.731948274793183],[82.010642506846352,28.732368040552785],[82.017219618590673,28.726709249932071],[82.008895551288845,28.717428640319611],[82.00701163437958,28.712241080061915],[82.001876545066636,28.707591135422717],[81.994750586070836,28.706357151361601],[82.001991544973976,28.698985434630231],[81.995613587197454,28.690297927907181],[81.995071612565027,28.682830992756237],[82.010864627700585,28.667528823096859],[81.978416604442884,28.665411721873625],[81.964729627070767,28.669260524353831],[81.954345622152914,28.668556612397879],[81.947807569763711,28.671344433399042],[81.950584493679628,28.658755149630622],[81.960311524957092,28.660022995864722],[81.967239503600354,28.659240127030387],[81.974029516349276,28.653882414142231],[81.990226538424167,28.656949016883743],[82.004531597355481,28.655404065245534],[82.014236499914716,28.658389028431088],[82.030654635603128,28.644238532382531],[82.012679644849868,28.629103160882323],[82.00421861709566,28.630724053972074],[81.993827571385452,28.630596314268644],[81.986740503571525,28.626493372371385],[81.967948612738439,28.623966563406327],[81.951812610563707,28.617454663302226],[81.928451575579913,28.616583615041918],[81.918106630916441,28.613586916603083],[81.924026601746448,28.608495246558505],[81.933776599010969,28.607471984444658],[81.939659522269324,28.604676116309861],[81.957817573622265,28.605477091194928],[81.96945953492974,28.608491222991688],[81.978492544095786,28.612619812654373],[82.00164051080111,28.617721877962424],[81.993522638259321,28.605344320683969],[81.995536641203216,28.600203365093364],[81.999481500271202,28.596808526892119],[81.987953533428993,28.585191878802334],[81.980201613913493,28.582802199362163],[81.977058567898723,28.575302574754176],[81.986198530737738,28.571396607767383],[81.982955571842353,28.565485690412402],[81.990203570638414,28.562840026146432],[81.988998588813956,28.556512359358067],[81.99426259234491,28.550839487152757],[81.993682563799439,28.545665673931865],[81.986648638723864,28.538119781902537],[81.981353622971483,28.546088625090135],[81.973831535097418,28.533524151818312],[81.966560570314243,28.533435974190979],[81.959213495906283,28.5397907978072],[81.947936651255588,28.539290733380767],[81.937255592171994,28.544963772860001],[81.94062763166005,28.535825989977582],[81.932899517199132,28.531712151894453],[81.932327535787294,28.525965519093575],[81.94985962662065,28.525040491725463],[81.95903764427203,28.517691741880526],[81.9572294997418,28.507915257783054],[81.965660520716597,28.508019026057354],[81.975227624655304,28.519615723586924],[81.983741626974677,28.513407919340125],[81.992835656940201,28.512370072021326],[81.997291643894414,28.518738809948275],[82.001266509741811,28.512475013910887],[82.009063523962595,28.511420066882749],[82.012489542558512,28.497689672040849],[82.004211576303362,28.486685071059298],[81.986099624198459,28.483595165984241],[81.996574655795882,28.475691534436919],[81.988891636040307,28.468708905791516],[81.979171645555141,28.468588876875287],[81.968810608422984,28.464659775728194],[81.96260062332027,28.458606030743852],[81.950149640893358,28.45789826339427],[81.936485630407674,28.461169216386395],[81.930084539370171,28.455350332052319],[81.924270514972477,28.454129424133782],[81.917091583210151,28.457481179413037],[81.911979628057566,28.452251374401555],[81.896400520267946,28.453771516442487],[81.88983162203192,28.460000275792254],[81.887336497081833,28.453080511556493],[81.880889640444707,28.45070239919653],[81.873062619444511,28.454042251948522],[81.867156562025855,28.459130066599414],[81.860389516163423,28.476513296251767],[81.859001641013094,28.484274268342972],[81.84674863983804,28.480093206836159],[81.837539609965177,28.48858105687043],[81.834228591276599,28.493125725072275],[81.836013600747265,28.504054218227736],[81.829521649404739,28.504540201069574],[81.809654527334715,28.488779038122232],[81.806358594773485,28.49275189218622],[81.799941577641846,28.488073114382871],[81.792121597433947,28.49083495127212],[81.786941580689586,28.490191052874934],[81.782997559789692,28.49357968935135],[81.785438538357994,28.503369248692024],[81.77632858319771,28.505540161749195],[81.774307537662878,28.510101928761173],[81.781967592330659,28.518244612698879],[81.772872556923119,28.519264857587245],[81.766441624581489,28.515732891659752],[81.754684496992127,28.520735714082093],[81.744857553733254,28.526909320708739],[81.738273569369881,28.533131040165529],[81.741432540579467,28.538339890073985],[81.758262563966298,28.540870889879784],[81.771964629264403,28.535891871612705],[81.779693581893468,28.539445966258484],[81.769225591088343,28.545039713412166],[81.762618638939216,28.552407238403475],[81.768936583156972,28.563398931415691],[81.779281526921068,28.565836890959872],[81.786956501341649,28.572828404007794],[81.796722591974174,28.570667717141589],[81.802528568338914,28.573040634118115],[81.80562551420627,28.582840253275208],[81.787437622448465,28.583737953843638],[81.773918617750155,28.576668322085538],[81.762878646432569,28.57708741695086],[81.751991558963425,28.568329836852627],[81.737724553945156,28.56755467880555],[81.731819503767269,28.571489478956437],[81.723876643792266,28.581133194341589],[81.714813627846809,28.579857300973799],[81.711456508111496,28.586695090206376],[81.70424656232916,28.591182761175617],[81.698959592811093,28.5968465799059],[81.683273532247881,28.60350717571572],[81.688354641553644,28.610467172921858],[81.699981514935132,28.614076755737813],[81.700523655942106,28.620397717181049],[81.680976554924257,28.624708362001456],[81.670471515648103,28.632015201640399],[81.666206636427262,28.614736746603739],[81.655929585182378,28.608272958430405],[81.646118567118322,28.612721067323548],[81.638168499077153,28.622360422795396],[81.632316589838922,28.622846405637233],[81.627807629218864,28.620485726635138],[81.618614525440137,28.62666151321838],[81.612190633890805,28.622547506962007],[81.599822632808412,28.624660417344501],[81.590133656343312,28.621641422913456],[81.580329511797686,28.625511347770612],[81.576362524910735,28.629467271197768],[81.57361560687491,28.638034917177833],[81.56443759102217,28.643058862876387],[81.556503617248325,28.650971378826227],[81.549301550426378,28.654303186243169],[81.545982651878035,28.658271011298268],[81.54844659643345,28.665767617781455],[81.555427547843237,28.675056275426925],[81.554687592858272,28.68021030716011],[81.541450557097676,28.694352589700372],[81.538635578369394,28.706360001313158],[81.544509616325911,28.704730055647701],[81.555976563267961,28.695580705685188],[81.567008655625102,28.681545208644593],[81.576873652797019,28.674808505907947],[81.581970520922937,28.680628229309491],[81.578636535347982,28.685167030334298],[81.576553631744844,28.693169568421013],[81.567962516157365,28.701073199968334],[81.565223646154493,28.709065177316234],[81.553352524099864,28.719211469833624],[81.531845565620529,28.733477973030176],[81.566642534425569,28.739501879408351],[81.575118650105765,28.737908982213924],[81.593460601126026,28.729578375941458],[81.600501566993898,28.735998075750729],[81.598998524662363,28.747450438387148],[81.593139573732515,28.747937593944926],[81.589813635291193,28.752476226796546],[81.592941594279296,28.75941090988573],[81.592758532780238,28.77031174259298],[81.596565593227695,28.775533334096224],[81.603713512768536,28.775640286869873],[81.613571637321343,28.769475731919613],[81.629951551822842,28.762258746244299],[81.627494648959043,28.753613316101791],[81.627616520586116,28.74672942582248],[81.630988560973492,28.739319824250629],[81.636840638384911,28.739409678214201],[81.637313545084226,28.749743391244635],[81.63983163692069,28.754370201723589],[81.661338593601386,28.751246433576171],[81.669357561402478,28.738162954356994],[81.683807627020542,28.728616301001637],[81.682807498167676,28.710812132873798],[81.688644655826351,28.711469777408468],[81.691123520134511,28.718391719802185],[81.700073547956038,28.727701332550623],[81.688148614966792,28.741303820415112],[81.676963635163816,28.749749425695597],[81.673591595675759,28.757161208123421],[81.676772528329707,28.761223077982834],[81.683265653287435,28.761890779635905],[81.692939542725867,28.766618843884658],[81.69136055984211,28.783238985291064],[81.697692584745141,28.793658695992178],[81.706756607031934,28.796082574851084],[81.711982555750524,28.79501052991219],[81.719192502432179,28.791094840354731],[81.728149571046004,28.800400261363109],[81.73298659985187,28.79690048127236],[81.739272523708166,28.795968414011213],[81.741134648245577,28.801733487410672],[81.74625364419046,28.806968991425947],[81.765746597927318,28.807814053775701],[81.79972063130225,28.797949392950272],[81.783264608075342,28.810921057660835],[81.749275654947667,28.821357700797421],[81.754959590612771,28.832340173960006],[81.757423536067506,28.840979736925476],[81.767646608204586,28.852595377774605],[81.774101511076026,28.856131199995048],[81.773338590104004,28.863005031357261],[81.787994515934315,28.883289069235275],[81.785926532983297,28.890719625910151],[81.772354554619142,28.880767122005238],[81.75778161013335,28.859347169336559],[81.7455975078189,28.848275513104568],[81.733001519604613,28.822275351926066],[81.725952506603051,28.815864704692501],[81.716262523796615,28.811710800912863],[81.705200591034611,28.812127045826628],[81.699279613863268,28.816060841434819],[81.701126649575372,28.822399404409111],[81.700385522773843,28.828126255722282],[81.693160657238707,28.83204010166952],[81.689834550624198,28.83658493714529],[81.69423655757123,28.845827493743968],[81.717132564816154,28.878284235029582],[81.712509609730887,28.882814150752608],[81.70483363076761,28.874095294562323],[81.697730638658186,28.87112642474483],[81.693946545097162,28.863611713110231],[81.688133527040804,28.861232928956667],[81.687110600374069,28.883596182318115],[81.679244519119436,28.886925977052329],[81.681114520818653,28.892117559977578],[81.676490561190633,28.89606761622764],[81.669403494276025,28.89194958730377],[81.660682627201652,28.907313279584343],[81.661849555113065,28.915363931400464],[81.676353599838933,28.943690572162325],[81.661956507886714,28.948073636689116],[81.658843636824543,28.939417981254962],[81.650550581744085,28.928972118268803],[81.649375606699039,28.921493448763783],[81.644218556841111,28.918548717649344],[81.641044497705593,28.913912017325856],[81.641441632025874,28.906134281871743],[81.649543580272166,28.901600509855768],[81.652549497661369,28.896273642814492],[81.653404619827484,28.888407729733103],[81.667060584078854,28.879297103678539],[81.673675581562975,28.869630589580197],[81.673179540703416,28.860443019330035],[81.679145611680781,28.853644288553198],[81.677268569189266,28.84902636427546],[81.664855640675455,28.852284242024268],[81.65970663795116,28.848770547622792],[81.645263613125394,28.856593043234511],[81.639205508227803,28.868551503848948],[81.634757568407224,28.86217689874502],[81.641204592318218,28.850453298780849],[81.646751568430318,28.845713500178022],[81.657234647161374,28.841275618375221],[81.668960594356122,28.840298622783337],[81.673675581562975,28.830610149039273],[81.661621567081795,28.823940500653748],[81.675178624793887,28.818008796368986],[81.674652577154859,28.810542029391286],[81.680633567885025,28.803168300876507],[81.676185627165125,28.796792522157318],[81.678955511188065,28.786501892048818],[81.677078635071098,28.781884972313776],[81.661643527626836,28.771905646128801],[81.655158617076665,28.770664621275387],[81.629699592362442,28.777175347764228],[81.606033624252518,28.792315748273325],[81.593589515344036,28.797293592025767],[81.59793854862528,28.808834969558347],[81.593933507825284,28.815088875751144],[81.585685548349545,28.802910137892695],[81.581207599950915,28.79882949198759],[81.573394493261389,28.79928328899274],[81.564666583596136,28.814641784990556],[81.561042584647737,28.835822854341416],[81.55380263208599,28.840874795035916],[81.543632533614698,28.863672901183577],[81.548072595374151,28.870052535296395],[81.564819638315839,28.880063041876042],[81.5523755294073,28.884464044280378],[81.558677546631657,28.896036434933649],[81.569763619895298,28.895056757563452],[81.576843646017608,28.899756324095222],[81.5886455328652,28.894770767756881],[81.603660539102748,28.892126612553284],[81.602836598230567,28.90186940175164],[81.611244653218307,28.905436068919585],[81.618919625840249,28.913013980410994],[81.612495567916312,28.925224401385151],[81.606536537731188,28.913974881735555],[81.587150536768036,28.905649305371298],[81.58377849727998,28.912484747373355],[81.574584555333104,28.916934698977343],[81.56288962125916,28.91561186729399],[81.559043500557266,28.912108063636367],[81.55594655468991,28.903454251812434],[81.546699639976566,28.910772826704715],[81.543662541293429,28.898674554787021],[81.539230525768289,28.891720761104409],[81.538772538821775,28.880811211268508],[81.534271624436087,28.877872180057182],[81.527694511792447,28.881788037787885],[81.522331602621534,28.89030975089446],[81.517043627661451,28.894820724197189],[81.508521579107764,28.898129395655246],[81.498077559731769,28.899687425234617],[81.490798547814904,28.906456147433403],[81.494575600583687,28.91340273304985],[81.508155626081418,28.918206736951504],[81.515335564185079,28.917173583194426],[81.533904496895161,28.934673990912074],[81.542915546415486,28.940550710646903],[81.557136617660944,28.946507395400147],[81.551757615122028,28.956183128448743],[81.554260619032505,28.961956079909328],[81.563873655844702,28.97071064278208],[81.576156497424563,28.97606047670979],[81.574714642267111,28.984073072814226],[81.562293500245005,28.986179947846438],[81.558311592705991,28.990707685411508],[81.551330641296204,28.980271208649526],[81.543014620228689,28.971538607221078],[81.536735568092126,28.958244237881388],[81.532287628271604,28.952437424247876],[81.516853526269358,28.941294857371929],[81.510322514672453,28.942343768150522],[81.512123619309762,28.950976457597562],[81.515273537943585,28.956762317926746],[81.511947598602944,28.960726120314348],[81.502983655571427,28.951979436401984],[81.495208602794946,28.950138435140786],[81.492126576680334,28.940333955148049],[81.48433660415111,28.939062756241356],[81.483779541592753,28.933888942121143],[81.486564514440943,28.924178507832039],[81.476005495157608,28.932042240956775],[81.466010578325665,28.943934820835466],[81.457466569226938,28.948389466900494],[81.448593653774253,28.970050483742966],[81.451698645875979,28.978135165005995],[81.436820600090755,28.972732525585741],[81.433463647629424,28.977843307123067],[81.429260627376209,28.993839834341031],[81.432327564665513,29.00363928532488],[81.436149544865771,29.008295097141172],[81.451110571995457,29.009686157690169],[81.443839606312963,29.015307899839854],[81.440460526032609,29.021562644200799],[81.443641625061105,29.025632561193902],[81.450157548732022,29.025735491300054],[81.45802262364532,29.023566421853047],[81.462524545271719,29.026507295775218],[81.453910630071675,29.034404054703487],[81.454452603804782,29.04015085477829],[81.460197561168684,29.046553623051409],[81.474533633220744,29.046780438366682],[81.481758497856561,29.044025808644278],[81.494293634343933,29.035618928171118],[81.491455522354613,29.048197650301461],[81.477683551854568,29.052568476853878],[81.470405545379776,29.058765051266221],[81.47291559008255,29.063968871266525],[81.479324560979876,29.069808543429701],[81.490333520076035,29.073998656612844],[81.494758493909501,29.081529294341578],[81.505142498827411,29.083989215330178],[81.515037502778682,29.077830527556955],[81.517501614607966,29.085900120893996],[81.523254618206238,29.092300710109839],[81.529075515222985,29.094686869603493],[81.537551630903181,29.094816790162895],[81.542655538922133,29.101208325903656],[81.549125529719561,29.104174179394988],[81.552917503140407,29.111117915059879],[81.558692633658268,29.116371020606266],[81.574829642174393,29.124354616272683],[81.582618609261544,29.128207274146519],[81.588478565633466,29.12887145585313],[81.615463599565601,29.114932853568462],[81.628471642752288,29.116845939988309],[81.630996608107125,29.122046576388527],[81.617233522908919,29.125859335839834],[81.607299625977134,29.13431818543603],[81.592872527245504,29.138690018329839],[81.588188552260021,29.145504839776663],[81.596496527093223,29.155384253980287],[81.608367648248532,29.160351035172255],[81.616500608716308,29.168305795875938],[81.61833959909336,29.175217513877328],[81.618019578041242,29.194145863341078],[81.620773535970045,29.201986463204832],[81.631622567727504,29.210024037079791],[81.653785494405213,29.218938861839149],[81.674537577247577,29.236424015256262],[81.666664623373833,29.236666252145938],[81.649497647398675,29.223868761834012],[81.631339595146358,29.21671782506769],[81.615867608303631,29.205017359263877],[81.610168583813277,29.195177675309594],[81.610481564073098,29.176821641805475],[81.608619607708874,29.171059753804741],[81.585594519871336,29.157369089212239],[81.570083640947416,29.136052233024259],[81.560623657056283,29.13590119098734],[81.56105063088205,29.130751181921653],[81.532630615310836,29.114824057184649],[81.523635660057835,29.107227371446186],[81.504875618715005,29.098900453293425],[81.499092609236698,29.094219662807348],[81.482253533274104,29.087642048341991],[81.467948641616658,29.085695937917365],[81.456848654941609,29.071572765970529],[81.455482572163135,29.066182867245686],[81.44940150217775,29.058924138638247],[81.435974531399665,29.054413334408025],[81.432762585624971,29.050423547908565],[81.432342651692181,29.037497983345418],[81.416671510881656,29.038965988989332],[81.411338609389475,29.045187709345441],[81.409095612072974,29.060072125028682],[81.402450606010802,29.066848892562462],[81.395965528186764,29.06501996200177],[81.397575524191268,29.048981526376508],[81.395721614061415,29.04378558443733],[81.388587608831244,29.041946928608013],[81.389350529803266,29.036219910020975],[81.395225573201799,29.035747170595585],[81.406417592897753,29.029614299660352],[81.412292637195605,29.029140386619702],[81.407943603015042,29.018165794216145],[81.406883626977958,29.00552420677684],[81.399772587734901,29.002539411764587],[81.392707650437899,28.997257472154786],[81.386787511434648,29.000031546119089],[81.384269587771428,28.995398533016044],[81.391532507219608,28.990353801287029],[81.403282594016673,28.98939776079817],[81.410552554257151,28.983781214931241],[81.418357614712306,28.984480936945829],[81.417373579227444,28.967826765193195],[81.410316519991568,28.961970833287467],[81.428062517271542,28.957371178737048],[81.439804557834236,28.952698268110737],[81.438011501229937,28.944061723270067],[81.440078646012864,28.937782001138601],[81.454620578277229,28.92653851593991],[81.465095609874652,28.923261526698241],[81.485191558144038,28.892596670200305],[81.48982960025603,28.888077817937074],[81.499648497280475,28.884792111566867],[81.50427262508174,28.881421078420203],[81.513130619882361,28.867608707675856],[81.522277624412993,28.857027057852576],[81.531791587411988,28.834796071381732],[81.545883578064831,28.810340862740759],[81.550071512190698,28.794337630177608],[81.557304591234072,28.789856832726798],[81.568824510942591,28.778039187058994],[81.56813065700436,28.765920631831818],[81.559806588803212,28.759798993428944],[81.547439594062155,28.759290881868822],[81.547332641288506,28.765604634346516],[81.54529550328499,28.770160700556005],[81.530692552019843,28.787150818555574],[81.533172589043886,28.794915478766484],[81.533073515230683,28.800763197163974],[81.529609609995646,28.811235883329516],[81.517730608980571,28.820806507214684],[81.5156936391503,28.825363245217716],[81.510391581706301,28.831018180444801],[81.506317642045701,28.840140708127308],[81.49969459742789,28.846920493785888],[81.483901583191653,28.856425069661384],[81.47801262458313,28.893629655784139],[81.473983612354004,28.900452525263972],[81.464027587603255,28.910621952840984],[81.459579646883356,28.907457951723245],[81.453582562785186,28.908011157089391],[81.447723611855338,28.912080906808569],[81.441703561770112,28.920593568238701],[81.404495622974764,28.925725472152976],[81.397247624178647,28.930196210686745],[81.393478616744915,28.923249625070298],[81.384948521956858,28.926551256635321],[81.379104658952997,28.925880368684204],[81.381874542975936,28.917318589881177],[81.381996582776253,28.911011040926951],[81.377227615562163,28.907634977872078],[81.370979577445723,28.908531003003532],[81.362640590391095,28.902081463688717],[81.354179560838247,28.901938468785431],[81.351417555775754,28.909924075335937],[81.354438561990207,28.922025531753036],[81.345931601362452,28.924178507832039],[81.351463656822489,28.94091281007826],[81.341033551757164,28.941311788008761],[81.337676600195095,28.946419552320606],[81.331237621619096,28.942866631290144],[81.325958531061531,28.946221571968124],[81.317657597020627,28.938046868568279],[81.30504652088041,28.949877423104738],[81.293548561716932,28.938780956376206],[81.275436609612029,28.932729055002028],[81.275985625036753,28.937904041838181],[81.284263592191166,28.947228574339363],[81.281433526436274,28.958083975994839],[81.284583613243342,28.963303052094318],[81.284423518630661,28.971330568850817],[81.279762509632292,28.976415534449472],[81.276611584657076,28.971196625623918],[81.272529597862786,28.947600395442066],[81.263931609656197,28.954334416400343],[81.260230495640997,28.943941694353839],[81.253158516652377,28.939800699442856],[81.245368544123153,28.93851575260004],[81.243530560087436,28.932744142028696],[81.247581533760922,28.925931330566584],[81.233451657368278,28.916499678017885],[81.224967493655072,28.917499638697507],[81.211120589843517,28.925861426263964],[81.208396639593388,28.931550223664033],[81.212760594426072,28.940808873630772],[81.210037648718696,28.946499516439701],[81.204177525072907,28.9463927300406],[81.199500589980403,28.952049174330057],[81.193046525277055,28.949064378418484],[81.191902563352755,28.94158889431219],[81.185562658589959,28.93343916868281],[81.170226625858277,28.950375474848443],[81.161125555100455,28.949637533445582],[81.145965542176214,28.957968138818671],[81.141860589394867,28.967075746748435],[81.153495509010668,28.971303579296887],[81.162353503811289,28.983516179328376],[81.160560615380234,29.006435319834281],[81.166267517931772,29.013999987909244],[81.176666609876293,29.015336733903268],[81.192359543957934,29.012748905038109],[81.190917522425877,29.019034661620481],[81.194061572983344,29.024833598092243],[81.211402557881911,29.029479183717513],[81.23910558625397,29.032830269001863],[81.257675525305388,29.03685492311638],[81.264854625240901,29.036408167802847],[81.272140509776875,29.03079531005568],[81.27930452268572,29.030919361639349],[81.278549648847388,29.036075070608149],[81.283706531431449,29.039031033355627],[81.26390059743477,29.051308508680847],[81.258689566670341,29.051218488342727],[81.247695528226188,29.047008592772499],[81.24247762484265,29.046917733366854],[81.240432608778008,29.05147229231261],[81.24738355340844,29.061923855201883],[81.262779600598265,29.0742415643968],[81.260734583634303,29.078795452448333],[81.253562525390407,29.078671399965287],[81.230361584119976,29.065640726238655],[81.225242589074412,29.060962952978059],[81.222114630086253,29.054592372340267],[81.213722501192649,29.050426397860122],[81.201583492684222,29.03873481735809],[81.194900601781512,29.046648674197115],[81.18902555838298,29.047117726402121],[81.176269642829936,29.033690083830436],[81.171111586630559,29.031302079827242],[81.162666652244354,29.030002215030322],[81.157417569365521,29.03162712988825],[81.152717501012035,29.037854045627853],[81.153823577196476,29.047056704703323],[81.150245510222305,29.061910946333228],[81.157981503643612,29.066066693723087],[81.155273645862223,29.07060750563204],[81.146781604087892,29.07159975642378],[81.141487593777583,29.074946481794825],[81.137283567183033,29.088640836305672],[81.131904564644117,29.095999644168387],[81.135726544844317,29.100088336307806],[81.144142646066427,29.103111520680272],[81.157806656552111,29.104505263906958],[81.164131640662845,29.11380397957015],[81.16933462429364,29.11447084395445],[81.180465624089436,29.121018618914263],[81.197784646644266,29.126460317689634],[81.204315658241171,29.126000318959711],[81.212257511874839,29.120404728195808],[81.213394601180084,29.128459233606861],[81.231704532738149,29.126489487200217],[81.221351540941043,29.141798697651893],[81.224754594449109,29.147022634587074],[81.236373587970888,29.152962555077977],[81.242896553333424,29.153076381370056],[81.24961850359125,29.143440881291781],[81.256614542926968,29.152170297321504],[81.26248958722482,29.15227155109136],[81.27574154363748,29.146322578924014],[81.278114627887931,29.153690439362435],[81.291129543693671,29.15563621433995],[81.302307649978218,29.151237559166191],[81.30818956689518,29.150764485193008],[81.316795602235402,29.144598589353564],[81.323974534897047,29.144720797327068],[81.328369501951101,29.15340243687308],[81.340675644965188,29.157625240412642],[81.351104576415253,29.158375253415329],[81.353851492652439,29.151535452399344],[81.359023631335674,29.15391524199498],[81.369445521094065,29.154665254997667],[81.376579527223555,29.157076224987918],[81.383605573338684,29.16465396920546],[81.380226493058387,29.170909718109158],[81.373023588068293,29.17193784285729],[81.344345576787077,29.170314603436339],[81.329238538427944,29.175221537444145],[81.317588529986836,29.170434632352567],[81.299995585627926,29.168982719177279],[81.290748502741394,29.174563724736231],[81.295219577621594,29.17923043363777],[81.281448614362205,29.182437350403518],[81.280960618837639,29.174393573005148],[81.271301649151951,29.16980666004946],[81.264068570108577,29.170659770432223],[81.256797604426083,29.175126653572363],[81.249725625437407,29.169835828660723],[81.2262195828676,29.170569748295406],[81.220931607907517,29.173918486349237],[81.219467624931099,29.181353233864797],[81.222236502612645,29.20492733712706],[81.227935526203737,29.213633955342914],[81.234458658840197,29.213750967033661],[81.263931609656197,29.209100350600863],[81.274360541106262,29.209854051723255],[81.275566529272055,29.215037923861246],[81.260505590161017,29.217071039197265],[81.249984625690104,29.220906764635629],[81.240035641731652,29.22819047101359],[81.23725854964249,29.236172054896542],[81.242362625834687,29.242002841757881],[81.262374587317538,29.253252528681401],[81.251174521387213,29.258222159824982],[81.245162516636981,29.264427115019487],[81.256431649601097,29.276192625189651],[81.267661556835549,29.292724922617253],[81.285575527688593,29.300699633881152],[81.294776510427766,29.297988590701038],[81.30187262991808,29.302700560682467],[81.305595536305134,29.312519290433045],[81.316505588862015,29.322455869143198],[81.318244498185209,29.333388217692232],[81.323989621923658,29.340366990044686],[81.31999162191596,29.344317046294805],[81.289939648895825,29.31303930362111],[81.275642637098201,29.307415382414092],[81.26903551767515,29.310741320855414],[81.25948350076311,29.333275396842225],[81.252197616227193,29.33135862410137],[81.251106627069362,29.324768604387714],[81.258636593903873,29.308162377292035],[81.256194609893498,29.299615852789543],[81.252349496432259,29.296106852849107],[81.239143640167015,29.295743748875054],[81.236770555017245,29.291246858056184],[81.24275154574741,29.286187205675162],[81.221008553901811,29.264000979361867],[81.19915760294117,29.27795869224002],[81.199340496267041,29.269354835957074],[81.203994631747037,29.265420873974278],[81.204162605320164,29.257392183602519],[81.208778518713814,29.255178523070526],[81.221198656193167,29.254825309840328],[81.216819614333872,29.245567832589529],[81.203857504020732,29.240746058983575],[81.169570657659904,29.238716968113749],[81.191070575346941,29.227896602246517],[81.187942616358839,29.221528869761698],[81.176277521790382,29.217304055338047],[81.167175612864412,29.215418126645375],[81.160224500960112,29.215699927409844],[81.15818753112984,29.208370119985204],[81.167945574628732,29.210268117579687],[81.179687615191426,29.210479006800881],[81.183738588864969,29.204244380274076],[81.192222584404931,29.204393409628267],[81.187271561133798,29.19168392966975],[81.180862590236529,29.185828165037947],[81.183601629311909,29.180136516786945],[81.192733545017234,29.180304323086204],[81.197997546749548,29.178103403249622],[81.201515600164953,29.16611476678321],[81.201675526604447,29.158661075948032],[81.193939533183084,29.153930497194835],[81.196830618838135,29.142793964769794],[81.175949621777761,29.140985821138884],[81.159126639183228,29.164779027130521],[81.156639561366831,29.158994340416598],[81.160713501027431,29.151613571109579],[81.160896561627169,29.14300988299982],[81.157180528758545,29.133759111993584],[81.146873638008174,29.127835453043872],[81.137939535381406,29.118491809949205],[81.120407610922655,29.114726995154854],[81.115760516235014,29.118659784421652],[81.110916613910774,29.131190393721852],[81.104431536086679,29.129350230628802],[81.093185536383544,29.136600912102551],[81.097015562818115,29.143232842022201],[81.083930573637247,29.142164987024671],[81.077300656400325,29.146631535617018],[81.073135520987648,29.158029248251353],[81.094947579867096,29.175074518074666],[81.09222463505904,29.180190496794125],[81.077972549793515,29.175334524668699],[81.059028609682741,29.176125608809969],[81.048347550599146,29.186825946660235],[81.041053618929539,29.191850729627618],[81.066535609630819,29.190613058346116],[81.074279651085192,29.194772829302792],[81.076042532736835,29.203415576767611],[81.065048493393419,29.198616770048034],[81.057876600624752,29.198482658647947],[81.046745601728276,29.199993580839248],[81.038833587600152,29.203285489833604],[81.040687496830685,29.207910289428469],[81.047737516173584,29.213782985596424],[81.0456165586574,29.22120080157589],[81.060279525280009,29.236972024339593],[81.054313621576512,29.240874135033437],[81.059791530654763,29.258764133558088],[81.054572622728529,29.273833621624476],[81.04073359787742,29.234879061819413],[81.025482557374289,29.21622798683228],[81.01971463402333,29.211528253925906],[81.009925577403635,29.211340164317278],[81.009139522271312,29.217063830231723],[81.019699546996662,29.240789980073657],[81.015655614115474,29.246450783377099],[81.004836589137426,29.234193255014873],[80.992462552704808,29.23280638530656],[80.986465635880563,29.237855140602392],[80.989517655215764,29.247097698100447],[80.982826549006177,29.253851499647112],[80.971214596276752,29.247886603184327],[80.96717854235601,29.252971567883719],[80.964309583620548,29.263816242425776],[80.9731975860999,29.274890580436079],[80.962692546823746,29.282956318379547],[80.957099637838155,29.292936984554331],[80.951339594346962,29.287663092078162],[80.948211636258179,29.281863318337628],[80.944618648631888,29.268019766299346],[80.928176539715707,29.300405596041571],[80.92436260664914,29.295738719866165],[80.921996563190987,29.285361253918893],[80.919723559095132,29.270974722705432],[80.921897656651709,29.261837107096937],[80.914161495057101,29.257665266339131],[80.904830592657902,29.265514079711181],[80.902336642222394,29.2878402846016],[80.892036624091077,29.281323522762534],[80.886161579793225,29.281205505629714],[80.89179254269186,29.291646005059249],[80.88561256526782,29.304147613022053],[80.880439590215076,29.301746701049581],[80.880828510127799,29.285689153931457],[80.873466516866415,29.292999849863349],[80.855567633039982,29.303539422206711],[80.853469643309552,29.309234254957062],[80.846351563274197,29.306221295876242],[80.830589562158707,29.309341207730711],[80.826530542250907,29.314994131174331],[80.821304592632998,29.314889190184147],[80.815498616268314,29.311901208873849],[80.808868529958829,29.315780018133466],[80.803062553594145,29.31279119865502],[80.797080557421964,29.316681911341277],[80.789474650035231,29.307350338047797],[80.784149626604119,29.311254294150501],[80.781845610286837,29.32497479914781],[80.771621531808421,29.329663634968938],[80.769843563130109,29.334477362340522],[80.769523542077991,29.347093802936797],[80.777786588580341,29.356447335875998],[80.787513619857805,29.359517460362667],[80.8038786164052,29.358709277411378],[80.820320557148136,29.355031633003591],[80.829566633693332,29.351205797409762],[80.838073596119727,29.35080564496468],[80.85158555912642,29.359687444819883],[80.86522660272567,29.363403142241339],[80.876991610174855,29.363643368246983],[80.884872611182232,29.362079305115969],[80.893951553221768,29.365132999888203],[80.907020617207877,29.365392168314088],[80.930625565417643,29.362417263146313],[80.933776656767463,29.367643211864902],[80.929771615967468,29.371008880555564],[80.899658623047173,29.372700851563195],[80.887725642924238,29.379349713018996],[80.875961641816502,29.379114516921561],[80.853195555130924,29.37406693524099],[80.867256532663021,29.387543190665838],[80.867492566928604,29.40476247031188],[80.886924500765247,29.412610446415101],[80.900680545171156,29.425217667161746],[80.910064589409444,29.429709528971728],[80.916236518800474,29.445324176169947],[80.932327594443109,29.456540670915388],[80.941429503369022,29.459018529781474],[80.938636653359026,29.466422265075607],[80.932739647616813,29.466878240238714],[80.909393533285083,29.457807511707415],[80.904731518844699,29.461160608775231],[80.898559587655029,29.473084871769572],[80.891853562592019,29.467445191742343]],[[84.049110631950271,28.12852081578319],[84.063270516920966,28.117578073769209],[84.052253510691116,28.113020497598029],[84.045768600140946,28.107870489431662],[84.038078538693753,28.119367106806692],[84.018600504709696,28.137572432821685],[84.049110631950271,28.12852081578319]],[[84.688499642244835,27.8693605836242],[84.675620512376895,27.870604625703038],[84.671813619203306,27.876370369097401],[84.656333585226946,27.875332187230811],[84.658386649324541,27.886222793747095],[84.671386645377538,27.895313302866782],[84.672180578570988,27.90850591571558],[84.667037611196974,27.910263935632258],[84.663124603417884,27.906278172699672],[84.655387603655129,27.906330979091535],[84.655471590441721,27.913790705276995],[84.646507648309466,27.920168495779592],[84.640701502872218,27.920208560576725],[84.636138563144357,27.915646626290936],[84.630966592634309,27.913960689734211],[84.634124559301142,27.908200981690072],[84.634017605628173,27.898446290863774],[84.630111638641381,27.895030330285636],[84.617256650174454,27.898559278987705],[84.610931497890476,27.910082718642684],[84.602500644189547,27.906123107995199],[84.601135567752408,27.899246259407505],[84.595947504773676,27.895835495112181],[84.5882265992783,27.897611284733159],[84.576568544602821,27.892520452856729],[84.569541660319544,27.899453292335693],[84.572189502743527,27.905749946003368],[84.5851596601903,27.91312484723403],[84.583923497071908,27.918297655012907],[84.577590634000728,27.929242912430595],[84.581504648121154,27.933234877088069],[84.601547621825432,27.937692707652502],[84.607963634414375,27.934203824646943],[84.613113642580686,27.933597981062121],[84.618354511052019,27.94102267055996],[84.633857511914812,27.943210515153282],[84.638961588106952,27.938010717820532],[84.650550574849319,27.935634616344601],[84.659011602603528,27.942460502150595],[84.666145608733018,27.945851484958212],[84.663009604409865,27.953909846662214],[84.670173616419447,27.96017179908938],[84.674117637319284,27.966456382056549],[84.672897566669519,27.972777342600409],[84.666435623005782,27.971676129050252],[84.662612637363509,27.976294055126687],[84.656158570861521,27.976338981658841],[84.64981849972412,27.986140778973891],[84.645873640656134,27.979856866001683],[84.643157569366508,27.967249310707246],[84.632942542564422,27.977652090771528],[84.63236251581759,27.983394700005533],[84.626586546232261,27.986302549922868],[84.618293659325104,27.995544269252775],[84.602172576903058,27.996799374791465],[84.597686582270114,27.999700015743258],[84.601608641725591,28.004837787733834],[84.602950584901748,28.009419838954557],[84.607520566321227,28.013981605966478],[84.619811621409383,28.016766241568916],[84.626304579093187,28.020165270610903],[84.625121556914507,28.030503846275622],[84.632896609690931,28.032742651852061],[84.639999602699675,28.032695712637178],[84.64770458389961,28.029195934345012],[84.658035615151675,28.02912686731122],[84.665176661174144,28.032517681945592],[84.680702628024051,28.035274657099876],[84.692977589744146,28.035758460884381],[84.710380599984887,28.033334582025475],[84.711189621104268,28.024659983271761],[84.72180161405339,28.016031317391537],[84.743637645261288,28.006107813924643],[84.748725628085424,27.999755169365699],[84.755783524590129,27.996257232885114],[84.749877636244094,27.988267436393244],[84.744048525719052,27.986590552412224],[84.740898606185908,27.992929282660384],[84.736411606110892,27.995833277184147],[84.716415569822857,27.997132303812919],[84.714576581244387,28.005180942946311],[84.706184618725331,28.005243807355953],[84.699165613402499,28.012182682185198],[84.687538572747087,28.011694686660576],[84.670814495792513,28.016981488904719],[84.663703624722643,28.015884466195303],[84.661666654892372,28.007292679713544],[84.650611594749478,27.999911240411564],[84.653137566445707,27.994725357389484],[84.667938498063393,27.990604645787926],[84.674957504285544,27.983666777300073],[84.678100550300314,27.976183246060089],[84.694839546108312,27.972616075271787],[84.703910609187403,27.965979451790417],[84.690910612235143,27.967478304180531],[84.681816583168938,27.962381772401045],[84.679130517759347,27.953220016290857],[84.682289657142121,27.947457290121974],[84.688095634406181,27.946841387620111],[84.698997639829372,27.941594483798553],[84.708671530167123,27.941526423106097],[84.700805617085734,27.930678061343599],[84.684677661145315,27.930224097064581],[84.673629641794719,27.922842323214809],[84.678672530812833,27.912476757996103],[84.683158525445776,27.910147930282903],[84.707656648835439,27.909392720997403],[84.710113551699237,27.898469425024075],[84.70230865941727,27.892789512026525],[84.706077497778438,27.884153971728551],[84.713821539232811,27.884668955907728],[84.718284566979321,27.880619155849502],[84.711151567191223,27.876654180746016],[84.695640520094116,27.87390039009108],[84.688499642244835,27.8693605836242]],[[81.058021608210822,28.958632153251415],[81.062492515817098,28.962730904307932],[81.070953543571363,28.962888986237886],[81.088638520951122,28.958632153251415],[81.105613551924023,28.956649999797776],[81.125457539833747,28.949511301005884],[81.165054656247548,28.918145548878101],[81.174400645673416,28.907412018849755],[81.191314655846838,28.907718963759294],[81.209731541077929,28.898863484362437],[81.221511635553725,28.895632427994315],[81.237792645314471,28.8953486163457],[81.253929652031957,28.901942492352305],[81.261215538366571,28.895756646851908],[81.277496546328734,28.895464454421187],[81.285911642108772,28.897906438431505],[81.290374501682095,28.902573146433724],[81.285736627743347,28.90651230469922],[81.287574611779064,28.912278887161051],[81.296615499905556,28.915879752848468],[81.302474618109272,28.91597966482982],[81.312301561368145,28.91270502281867],[81.321586530893853,28.904255393971425],[81.33074962699385,28.901541501739075],[81.331550601878916,28.894095521691099],[81.346076608049202,28.88343893765699],[81.34693156204213,28.873124335220041],[81.361717573907072,28.882558166826072],[81.377983495741887,28.882825215111723],[81.38525362325629,28.877208165624495],[81.391723614053717,28.879037097084506],[81.38830564169217,28.887587979701664],[81.395957649226318,28.895746420660942],[81.401817604698863,28.895842478147983],[81.409721571693353,28.890808641705576],[81.412238658087745,28.895439475751346],[81.418083525634358,28.896109692808238],[81.419906589917332,28.903027445260534],[81.42838253832366,28.902014241164466],[81.435035589720826,28.894663478636801],[81.45158364596864,28.889647916418369],[81.457267583432383,28.889284812444259],[81.459999579916825,28.882440149693309],[81.456947562380265,28.871486510594139],[81.456451519722009,28.86287192719783],[81.452682514086916,28.855925005234951],[81.460731655941345,28.842856780316311],[81.469856530854372,28.841860675030262],[81.474525586087111,28.835618001369824],[81.482360654220997,28.834021918776671],[81.487663548933824,28.828939133134611],[81.490425553096941,28.819801684800041],[81.498481567570423,28.806159299412286],[81.505058512040875,28.802245452565728],[81.510360568585554,28.796589680069815],[81.500747531773357,28.788979750015585],[81.514068555219808,28.771398372736883],[81.519973606297071,28.768621616094833],[81.523162585185332,28.763727758229606],[81.514976651051768,28.757064983362454],[81.505752534152293,28.76380788872325],[81.512123619309762,28.735213865127889],[81.502860610329037,28.74425056241364],[81.483856655760235,28.752558201799729],[81.479881621739594,28.756512280717345],[81.472450562343738,28.771888547318724],[81.473632578181082,28.778219397707176],[81.480010535957604,28.785206888087544],[81.473358657276378,28.793135832852556],[81.462158591346054,28.800992358810447],[81.456794507660561,28.809514071917022],[81.43309752732921,28.824624463848068],[81.421836606974011,28.835344079565743],[81.408225570154116,28.832826155902524],[81.385337610042825,28.83876389733615],[81.377975616781441,28.849541347555316],[81.370124622553476,28.851706226161525],[81.361671641932901,28.851563397632844],[81.357238620965745,28.845179740852529],[81.353263586945161,28.849131473438888],[81.35243964607298,28.857724097189475],[81.337333612256543,28.864927840347718],[81.326080571761111,28.874494440666069],[81.298919517122158,28.872190590723335],[81.292365540437515,28.868177839136138],[81.283309564385036,28.865726803449377],[81.272354584396737,28.860369089661901],[81.25655352302681,28.86927771179711],[81.248832616632114,28.86512581980088],[81.24549058392347,28.869087611304337],[81.234329577348262,28.87405338525565],[81.233512509095192,28.882072184883555],[81.2237395458435,28.882472000982204],[81.21649154614812,28.886935867796183],[81.191726542645995,28.888211761163973],[81.184356503150241,28.89079573373624],[81.170699532557535,28.897591446388276],[81.146942536868721,28.91265288822035],[81.133903647835268,28.913558804095658],[81.122276608079176,28.909330972446583],[81.120696618854026,28.9219266252137],[81.111465629335498,28.927493382813509],[81.104301616426596,28.927358434144537],[81.098548612828381,28.922662556631849],[81.094238638902198,28.911104080289192],[81.081893603806918,28.916833613380675],[81.074806536892311,28.906725038429897],[81.079605511785076,28.895911545181832],[81.069335501332489,28.889405678629316],[81.065940494958056,28.89565572942854],[81.054038527955868,28.904038134852158],[81.033218550795652,28.928086151155071],[81.014846592996037,28.938296818043852],[81.01473259943009,28.943455710612682],[81.020599595694932,28.942995712782078],[81.038909528152374,28.934642139623179],[81.049476592770702,28.933219227785287],[81.052604551758805,28.939017996983125],[81.051719590986522,28.949328407680014],[81.061508647606161,28.948366500913437],[81.058021608210822,28.958632153251415]],[[84.154998545346757,27.686248352879318],[84.249595530709314,27.695708002222659],[84.325271543746908,27.709894204953741],[84.391487572893311,27.719356033354416],[84.504997653419139,27.719354020671688],[84.561752525059148,27.690977926190499],[84.670532528653439,27.601119062195096],[84.7935025930704,27.525448079065711],[84.850257632883597,27.501800215207936],[84.907020550757977,27.482882091935153],[84.95431560757936,27.459235067144789],[85.034721529375247,27.435587036013033],[85.100936552180315,27.393024905175366],[85.167152582226038,27.374104601945987],[85.171882657358935,27.350456738987475],[85.134040543636331,27.350456738987475],[85.082015578955975,27.378834343430356],[85.025260539142721,27.383562071332676],[84.921203569888974,27.416668912740249],[84.869178606107937,27.445047689899127],[84.765129514915316,27.482882091935153],[84.717834626267177,27.511259862752581],[84.651618597120716,27.525450258123044],[84.585403574315649,27.515987591554222],[84.448242612706565,27.506529787619741],[84.386756658693002,27.515987591554222],[84.287429598197548,27.515987591554222],[84.244865622850398,27.520718505754587],[84.202300642061118,27.534905714827005],[84.159728619580278,27.53963662902737],[84.151786599572063,27.518370567447846],[84.110221580361781,27.530594063665262],[84.041572618881446,27.516142657158071],[83.942314625419783,27.509176960048819],[83.890136606919043,27.549094265687927],[83.861762523321943,27.57274397315598],[83.847572631571836,27.60585081366429],[83.880683495646963,27.634225568155614],[83.951621554591213,27.64368320481617],[84.027297567628807,27.648412945401276],[84.09351359677521,27.672061813801804],[84.154998545346757,27.686248352879318]],[[83.091384651680471,27.526981129075978],[82.968543502380896,27.545045302898529],[82.852935599398563,27.573947950437685],[82.802352658048903,27.620911920948515],[82.76036854307398,27.71048127429151],[82.873260541141235,27.733546258752995],[83.019882659357393,27.747732630556584],[83.180686622190024,27.743002889971535],[83.275283607552581,27.724084766698752],[83.332038647365835,27.709896384011074],[83.421905557595551,27.690977926190499],[83.497581570633145,27.681519451361737],[83.549606535313501,27.681519451361737],[83.625274501217405,27.648411939059883],[83.700950514254998,27.638953296957254],[83.767166543401402,27.610576364307917],[83.809738564982922,27.56801238896071],[83.838111643138006,27.530175975141276],[83.861968550808115,27.503540969040614],[83.770606643581914,27.494464540606202],[83.658607654319951,27.512529721669466],[83.452674518714218,27.519756262641522],[83.091384651680471,27.526981129075978]]],[[[91.593360609804449,27.454917045185653],[91.618202559300812,27.469395610319282],[91.614936634418314,27.473246256409766],[91.605888538225599,27.469814537011416],[91.593032541618641,27.467436591026001],[91.58303863112809,27.458395871072753],[91.581039547037619,27.452884266196065],[91.577979649641293,27.450227203023132],[91.576042591792316,27.448537579246022],[91.569625573761357,27.449058263328311],[91.558463561744134,27.449964347376863],[91.564712606201965,27.435977967709164],[91.560508577808775,27.432335025441205],[91.555053635616957,27.417107620920092],[91.549896585758972,27.408899056246582],[91.541160630758668,27.407600028718491],[91.540283548946775,27.395759751611365],[91.543517621641115,27.389099156700865],[91.551086648730006,27.384089125313039],[91.549995659572176,27.377756430415047],[91.550842568230109,27.361381041302138],[91.548721610713926,27.355640274778978],[91.541557597805081,27.347124931570477],[91.536987617284865,27.342380943026228],[91.532012621685283,27.340022107634297],[91.532897583356942,27.333821343280533],[91.516311641369327,27.319021081657752],[91.511588606129408,27.317021997567281],[91.503066557575721,27.317573023876093],[91.498916510089032,27.324002949876387],[91.499076603802393,27.33067259826197],[91.492790511772853,27.3306514749857],[91.492950606385534,27.32291883423693],[91.490898548629275,27.318592096048519],[91.484443644858516,27.312603226357965],[91.473037551442019,27.311742237014755],[91.467391500617396,27.308090576718882],[91.47636466439792,27.303424706884869],[91.461440517566018,27.29824301380421],[91.453712571278288,27.297632812104723],[91.448722655926019,27.294573081982264],[91.447387587167555,27.288603490159062],[91.438583570575474,27.284714454708478],[91.435119665340437,27.291873103161322],[91.432792513963534,27.304002554574367],[91.427627585145103,27.309303438403106],[91.423103536599115,27.302343775744816],[91.409042559067018,27.302360708180288],[91.413612539587177,27.314311121661092],[91.411186649844183,27.322182902818838],[91.406112581330717,27.328402609592899],[91.399986583014538,27.321211942577236],[91.387412555345293,27.322873740430907],[91.388343616265047,27.337391195847147],[91.393897633169388,27.331032515937977],[91.402870627877348,27.333422365350032],[91.4139635737601,27.345851720880376],[91.409927519839357,27.3519706784042],[91.403648635875982,27.34624097713953],[91.396621584318837,27.349821557718883],[91.387557562032043,27.343810894757155],[91.381202570242579,27.342221015687471],[91.374877586131845,27.347711832735058],[91.366943612358,27.343458856041536],[91.359519592855065,27.351509674232204],[91.35655960744009,27.336642189185852],[91.359931646928146,27.331566610710638],[91.357330574646483,27.326991769354834],[91.355697611755545,27.315872167566624],[91.361190608759728,27.305063536053467],[91.368720574694919,27.304382758257816],[91.375381505951907,27.290183143937099],[91.379661641271866,27.287474279814319],[91.383926521392027,27.280903538867392],[91.37758661662923,27.270355081222135],[91.385459571402237,27.271665173109398],[91.392440522812024,27.257694718636515],[91.398918560743141,27.254413874900536],[91.384818522956607,27.235816610848076],[91.366439524364694,27.241936238366861],[91.354957657669956,27.242875179146324],[91.356582574326524,27.236466543696167],[91.366622584964489,27.228545979713317],[91.362617544164493,27.221357157207194],[91.353942609064347,27.220195425578595],[91.354247543089798,27.199979112945869],[91.375053605939343,27.192111356254259],[91.369048642880728,27.185830795954587],[91.35986358623569,27.180649102873929],[91.346527643036438,27.189618577635372],[91.336593578830787,27.192387456216295],[91.337089619690346,27.187237615323852],[91.342559649808152,27.182106045957426],[91.346076528708977,27.175918356846807],[91.353118668192167,27.170559471242768],[91.359672645776129,27.169880368884037],[91.360809566908131,27.161686891237196],[91.346046521030303,27.155396272919802],[91.351859539086604,27.15119425720934],[91.35724658785989,27.129730382551259],[91.334388635427331,27.121782493567366],[91.322204533112881,27.119299774764954],[91.319183526898428,27.11461898517814],[91.337623547189139,27.109413989763937],[91.328559524002969,27.104241182884437],[91.329406599934828,27.090782025370345],[91.324157516156617,27.087131035968696],[91.298789519021227,27.09934162511604],[91.30188763760458,27.089052001348932],[91.296096580992582,27.085052155932374],[91.283813572138797,27.089581066213384],[91.281272515214596,27.080212278074328],[91.276527519429635,27.075390671742241],[91.269203580081296,27.076895558583317],[91.257232546045316,27.085243096391935],[91.258056654191421,27.094550863731513],[91.246017558563665,27.1036212568157],[91.244476629592953,27.111222135193543],[91.248153604005779,27.119049658914776],[91.251739549041133,27.124180389213734],[91.259208663249353,27.121681576143942],[91.262908602749974,27.128830333852989],[91.261276646200429,27.135101003408749],[91.269950574959239,27.132649966822669],[91.28128860768328,27.139010657615927],[91.290840624595319,27.137311813989186],[91.283767640164626,27.151709408662441],[91.272308572183022,27.158099101692358],[91.28352355876541,27.180947834275287],[91.275077618037812,27.187957619748488],[91.258773642289896,27.197268237938999],[91.26368761709,27.207956841435248],[91.258903561949978,27.212007815108734],[91.254096540822843,27.221996193869415],[91.238265639947485,27.227368825610938],[91.242202620055025,27.234446672675972],[91.236579536116835,27.236056501406551],[91.223396646738024,27.246306060376526],[91.219131599343996,27.258024798605732],[91.219268558897056,27.270334126119167],[91.207427611795026,27.277052891877588],[91.218612591598003,27.286803392762522],[91.221397562647553,27.29336407569167],[91.217491595660761,27.298383829650163],[91.218208583759292,27.310440526809032],[91.227432533384899,27.321471781897344],[91.218276645351068,27.32577086143624],[91.215652606182971,27.333031264581336],[91.221099502140476,27.339421293058365],[91.220992549366827,27.351461728675986],[91.216957669061344,27.362272204698627],[91.223968628149805,27.368800869065012],[91.211631640188216,27.373240762651221],[91.214980544616594,27.377901437101798],[91.227577540071593,27.374579688601898],[91.237586537588811,27.388648881440872],[91.240341501859007,27.400461665373712],[91.218887517944779,27.392309760687056],[91.211440531555468,27.393527818654036],[91.205757602231699,27.397861765807988],[91.211593586275171,27.404138303440106],[91.207992553313829,27.411418152625799],[91.207549653393926,27.422037521814332],[91.200057572299272,27.434707942417731],[91.193878601216625,27.440879705434213],[91.185600634062155,27.444507727949428],[91.17633058428919,27.443467700673978],[91.179153609251841,27.430536268034473],[91.176933577922455,27.424477325868054],[91.182319621253669,27.422728525800949],[91.183341543377708,27.413637849407394],[91.179908651263418,27.408279130177846],[91.178962500619093,27.401368585791715],[91.17225664372927,27.399478635330922],[91.175773522630152,27.394569856813575],[91.182716588300082,27.394468771216964],[91.18963651980971,27.389699804002873],[91.199607631587071,27.365741138942553],[91.193702581409184,27.360340344031783],[91.201072620904881,27.34140093110824],[91.204902648238772,27.319695992276365],[91.194328541928826,27.316472983041876],[91.186897648907518,27.311683396171929],[91.196746552711375,27.308561471634732],[91.178932662012926,27.299783776400318],[91.16899155701492,27.286282374132384],[91.152465628586071,27.282681675718891],[91.147109592933532,27.292893012602576],[91.139633606106202,27.292983202013318],[91.140380600984088,27.280610674643071],[91.133010560589071,27.276343782739502],[91.112586545033196,27.279902739120246],[91.112663659200678,27.26714531540415],[91.104621558138547,27.260334515725447],[91.109161531879352,27.250394919789869],[91.122329502404796,27.26249553803882],[91.128356593282319,27.264625379957465],[91.139350632625735,27.260795520796762],[91.14849059456543,27.254276747174288],[91.143310578720389,27.239504313273585],[91.14968853739623,27.232623775666866],[91.170738512572484,27.249316168606413],[91.17595658322989,27.244765131405813],[91.185249598989969,27.243506168674912],[91.183647650119099,27.238236634313353],[91.178878514731821,27.234835760761882],[91.171012601650432,27.236926542426147],[91.160507562374278,27.230296959737018],[91.16226155872414,27.222246309719537],[91.178802575078919,27.210956557099564],[91.186401608047959,27.210506783661287],[91.19500764338818,27.202927028559657],[91.188842585716941,27.198817381317212],[91.162986593956305,27.191708689304733],[91.16938751771994,27.187518576121533],[91.194419568608396,27.188296752293411],[91.211456625822791,27.191397385381151],[91.21575955895662,27.185088661912346],[91.229728504367131,27.176479106625607],[91.224082621715809,27.173528341060262],[91.219940619564113,27.164009851773358],[91.225868638427073,27.164179668956706],[91.227142519112135,27.156220047417378],[91.22297654643063,27.146340633213811],[91.217849503352056,27.139830743993798],[91.220970588821785,27.126001441713299],[91.214042610178467,27.12996105326016],[91.204849507299059,27.138379836260583],[91.204482547032057,27.131691077281516],[91.20731361822908,27.121160556614541],[91.207023604855635,27.114490741854411],[91.204498640400118,27.107112151604667],[91.19062759608687,27.11046122510561],[91.192832540389588,27.103442387056646],[91.197677615429768,27.100751628984654],[91.197547527596498,27.093362980717131],[91.197120553770731,27.08241319791091],[91.189376513215677,27.071012804397526],[91.190139602360944,27.059712321966231],[91.21941356558375,27.04805393274296],[91.229972584867085,27.038265210671057],[91.216743595340802,27.036924273836291],[91.211456625822791,27.042120047602282],[91.189407526336424,27.050294582828883],[91.177436659574369,27.06758393495079],[91.168708584433773,27.075623520609156],[91.16294854004326,27.077133604632309],[91.150901566354378,27.074871496722324],[91.144340547078741,27.076372696343014],[91.137397648682679,27.079721434396845],[91.133506602348007,27.086042058594273],[91.12000251830176,27.081783381997639],[91.108207504073221,27.082222258350669],[91.103996603060921,27.078810321339404],[91.129913615621035,27.070583649715786],[91.122260602644872,27.06295310090502],[91.133262520948733,27.061114278701154],[91.139793533444958,27.055173520941366],[91.148406608678215,27.052382682714779],[91.158126599163381,27.057334375980815],[91.170425533211926,27.043950990845701],[91.174140559739214,27.036539376591122],[91.170440621137914,27.029282660666411],[91.178550614719256,27.025684813103794],[91.188835544924643,27.024710668362786],[91.192680660184465,27.020351071644768],[91.208419527139654,27.025082824013282],[91.210266562851757,27.016994288255944],[91.206390602644376,27.01149525590148],[91.204513560152861,27.004115829282227],[91.193527567043759,27.007825491353458],[91.18195366732806,26.997605940062215],[91.179008601665771,27.012933422939284],[91.16673263360434,27.0202649058009],[91.161216504238439,27.017905233140141],[91.157653524290879,27.011806225277212],[91.136573541435951,27.014543418943788],[91.135856553337419,27.005065666247617],[91.130233636673154,27.004115829282227],[91.124236552574985,27.010175609616851],[91.11908754985069,27.002786794075405],[91.122863597177457,26.997066982655269],[91.11707253966614,26.991776158642949],[91.108917618653322,26.988356341771919],[91.114936663296533,26.983927679818692],[91.122398569438587,26.984898471887107],[91.143089632380793,26.980745908996653],[91.159088505929958,26.984196570815243],[91.170364513311824,26.980257747097482],[91.16581766605259,26.96829727380026],[91.155860634960504,26.968147406277922],[91.153999516764429,26.961818565874239],[91.156730508706175,26.949863959754055],[91.148353635012427,26.951152930163744],[91.136886520796452,26.946911350578489],[91.133636522008032,26.95320900968818],[91.138648565179324,26.958495811932323],[91.138160569654758,26.963758473674773],[91.128600507407668,26.96759017734496],[91.12351956537583,26.971437135315682],[91.114593508084113,26.967427232780722],[91.108329543873538,26.973375198606675],[91.095886608580258,26.974857118561317],[91.086479599254289,26.978806840263587],[91.092269650424214,26.985497442852875],[91.093353597890371,26.990647283745318],[91.090232513320018,26.996727181014762],[91.079803580970633,26.99843004910764],[91.06755862602995,26.995474087259481],[91.062629564203178,27.00541670042054],[91.070053583706112,27.022175980437282],[91.062896611589508,27.034205519868976],[91.056625606586636,27.027462781782106],[91.058250523243203,27.020373033089129],[91.045623521008849,27.011443288577027],[91.040672665910961,27.017276255395018],[91.027809630310344,27.011617296601116],[91.019958636082379,27.012765282092232],[91.014167578571062,27.008885634664466],[91.022666662037011,27.005046554754813],[91.032493605295826,27.004375667703073],[91.043868518317652,26.999148041748867],[91.051513652333369,26.983837490408007],[91.046096595881352,26.973998141900893],[91.041221513162441,26.968709160599417],[91.050521569714817,26.967218356242313],[91.055908619387424,26.970397108939551],[91.059287532393853,26.965137297148715],[91.05795263001005,26.959167538051588],[91.058837590782332,26.954137893349241],[91.063957593068608,26.955907983067107],[91.071327632564362,26.96482649594617],[91.076949542887235,26.960288533089454],[91.069457629965825,26.953937901213294],[91.079246520210916,26.948466026586004],[91.094558579714828,26.943606533614798],[91.104919618645624,26.946568196265389],[91.109870641017437,26.941199419018119],[91.102638567416136,26.934616942817797],[91.094367641053964,26.931429808439077],[91.084373562390169,26.924259258358234],[91.066970552149428,26.929348916619347],[91.065376648613608,26.924081394041252],[91.058761651129487,26.92143237710269],[91.055511652341067,26.91574056157782],[91.06494162765415,26.915889760004575],[91.078918620198351,26.907270983968886],[91.090049619094827,26.906610993103016],[91.103416576314089,26.909108968004603],[91.112213551214609,26.908790790562705],[91.128662532749843,26.914401637425783],[91.135009644679542,26.913762600763562],[91.137832503267589,26.897869506372786],[91.146301578155487,26.887831842066021],[91.132392647203062,26.884741936990963],[91.13269758122857,26.892590751262276],[91.128120559016736,26.895260555130676],[91.113189539565781,26.896260515810297],[91.10360751497501,26.894360506432349],[91.084243642730087,26.896641556762575],[91.079803580970633,26.900370163052742],[91.075446667829624,26.895211605031704],[91.066383650984847,26.890610777765346],[91.061180669152748,26.896920506676167],[91.056411532866093,26.886721909588573],[91.044097511790881,26.883663019432959],[91.032188503996451,26.889920780120065],[91.028106517202161,26.883748178935434],[91.018402620084998,26.883671902936101],[91.017646571732087,26.890921578967834],[91.025680625660527,26.898091459053717],[91.031776617197295,26.911315755018222],[91.031791536950038,26.92452731118658],[91.022910575262983,26.922069233808259],[91.015991649195428,26.924739373123714],[91.022949634618101,26.930618104641951],[91.020751563833755,26.936108587141746],[91.011573547981016,26.932448879712183],[91.006416666296275,26.924238303255208],[91.008750523018364,26.919919444027244],[91.008071588832934,26.913949684930174],[91.013290664932413,26.910219737750822],[91.003967640594283,26.907499978341491],[90.997070508697163,26.915319623102278],[90.991126566438027,26.907569882644111],[90.999488520379089,26.899989290273652],[90.997543582670346,26.89351560955788],[90.989066628822002,26.888720827304496],[90.985778576120538,26.883562100210895],[90.979606645830188,26.881551281766406],[90.97303054042726,26.875682440992023],[90.959762657021145,26.868852698893079],[90.958503527915639,26.877969192124681],[90.954086600316543,26.887551719436431],[90.94583159914913,26.887291880116322],[90.930961599598334,26.872501509237395],[90.929023536307341,26.878581238333652],[90.930107651946741,26.885599909108635],[90.935768620725412,26.891238582794529],[90.939468561125352,26.898161532428901],[90.932838642989168,26.908078832372382],[90.938102645620745,26.912549739079338],[90.955680502952987,26.918569453717453],[90.963180630282011,26.92444935885095],[90.989402575968256,26.928868969127791],[91.013572632071487,26.939358417756921],[91.025138651927421,26.948529226442815],[91.021369646292328,26.954018031706937],[91.012199509399977,26.953748973436518],[91.003013612788152,26.950909016038395],[90.988799582335048,26.972159990591251],[90.986579551005661,26.966188555157828],[90.986152577179837,26.957408847240629],[90.983642531577743,26.952593108085637],[90.974960556584563,26.948248264745757],[90.962043540976822,26.959787798668117],[90.956962598944926,26.964927582442101],[90.948966598929587,26.957216734065184],[90.945999571822938,26.947098268370553],[90.929809591439664,26.932299850357936],[90.931960554835882,26.942259395055203],[90.921066595647062,26.941357501847392],[90.907043503854766,26.937138554600779],[90.902343602775204,26.940758363607756],[90.909072594724648,26.949436147760139],[90.918907585117097,26.953098872415183],[90.928443508661132,26.959953759558516],[90.941772579241331,26.982300752278036],[90.957786539817107,27.000267025902644],[90.946632574034254,26.995436199720984],[90.934310505825351,26.995396134923851],[90.928848521941916,26.9917344166102],[90.9242785414217,26.980267805115261],[90.914863652235908,26.982107800934386],[90.909118527598139,26.987236352176069],[90.902297502627789,26.986977519197296],[90.896171505210987,26.991757215323389],[90.89025153438098,26.988224579400935],[90.888122530630426,26.980736857320267],[90.890952597284695,26.969506280090911],[90.882018661032532,26.965266545914517],[90.878112526771872,26.96852643634611],[90.878402541044579,26.974147004880535],[90.872421550314471,26.98512763263426],[90.871917629595089,26.989926272979233],[90.864181636173726,26.98779743740198],[90.856071641693063,26.991516320222161],[90.82614154209864,26.978426803854063],[90.845748657574632,26.970767086432033],[90.83851658397333,26.964418465439962],[90.826606569837509,26.968717375006975],[90.821212648445112,26.960267578885805],[90.828811513240908,26.951328949071865],[90.838958644825766,26.947689192202574],[90.842986653411515,26.942078346238816],[90.825439641026776,26.94190836088228],[90.815238530334057,26.946789310778229],[90.810279628102535,26.950867106731721],[90.809699601355703,26.941199419018119],[90.798461647886882,26.940575637555753],[90.792892543955929,26.931738933305269],[90.786453566279249,26.927030146923869],[90.792320563443411,26.921428354435136],[90.815406503007864,26.928300173114621],[90.820503539307083,26.923749135014702],[90.816932513125153,26.919412338808513],[90.821243660666596,26.913219787962987],[90.825446515444469,26.919200612318548],[90.837791548741166,26.923692305955285],[90.841712603653889,26.91948844573534],[90.846259618186991,26.914819557776525],[90.859222566668279,26.911941716437184],[90.873886538732961,26.905545149888894],[90.87721264624679,26.892811531227323],[90.888061510730324,26.888510944424695],[90.898269663114604,26.886551925131357],[90.896407538577193,26.880581998760363],[90.88735156432341,26.877502151703084],[90.856307508684722,26.878692381947985],[90.848533628624239,26.869071800723191],[90.836608526562429,26.869621654316063],[90.82864353966778,26.874151401865845],[90.82508056061954,26.869701784809649],[90.827926551569249,26.861162972893055],[90.824363573420328,26.857293216209086],[90.816360531713315,26.854453426984207],[90.815536590841134,26.849303586091764],[90.808593525171204,26.845763740304506],[90.81443755544899,26.837244038981339],[90.825446515444469,26.837394074676922],[90.832412547101512,26.841862803225922],[90.841331561802292,26.843882674246174],[90.848007580985211,26.841912758766966],[90.852882662804802,26.847083554762378],[90.867454601848578,26.846394561659849],[90.863037506076182,26.835065246963723],[90.872848524140238,26.832754356228691],[90.878463560944738,26.829023402708003],[90.890647663259188,26.827774331620276],[90.883163629298224,26.823183731444203],[90.876747617608657,26.824104567072254],[90.850532545440785,26.822734797073394],[90.842163549808163,26.825983454972629],[90.833457601587213,26.815414881291872],[90.827300591948926,26.815744960361769],[90.809173552817356,26.804804397405178],[90.798576647794221,26.80898528983937],[90.809753579564187,26.816513915784753],[90.809280505591005,26.82646356973811],[90.804176596672789,26.830183458899626],[90.800483530690542,26.82385461939532],[90.795623534998299,26.820793882931468],[90.789222611234663,26.823232682442494],[90.783210607383808,26.827892348753039],[90.789771625760068,26.829673503729339],[90.794769587346764,26.833902174445939],[90.794799594126118,26.840100927016294],[90.790496660992289,26.8452425544005],[90.789611532046706,26.850033482159631],[90.794082606027587,26.85473120328254],[90.791236615077878,26.863503033138613],[90.791801554798099,26.869594664762133],[90.779579566743791,26.862050951790138],[90.771583566728395,26.859811978040511],[90.764907548444796,26.862712954439417],[90.746490663213706,26.847903472967062],[90.741668554160583,26.853503421845573],[90.729171638860237,26.842463785075779],[90.729926513597889,26.836614223068068],[90.721229617952645,26.82570450505898],[90.72554059911954,26.821851847185144],[90.72575366739801,26.814015102714961],[90.733871539939798,26.813454185662295],[90.726379627018332,26.807345455228699],[90.720741624226719,26.806624442664031],[90.702186604928045,26.789825265124023],[90.698837532326422,26.801055842353378],[90.701759631102277,26.809605215908107],[90.696929643088708,26.813805051661973],[90.702491538953495,26.825405606383754],[90.710472619216148,26.82391362841139],[90.718307519176847,26.843712688889639],[90.712173642799542,26.848963616278013],[90.695953653838217,26.855113417850077],[90.703460653786294,26.868390688379691],[90.716735577085387,26.876827409257658],[90.724380543827181,26.881542229190643],[90.734329526886313,26.879821088672429],[90.738952650144824,26.887091887081056],[90.750610535747796,26.898814314329286],[90.740966653988039,26.897620564137867],[90.736236577955879,26.895150416958302],[90.731681516289086,26.89912327102229],[90.724998625386434,26.899561477380416],[90.720687645118915,26.903651174961908],[90.724540638439862,26.912669599822323],[90.731758629557248,26.91550050374542],[90.71935257456181,26.923299195201821],[90.726798554609786,26.929265098005999],[90.724113663714775,26.933499971346748],[90.713996538909328,26.929139033739546],[90.711097574293774,26.923629274271718],[90.702941646939621,26.916808583849217],[90.702247624828203,26.908622816989578],[90.690200651139321,26.910100715175986],[90.691436646983846,26.897230469710564],[90.674659597262746,26.896628482418691],[90.681709615706382,26.888771955561424],[90.676437565941058,26.882790964831315],[90.665046559551229,26.885321964637114],[90.657958655367793,26.882261229072583],[90.658447655435111,26.874534288226982],[90.655799643938565,26.868322794961159],[90.660240543866166,26.864822846697166],[90.671516551248033,26.867551826855447],[90.675163517082808,26.861712154692327],[90.669593574084331,26.852539503295588],[90.660697525370665,26.851843470300082],[90.65576159002552,26.833915249689142],[90.661880546650082,26.825042669683626],[90.666831569921158,26.820604786981448],[90.664558564925983,26.811245386865266],[90.650527595072617,26.808854196564084],[90.650962615132755,26.8150541227497],[90.642951528090691,26.812804252814146],[90.638900554417205,26.816426072705212],[90.641677645607047,26.821113736709719],[90.641036598060737,26.825794693570401],[90.643966575796981,26.834814292945396],[90.643829616243977,26.84292579558911],[90.646423646834023,26.853541307585431],[90.644363542843394,26.860442129400894],[90.639923649257184,26.863122996729032],[90.62989755203057,26.877481196600058],[90.632583615641522,26.888611861848062],[90.64684257532474,26.911830739197399],[90.642951528090691,26.920709521827121],[90.636306522028519,26.916036611200809],[90.626594578677043,26.922761412309455],[90.616653641852281,26.926829988413374],[90.611328619320489,26.93582863088676],[90.605987501622053,26.937027579159576],[90.604286646211904,26.944807326397154],[90.597526641141712,26.942883511065304],[90.589706660933814,26.935286825326898],[90.589630553107725,26.922061187573888],[90.581611587105215,26.915130695325445],[90.579856584414017,26.931978991137669],[90.574508594096528,26.936409832148172],[90.578323534403751,26.940398445032372],[90.573097584785899,26.943888334379267],[90.55711363098942,26.940678400388038],[90.553588536781717,26.944878404315034],[90.559486547066683,26.947708134622872],[90.560836537376474,26.954967868672327],[90.555496594192618,26.960567483003103],[90.549606630142023,26.961370468772259],[90.547012598652657,26.966190398768049],[90.551788606659045,26.977646952245209],[90.550506511566425,26.984667465731093],[90.552696535217081,27.002818645364357],[90.562660606202201,27.004596782215856],[90.580688570621192,26.999938791342288],[90.573699572977091,27.012004372903618],[90.564292562751746,27.015485209674807],[90.566406646749499,27.021114998958183],[90.560806528798423,27.028584783161364],[90.55711363098942,27.021665018925603],[90.548316656088957,27.01906696476874],[90.535102585416155,27.022766904269361],[90.534683657824701,27.016675105371974],[90.532226586787715,27.012019292656362],[90.523155522809304,27.012782213628384],[90.524673653966147,27.007165499588268],[90.536018560208561,26.994797163958083],[90.535850585736114,26.988945421993776],[90.52364351833387,26.98492646688311],[90.519287609735557,26.978827795366612],[90.514793568868299,26.976253040845279],[90.51322162677684,26.96873833011],[90.4991836152318,26.965537281420552],[90.505668525782028,26.979103727155405],[90.506439661161608,26.992436150408139],[90.499412608705086,26.999292882061013],[90.497543612447942,26.99096914930692],[90.492416570268688,26.98261775610473],[90.473541529917838,26.998635908420567],[90.436973633226728,27.006326639862664],[90.441039526653014,26.990317371949288],[90.452957587023207,26.988419541628673],[90.453887643400208,26.979527851029616],[90.449172655293978,26.975157861746084],[90.452583585963907,26.969917161447995],[90.461357594877256,26.973260198699336],[90.46752164710648,26.972016994788646],[90.464408607871121,26.961292684609873],[90.473678657644086,26.961988551230775],[90.475517647121876,26.9464292240296],[90.480903523179222,26.94190836088228],[90.488487636395462,26.943369326633274],[90.491897561623318,26.93753870704586],[90.489540570740928,26.932488946307956],[90.477096630005633,26.929001906013298],[90.477363510118039,26.920799543963938],[90.46975659728929,26.918870365075406],[90.459922613238177,26.924541057324063],[90.434379601737419,26.925922059855338],[90.436462504441181,26.932329018969199],[90.428726511019818,26.931689815033053],[90.413261564070069,26.927249083278696],[90.4124676299773,26.932039004696435],[90.415359553800556,26.9393186884069],[90.413055536583897,26.943907276799507],[90.406837506146132,26.938549564810728],[90.397262523247036,26.935679600633193],[90.393340630166108,26.943140501333232],[90.387962633069208,26.951418133040534],[90.382720590982672,26.952668881363934],[90.378646651322072,26.956847762014775],[90.374717550174978,26.963845644960713],[90.371566625199762,26.968038440821545],[90.366592635941572,26.969985222140451],[90.361343553062682,26.968547389650439],[90.364227597925492,26.96423641028224],[90.363578504144812,26.955096782890337],[90.368820546231404,26.951628015920335],[90.369476514429778,26.944956187578157],[90.364761525424228,26.941288602986788],[90.350616561105596,26.940434487162008],[90.351646528564629,26.9331197676633],[90.351913576850279,26.926919170583403],[90.339202587829334,26.922839362846446],[90.327712506726982,26.920003429914516],[90.322891572188496,26.924184324147404],[90.317184502363034,26.918813535116669],[90.323211593240615,26.913589766354789],[90.333053624425418,26.910859947128984],[90.331993648388334,26.905810186391136],[90.320587554072517,26.898352303815898],[90.311813546058488,26.895710495842877],[90.306426663659749,26.890520755628529],[90.283500649635414,26.892111809212793],[90.280616604772661,26.896658321024859],[90.280746525332063,26.902861265335275],[90.287818504320683,26.905491170781033],[90.293716513706329,26.913150889102383],[90.301322588366929,26.913080816626518],[90.30228466330675,26.919679554368088],[90.299102557037543,26.924419352071595],[90.293067587199573,26.923909229627384],[90.289001525600099,26.9319580360347],[90.28939865992038,26.939579533169081],[90.293586594046246,26.946390331948407],[90.286117648011214,26.946108196636089],[90.279426542700946,26.950387997408313],[90.279556629634897,26.944189412111825],[90.27039353263558,26.945288279330782],[90.270561506208708,26.93898642938035],[90.275382608920438,26.929639099065298],[90.271583595606614,26.923049245726247],[90.266982601066331,26.920789317772915],[90.261871652255138,26.915250556068429],[90.254531618639476,26.92866998333318],[90.249420502554301,26.919500516435846],[90.251518661357295,26.913308637383864],[90.246009570985052,26.904480145742298],[90.257018530081268,26.902571251062511],[90.263709636290855,26.897469353927704],[90.262000565573828,26.8906716312909],[90.251258653863943,26.888480935846644],[90.242080638011203,26.889939723439625],[90.233817589710156,26.897684265816338],[90.226348643675124,26.903401227284974],[90.21967363083354,26.898791515616097],[90.214042500661037,26.899571199951083],[90.2082675374171,26.893200619313291],[90.215301629766543,26.8912726131407],[90.226089643422483,26.886069797683149],[90.206573554626004,26.876911227871005],[90.207076636277918,26.884530043227073],[90.203536623216735,26.888600964762873],[90.193321598213345,26.892510788042557],[90.187553507588461,26.888020938016041],[90.182182552183178,26.88599100807869],[90.174972606400843,26.879260171619762],[90.189392665239495,26.867311769023047],[90.177726564329646,26.851653536181914],[90.174056631608437,26.855723117727848],[90.171043505253749,26.864482876883415],[90.164222647557324,26.86068201906005],[90.1604236342435,26.853981357553778],[90.15767654893375,26.845063683742126],[90.158851523978797,26.834424199417413],[90.165412543254433,26.832363256359315],[90.168029539831537,26.82570450505898],[90.153083600627838,26.827594623693074],[90.143257663710358,26.824354682922433],[90.142471608578035,26.829153489641953],[90.135391583355045,26.828861465384477],[90.129226524784428,26.826244635181922],[90.114807639561093,26.823444576206384],[90.10630051165947,26.827241411362195],[90.100555555194887,26.828006343218306],[90.0976485434457,26.813954082814803],[90.083618579034351,26.80226451319686],[90.100273588055813,26.792543013649322],[90.097000622380961,26.785846208435885],[90.082572517307995,26.790665970258488],[90.077857529201765,26.794144963419456],[90.073799513836661,26.801364799046382],[90.066062514973225,26.797095728085537],[90.060157632069206,26.797174014968959],[90.056228530922112,26.801474769944832],[90.05164362974989,26.798985680345027],[90.048499578293047,26.803174451739721],[90.037353657845188,26.798295681800425],[90.035133627415121,26.79195611338406],[90.014808518398581,26.783495420177644],[90.019256626392348,26.779317544069556],[90.021491576575158,26.772886779901114],[90.009452649120647,26.773035978327869],[90.00787366623689,26.779346712680763],[89.999999538747886,26.779756755869755],[89.993179520118929,26.77701570591023],[89.984596618039632,26.768542104734479],[89.961860538133465,26.768704042957381],[89.965133503808318,26.774829704927072],[89.967101574778042,26.784555562589276],[89.974708654880658,26.785425437234267],[89.980598618031934,26.78441642307962],[89.994499501850669,26.795874820166944],[90.011001625224992,26.793415067351646],[90.019126538559078,26.796874949019809],[90.021232576322518,26.802855605202183],[90.016639628016605,26.806105603990602],[90.014808518398581,26.815691985796661],[90.009826650179946,26.818233881788331],[90.013366663241072,26.824344624904654],[90.011657593423365,26.829013512863469],[90.007202611011849,26.833784323687723],[90.011917599118078,26.839083865727957],[90.020957649975742,26.840323885139355],[90.025947564428691,26.837904197121134],[90.027908593706798,26.833234303720303],[90.036956524424227,26.829433445896939],[90.047447649389653,26.829513577289902],[90.057403505967216,26.833333210259582],[90.065139666662446,26.831634199358973],[90.070251621815032,26.832254459076182],[90.093696643585417,26.841204991417385],[90.096389581614062,26.852076487340184],[90.086631538115171,26.850163569093581],[90.078773503094851,26.852572528199744],[90.070907590013405,26.85309321228209],[90.063697645130389,26.847073496744599],[90.051246662703477,26.850733537822634],[90.052291550814573,26.859751125414277],[90.044288510006879,26.863201787232811],[90.026603531727744,26.866592770040427],[90.025146590442944,26.875009542156761],[90.029212651143098,26.879602154116242],[90.041152503885087,26.872901660783157],[90.057792594053126,26.866111816207479],[90.066841529313308,26.86630275576772],[90.086761625049121,26.863752980815548],[90.099738655115004,26.872861427812779],[90.111267627399229,26.874351394901112],[90.116249662891789,26.879651272388458],[90.121749533414402,26.878641252791738],[90.128837604871705,26.884900019820179],[90.127777629733998,26.894261431719826],[90.130790588814762,26.900601168309436],[90.128829558637392,26.907840953597258],[90.133682512638018,26.916662404446527],[90.141151626846238,26.912729615179728],[90.140228612160911,26.923620388969937],[90.135246575769031,26.930138828044619],[90.108772502449199,26.91682970712543],[90.099868573875767,26.904120227166914],[90.088462647733195,26.901461152210572],[90.080467654059134,26.905150027352022],[90.067489617651916,26.904242099693306],[90.059623537296545,26.901951157719907],[90.057388586214472,26.908261054803972],[90.070632663666686,26.917959586565814],[90.081497622417487,26.922368300656672],[90.085838608565098,26.92848893361753],[90.085952603030364,26.942850487060468],[90.09645060241354,26.942498279272286],[90.101303556414166,26.947329104554683],[90.118339607287226,26.947338158029709],[90.107589648443707,26.95767773823718],[90.105346651127206,26.968677310209841],[90.089630581985944,26.966916440341606],[90.085960650164054,26.977283010102951],[90.080673513372119,26.987200310046433],[90.078025501875572,26.993809104906404],[90.072738533256882,26.998437928068086],[90.06215654798649,27.001083926881847],[90.057533592901166,26.992491134958073],[90.053565599672822,26.97992783530151],[90.046386667910554,26.977236909056273],[90.052406549822592,26.970157051107151],[90.043373540656546,26.965879430291636],[90.038772547015583,26.961398632840769],[90.041656591878393,26.946669281862],[90.038780593249953,26.940439684344085],[90.03314258955902,26.937819667843542],[90.013076648968365,26.945879371336048],[90.000236579354805,26.956548863339492],[89.982276508354346,26.949980134175973],[89.957496584200157,26.95927784439715],[89.943206613194832,26.986336470751667],[89.935882505673248,26.987927356162686],[89.934135550115684,26.980742891771172],[89.935226538374195,26.974806995746405],[89.938110583237005,26.969917161447995],[89.939811606820342,26.951428191058312],[89.944930602765282,26.945029279078085],[89.9369426489842,26.93348991332897],[89.939422518734432,26.928828904330601],[89.947418518749828,26.933569708375501],[89.953582570979052,26.939698555743917],[89.959739582415978,26.941387508626747],[89.960258589262651,26.936468672990998],[89.965637591801567,26.934641754213715],[89.970184606334669,26.937006624056608],[89.987396508841982,26.922847241806892],[89.994216529269579,26.925948211241121],[90.019088652819221,26.919359533315969],[90.011123665924629,26.914249757220659],[90.003303518442806,26.902758335229123],[89.984649591705477,26.898011495833998],[89.98114059176504,26.892327727442819],[89.971923515657863,26.889845845909178],[89.964073527771234,26.885341076129919],[89.953056523340024,26.889939723439625],[89.945587576405671,26.887890682908846],[89.945327569811639,26.879581199013273],[89.953056523340024,26.861494058304288],[89.950843532802935,26.854802449373665],[89.941276596138152,26.850512590583719],[89.939041645056022,26.8404330178696],[89.926849663781127,26.823244584070437],[89.923316524238373,26.828954503847399],[89.927116543893533,26.837763883996217],[89.914420642798575,26.85216852036109],[89.904052563974801,26.84673268786338],[89.900756632312891,26.841792729850738],[89.896507510113679,26.844574683674864],[89.887657560648051,26.850472357613342],[89.887916561800068,26.85972296224503],[89.885818572069581,26.867092666293672],[89.897621631633172,26.871501547658454],[89.903388548642795,26.876111426601199],[89.900108543074964,26.880771093811063],[89.888709657724689,26.878930093449185],[89.882682565947846,26.880641006877113],[89.879272640719932,26.885541068265809],[89.882553652629156,26.898909364575672],[89.875343539572839,26.907401909070984],[89.877296522616575,26.91234086164161],[89.878082577748955,26.927908905971378],[89.874397558001078,26.937138554600779],[89.868911601789137,26.93755765036542],[89.87021666466751,26.925750062715338],[89.866943530819469,26.917640403681844],[89.852523641053381,26.91122087204576],[89.863403517758286,26.90111011803765],[89.861427568727493,26.892310627733423],[89.863799646636551,26.888119843656],[89.86222854271324,26.88038217389834],[89.864326534242309,26.861661863704171],[89.862892558045303,26.853453466304586],[89.864326534242309,26.845972785016158],[89.871803527411032,26.842633770432315],[89.864135593782805,26.826892556246605],[89.86747762559213,26.816961844713489],[89.87271866313597,26.814074110831712],[89.892776556592992,26.820653905253664],[89.895141594609072,26.812714230677329],[89.892249502612628,26.808825196126065],[89.885566611709919,26.808785465876667],[89.878227585334969,26.806735588077061],[89.875999506871892,26.799923782057022],[89.869972584167613,26.797305779138526],[89.846511637202468,26.796084871219989],[89.841903601869888,26.791944210856798],[89.834190574435638,26.789795258344611],[89.841728586605143,26.783836562707336],[89.844413645673399,26.779205562287018],[89.850311655958308,26.778896771968618],[89.859092538390087,26.77580686779288],[89.867996634237443,26.776216910082496],[89.86369353203105,26.767996107434556],[89.857131508212717,26.768296011551854],[89.850967624156681,26.764037334055843],[89.844810612719755,26.755568761888981],[89.837081660090689,26.750589073626998],[89.830131553628462,26.753228703442062],[89.831962664145806,26.759217573132617],[89.827247508765709,26.761635583915222],[89.820686657663259,26.760188365201032],[89.818458580099559,26.766606053226894],[89.813606632440326,26.76270544979684],[89.808357548662116,26.762326253354047],[89.804176655328547,26.75795659861825],[89.796577622359564,26.754857641866806],[89.79564655964117,26.748877823852638],[89.790153564435627,26.747907031784223],[89.787399605607504,26.738760531773266],[89.782287649555542,26.738247392103631],[89.766563535079229,26.746208020883614],[89.767867591616209,26.754767787903234],[89.755416610088673,26.7618174708997],[89.756599632267353,26.768386200962539],[89.763023522018102,26.771356915289573],[89.768516519022285,26.771986899376031],[89.778488637141038,26.778965503555298],[89.791603633101374,26.780815724666127],[89.790023643876225,26.788295399613162],[89.785949536042438,26.792486183690585],[89.783073538313317,26.804164522574808],[89.784507513611004,26.814801157847285],[89.790801651874915,26.81827394838416],[89.78646854378843,26.831941310643117],[89.791580666214941,26.839592982730096],[89.790916651782197,26.846142770372694],[89.795913607926821,26.859402103024763],[89.7951205120022,26.868881700230418],[89.79145057928099,26.875181371123517],[89.77920562523957,26.887940973896946],[89.783073538313317,26.876520296174874],[89.783447537573977,26.867162906942724],[89.780837580889795,26.858592242837858],[89.775726632078545,26.855864100847725],[89.775588666184149,26.848723558445613],[89.780181612691422,26.843720903297196],[89.764976505961158,26.824401622137316],[89.767471630911189,26.81810379485438],[89.751266561702607,26.814230014603652],[89.73757958522981,26.822454672645165],[89.723556660711495,26.828203486302016],[89.719230593417308,26.823843722310073],[89.721588589741771,26.815476069365275],[89.721641563407616,26.808264279073342],[89.733390644762608,26.804745388389108],[89.741912526042427,26.799185839754841],[89.736541569737824,26.793994926824553],[89.734046612061661,26.787065271844938],[89.726180531706348,26.786426236082093],[89.723167572625528,26.781955496649005],[89.713729550178755,26.778146759865194],[89.706260603244402,26.778436605964714],[89.697082587391662,26.788553228049182],[89.691177536314399,26.800454859604258],[89.664565664374095,26.820962861946668],[89.657127563286565,26.823610537996046],[89.653816543698724,26.817514882805767],[89.644782529090605,26.821544734102361],[89.641113601811412,26.815194101326881],[89.62957758873489,26.815574975005234],[89.626167662607713,26.822933782867949],[89.600479644420204,26.830703472087691],[89.598510567109145,26.837133061741554],[89.600074631139478,26.842629914139366],[89.604537658885988,26.848532450712185],[89.610046581084987,26.860281196620065],[89.62143658113348,26.871831458555107],[89.625236600788639,26.879712125014692],[89.621971514074289,26.893031639398771],[89.616203591622593,26.903290250944451],[89.617240600773243,26.913020802168433],[89.612396531175136,26.917430520802043],[89.609908615190591,26.907930807560888],[89.612136524581103,26.893311762927681],[89.617767654753607,26.885391031670906],[89.612136524581103,26.874584579215082],[89.599952590439841,26.87741045412929],[89.591621648720263,26.881805085736232],[89.586578593327602,26.877082218669614],[89.580688630176326,26.875661485888998],[89.584693502803077,26.869623666099471],[89.590637613235401,26.867391733142085],[89.590522614227439,26.860253200724799],[89.584091514611885,26.854351335046204],[89.582351598947298,26.848538486062409],[89.578452506378255,26.839092081034835],[89.570457510905555,26.836694186287787],[89.574516530813412,26.831804351090057],[89.576103560830859,26.824203809058702],[89.572822548921636,26.817624014636692],[89.576629609369149,26.805125423899312],[89.584358561998215,26.800847635809873],[89.598907534155558,26.802714453009742],[89.612152617949107,26.792735964992914],[89.621589634953864,26.795384981931534],[89.631553538665059,26.796042961013995],[89.641906529562846,26.781946444073299],[89.647537659735349,26.784565286059262],[89.654098510837741,26.781923645360109],[89.662216551552774,26.786073358299006],[89.674667533979687,26.787105338440767],[89.676376603797394,26.776117668995369],[89.670082632807407,26.770217144205958],[89.668380603781998,26.762826485054404],[89.677505645968949,26.76473521156089],[89.6800535773109,26.758107473381358],[89.700233512366879,26.754506607693941],[89.708892521372945,26.754336623236725],[89.712043613622029,26.748388153790415],[89.717224635808464,26.746378172614698],[89.715049531910552,26.739048534262565],[89.706787658124085,26.737697539410078],[89.709793576412608,26.728637875237894],[89.722541612105886,26.725517963383425],[89.742927573748716,26.72602708038562],[89.752097544266405,26.723899082077139],[89.758621514171693,26.718959458612289],[89.767753598050263,26.707177687800197],[89.791297526359926,26.704140087295343],[89.820266557355922,26.70993969286269],[89.83791364809656,26.709944554597655],[89.852073532167935,26.70363197573522],[89.861846663592814,26.704238992935302],[89.864868507975416,26.710648802000776],[89.857566529172175,26.729727858054332],[89.857307528020158,26.738117472443548],[89.862556610899048,26.74260933425353],[89.868781514855186,26.740808231414917],[89.896552603919702,26.726186838651813],[89.90081765221305,26.731737671056806],[89.913627546873954,26.740068443703876],[89.919471578051059,26.742017236806191],[89.933746629303641,26.744035096042978],[89.954536598785182,26.736479481443041],[89.963706569302872,26.73778554886411],[89.972206657311574,26.736030714346157],[89.993240540019087,26.738727339595187],[90.046104532598292,26.753831864349195],[90.073615615068718,26.756528489598281],[90.087097571296056,26.754908771023111],[90.099510667083791,26.758145527294403],[90.117843566427609,26.76731633508092],[90.127014540588732,26.777023752144601],[90.152366613428626,26.7910480175521],[90.187309594362432,26.799147785841797],[90.186988566968978,26.80691428966287],[90.192886577253887,26.819572975012932],[90.219886530938822,26.849793591601099],[90.225051627930441,26.853123219061445],[90.23229258593426,26.854941254335586],[90.26023064312983,26.853329245648297],[90.302131608587047,26.84982242566457],[90.307739606397888,26.851702319006961],[90.321678543230348,26.859332029649579],[90.330902660129823,26.868772568399436],[90.344039616635143,26.886370876315027],[90.357719553214963,26.897660294387208],[90.3791276042557,26.898800400018615],[90.410339632568139,26.900700410295826],[90.425620512576756,26.896014422627673],[90.444000518409382,26.887991935779382],[90.503402563377733,26.845263675878073],[90.516319578086211,26.836843215642034],[90.540420567155593,26.82005392884588],[90.546806572065805,26.817544052316293],[90.552551527631067,26.817653855041499],[90.579353501862784,26.808524452941299],[90.589652513652766,26.80340461882821],[90.607177564593087,26.798834638308051],[90.627937527295217,26.797194970071928],[90.636909515661785,26.794275050353406],[90.645286558428097,26.788013266099483],[90.649116584862668,26.782446507600412],[90.656776638631129,26.779146553270948],[90.671287556875427,26.784076453265868],[90.686469531244029,26.777935703370133],[90.690116664352729,26.772405826967486],[90.697555603608407,26.769679194039725],[90.711654635053549,26.768532045817381],[90.728866537560805,26.776586887574922],[90.745086527421449,26.780346506086516],[90.75231156023051,26.78819431491587],[90.756614660638263,26.778877494101209],[90.762893544601582,26.780285654359602],[90.771430512908012,26.780653451895432],[90.765022548352079,26.785825254232236],[90.779533633870244,26.786735360948285],[90.78436261644174,26.793795941029998],[90.798629620560689,26.786087439883602],[90.807960522959945,26.783655346617081],[90.820770585794037,26.779104811238199],[90.82628654878539,26.787906313325834],[90.833236655247617,26.792175216113492],[90.831619619350136,26.799779614437796],[90.839202558951115,26.796544869949912],[90.845497536282437,26.799895618887831],[90.852363655958129,26.7950359586427],[90.862808512602953,26.798834638308051],[90.876846524147936,26.796134994934221],[90.890006614813615,26.801653639703829],[90.894721602919788,26.804005601577387],[90.900680634004232,26.796824992579502],[90.914962557875924,26.78921523069846],[90.92519350897345,26.789997094090779],[90.939926548071924,26.785961208343224],[90.962333555249529,26.799264630258619],[90.970786536769424,26.790336225736382],[90.982490523419074,26.790837967398431],[90.992996568137301,26.793795941029998],[90.99810064432944,26.794694984286252],[91.003799667920475,26.802023617196312],[91.043556544399166,26.811734218759341],[91.050041622223262,26.818735790724304],[91.06498756142696,26.817315057943688],[91.068260527101813,26.80208463709647],[91.074478558438898,26.81207502674124],[91.080459549169007,26.817304999925966],[91.089172537282934,26.831050315419873],[91.097526612263493,26.828073565742613],[91.1474535863141,26.814293047186538],[91.170143566072852,26.817283876649753],[91.235641600779388,26.83034338533912],[91.246787521227304,26.828022603860234],[91.252998510872715,26.822614599983922],[91.261016639606396,26.81863487330088],[91.267112630243844,26.812764188017013],[91.279212577598514,26.807444529041902],[91.294242503588862,26.797137804666079],[91.311447534376384,26.791538191234679],[91.334007593575734,26.789295362091423],[91.36904160208843,26.80021563993995],[91.381446650742475,26.805893373880224],[91.394943526722557,26.818166994711191],[91.400108622814855,26.822860860440471],[91.402450526670634,26.830173399982584],[91.4125445182151,26.844931753198011],[91.423896631624416,26.862941779739458],[91.428581612951234,26.866441896176696],[91.439819566419999,26.869882499078187],[91.462386667311023,26.865920875747975],[91.482238534181192,26.868661759332895],[91.493606573684588,26.867811834348799],[91.50157960771287,26.86932778464967],[91.495002664141794,26.874570330356619],[91.488067644706177,26.87619239616231],[91.495643544414236,26.880670176387696],[91.501060600866197,26.88091207783026],[91.496269504933878,26.892840699838587],[91.499839524774416,26.898350460205734],[91.500160552167927,26.906072874763481],[91.50906364167389,26.907157827671767],[91.516151546756646,26.91186191959207],[91.522079563820967,26.919137411562417],[91.505599569164929,26.925050341600127],[91.494338649709107,26.924899299563151],[91.490966610221051,26.934719704750705],[91.505149627553408,26.939209722950523],[91.500343612767665,26.947266072871116],[91.494453648717069,26.949709229597431],[91.49842063560402,26.9569776816748],[91.508926513947642,26.961107613125989],[91.497917554851426,26.962358527823937],[91.494148548317014,26.966447220862676],[91.495399631188207,26.976833069390807],[91.48961662081058,26.978136789581299],[91.481796639703305,26.959617814210901],[91.475997536856994,26.9531580478058],[91.470664635364813,26.959712529010176],[91.470748621252028,26.948418081929105],[91.475807602738826,26.942629539821553],[91.470420553965539,26.938158633114597],[91.469802639680267,26.917909462851583],[91.47305263936795,26.91288970889309],[91.470657593673195,26.907620007257663],[91.473647585867582,26.901190415805161],[91.472183602891107,26.896618422602273],[91.462585653105577,26.885376781913124],[91.449806604291496,26.901932381674214],[91.440727662251959,26.894991495960937],[91.435989539086108,26.888430644858488],[91.429969656274807,26.89051187212533],[91.418533555179579,26.884860122296971],[91.414031635351876,26.884079934341628],[91.410278554012223,26.883432013276945],[91.408912639406935,26.871953500154063],[91.401702526350675,26.870992430656315],[91.39886458073596,26.878797323837546],[91.3882296226991,26.875511450193414],[91.386161638848705,26.881470983099518],[91.387672561040006,26.894940365905313],[91.391120541080284,26.903611110164718],[91.39965063586834,26.906330032305277],[91.401420559211601,26.910772943116967],[91.404693523987135,26.918989554924167],[91.386703612581812,26.912139695890403],[91.380157514857615,26.913410561148623],[91.374587571859138,26.899580253426109],[91.367629587335728,26.895810407824229],[91.363136551011166,26.887720865725498],[91.356582574326524,26.887820944980774],[91.354980623657013,26.881492272750336],[91.360603540321279,26.878230204160729],[91.362930524424314,26.873914362158246],[91.355186651143185,26.870252643844594],[91.347320570787872,26.86988467813552],[91.346771556262468,26.864612797442817],[91.351211618021921,26.862171986148383],[91.356628506300694,26.856104326853369],[91.34839663929364,26.849873554820817],[91.338180607948857,26.848902428204667],[91.321418646153745,26.851073507636386],[91.322967621358828,26.845572800744321],[91.32845257122932,26.841458962661136],[91.330116547241005,26.83576312356945],[91.32033553595636,26.836734083811052],[91.31321762409425,26.835822970753668],[91.312766509766789,26.824123677665739],[91.31678060314249,26.813133997336251],[91.310363586010851,26.811595247422872],[91.305122550265651,26.813336001255607],[91.305816570578429,26.821643807915564],[91.299796521392523,26.824783669430929],[91.292587581052203,26.823234860600451],[91.282943531119201,26.831283331560655],[91.292526561152044,26.836343152114921],[91.306777640076177,26.857222137391886],[91.302856586062774,26.861313008588638],[91.290336536602069,26.84535369801489],[91.282607583973004,26.846375619239552],[91.275558570971441,26.849633496988417],[91.270172527640227,26.847043489065925],[91.263107589443848,26.849122703649982],[91.259780643761871,26.865732954312534],[91.259567576382722,26.8750913489867],[91.254608506877275,26.879644064322235],[91.256606584626354,26.885151980179899],[91.261428527304872,26.881534014783085],[91.270332622252852,26.879112315880832],[91.272392558969557,26.872909539743603],[91.286422524280226,26.873660390914438],[91.29128251907315,26.875551515889867],[91.287750552246337,26.88864974758792],[91.296081661239839,26.895110351261849],[91.301055649598709,26.902073365693411],[91.292343667826174,26.904580225896837],[91.286163523128266,26.901280103394186],[91.287193658760486,26.910711755043621],[91.272338578962433,26.915387683794734],[91.273300653902197,26.924762171836903],[91.265838581385594,26.924270153644841],[91.254012554036308,26.918609520313282],[91.245933572676392,26.925729107612369],[91.252906646025053,26.932740737595111],[91.261154606400112,26.931019933423329],[91.269157647207805,26.934698751446376],[91.277152641781186,26.934599676733853],[91.283233545391965,26.943518524160709],[91.274246636373334,26.943394471677664],[91.276176653429957,26.952868035331733],[91.282653516846494,26.958930664718537],[91.285819528848322,26.967447182441674],[91.273116587860386,26.967008305189268],[91.267272556683281,26.962217711977985],[91.253677613231446,26.957347827340527],[91.242286606841617,26.960357600123302],[91.233253596776251,26.959508848754524],[91.230392517900555,26.964177569439414],[91.22782162057149,26.974467025932654],[91.238807613680592,26.969938115651644],[91.249450618851142,26.976757799732809],[91.245422612064033,26.984474682560688],[91.238220545242143,26.983626769360058],[91.233917612108257,26.98841736167202],[91.223701579864155,26.990486183690564],[91.226623512265462,26.995997116773651],[91.225410649681919,27.011729279282974],[91.233123509842244,27.011235250206767],[91.234970545554404,27.016856154188304],[91.234756640007106,27.025404688675565],[91.240028521599129,27.032324452911325],[91.247512555560149,27.033285355135149],[91.247581621694621,27.022162905194079],[91.257682654031441,27.025703922797959],[91.258560574910746,27.018574946576678],[91.261428527304872,27.013904383180886],[91.272430612882658,27.013116316265098],[91.267013556430641,27.0042056832458],[91.279983545704226,27.004485637702146],[91.283401518065773,26.996375978668596],[91.289108587891178,26.995037221790483],[91.296928568998396,26.989510529887184],[91.29904952471594,26.982126576080759],[91.305320529718813,26.981344879962364],[91.313796646298329,26.953098872415183],[91.330703614780134,26.951869918262275],[91.324050563382968,26.959445648897713],[91.325202572440958,26.971236305011587],[91.33751659441549,26.965427477796027],[91.341567568088976,26.970477240332514],[91.335067568713498,26.985567515328739],[91.336982666916697,26.997693950415623],[91.33133661699145,27.012427492235133],[91.322540646633684,27.011035425344744],[91.321418646153745,27.022556854115692],[91.308387636080681,27.02537468189621],[91.299667607174513,27.038927214219711],[91.305099583379217,27.049623863050954],[91.311950616028298,27.057834273133324],[91.324836617615972,27.065603962353123],[91.333602580295008,27.063764133807865],[91.34738963782172,27.070593875906809],[91.352340660193477,27.064873898112069],[91.359283557690219,27.064433178148818],[91.362907558437257,27.056952328687146],[91.364959615294197,27.046304965401987],[91.35209657879426,27.042523888167068],[91.351989626020611,27.034115331357611],[91.359130504769155,27.033064575170158],[91.366310610146684,27.027235800092228],[91.377189649582817,27.02949572894488],[91.391296560887724,27.019706001430961],[91.397186524039,27.017856283041169],[91.397903512137532,27.005685758690959],[91.411468616983257,27.019307189875065],[91.411773550109388,27.026684773783415],[91.398559647609829,27.031553485704933],[91.396049602906999,27.043675059056852],[91.411132501663758,27.038477272608191],[91.413886627765805,27.046233719310862],[91.401153510925951,27.061553323227429],[91.400993585385834,27.068033875662991],[91.395316522339783,27.074282751947578],[91.398696608062153,27.086910256902968],[91.407180602702795,27.080032401973938],[91.413223619674454,27.081572326401897],[91.411949569916885,27.090702062150569],[91.417838527626088,27.096061785922814],[91.424453526009586,27.092252713691948],[91.437492582316963,27.090312974064659],[91.444396587732513,27.082262155873934],[91.452796595586562,27.084042305408218],[91.450729618976879,27.089193151742677],[91.441848657289881,27.094781701714282],[91.440559521404964,27.10832316967867],[91.452270547947592,27.109320951301015],[91.467239621311649,27.116861647047529],[91.473159592141656,27.121441519210862],[91.479957651124892,27.123470610080744],[91.484664592097431,27.127977390744149],[91.492072518232305,27.131100320723363],[91.497970527617895,27.130770241653465],[91.50524166237301,27.137754043014809],[91.497909507717793,27.145749541208488],[91.491912590893492,27.14960035457284],[91.491729531193073,27.143039504369767],[91.488128664606336,27.139941887608188],[91.483604616959667,27.136710999413253],[91.473251625162561,27.132562962810653],[91.477752540447568,27.141139662265743],[91.46877250404799,27.142310781017898],[91.460891503040614,27.138450915077783],[91.467903635744335,27.134959852115628],[91.445007629398731,27.126392540683355],[91.430190602614402,27.12294053797558],[91.404052643714692,27.110694074871788],[91.388610663651377,27.114611944385842],[91.388923643911198,27.12316165338774],[91.393257591065151,27.128090211594156],[91.418823568553023,27.129932387369934],[91.425941648588378,27.1393108980796],[91.396316650293329,27.134177987824046],[91.38860362285908,27.137669888954349],[91.384773596424509,27.130751298333905],[91.374999626831482,27.126032454834046],[91.371673520216973,27.131060087752985],[91.379020592826237,27.136351079938549],[91.371063653065278,27.142409687557176],[91.385688564875522,27.159309784319248],[91.396827610905689,27.159468034422389],[91.399352576260526,27.166960617338759],[91.39006056594252,27.169508381406843],[91.389701651909888,27.175949369967611],[91.386588613573849,27.181669013214503],[91.392906556892228,27.187546572016799],[91.402732661982952,27.188037751141451],[91.407096615916259,27.198588387843984],[91.4029385221952,27.20360814180242],[91.404495543634596,27.213215646884748],[91.423606618250972,27.207256952146793],[91.431472532231737,27.210146696912659],[91.435783511599936,27.217176263873625],[91.434219616642167,27.228015909406849],[91.450080524296936,27.236525551812917],[91.451591613762105,27.244366319849917],[91.434303603428702,27.252545045917259],[91.44520560885195,27.26238439442443],[91.455352574062204,27.2577346170591],[91.456863662628109,27.245686301581713],[91.465392584700169,27.246646030190277],[91.464897550181945,27.254364756628377],[91.462043512098546,27.258924680030077],[91.467697608258163,27.262683460373523],[91.463127626838684,27.267583186315164],[91.463561642356069,27.275553873112869],[91.468940644894985,27.278025863902656],[91.478500540767527,27.275944804809058],[91.476577563603826,27.285653562761865],[91.485122579043946,27.290244332010445],[91.494468569369133,27.298474019060848],[91.503127578375199,27.301662830675241],[91.511772504897351,27.301103758132058],[91.518348611199599,27.30650371487468],[91.522437638786187,27.312372388375138],[91.527679512699535,27.311922447662994],[91.530548638708865,27.307163537567362],[91.533531591010274,27.30222357955472],[91.528655501950027,27.279889663877043],[91.534606654073968,27.273604912736687],[91.545318558105123,27.292004196436665],[91.580993615063448,27.289023255918664],[91.576339646857377,27.296083836000378],[91.574561510005822,27.303882693831383],[91.567703603838424,27.309041420025665],[91.559287502616314,27.312194188611045],[91.55539662265619,27.322192960836617],[91.57118963779169,27.314592084257413],[91.579719565305879,27.312261243861485],[91.585533588804253,27.322751698831951],[91.568458645850001,27.326121727435918],[91.566833562818829,27.333929469669442],[91.570793508913482,27.337922106120459],[91.583793504966422,27.346750932309817],[91.586646537607805,27.341838969293121],[91.593902584436876,27.343366822121311],[91.601081516199201,27.346219686589393],[91.61482951437074,27.343102121965501],[91.623351562025107,27.344421936423373],[91.650802630037504,27.358390210040284],[91.639007615808964,27.35815920478359],[91.621536544875823,27.350730491718934],[91.602043591138965,27.35160053273853],[91.567199515845118,27.35698825330536],[91.564269538108874,27.372549758664547],[91.559272582863571,27.385619158097825],[91.556098523728053,27.389728805340212],[91.556518624934768,27.396049597710885],[91.56448361182936,27.415617989278928],[91.565162546014847,27.422638671837376],[91.571456517004833,27.427696479708914],[91.579902625905618,27.43240811514255],[91.589103608644791,27.440036653069228],[91.593360609804449,27.454917045185653]]],[[[80.400649560928628,29.768792549137004],[80.397430575261012,29.762652971957209],[80.37962355718156,29.749433537727725],[80.372909653158104,29.747965363011247],[80.366821540581782,29.742883750984447],[80.366111594174868,29.724004351619669],[80.372062577226302,29.719264721190086],[80.373413572978166,29.706412917222508],[80.382827623096489,29.681303920339815],[80.382720503048915,29.674977258993465],[80.387031650590359,29.668067386400878],[80.393119594993493,29.66265485623677],[80.408042567310815,29.655814887047541],[80.413360549949573,29.649828364587506],[80.417053615931763,29.636345570192077],[80.415946534305249,29.628421150815598],[80.406562659139581,29.609738727260606],[80.407440579119566,29.594839391824621],[80.377189620304875,29.561980487209837],[80.367416656153921,29.55954152132432],[80.36031349587131,29.554441971419976],[80.348930535715795,29.550525946415462],[80.34374951442868,29.543957383626491],[80.353553490801119,29.534201519184933],[80.352752516815372,29.525381912845148],[80.34586359842649,29.512860355221335],[80.31996955185349,29.50171695017724],[80.311897612185192,29.493883222932539],[80.310249562267643,29.487534434666543],[80.30119358621522,29.487803325663094],[80.292930537914174,29.477030737178893],[80.286537493110984,29.474173849143938],[80.290641607724183,29.465003207731968],[80.29779857984073,29.458375637725624],[80.30003353092286,29.45164496943994],[80.287406528688507,29.449804973620758],[80.279403655154738,29.450324820434275],[80.271552493652848,29.454004810273943],[80.26390853415171,29.449346819400319],[80.251518571624956,29.449099049881397],[80.245681582139468,29.444695198424824],[80.241371608213285,29.411397250183086],[80.272582630184388,29.39261508102129],[80.271476553999946,29.386471313000811],[80.273467590956727,29.378155794654333],[80.271202633994506,29.365477998710787],[80.274978513148028,29.358989231867724],[80.277732639250075,29.341889143869025],[80.297050578621452,29.323290874374493],[80.313911615129086,29.319788915226411],[80.316703626970991,29.311489322074692],[80.314285616188386,29.293830998801695],[80.306388521813005,29.279442623978071],[80.303916531023276,29.26470103592419],[80.300781532142139,29.260221075742209],[80.296996598614271,29.232737150998844],[80.293220552186881,29.22904341412243],[80.293266653233616,29.206224184698499],[80.291923536442198,29.198520546186387],[80.283538615614759,29.193397862121799],[80.278266565849492,29.197803558087855],[80.273460551063749,29.204715275189926],[80.266036530661495,29.202755417728497],[80.260070627857374,29.207222301767956],[80.25562251986355,29.216788903884947],[80.248382567301803,29.217304055338047],[80.245452588666183,29.211595141003102],[80.245033493800861,29.197147758062727],[80.258201630700853,29.186326050407047],[80.259551620111324,29.16332594034003],[80.263099512132953,29.155254167046337],[80.269462550156732,29.148607652821056],[80.271705548372495,29.141196038566477],[80.265403530248875,29.135889959354301],[80.247558626429623,29.128527463371881],[80.2343445548575,29.115773895049358],[80.206062505180626,29.118878887151084],[80.189536576751777,29.130517159439478],[80.183593639934713,29.131520304618505],[80.178047502890081,29.126208358229292],[80.176376654259343,29.121426817593715],[80.16457359289717,29.109888121839504],[80.154701554932956,29.103128452216424],[80.149970641631967,29.097053752129113],[80.146697507783927,29.089306861622504],[80.14580550621929,29.078057509246776],[80.177673501830782,29.064195852956402],[80.186584639369755,29.062240858129258],[80.183784580394217,29.068482860895472],[80.185546623877769,29.074841372631397],[80.181091642365573,29.09252266279077],[80.182540538315379,29.109200974145779],[80.187576552915743,29.115067803136753],[80.192779535647219,29.115771715092706],[80.194869647316523,29.111232914967218],[80.189315630412182,29.100761403316255],[80.190200592083841,29.093323804949762],[80.19546560015749,29.091734764048283],[80.203025573771356,29.10053240894365],[80.208640610575856,29.087470051202047],[80.212722598269465,29.081834226568446],[80.217986600901099,29.080243342056747],[80.222442587855312,29.083798274870617],[80.227676583707535,29.083356213118861],[80.232360558693017,29.079455276040278],[80.235824632101242,29.072654701653278],[80.221527620303618,29.071153671105208],[80.233665620672014,29.057678084775944],[80.243637570617523,29.056915164703241],[80.257354555668371,29.062269021298448],[80.280990516998941,29.066878900241193],[80.289443499418098,29.06766277631624],[80.300605512334698,29.065062876750517],[80.30831149807733,29.069266736970462],[80.32453165431258,29.07195447781703],[80.325332629197646,29.066810838649417],[80.348792569821399,29.067374773826884],[80.353431618274726,29.058338243815058],[80.363914528832595,29.063146942177809],[80.369773647036368,29.063285914413541],[80.378150520730117,29.066928689407632],[80.40000951882439,29.054821364914176],[80.413177656623702,29.05053955415724],[80.419898602338776,29.043238580796015],[80.43608858272205,29.047060729169459],[80.455619591271272,29.041283921415982],[80.491737547250182,29.038594000612761],[80.496200574996692,29.04214189263439],[80.495345621003764,29.0495804964429],[80.4898145709858,29.060930096247091],[80.493507636968047,29.069051656908584],[80.48231461183002,29.072810606324538],[80.475181612041922,29.071498669927792],[80.471763638781056,29.077159305058046],[80.451606503337644,29.074969448681259],[80.449439613847289,29.082381230209762],[80.438949494323879,29.084431947076837],[80.436149602622208,29.091251965705794],[80.42979461173212,29.094782758917347],[80.398658523971847,29.102421523034991],[80.382324542343895,29.103182264050361],[80.393745554613815,29.114357017662371],[80.405593543407463,29.110620197863966],[80.426376640269893,29.113976813978923],[80.447349502177929,29.110451050675579],[80.462715542588398,29.097608633831555],[80.481628636852292,29.097471506105251],[80.490280605066005,29.091356907595355],[80.495971582422726,29.097801585175148],[80.505844624929637,29.094581761339384],[80.506797648193071,29.107231058666571],[80.512176649832668,29.101614512799642],[80.516540603766032,29.085070982839738],[80.519927563906094,29.080556155042643],[80.526969536115359,29.085309197061918],[80.536094579201631,29.08551522364877],[80.535194529604041,29.094677817927106],[80.542312609639396,29.096559554879718],[80.538833617377691,29.104515321924737],[80.549842575574587,29.10763020477026],[80.544517553042795,29.111531980916311],[80.528808525593149,29.113470045106624],[80.514305653583222,29.118878887151084],[80.516075576027163,29.125804517664506],[80.513229585077454,29.134351042166998],[80.522170561222595,29.141435761851085],[80.535163517382557,29.143453955635664],[80.529029640105989,29.153072357803239],[80.537307608159722,29.160718999982009],[80.533904554651656,29.165808827315686],[80.526756636010077,29.164499070875536],[80.522087579878075,29.168404869689141],[80.515800649680386,29.159656174892689],[80.502105626073956,29.166763023295005],[80.512786517883626,29.150406576602393],[80.501350584062379,29.139245067306149],[80.486175651385338,29.145204601111573],[80.488311527754945,29.138943988674271],[80.459663524152461,29.136559170069802],[80.446464541405646,29.141992990784047],[80.426284606349668,29.140373774929913],[80.419677655099861,29.143087667162263],[80.404960542095523,29.155941315639325],[80.407371512085774,29.162884045862143],[80.396217546302864,29.164916993024974],[80.394729590997997,29.171193865204884],[80.387786525328067,29.162995861270133],[80.387313617729433,29.15667322259128],[80.382247596349657,29.151386422145833],[80.361465504929242,29.148021757997867],[80.353942578887086,29.15989304822574],[80.366653567907974,29.171675823580529],[80.373779526903832,29.173566445834979],[80.382781522949074,29.178368438852488],[80.394828496637956,29.190708780386046],[80.39078557009816,29.195200641296708],[80.385566493998681,29.195080779654404],[80.377181573171242,29.191436999218297],[80.37001756116166,29.190694027007908],[80.363044655086924,29.1836401531707],[80.349426576575411,29.180445474379269],[80.334007564297792,29.172042615674343],[80.32337159902022,29.178670354753194],[80.309753521408027,29.197855692686232],[80.316795492717972,29.202615440949955],[80.310119641708241,29.207617257930281],[80.307304495706092,29.214437109285313],[80.313407528035157,29.228930425998499],[80.307418658344545,29.232804206249284],[80.310424575733748,29.241481823127799],[80.311241643986818,29.258144375662539],[80.314353508707597,29.263387088643356],[80.324851508090774,29.261917070316713],[80.331245559235356,29.266660054318208],[80.331710586974168,29.272984702981773],[80.32757562561477,29.280345522627897],[80.326759563703035,29.286061309581896],[80.328552621206654,29.291848008079228],[80.348121514596357,29.315269058420427],[80.357253599374246,29.316060979830525],[80.37044554132882,29.311784365356345],[80.373496553423365,29.319315840353909],[80.383666651894657,29.329310421738739],[80.391784525335709,29.319751028587234],[80.400329539876509,29.318228874762895],[80.404342627810195,29.337836158412131],[80.418266644889911,29.329894640225632],[80.424873597039038,29.329689450907551],[80.431571574968359,29.325907537303124],[80.437026518059497,29.31957785873135],[80.46852855974538,29.310068422020208],[80.455848584744558,29.319526058680822],[80.450294567840217,29.330874316696509],[80.432479502627132,29.336771320640082],[80.425186577298859,29.340620124019665],[80.419120594340143,29.346788701637422],[80.429855631632279,29.360237464787303],[80.429664524798113,29.367118002394022],[80.427574581302054,29.37165780796164],[80.428718543226353,29.377425731312599],[80.433830498378939,29.381560523599433],[80.450744507653042,29.384821252199174],[80.458503636134083,29.387871258851646],[80.468688654358061,29.39785997305944],[80.474510556816881,29.400291730878848],[80.473709581931814,29.405433524637601],[80.481346502439294,29.413070445145081],[80.483184652849616,29.417702954627771],[80.481460496005241,29.432581504033351],[80.4898145709858,29.437937205138041],[80.492927610221216,29.44374519328619],[80.488906643327084,29.447096110397297],[80.48169753571284,29.447503806355712],[80.474533522803995,29.446189859074877],[80.466194534850047,29.440262344731593],[80.463706618865501,29.435614411875747],[80.463851625552252,29.43045468023945],[80.466773557054182,29.419620063715115],[80.46103664682397,29.414323371626438],[80.459327577006206,29.405105458250432],[80.452987505868862,29.398071867722649],[80.440650517907216,29.394919098237949],[80.433380557666737,29.397613879876815],[80.426200619563076,29.39687577030071],[80.412918656371062,29.381071524431434],[80.407333626345917,29.370611076240323],[80.387168611042739,29.36669119494286],[80.374954501948878,29.359519303972831],[80.363143561626202,29.360956297395376],[80.351745515343396,29.3480647631784],[80.339218593263638,29.351779622431764],[80.336318622306749,29.339087074009399],[80.320991641251396,29.32666878103953],[80.308410571890533,29.332100421797179],[80.30564856772736,29.337199134432637],[80.319534530894032,29.354175505395403],[80.312782572957531,29.361471280675232],[80.302444500913168,29.357204389670983],[80.294517567931564,29.359882239773697],[80.297660613946334,29.386355307651456],[80.290557620937591,29.383311336349209],[80.287116515315063,29.388966103403106],[80.290771528283585,29.39823581772896],[80.284217549800246,29.398652732637629],[80.280067502313557,29.406005674222627],[80.270217592168308,29.40748943868681],[80.268096634652125,29.412599382055987],[80.256301621322905,29.41345919778388],[80.258277571253075,29.434738334606607],[80.281730639257773,29.438181453811183],[80.300125563943766,29.435761430345849],[80.309074587222597,29.442862076124072],[80.311370558204885,29.45381973789074],[80.298469635065771,29.469573190050824],[80.302261607587297,29.474255824147122],[80.314437496393509,29.460780573264969],[80.322975638315199,29.459836436202693],[80.325004561011838,29.479967588433624],[80.329376562078835,29.486962454154082],[80.338272610792501,29.496355213722268],[80.349204624793742,29.502925955568514],[80.363204582425681,29.517030352369034],[80.370971588967791,29.520084047141211],[80.379280570142384,29.527165748700497],[80.393005601427546,29.528063953788603],[80.397506514913914,29.531036848072233],[80.395347504384006,29.537870612838674],[80.373245599405038,29.532185670832177],[80.36856061807822,29.535517644623724],[80.373008558798119,29.540215366646009],[80.364372516678486,29.544598263898877],[80.37014060730337,29.54875417856266],[80.379913570555004,29.550702971664975],[80.384429572866679,29.553104051810692],[80.395141645071021,29.567702310413438],[80.409271522363042,29.577785906694373],[80.417762557795982,29.578558885684174],[80.440338543089467,29.568183263347066],[80.447540609911357,29.568351404194118],[80.468696533318507,29.561381516244126],[80.476455493626304,29.565005516091844],[80.463920525312176,29.56815644106706],[80.451270557090709,29.575321962138958],[80.439422569196381,29.577343844942618],[80.439224587944523,29.58422773522193],[80.425346503738297,29.588491440827454],[80.431137561249614,29.592068334186422],[80.428863549913046,29.602914852338699],[80.442520519606433,29.60667380085539],[80.451560571363416,29.611474786632243],[80.456802612550689,29.6115968282312],[80.469451575330083,29.604430970812814],[80.477981502844216,29.604052108917813],[80.491538560556307,29.594377381311233],[80.50187663170135,29.593122443046468],[80.509208618183322,29.588699648270278],[80.517723625944768,29.588894443224092],[80.53395853465878,29.579304875120044],[80.543609625384079,29.576856017591297],[80.549934610394132,29.585028709207734],[80.532012592407398,29.591976469338761],[80.517997546849472,29.602668927329262],[80.502250632760649,29.603460010571155],[80.488876635648353,29.612904571988565],[80.50453956295064,29.615558450662093],[80.513999546841774,29.628967987182989],[80.533294520226093,29.618503516324381],[80.538284601952967,29.627795191195275],[80.549514509187418,29.624604033249682],[80.55799850292874,29.625945137358372],[80.585540599419289,29.625407019018837],[80.59082756803798,29.62380104568183],[80.61746961493094,29.607751881144566],[80.632339613582474,29.615537495559124],[80.627021631842979,29.618289441704519],[80.613174559858237,29.6214274587104],[80.609153593863425,29.624782232114455],[80.606300562121419,29.633324732150811],[80.597175519035147,29.631403767669894],[80.576652596939937,29.638979500103972],[80.528205531060564,29.636747566247323],[80.524032516687441,29.645258551341215],[80.564834615825021,29.663958577326639],[80.589225619167166,29.683431916849599],[80.596420645196758,29.684162987432046],[80.609588614822883,29.682159879774758],[80.631187606323124,29.683779933797041],[80.637115623387444,29.682762874307343],[80.646408639147523,29.678376120761527],[80.661636544591033,29.679200061633708],[80.680953646693581,29.68534382875481],[80.69066659638645,29.691374608651415],[80.687210570111858,29.698185408330062],[80.681938521245911,29.699219400255288],[80.65766855226201,29.689869721810339],[80.631584573369537,29.693540659973621],[80.617149593878821,29.693798488409641],[80.607879545005176,29.697037254665702],[80.583702615383572,29.693634704777935],[80.568748629945503,29.688711845575369],[80.543640639404146,29.671515366441156],[80.536849621213207,29.679969017955955],[80.524749504785973,29.667077482839716],[80.518020512836586,29.673234326103398],[80.510719540374623,29.676509303561659],[80.498107626066258,29.679084057183616],[80.51229852325838,29.666793672090421],[80.513091619183058,29.66164986564894],[80.508621549744873,29.657529993114849],[80.502769639607322,29.655678094768405],[80.497108502655408,29.646940296157879],[80.479164525022952,29.632189822802218],[80.452453579269445,29.63006702167587],[80.428916523578835,29.624143028178366],[80.431213500902516,29.635671833188667],[80.423454539695399,29.654997148799509],[80.437957579878571,29.675412111779679],[80.415885514405147,29.667441424981916],[80.403991593637272,29.67060441975832],[80.396552655280971,29.678462119331471],[80.401008642235183,29.683155985060807],[80.406845631720671,29.685587742880159],[80.409263643402596,29.692528462218888],[80.401962501868127,29.695801426994421],[80.401595543399765,29.708411833139735],[80.395927532030157,29.700248194099004],[80.390045615113195,29.699535229567346],[80.387695496849858,29.712676713259839],[80.39009054164535,29.72076357268088],[80.389724588619003,29.733375989710282],[80.383872511207585,29.731517052370236],[80.381744513798424,29.737201826203432],[80.392066491575463,29.743183655101745],[80.406082542575462,29.757853997963764],[80.441154605001202,29.747770399884189],[80.465118633618204,29.735700962929229],[80.464126551899028,29.724208368221753],[80.470718584295412,29.723212262036384],[80.470428570022648,29.733531056213394],[80.473365588551246,29.745647599657161],[80.46420249155193,29.744863556308246],[80.440284563981606,29.755209171865943],[80.409873509654915,29.763104757178951],[80.406379597640466,29.770480663851686],[80.400649560928628,29.768792549137004]]],[[[92.013496633762827,27.018933022441161],[92.009872633915109,27.027695630648964],[92.013297647068896,27.031454579165654],[92.010993629852294,27.035952309051936],[92.006706621913224,27.050624830071968],[92.008071531076439,27.06058420839463],[92.00126659857483,27.064424124673735],[91.994361586817945,27.071072650682424],[91.985603503998675,27.0747854990517],[91.974532518660965,27.068644749155965],[91.986991547322191,27.065543108827569],[91.992996510380806,27.059123409917561],[91.993850626205585,27.047191937957734],[91.988136514688563,27.030785535724021],[91.996063615843354,27.017825269920422],[92.0028536276929,27.010354312101981],[92.004760510589279,27.000646894138981],[92.011680610272094,26.995867029839701],[92.01715064128922,26.987927356162686],[92.023162644240813,26.984787662820509],[92.03083057696972,26.972756949773554],[92.043907519016955,26.969058182988874],[92.047157518704694,26.964618624849777],[92.043472666230741,26.959577747615128],[92.051826573937376,26.952938106908277],[92.043609626683065,26.933598876986707],[92.036796647947085,26.934979712244058],[92.021293647983612,26.923339259999011],[92.012016557418349,26.931849742371867],[91.999702536343136,26.932049901781681],[91.996223543182111,26.942919385921073],[91.987548608081966,26.938099455925283],[91.984771515992861,26.933048857019287],[91.977966584390515,26.934199859735884],[91.965446534929811,26.932949949580632],[91.960647560936366,26.938929432147745],[91.96251655719351,26.947476291198029],[91.957290607575658,26.948747993725078],[91.949386640581167,26.939938446302392],[91.91747254482226,26.940558372371129],[91.907516520071511,26.942518562581768],[91.903617593877016,26.947537311997507],[91.906669613212216,26.955848806777169],[91.901443663594364,26.962217711977985],[91.899551533176862,26.952617918582234],[91.893752596705156,26.945219213196253],[91.886268562744135,26.94273850527793],[91.888008646581966,26.949650054206757],[91.884803574325645,26.989216492946923],[91.882759562803756,27.000657791224228],[91.877777528210515,27.00310681512758],[91.877059533770648,26.988466312670312],[91.877448621856558,26.960496572359091],[91.87124651661361,26.953927842296252],[91.86726360363258,26.945509225670378],[91.856079630170939,26.951828008056282],[91.856521523749507,26.961538609619254],[91.852363597302315,26.969836359160809],[91.84090453022003,26.977928919384283],[91.821243602910101,26.980736857320267],[91.822692666133776,26.973666219220775],[91.826156571368813,26.969287344635404],[91.829460550164413,26.948698204558639],[91.821327588797374,26.944569280348162],[91.810569583719484,26.943018291561032],[91.808051660056208,26.936808810977993],[91.79479266285125,26.931378845657321],[91.775283615746446,26.931668859930085],[91.770751520966087,26.945229439387276],[91.775497522193064,26.95179800127687],[91.772109556610928,26.955875797230419],[91.763702507964524,26.959863571047094],[91.755248520103294,26.962617697149142],[91.75797263942593,26.956308806406412],[91.74746659380844,26.953578988079983],[91.742416664897348,26.937758480669515],[91.737548622970735,26.93352997812616],[91.721336512969856,26.926402008246214],[91.713943506587725,26.928778947890294],[91.709503613001516,26.932148808321017],[91.702865648630961,26.945622381967496],[91.69348864608429,26.953517967280504],[91.67340057677535,26.943388437226758],[91.666679631060276,26.937157497920339],[91.661453515067819,26.935934578218337],[91.655280578436134,26.928048046380354],[91.645828640779314,26.923919287645163],[91.640197510606811,26.924959314021294],[91.642471521943321,26.934559945585136],[91.654746650937341,26.95320900968818],[91.669898617627268,26.969527401568484],[91.676978643749578,26.98003277719107],[91.675346519026789,26.987456293073592],[91.669036622842043,26.99271007041358],[91.668456595195892,26.997727141694384],[91.675453639973682,27.005355679621061],[91.66838065464367,27.007794478232711],[91.662986565078086,27.00484673079211],[91.658584557231677,26.999539813411786],[91.662376529753203,26.985068457243642],[91.662841558391392,26.974298046018134],[91.63279763160557,26.939799474066604],[91.628631658024744,26.943178387073033],[91.622451513326837,26.965507273741821],[91.622383619908305,26.9777959815994],[91.596717562265837,26.980755631567263],[91.586921632127769,26.988327507708448],[91.565231613048695,26.999375863405533],[91.56226358139935,27.00732743871049],[91.565849527333967,27.018226259634332],[91.572029503858687,27.023624876387089],[91.570579603366184,27.047614889116005],[91.55754054615943,27.056375319165795],[91.555847569709726,27.046695728924874],[91.562507661899247,27.041564998625915],[91.565116613141356,27.034842376574545],[91.562026540792374,27.023014841062206],[91.553993659579874,27.014968213712223],[91.55068163544928,27.008346510882916],[91.549774545958712,26.989035444130593],[91.553047510734189,26.984306541713693],[91.560920632781119,26.984337722108307],[91.570083561607248,26.97967587494179],[91.581916629748832,26.967197401139288],[91.591545591755846,26.963836425111083],[91.594901538775161,26.958629755159222],[91.602722525324452,26.959548579003865],[91.617767538341411,26.928340070637887],[91.616416542589548,26.919910558725462],[91.629066510811015,26.908017811572904],[91.638740569321953,26.903250017974074],[91.646346643083291,26.904091057656331],[91.649856649365063,26.900009406309209],[91.660987649160859,26.897471365711112],[91.661483521847231,26.891030710798816],[91.649810548318328,26.888331739218529],[91.643127657415619,26.889799744862501],[91.627860522645165,26.875471385396281],[91.612243529115744,26.868642816013278],[91.598937592695904,26.881942046188612],[91.592506661253594,26.879112315880832],[91.592071641193456,26.87091246743654],[91.585403669144171,26.872182660901217],[91.581489655923065,26.877082218669614],[91.57578258519834,26.888411869712172],[91.574767536592731,26.895670430146367],[91.571403544238365,26.903380272181948],[91.552856571174004,26.889738724962342],[91.551696515881645,26.884249918798844],[91.541549551570711,26.881982111885122],[91.537971651870407,26.872722622850915],[91.530738572827033,26.868371576886886],[91.512542634834915,26.862604996223752],[91.515609573023539,26.857512150765274],[91.529067556922371,26.819744972152876],[91.538696518929385,26.80702543417658],[91.551307595968922,26.802865495046717],[91.563842564283107,26.80819638565481],[91.591209646408231,26.811282098989807],[91.608459601929269,26.817145072587152],[91.621963518701591,26.816994031449553],[91.649513661426511,26.812714230677329],[91.66313961799915,26.813614280274976],[91.67588061379945,26.809594318822917],[91.684921502825262,26.810185410828183],[91.697601645999328,26.814345181784859],[91.706016573606178,26.813544039625867],[91.737228601918616,26.822523739679013],[91.76191766486852,26.837004986591012],[91.788902532426107,26.849120524592706],[91.815048537560131,26.856173393887161],[91.821693542722983,26.861762111132691],[91.831413533208149,26.879661330406236],[91.825797658235501,26.885212831906813],[91.821678622970239,26.892521684228484],[91.823051579267144,26.90014133685338],[91.826820585801556,26.904978031111398],[91.836318622706415,26.907789824441011],[91.844947624933127,26.914310608947574],[91.850677660745589,26.908950885175329],[91.859199542025408,26.917859674584463],[91.878829624387834,26.922807345183003],[91.894668572396881,26.92270022423611],[91.908279609216777,26.9255901362759],[91.917083624909537,26.923499354611693],[91.92497250397804,26.919278562855538],[91.94793657191542,26.900090374970944],[91.964210539984606,26.890841783021983],[91.968780521404085,26.885421039349637],[91.969749637136204,26.880071205421928],[91.984970502686735,26.862032009369898],[92.010406561413845,26.85983293314348],[92.017646513975592,26.860642120637522],[92.022132507709216,26.872981455829688],[92.033622588811568,26.861572847908747],[92.039939526687988,26.855002442408932],[92.057609584315003,26.857363121411083],[92.061637592001432,26.861751884941668],[92.06842056305868,26.865121746271711],[92.074081532736727,26.872053580308602],[92.070579573588589,26.877071155209762],[92.07666064357403,26.882958939303762],[92.083351581610373,26.881832076189482],[92.099410637790868,26.888371972188907],[92.107162558205687,26.901133418572556],[92.111038516614428,26.907510873628041],[92.117286555630187,26.911561848200904],[92.116805601797239,26.916869437374771],[92.115837659680437,26.927560050855789],[92.106910597845967,26.944739432079245],[92.108360667411034,26.968982243336029],[92.105285513915476,26.974926857388709],[92.090621541850851,26.982195811287795],[92.087142549589146,26.966628436952931],[92.068282597164284,26.970536081175339],[92.063712615744805,26.9729871168621],[92.050269551598717,26.982886647101225],[92.051353667238118,26.990387445324473],[92.059158560419405,27.006555466062025],[92.052467622383006,27.007114537705888],[92.049247630373998,27.01530633991581],[92.044509508107467,27.011195351784181],[92.045776516173419,27.001016704357539],[92.039306525375991,26.993736015205059],[92.03250863366668,26.994766150837336],[92.027732625660292,27.008216591222833],[92.013496633762827,27.018933022441161]]],[[[90.718963654649087,27.59594809892576],[90.719619622847461,27.588941497951907],[90.716506583612102,27.580552889004764],[90.709411637737048,27.576810872923602],[90.712562562712264,27.572622099730268],[90.718063605950817,27.572552028153723],[90.718856533702251,27.567642412367604],[90.723968657028081,27.565819515358498],[90.722396546763378,27.561012660605968],[90.735381623962951,27.556091981359998],[90.738006667673744,27.55167287380425],[90.733558559679977,27.548591015862826],[90.716781509958878,27.549501960747023],[90.712592570390996,27.546193121115778],[90.720718658239662,27.539351477388891],[90.731742537088564,27.539212505153159],[90.736320564742414,27.536454522758163],[90.741699567281387,27.537662522707421],[90.750610535747796,27.531652027918881],[90.762016630063613,27.529181880739372],[90.773826564044839,27.51875328473642],[90.774619659969517,27.512793751830316],[90.769241662872616,27.512873546876847],[90.76334365258765,27.516323371426608],[90.742240534673101,27.521174313643826],[90.709739537749613,27.522183326899153],[90.70004251415088,27.526434126333982],[90.690048602760953,27.542602481619383],[90.684936647608367,27.540692580598261],[90.677276594739226,27.554474944563196],[90.662788643381361,27.548465119769617],[90.664459659286024,27.557280703441847],[90.65927863709959,27.558414773722973],[90.652809651744178,27.559832656551976],[90.643249587698449,27.556950790746555],[90.622009510230896,27.562263577102556],[90.604041560269934,27.573691965611886],[90.591361584369793,27.587333345557568],[90.589622506873354,27.578710882301493],[90.595130590904205,27.570221187757738],[90.603797646144642,27.563980357707464],[90.610481543388687,27.556202790426596],[90.613128547644521,27.53657270806417],[90.618232624735981,27.550183074889162],[90.627334532762632,27.550775005062576],[90.62451955493367,27.545794309559881],[90.625839536665467,27.541013439818528],[90.63684061680118,27.542972459111866],[90.64301254799085,27.534953826757828],[90.6379015991796,27.532813926821404],[90.64092260359547,27.528624149085374],[90.649047517828876,27.524403190954615],[90.641586618028157,27.520214251386733],[90.630836660083958,27.520474257081446],[90.624931609006694,27.528602859434557],[90.619949574413511,27.53078282506749],[90.604881593610799,27.525164267417153],[90.596900513348203,27.518774575286557],[90.597160519942179,27.513754484981632],[90.602409602821069,27.5119237099114],[90.606338535794976,27.50844672943316],[90.611320572186798,27.510593670161882],[90.616561607931999,27.509125830892515],[90.618141597157148,27.50433490313344],[90.622596578669345,27.501454042769979],[90.638343660032035,27.496783311201],[90.636238628609988,27.492095479922625],[90.628509507807678,27.488624701169158],[90.636390508815111,27.476307159248165],[90.641631544560312,27.477875077772751],[90.65000959276864,27.484605746957811],[90.679763505281699,27.481346023800086],[90.683166557890502,27.477635188113595],[90.691192565584572,27.47292036818061],[90.701927603776085,27.47865124306054],[90.711349533754117,27.478115303778395],[90.713523632210013,27.484668777742058],[90.718292600323423,27.487296839577652],[90.723396508342375,27.48581491962301],[90.733627626713769,27.489295589120275],[90.741363620135132,27.482574810679125],[90.746482616080016,27.484132840258496],[90.752372580130611,27.492025407446761],[90.757476656322808,27.490434522035684],[90.763427640273562,27.49500031171516],[90.771102612895447,27.494054498316586],[90.77542851291571,27.491054615378346],[90.780929556154263,27.491092501118203],[90.785133583648133,27.488093623621978],[90.795356655785213,27.485015789247427],[90.795097654633196,27.48022502876222],[90.801994620155767,27.477610043069149],[90.82061753287303,27.464045776391629],[90.804679511050779,27.464745664780764],[90.800086563644186,27.467636584061268],[90.79524953483832,27.465016567560667],[90.778869620336877,27.461376977965301],[90.769958650971148,27.455565971692408],[90.761451522170148,27.442857666248415],[90.762367664236479,27.437957773032963],[90.756866620997926,27.436857062203785],[90.75243360003077,27.433777046973262],[90.752166552644439,27.428868270254611],[90.769203608959572,27.42947813740625],[90.773910550831431,27.43852790993526],[90.791976569163523,27.450137517232804],[90.803001621627686,27.448945275204437],[90.824218565834315,27.454038118864219],[90.831466564630432,27.450988280384991],[90.839256538058976,27.443196629720831],[90.831581565437034,27.4392469098172],[90.830268623598272,27.433614940577172],[90.837486615614978,27.428887212674852],[90.846259618186991,27.438127758389498],[90.867179508227878,27.423247532647679],[90.870567641083937,27.415097808816938],[90.876289630662086,27.405359211358643],[90.88159956616721,27.402429399996947],[90.889381659735989,27.405999252563618],[90.891090563179091,27.425410566744404],[90.903663585406321,27.453611313211695],[90.910377656703645,27.455075296188113],[90.91819763781092,27.450412275406336],[90.925842603653393,27.461097022609636],[90.937721604668468,27.457806958124763],[90.945167584716444,27.470146627864722],[90.954872655448867,27.469055472332343],[90.957488646583954,27.474226268327754],[90.962989523447902,27.478835979996632],[90.965049627438532,27.485461873666679],[90.968482518653502,27.490815731161206],[90.965446593585568,27.502484011128331],[90.966491648970589,27.511494724302224],[90.961357565999037,27.521284451816143],[90.953506572670335,27.520983205910341],[90.934913666732484,27.510294770587336],[90.914428631276451,27.507223977005083],[90.902023581723085,27.492738540151663],[90.882514534618224,27.491712595360127],[90.876350650562244,27.488397886753205],[90.879096562256734,27.479996035288934],[90.861282504284304,27.483595057366131],[90.858413546448162,27.474905201613922],[90.844787588976203,27.461926998832098],[90.846610653259177,27.474226268327754],[90.852500616410509,27.480125954949017],[90.860206602153141,27.50124516533225],[90.86766062933475,27.508602967752893],[90.865890538717565,27.515066588652303],[90.857192637630305,27.51209386344118],[90.842239657634252,27.51769347687258],[90.836082647096646,27.509804933251189],[90.822189642238357,27.511334797862787],[90.811447563254603,27.5080839600069],[90.810790588714838,27.517193579720072],[90.817748575036887,27.522110405371052],[90.819168636923223,27.523113383276154],[90.830047509085432,27.522743237610484],[90.831741659150396,27.5274329133984],[90.831596651564382,27.537143515860691],[90.824615532880728,27.541871411936256],[90.839569519218117,27.548722109138168],[90.858787545708822,27.554754731745618],[90.863967561553864,27.542325544388518],[90.871566596321543,27.54824232892048],[90.880218563635992,27.5435134274029],[90.893989527794645,27.539193561833542],[90.894912543379348,27.530193073951352],[90.905990568610036,27.542968436444312],[90.908637573765191,27.549579074914504],[90.903701639319365,27.556480733998796],[90.883750529563429,27.554192810150198],[90.877052550734788,27.560923478435939],[90.877983612553862,27.565872489024287],[90.908637573765191,27.565161368102792],[90.920158667988289,27.573441011593559],[90.916747569145173,27.579961965172686],[90.913841562838002,27.595851035996645],[90.921043628760629,27.602110809366479],[90.918159583897818,27.606060864717278],[90.917358609012751,27.615639201188344],[90.951026534746973,27.618028210633554],[90.952079637265626,27.62704965271945],[90.951019662127862,27.634057594582487],[90.942886534386219,27.647906008355733],[90.927947635075441,27.643336026036934],[90.921913503405619,27.650537924685636],[90.916953595732025,27.652239787336441],[90.915603606321554,27.663818213339994],[90.9256975969667,27.664367226966078],[90.925819637666336,27.669865922974111],[90.916564507646058,27.672509910903784],[90.90467058687824,27.66854292401689],[90.884841518721259,27.667221097775609],[90.86898061106649,27.676474550560215],[90.866332599570001,27.659290475774981],[90.852851649684055,27.660576259886625],[90.846130536695057,27.669777075351874],[90.840759581289831,27.669025050565779],[90.825942556304085,27.681185347825704],[90.828292506394234,27.690324976116869],[90.826316555564745,27.69475581712743],[90.805557599204008,27.705946495934199],[90.804290591138056,27.698896812937733],[90.815986530654015,27.672329030260698],[90.820411505386801,27.66579818593766],[90.818496576256166,27.659137422853917],[90.808143583559684,27.659628267430719],[90.801460525383106,27.6550084968448],[90.799880536157957,27.664358342563617],[90.80091855075068,27.669036953093041],[90.79907956217221,27.673587823919092],[90.803398588674099,27.680176502743564],[90.795921596404696,27.686776245927149],[90.794868661159967,27.691446976596808],[90.784522542881234,27.692754889426737],[90.784225655989417,27.698541923371238],[90.774543552143371,27.700046810212257],[90.766288550976014,27.6938960022988],[90.768638501066107,27.705846415779604],[90.748329652691496,27.699125806410962],[90.741653634407839,27.703626552623462],[90.710716533341497,27.703245511671184],[90.716216570238714,27.695806739689431],[90.704963529743281,27.691857187958988],[90.703262506159888,27.68739633926981],[90.699600619673049,27.683976522398723],[90.691520632871061,27.688754038568163],[90.693969657673733,27.678076667604273],[90.703933561384929,27.677926800081877],[90.718353620223581,27.671967937170734],[90.733947647765888,27.669756121148225],[90.74299658302607,27.664808283275818],[90.742736576432037,27.660007296599588],[90.732246624182551,27.658638532042744],[90.711036554393615,27.644189137318961],[90.700416515210179,27.641179362737546],[90.695846532891323,27.638207474795252],[90.697158636561994,27.633429455005512],[90.70201159056262,27.631011778770699],[90.705161510095763,27.626950914353358],[90.70451358903108,27.618280170993216],[90.687728660349535,27.631831696975382],[90.680641593434927,27.634339561721561],[90.674743583150018,27.642829257164635],[90.669242539911465,27.642199104904932],[90.668983539658768,27.637278424759643],[90.672767634119168,27.625506712864649],[90.666496629116295,27.61820003960031],[90.65116160182663,27.63233662313678],[90.631622547043094,27.641650090379528],[90.627693614069187,27.645118187354626],[90.624267594574007,27.653747524129074],[90.619033598721785,27.654518658609334],[90.601211660889589,27.644198020822159],[90.592590539422019,27.641475076014103],[90.604637513110902,27.629248728945811],[90.590927568852408,27.62484286570583],[90.593383634447321,27.615820250004674],[90.600959534155322,27.61274526468236],[90.616203532966836,27.59999002002354],[90.620521554925972,27.603189727823803],[90.625892511230575,27.612469332893568],[90.644203616403956,27.60528084493518],[90.646346533565861,27.599779968970552],[90.636917562795475,27.595610978164245],[90.625907598257243,27.59550922167341],[90.622253590730793,27.591741388754258],[90.622123503796843,27.586829425737562],[90.62761666807495,27.587460416165413],[90.629333616853103,27.582791528206599],[90.64408157570432,27.590041538786124],[90.639816528310291,27.573291982239311],[90.649520592701379,27.568581184973823],[90.650573527046788,27.573502199666905],[90.648857583710708,27.583310535952592],[90.659255502939288,27.591330172849325],[90.66236150138235,27.580150892949518],[90.666427562082504,27.576321033788815],[90.669830614691307,27.58056076796521],[90.678726664304293,27.586600600437521],[90.679519592055669,27.591760332073818],[90.671111537067929,27.604780781408067],[90.687629585637012,27.604460926730553],[90.697196523201171,27.599631106890229],[90.718963654649087,27.59594809892576],[90.715270587767577,27.614632366990293],[90.727180601903399,27.63040878513749],[90.743019549013127,27.643519254809917],[90.747482576759694,27.640870237871297],[90.752723614303534,27.640679298311113],[90.76255055666303,27.643918232740418],[90.805152585923281,27.63153967091921],[90.808692598984408,27.627589782842335],[90.808708525078544,27.6225581272559],[90.804778584863982,27.61902213686227],[90.809486533077177,27.616369097256154],[90.814216608210074,27.618980226656276],[90.825233614439924,27.620827095993832],[90.833618535267362,27.61482045659892],[90.835716524997792,27.610269417599682],[90.83585365272404,27.605242622848891],[90.83271060670927,27.601120905805317],[90.821960648765071,27.602199825161961],[90.820533546086438,27.597400180274235],[90.816856572572931,27.593499074123088],[90.811996577780008,27.595920271203681],[90.809509667237535,27.605490727814981],[90.801269584923546,27.592198202984832],[90.802978655640629,27.587310379570511],[90.799178635985413,27.583650673040268],[90.771003539082244,27.582818685034454],[90.765876664176858,27.585002674234147],[90.767593612955011,27.589810366255563],[90.772025627580831,27.592805388358101],[90.766006582937621,27.599151159398616],[90.775703607435673,27.603910906763076],[90.795226568851263,27.603029801384366],[90.809509667237535,27.605490727814981],[90.798103572921718,27.616150161800647],[90.785247578113399,27.62036910904726],[90.780906590167149,27.623378882729412],[90.76428259426649,27.620901192036513],[90.759429639366545,27.618519223383601],[90.758781551027937,27.613602231358016],[90.753936643261625,27.602918992317768],[90.732063563582756,27.597580892744134],[90.731658550302029,27.602489839434668],[90.747253584185728,27.617010312975708],[90.742912596239478,27.620010027740705],[90.737281634240219,27.618450156349752],[90.728111663722473,27.612749288249177],[90.725501538865103,27.608400756789649],[90.725120666086013,27.593200342721786],[90.718963654649087,27.59594809892576]]],[[[88.347221503869491,26.811720305347933],[88.509818523306365,26.85074141678308],[88.508727534148534,26.86579179515536],[88.511169518158908,26.890129823932398],[88.52567255834208,26.908800011311598],[88.516929561650102,26.971517265809325],[88.498916516983854,26.987126548551544],[88.500923647308639,27.00870643035762],[88.505493628728118,27.031265484114954],[88.504707573595795,27.07936352580623],[88.506698610552576,27.101409608067115],[88.506591657778927,27.124311481589757],[88.470092659948477,27.133980174745432],[88.421462535267949,27.150679273030164],[88.397506551985941,27.155139116277326],[88.373298610142911,27.150420440051391],[88.333793526750014,27.119200532778507],[88.318221627026617,27.102323571076113],[88.356933615394212,27.069822908700417],[88.367866633938149,27.049014666793596],[88.379447574446147,27.005315613924608],[88.380126507732314,26.981047657623435],[88.378707620360558,26.958099851227303],[88.372596541797122,26.935957712378638],[88.36392965383061,26.913747681010818],[88.359901647043557,26.891650636867553],[88.351676652655556,26.871292502946801],[88.335212583194334,26.848492719563524],[88.324691617824044,26.839462057627998],[88.315971588917876,26.81907475509604],[88.31734454521478,26.793792084737049],[88.347221503869491,26.811720305347933]]],[[[89.199623505920215,27.044156851057949],[89.194770551919589,27.049264782643775],[89.188606499690366,27.064324045418516],[89.177337534899493,27.082502213706334],[89.173400554791954,27.087042188346459],[89.16461950508625,27.090373993964818],[89.159507549933664,27.096421705397518],[89.155967536872481,27.104243361941769],[89.142593539760242,27.120190602714274],[89.139449655577323,27.133509949824486],[89.140876590982032,27.145264563808723],[89.131027519004988,27.1448726257712],[89.124900516146056,27.139729825671054],[89.135520555329549,27.125170460048821],[89.1330336438877,27.120701564225953],[89.141158558121106,27.109401081794658],[89.140502589922733,27.103541460869849],[89.145362585614976,27.094562767158095],[89.155319615807798,27.089841910975565],[89.160293605065988,27.084955262075823],[89.158203660670551,27.077682620057033],[89.168952614072055,27.073082630958822],[89.173149599874307,27.067374052070988],[89.177596535152134,27.051833668189374],[89.174720537423013,27.044205131162016],[89.176689612935434,27.03789338956841],[89.18402864020976,27.035954488109269],[89.200942650383183,27.026594584372731],[89.208282514926282,27.015525275371317],[89.199890554205865,27.008445584696119],[89.187568653270887,27.007884667643452],[89.161216619751372,26.996447225659097],[89.167518637874991,26.989124459926018],[89.195686525812675,26.99494619421165],[89.205528556997479,26.995247271944208],[89.217590618612348,26.990078319558961],[89.220207616988091,26.983067695917555],[89.210510593389358,26.961568618197305],[89.217330612018316,26.957517811797743],[89.228340576556548,26.962869489335617],[89.234107661739358,26.959047843683209],[89.230956568590955,26.950478018645811],[89.239478618043961,26.94901923195215],[89.243820611432227,26.943505280744262],[89.254676516708059,26.94315726379682],[89.265556563384848,26.944638179208766],[89.260978534831679,26.934889690107241],[89.250892591320223,26.92720918485611],[89.222320527370584,26.912370869320284],[89.223503547750681,26.900900235157849],[89.228736538160888,26.896839538014433],[89.235946651217148,26.896071588033521],[89.238311521959361,26.890471638255633],[89.248542640330754,26.892071744415603],[89.265296555891496,26.904131123352784],[89.265052642665466,26.89359171828329],[89.275916595074989,26.89051187212533],[89.273178562340945,26.883700905172759],[89.265441562578189,26.878261384555401],[89.257446568004866,26.875511450193414],[89.25128955836658,26.86996262957183],[89.264793642412826,26.862802975676914],[89.294151593321544,26.864653030413137],[89.303489535613721,26.859990176905285],[89.295989577357261,26.856703129645837],[89.292579651230085,26.851523281074719],[89.290611580260361,26.84448181158649],[89.286163638641199,26.841883924703495],[89.280830568975716,26.833274202142832],[89.311645631141118,26.844246616388375],[89.329093567914015,26.83227122333841],[89.371177594870289,26.825429745986128],[89.416343647941176,26.825086758946895],[89.451927509147367,26.817560982953125],[89.492347560991334,26.81797488063637],[89.500862568752723,26.826353599738979],[89.508598563073406,26.8275735022155],[89.516456597194349,26.826694407720879],[89.519996610255532,26.83082350100392],[89.516853564240762,26.841572788953215],[89.501907625037006,26.847311710067515],[89.494041543782373,26.846432615572894],[89.485519663401931,26.841223765664381],[89.478179629786268,26.844452642975227],[89.483032583786894,26.849633496988417],[89.504783622766126,26.856821314951844],[89.511863648888436,26.8621428166378],[89.513969517579312,26.868591854130898],[89.499549627813224,26.875390247661926],[89.495086599167394,26.880401285391144],[89.485519663401931,26.886299964771695],[89.483016658592078,26.87961103941808],[89.48420755973126,26.870372672760766],[89.479103650812988,26.867872686075771],[89.469673507326661,26.866041742832294],[89.464416544588005,26.870222637065183],[89.457603566751345,26.871581679051417],[89.434921634126283,26.881133025069175],[89.435356654186421,26.886286890427812],[89.423393667284074,26.892872551127482],[89.416572642313781,26.888142811441753],[89.41027850315055,26.888562743575903],[89.405166547997965,26.891569668205761],[89.396263625765869,26.887761768690837],[89.395339604739149,26.894419682722344],[89.406883664949362,26.90258130908029],[89.410407583743165,26.907410124377861],[89.417488616206811,26.908399858866517],[89.430732526385157,26.905690156575588],[89.439453560733398,26.909772815163421],[89.443046548359689,26.906241015610533],[89.454063553690219,26.91053975880294],[89.45446756062961,26.917880629687431],[89.442573640761054,26.922504254767659],[89.423042633111208,26.92996314278497],[89.417236655847148,26.932356846691277],[89.417877536119533,26.93848854401125],[89.42494951600753,26.943579544960187],[89.432693555663207,26.945977439707235],[89.438720647440107,26.945908205399519],[89.44094855683062,26.953407829108187],[89.43019859888642,26.958839638039024],[89.435439634631621,26.96355747609681],[89.435829560885679,26.970117152684566],[89.439636622232513,26.975647868154738],[89.448806590951563,26.978407694159898],[89.448020536718559,26.985077508920028],[89.438186552667446,26.985237604432029],[89.431373573931467,26.987415557382235],[89.42915354260208,26.991966260035042],[89.422988653104028,26.990986416290241],[89.425872530692914,26.985146575953877],[89.42494951600753,26.976946894783509],[89.420486654635567,26.969888327384524],[89.416297547793761,26.964828339556391],[89.408706561059091,26.963599552677351],[89.399658632140302,26.959077851361883],[89.3868945021797,26.961648581417023],[89.385368660235656,26.953008851177685],[89.386108615220564,26.944458471281564],[89.391403630073626,26.931158904759798],[89.386291507647115,26.923858267745004],[89.377349526059959,26.924625378658448],[89.372398502788826,26.92200016677441],[89.36924757781361,26.916240458730329],[89.349716570163764,26.917270427088681],[89.344352654651459,26.919809304955606],[89.351676593999798,26.934149736021652],[89.356788550051704,26.940039531899004],[89.352867663312168,26.949379151426854],[89.345001582057535,26.952828136909147],[89.342643584833752,26.959258564731101],[89.336349613843765,26.954177958146374],[89.335822559863402,26.940708575340636],[89.326393589093016,26.938879643880625],[89.325920515119833,26.932080914902429],[89.322853576031889,26.927851908738717],[89.313667513045459,26.930359941658139],[89.306945561888313,26.934899916298264],[89.294799514386227,26.934559945585136],[89.290603533126728,26.938738659861428],[89.288642502949301,26.94505023328179],[89.295318522132277,26.94848815530429],[89.301612660396131,26.954038985910586],[89.306846656248354,26.962037668603671],[89.314720615564113,26.96607724337025],[89.315368536628853,26.971000102572816],[89.321136627253736,26.984507706565523],[89.315627537780813,26.986567476008361],[89.307372535714137,26.982647762884085],[89.294006585735531,26.971307048381732],[89.282737620045282,26.970878230046424],[89.267661593907576,26.974274911857833],[89.266479578070232,26.979305898348684],[89.249709569141487,26.981407744372063],[89.249046560150816,26.989124459926018],[89.242751582819437,26.989906490592205],[89.233306519580367,27.015245320015651],[89.241836615267744,27.028065608141446],[89.248512632652023,27.043215060326929],[89.253112620850914,27.048284770725729],[89.249664641710012,27.055051649314294],[89.268440608247658,27.067833882627724],[89.266471530936542,27.075542551947365],[89.266868666156199,27.081402172872117],[89.260047641185849,27.07819257522732],[89.255203570688423,27.072773842439005],[89.241043519343123,27.074192729810761],[89.244979661282514,27.06801308783389],[89.24078351184977,27.055223644655598],[89.22976650741856,27.039105244911241],[89.219032641043725,27.031525657982854],[89.212470617225392,27.034645235289531],[89.206046559301456,27.04162417491591],[89.199623505920215,27.044156851057949]]],[[[80.545097580688946,29.042103671447421],[80.548217493442735,29.047337667299644],[80.545486500601669,29.051867246676238],[80.545280642188061,29.059325968318944],[80.537589575298796,29.054558172921475],[80.537124546660664,29.047663722802724],[80.539237625216401,29.041971908177175],[80.536796646648099,29.035604175692299],[80.532165645328405,29.038369029807029],[80.520675565125373,29.053028475583801],[80.514274641361794,29.048864513786441],[80.523086536015001,29.036439012750407],[80.518005593083842,29.031734082661956],[80.516174650739686,29.027101405005965],[80.50449363007715,29.025111541664444],[80.500030602330582,29.021565494152355],[80.502113505034401,29.017024681344139],[80.510147558962842,29.009173185294401],[80.505668605122196,29.006203309135572],[80.499824574844411,29.005493361829338],[80.497344536920991,29.000847440756957],[80.508811652036286,28.986759976391966],[80.514442614035545,28.972057614967127],[80.518897596447061,28.951407287716279],[80.511596623085836,28.945654452291308],[80.548713534302351,28.92275559599409],[80.604362497931106,28.894982495146166],[80.617683521377558,28.910582055317718],[80.607025595554944,28.919528731366029],[80.599212657038663,28.919355727884692],[80.592117542990366,28.916902847688391],[80.580223623121867,28.923522372359741],[80.564681562004637,28.920305733023326],[80.559966573898407,28.92593921042635],[80.561798522583899,28.9305700435728],[80.567504586967289,28.936438885246503],[80.56795452767949,28.9439096748917],[80.559196613033407,28.952101477101621],[80.566993627254249,28.955364049311584],[80.573379631265141,28.960097979838054],[80.607696650779985,28.967748813756884],[80.610183562221778,28.972396579338806],[80.60486557958302,28.976298522758782],[80.59988354409046,28.977771222863794],[80.593131586153959,28.97660932396127],[80.589134591588277,28.979964097365325],[80.601791600602041,28.994019710441421],[80.611732538326123,29.012029905156169],[80.601814566589155,29.017552908939763],[80.600219657611262,29.028417364070265],[80.594871500919169,29.033464107582631],[80.589286639067325,29.023009695641065],[80.582755628369739,29.023435664024817],[80.58254960088351,29.006788031242763],[80.574348578824015,28.996849439849939],[80.569183650005584,28.995012630328745],[80.557334656669241,28.999340542132472],[80.552978581696323,28.991779730350402],[80.552719581443682,28.977428235824561],[80.546333575634151,28.972690616279067],[80.541061526768203,28.974868570128535],[80.530837617362295,28.991278659582633],[80.545555567635517,29.001366280329705],[80.548652514402193,29.00717711932873],[80.558051644767772,29.016231752693386],[80.576400636580274,29.041658759744109],[80.567962574813123,29.040323690086382],[80.557044643295797,29.034339011236511],[80.541099580681248,29.021354436757974],[80.535743545028765,29.02639531399268],[80.546569610799054,29.035825122931215],[80.545097580688946,29.042103671447421]]],[[[80.637313602840663,28.956350263853722],[80.638793511911217,28.949497554868401],[80.648269589170354,28.935930941859624],[80.660934645317809,28.924730372309],[80.661071604870813,28.919568627989918],[80.655342573601047,28.91427998303493],[80.658142632576585,28.906878258624886],[80.646835612973348,28.891135704449368],[80.636207526656165,28.882528160046718],[80.707641627359351,28.852488256827712],[80.782401498330671,28.836537997930407],[80.833854648873114,28.829677075436848],[80.830146494964936,28.84854054780817],[80.817138619052173,28.84827350132116],[80.806579599768895,28.854365301117923],[80.797416503668842,28.856474187034223],[80.787010539105268,28.856255085204168],[80.782539630599615,28.852717251200318],[80.777748535566616,28.862375886338214],[80.766487616110737,28.870172564212623],[80.75671364741703,28.870542708978974],[80.747711649573148,28.866332814308066],[80.733901626958698,28.871780549333039],[80.727386540556552,28.872213390335844],[80.715202606415289,28.865068656193671],[80.709098568644208,28.874692253744684],[80.687721530724218,28.870788633988411],[80.684348653068071,28.875310502577747],[80.704337647664488,28.882625222975776],[80.70789358681975,28.896475646733847],[80.692237533035893,28.898037362634341],[80.693191560842024,28.911079939787555],[80.697006500249927,28.914603860379998],[80.711898627619746,28.917793843811012],[80.729843611593537,28.929080411931636],[80.704360614550865,28.932557057862084],[80.700958568283454,28.938222051106891],[80.690460568900278,28.941439864058623],[80.689498493960514,28.953468229875057],[80.684852572888076,28.956812106193865],[80.679138630443617,28.950949468043632],[80.676727491380802,28.94343877997585],[80.672294637687514,28.938749775981535],[80.663925642954212,28.9598029365564],[80.658187560008059,28.955086273013251],[80.646987493178415,28.960007120432408],[80.641113623395142,28.960454882087276],[80.637313602840663,28.956350263853722]]],[[[80.265541496143271,29.038378920550883],[80.258018570101115,29.044416741239786],[80.248443587201962,29.043121737278511],[80.235382570349486,29.043945678150692],[80.251129651712233,29.036348992412229],[80.301498520240671,29.021392490671076],[80.378326541436877,29.003893423842555],[80.426116632776541,28.981673333557637],[80.484802527814566,28.959986166228759],[80.50714164067432,28.948614437706283],[80.504455576164048,28.955670324226219],[80.495765554037234,28.963506899623837],[80.494193611945775,28.973226387388024],[80.486160564358727,28.981073358049173],[80.478980626255066,28.981483064891677],[80.4732515949853,28.976760365998246],[80.461486588435491,28.978210434663993],[80.459373509879754,28.983899064790137],[80.459068576753566,28.994797551166187],[80.452102544197203,29.01070388807409],[80.447402644016961,29.015759852335464],[80.440887557614872,29.015607804856472],[80.430709581082453,29.006760202621422],[80.423591501047099,29.004873269385996],[80.400344627802497,29.020396552658895],[80.384010645275225,29.021730616874606],[80.384429572866679,29.029775399715049],[80.375862596881518,29.033013162327734],[80.368865552103728,29.027108279423715],[80.358810620813642,29.036624086032873],[80.351661527657541,29.035877929323135],[80.340370602321627,29.043066751829258],[80.331268525222413,29.042274830419217],[80.32483658833803,29.039251979695223],[80.315666617820341,29.040751000258581],[80.30985259522123,29.038888037553022],[80.301200627007518,29.044991739877048],[80.277984598710418,29.036388889036118],[80.265541496143271,29.038378920550883]]]]},"properties":{"eco_id":233,"eco_name":"Himalayan subtropical broadleaf forests","biome_name":"Tropical & Subtropical Moist Broadleaf Forests","license":"CC-BY 4.0"}},{"type":"Feature","geometry":{"type":"Polygon","coordinates":[[[75.985443503415127,12.484429426177201],[75.984733555209573,12.476494948782999],[75.989128523162947,12.4521978229713],[76.006790533656385,12.402250230164157],[76.013976507110272,12.377041655847904],[76.025398525721528,12.349563765555502],[76.047332626199875,12.2275728757877],[76.060859508959311,12.165217216201711],[76.0730365695822,12.095960064805297],[76.071273520656632,12.022045927977331],[76.081466586014301,11.967010855067031],[76.110862590836064,11.898764393262297],[76.122863631651455,11.851078740191838],[76.131606627444057,11.800632088400278],[76.142013598349024,11.779573729743959],[76.169776641179226,11.739765222287303],[76.188568532911631,11.71552811093369],[76.208473540721513,11.666050239427136],[76.231590495205353,11.621173528835413],[76.244819652904823,11.591855308176093],[76.274887551119775,11.549299548135764],[76.299873500961439,11.501671729566795],[76.31302655173414,11.481523143078732],[76.321998541000028,11.46091455786069],[76.346916598322537,11.419237387795363],[76.357772503598312,11.396798865675237],[76.365356616814552,11.372030676774443],[76.390876495054385,11.30786519722119],[76.400756579252914,11.287707558157422],[76.405097567199107,11.263858025827346],[76.404312518408176,11.241350603947353],[76.40721852381597,11.22300094213989],[76.414016582799206,11.25012008567353],[76.425041635263426,11.270828583772243],[76.442573558822858,11.291557030632589],[76.437171590296828,11.339282916673426],[76.442596525709234,11.364102234730467],[76.459991488816343,11.407788212356252],[76.47617359203781,11.423457174109444],[76.496566593573618,11.433637329699138],[76.514633619146366,11.448855178923509],[76.531257615047082,11.467744970853857],[76.550239608171523,11.482512877567387],[76.570648536700787,11.492223480929056],[76.615722556750768,11.502942593925695],[76.637062547099049,11.511740909715343],[76.663543493037935,11.517340524046062],[76.711028651251411,11.511521136991007],[76.734741557676898,11.51389070129494],[76.758033525626843,11.50845017523551],[76.782203581730073,11.509902255684665],[76.826286526402214,11.532059481559941],[76.872726628331407,11.549168286687234],[76.895507634769672,11.555659065313762],[76.92108149211731,11.558017900705693],[76.942520556278794,11.550718269132972],[76.956100580877262,11.52917074313541],[76.960853622896536,11.506231484795308],[76.962806605940273,11.481904016757085],[76.957336575822467,11.457555761789138],[76.938926564109806,11.41297795077196],[76.925056526137951,11.393669231250158],[76.905143637568983,11.379380264787528],[76.888473542420229,11.364191083252024],[76.862152522021461,11.322343928729481],[76.848289523942526,11.304406320995042],[76.76345862921255,11.258708520382072],[76.744926576800253,11.245799382835401],[76.71118153689855,11.211721750258732],[76.688461551259763,11.202463434839785],[76.642036536357239,11.193593872959013],[76.618873648999852,11.184323655012804],[76.595642533676141,11.182864533771351],[76.572402533949969,11.184165740356775],[76.525062550596374,11.175725164085179],[76.5046765889536,11.164165009607643],[76.477912501361004,11.144506262254311],[76.497901495957422,11.132917108238075],[76.535240528028112,11.103669127328487],[76.556220598901689,11.089061146155132],[76.57348664869005,11.074432042604826],[76.590316504803013,11.056122445594553],[76.627326631419066,10.997486506996836],[76.643218552194583,10.977328867933068],[76.690460633551538,10.910442621729771],[76.701713506773103,10.890743975953853],[76.723762606259413,10.842137319082155],[76.750892647777619,10.799510312051382],[76.764137563397981,10.749033820754335],[76.77675651939802,10.729785282964599],[76.815582500432185,10.660550931180694],[76.835746509394028,10.612843316665874],[76.850692615871708,10.590846856297503],[76.889312570319021,10.559256972431456],[76.920547564618573,10.519379899762725],[76.939170644609703,10.499671195069709],[76.981613584699346,10.437306651081201],[76.99189751036198,10.412527229648049],[77.017097533924186,10.368491393263298],[77.02089654813733,10.345072020157716],[77.03497361903743,10.300086177735068],[77.039230620197145,10.276666806428125],[77.037933603553142,10.252778381117537],[77.028716528345285,10.240820423224079],[77.04218255937775,10.234879664565028],[77.052352489675798,10.239030383845261],[77.062553601267837,10.235839728620704],[77.070480534249441,10.217931960391809],[77.081130581111609,10.217960960829828],[77.089446602179123,10.21981068011894],[77.106086524173918,10.230860877627549],[77.12177258473713,10.245589894058526],[77.137428639420307,10.268577430703999],[77.144821644903175,10.273647141102799],[77.15408364844177,10.274577029306613],[77.188842563333765,10.265447459932489],[77.217147578997753,10.24756886121412],[77.226882489235663,10.242989157223974],[77.257011576423281,10.234300811433457],[77.274162626304303,10.227430332743779],[77.292228644636396,10.223310626584293],[77.323280578336153,10.213242118229289],[77.343650614784224,10.211882238074963],[77.35430149891522,10.212811119937385],[77.362632607908665,10.216491948844521],[77.386657490051277,10.231669898746986],[77.403770654192499,10.239489377133168],[77.416252648840839,10.247298963876233],[77.437538491908015,10.250989682627903],[77.448173618118119,10.256048329566909],[77.469001642412024,10.261107813774743],[77.479652525643701,10.260657873062542],[77.487998555289266,10.256068111054617],[77.499153527413512,10.240450445731597],[77.501487551409525,10.229891091900527],[77.501968505242473,10.219320673710286],[77.499236507858711,10.198651403139877],[77.484977549074813,10.160984974676978],[77.471191497889492,10.11779805693493],[77.462448502096834,10.096659399611724],[77.448631605064691,10.070931315727762],[77.429252644893779,10.047493838370087],[77.418617518683675,10.041513350360958],[77.389968508739855,10.031844825378528],[77.362243519822755,10.020334794615223],[77.348609516116426,10.019661727606774],[77.347022655171543,10.006546731646495],[77.337837596727866,9.9803506018989196],[77.330062543951385,9.947266894651591],[77.325599516204875,9.8935075478352132],[77.32710255943573,9.8553764261812375],[77.323989520200371,9.8094295151601614],[77.316749566739247,9.756582285943864],[77.31684864055245,9.7225807602939653],[77.320197546779525,9.6830656188833473],[77.320297626934121,9.6504397313086656],[77.317130607691524,9.6270024212249155],[77.317291541371674,9.5709385526722031],[77.319633611602057,9.5589933345748932],[77.320632567738983,9.5364770291917011],[77.317573507611428,9.478106964365054],[77.316207593006197,9.468915536023303],[77.306602603327633,9.4371938879876893],[77.303436590426486,9.4165083567754095],[77.294113566987676,9.292400031236582],[77.268203596119235,9.1687180086293552],[77.255981607165609,9.0923903873066934],[77.231300589550699,9.0266160835655569],[77.226753575916973,9.0068414981367937],[77.225433593285857,8.9875277487067819],[77.227798631301937,8.9691391948181263],[77.234306508738541,8.9475397005968489],[77.237579641687262,8.937427436627047],[77.248702595248744,8.9149109630706107],[77.271881575074815,8.8721731478726156],[77.286651493571753,8.860695974739599],[77.293121653441688,8.8542653787443442],[77.298683548407212,8.8459937823872679],[77.302848515646645,8.8363415171474458],[77.302917582680436,8.8147281086154408],[77.306632610107044,8.8046148401029427],[77.313568634984676,8.7954245862757716],[77.350921581366038,8.7775238588391744],[77.361068544777652,8.7710942682859923],[77.379081590343276,8.7517935949985599],[77.393890569094651,8.724671599714668],[77.40409050707143,8.6989233997952056],[77.418991518843654,8.6336241827099798],[77.422729513156639,8.6087889385588028],[77.42231762635754,8.5899303279224455],[77.426902526630442,8.5619543849870183],[77.423622521062669,8.5332532386461821],[77.405761522976036,8.5026026310067664],[77.38477357314207,8.5190692149724327],[77.36863757096728,8.5291764490340256],[77.349998564882014,8.5499610549588283],[77.338691546178097,8.5420295947901081],[77.311569550894205,8.5351061433339623],[77.272460597278894,8.5323032344068679],[77.253593603162415,8.5364210960568698],[77.233756656044989,8.5469762590472556],[77.225906499985172,8.555243832736835],[77.200492569976291,8.5910882041574155],[77.168029626965847,8.6609520373067994],[77.150947643219297,8.6733431716501741],[77.132400502881069,8.7114866985524486],[77.115173513347145,8.762505835376146],[77.108230614951083,8.7721510589243508],[77.100341566810016,8.790071903295825],[77.093391629420296,8.8001771246746898],[77.088737493041037,8.8139643503745901],[77.077606493245241,8.8309581555945442],[77.068786552357665,8.8516364787406587],[77.063682643439392,8.860823045347388],[77.051177513731432,8.8773516546552855],[77.046531592659051,8.8879190556200456],[77.04415163489017,8.9067667709698526],[77.036201567748321,8.9366385333417497],[77.035209653303014,8.9550290990138706],[77.048782637109184,9.0189645796517652],[77.063766630225984,9.0760025929454287],[77.076530592013398,9.1178626554373068],[77.085403506566706,9.2102790051720831],[77.085258499880013,9.2488912479328746],[77.08381664472256,9.2612994819856453],[77.076797472125804,9.2897862191588274],[77.065147631857883,9.3191823912545146],[77.060920639276219,9.3380178686298905],[77.058906635433061,9.3807590373997982],[77.055610534698587,9.3982165303686998],[77.04261053864559,9.4184162460130665],[77.02957164961208,9.4473442058705359],[77.021102574724182,9.4877724712226836],[77.012191606257772,9.5199231048675301],[76.99546048941022,9.5470021854026754],[76.991256630089538,9.5561823803127481],[76.975013506967912,9.5795838164401061],[76.962356497954204,9.6218338042867799],[76.956306608363434,9.630551151414636],[76.94889063509487,9.6374276645552186],[76.939117503669991,9.6534865525624696],[76.927909557879957,9.6810308281103516],[76.915351622679395,9.7002994819357014],[76.843933617142852,9.7547986173624395],[76.825843625582991,9.7703693425712572],[76.808212628210356,9.7827274538090592],[76.768257604105315,9.8212069269582685],[76.711196624824538,9.8614678896315127],[76.672706590037251,9.8820144504067002],[76.662498604926839,9.8888741992849987],[76.654136650985834,9.896196629570909],[76.649467595753094,9.9044507925701737],[76.637367648398424,9.9177329239354322],[76.632713512019109,9.9259882614492199],[76.62893662742357,9.9388373827391661],[76.634643529075788,9.995366447203935],[76.636901614318219,10.005476865764876],[76.635459591886843,10.01420628269392],[76.628486519437502,10.02153558739758],[76.624671579130222,10.041274297970631],[76.620460510844055,10.049983766138041],[76.614402574119651,10.059613063592167],[76.602287538838993,10.072892009558757],[76.570991523739963,10.124687309871604],[76.568168498777368,10.132946838226133],[76.554153622292006,10.157245136753772],[76.548011530607823,10.177883729650546],[76.542869568675826,10.186593029644712],[76.531982650279247,10.227441228929706],[76.537826513283107,10.257318020310549],[76.542396493803324,10.267897322903252],[76.548377651807357,10.275727026581137],[76.556671545955226,10.282197352825733],[76.576087553697789,10.288696010412707],[76.587173626961487,10.293786507741288],[76.594093557571796,10.298865269816474],[76.606460554111436,10.322794598092344],[76.610107519946268,10.33382367412338],[76.60807054921662,10.367349610396332],[76.603797622862146,10.385250337832986],[76.606857520258529,10.416487009368097],[76.604858604341302,10.444495138140269],[76.603881609648738,10.453675502122849],[76.598228518931137,10.471113212704722],[76.597686545198087,10.482592396721884],[76.601753612239577,10.503731892213182],[76.635848511799566,10.540138353402426],[76.642303582844249,10.548427887637047],[76.644561499913436,10.557617136022145],[76.645362642971747,10.582426396061464],[76.637176540664996,10.636581705381559],[76.631057584040434,10.654470530290894],[76.613723639934221,10.685639308407474],[76.606719554364076,10.693878718927863],[76.601570550740462,10.703046844036749],[76.57167850505914,10.739675426080169],[76.543708596574618,10.763453712319119],[76.526443553127649,10.780831743890019],[76.522216558747346,10.788632110783396],[76.50166362987278,10.813350175969958],[76.452186595635055,10.859986079194357],[76.444702562573354,10.870055259342905],[76.429626536435649,10.906732790585977],[76.413230527666883,10.930542258118862],[76.390792508267793,10.955249594393422],[76.281913598134224,11.060823016669019],[76.209869631178719,11.136237012228491],[76.192588492565051,11.149466169927962],[76.173919647873618,11.16084611195862],[76.164596625334127,11.164015980253396],[76.131118632818811,11.1688967619761],[76.122726503925151,11.172524281770336],[76.106353630216006,11.188964211629184],[76.099311489833553,11.198112557049001],[76.094589628208951,11.208192968830588],[76.082870553633313,11.221442075291691],[76.067436620703631,11.234670226649769],[76.05763264433125,11.241049694388039],[76.043113510780074,11.255659519171616],[76.02674063707093,11.269337779415139],[76.021102633379996,11.278497020121506],[76.018516649024264,11.31107580120738],[76.015647523014934,11.321164091949413],[75.997672532261731,11.361001434368859],[75.985443503415127,11.379760971192013],[75.961990601784976,11.405338349385431],[75.941856599602545,11.422198212277806],[75.916526489106332,11.448226367552934],[75.878127649171859,11.480583196857197],[75.86968254661241,11.489712429884889],[75.846160578847787,11.521249340984411],[75.827842600156032,11.542249026071829],[75.817436634693081,11.562386548200777],[75.801742526996179,11.601775626244319],[75.797019492655636,11.610464306582628],[75.788841604756385,11.641631911083948],[75.778816512971844,11.670489964840158],[75.769821557718899,11.687879731664395],[75.750183597295347,11.69922715331063],[75.710899628415291,11.718246864901005],[75.674827605309872,11.743254942561691],[75.670562557016524,11.751944461967469],[75.667480531801289,11.783602240151424],[75.65914154384734,11.830370242093124],[75.650497621867942,11.858778188762528],[75.64849049244242,11.874365176411914],[75.645126499188734,11.885366255648307],[75.638969487751808,11.897254644686257],[75.610732531881013,11.928272548039786],[75.591361618843791,11.957060362046207],[75.580932520119859,11.975809002683491],[75.572906512425789,11.985848344225815],[75.551750589018638,12.006357016563186],[75.523933566181313,12.040125860620094],[75.493621586567144,12.089942193777347],[75.48362750880267,12.109600942029999],[75.456169567271843,12.153468134846662],[75.450508596694533,12.159847601685613],[75.441116507121251,12.166666112151518],[75.416580497092411,12.194945144602855],[75.389602503952574,12.235131341238571],[75.302642604572725,12.344614084072873],[75.263687542945888,12.409019455083921],[75.24900865112852,12.42909914181206],[75.225723555797629,12.468385625196561],[75.207450503637972,12.516893208255112],[75.186973515315628,12.554819810585911],[75.166152531814078,12.578979137777139],[75.16233055161382,12.587208491179069],[75.15918750559905,12.618396547163059],[75.164237601784066,12.625785027257336],[75.172607602858761,12.629994753755],[75.170562586794119,12.679849139925977],[75.153350516113562,12.710448115688109],[75.133476521424484,12.732227820557625],[75.127586557373888,12.719748675860842],[75.125961640717321,12.705490556144412],[75.125106520349789,12.642584874792249],[75.132316633406049,12.601377426926831],[75.144447593881523,12.573548335187638],[75.147903620156114,12.562129165628619],[75.147010612250142,12.530893333160918],[75.150466637625357,12.518552154358588],[75.152419621568413,12.485074330016459],[75.144943634741082,12.45603640015986],[75.138641616617463,12.44125759636114],[75.135116524208399,12.428348290641225],[75.133956636189964,12.413640231111913],[75.14655262530357,12.356443296820828],[75.162162578040693,12.314896884583675],[75.166633652920893,12.298437005963194],[75.177757611924392,12.273348964183469],[75.188667497207405,12.262039598248975],[75.215560498118634,12.244070809220602],[75.243759568249629,12.23162167130323],[75.273246599750962,12.225622239974541],[75.285919534858806,12.221663466595828],[75.311767647658996,12.209633088995986],[75.323539527727178,12.202923543087195],[75.353736508333327,12.181316169905472],[75.371742512207334,12.163196507013311],[75.387466626683647,12.140928975691793],[75.399093500065135,12.113999597203758],[75.434280562398214,12.069042924291637],[75.441451616099357,12.057202479910643],[75.469467623831918,12.023616863727398],[75.492362624735506,11.989498160012204],[75.548858497022195,11.919564086213768],[75.584007505442173,11.842449236143466],[75.599273632971915,11.818320083005574],[75.61473053278803,11.779503489994227],[75.628562516846841,11.757194215740583],[75.637092611634898,11.74674500008183],[75.719238616369182,11.668841076754404],[75.751930552852912,11.628403087932327],[75.759536626614192,11.617013757878738],[75.76576957770402,11.604245773423827],[75.781707598626951,11.562208516609871],[75.800422545264439,11.522040425125681],[75.84887665103679,11.448275318551225],[75.909507651057424,11.367750038733448],[75.938507527000922,11.319434235201925],[75.962219596157581,11.285286529250072],[75.987747519732409,11.252529883847217],[75.993469510209877,11.242038757982414],[76.00198351162993,11.231121497359368],[76.023620557043216,11.211630555405918],[76.049880556642506,11.193573924197381],[76.122207496179158,11.134717875629576],[76.143829621839757,11.115218383821514],[76.161247551833185,11.097050608998529],[76.19271858129764,11.069391668990477],[76.212966577046075,11.047122964053699],[76.244926605678472,11.016706210723157],[76.276328568109079,10.99317770578665],[76.316116624083122,10.967888498255718],[76.361602530032883,10.930722300593857],[76.38040162983151,10.911172685970826],[76.406303555364957,10.879295805057495],[76.44686861389556,10.823238474576101],[76.452567638385972,10.811810587888431],[76.467437637037506,10.768803545347453],[76.469627493414237,10.697188396727256],[76.466339607087377,10.659040008989336],[76.467407630258094,10.646202118433166],[76.475761537065466,10.604495779756576],[76.478843563180078,10.578345582882491],[76.479621571178711,10.549428687384136],[76.477958602407739,10.532418787896859],[76.482108649894428,10.492501817704863],[76.478698555594008,10.465373453422274],[76.476287584704437,10.390949696871132],[76.472740531750276,10.376219843171384],[76.466880575378411,10.36146098813424],[76.449188557206298,10.327293333420755],[76.445136578090739,10.315775089149156],[76.444816556139301,10.303825010216201],[76.452758577046836,10.256598350433649],[76.480850526230938,10.146647059014697],[76.486068595989082,10.093419626115008],[76.488983653972639,10.081500393028875],[76.494689551082104,10.067782401636691],[76.507636574368576,10.027024223589194],[76.524726604349496,9.9872321449476544],[76.533210598990138,9.9735359468266438],[76.553092640812906,9.9333070027161625],[76.568618607662756,9.9086507973965467],[76.605209637614848,9.8612288381405051],[76.624870565824097,9.8393644755902301],[76.641769488071589,9.8160961454208859],[76.659088512425058,9.7960456273040108],[76.691322629236083,9.7646478557140881],[76.735580587374386,9.7328958663512708],[76.746322499084215,9.7219667023015859],[76.762283654167447,9.6991394266433417],[76.792396647087742,9.6442753436323301],[76.799896606243522,9.6346908063357546],[76.804191494042357,9.6209468308317128],[76.809089542748382,9.5929609980517512],[76.813827496841668,9.581056851092967],[76.849983506733622,9.5220988796597226],[76.869590623108934,9.5011315485822365],[76.889762511031222,9.4695966501653857],[76.890350584911744,9.4558154598157671],[76.888206494134579,9.438333995417679],[76.883727541193252,9.4240467061906656],[76.876930654925957,9.4106618119931795],[76.867828578726062,9.3967956303142159],[76.859153643625916,9.3870685990367519],[76.82846062395879,9.3610612288927086],[76.818397646434391,9.350861123642062],[76.810653605879395,9.3402199620817328],[76.787361637929394,9.2683119501365354],[76.784728547084967,9.2544977357820244],[76.783630517134839,9.2255310520165494],[76.786056575950397,9.2136029327293159],[76.82253260689447,9.1652063269106065],[76.830062572829604,9.1505633099489501],[76.839088542102672,9.1235222842261692],[76.851356630304394,9.095128251867493],[76.859321618098363,9.0823280797771986],[76.902313572713354,9.0243162571896391],[76.913642552861688,8.997290319392846],[76.91988355018583,8.9706791183467658],[76.919563529133711,8.9564231767882916],[76.916442611837226,8.943982924172758],[76.902816655264587,8.9217975351282917],[76.895820615029493,8.8821953888062808],[76.895942487555942,8.8693211206733054],[76.898826533318015,8.8564733402725437],[76.919036643326592,8.8152630415562498],[76.921462533069587,8.803328049649906],[76.943061523670565,8.759828151648037],[76.949607623193401,8.7497656768446745],[76.95706165037501,8.7401735951354453],[76.968223495118366,8.7292303504004849],[77.029083487712967,8.6736293296299891],[77.055160594885706,8.641190527121239],[77.058502626695031,8.6274195629625865],[77.059661509271393,8.6007523701259174],[77.071662550086785,8.5456572827575314],[77.075462569741944,8.5328091660103382],[77.086723489197823,8.5089810924036442],[77.09555851801133,8.498472866829502],[77.116866489796848,8.4820808816274962],[77.130256580277091,8.4766673460213156],[77.159789544651915,8.469076023839591],[77.197631491100594,8.4564857346290978],[77.236762574333511,8.4553999426533437],[77.270843559582772,8.4524310728359069],[77.285560505313242,8.4539180226987014],[77.299789623692334,8.4581596013846365],[77.328781621574763,8.4620704292070741],[77.381462553554172,8.4539659673556571],[77.432105510261238,8.4276298599302208],[77.523284523262305,8.3871117397151238],[77.561775564390928,8.3628003650449614],[77.600273645412585,8.3526713377121951],[77.636222622376295,8.3926312226529376],[77.631568654170223,8.4165556891938422],[77.622703617677985,8.4910813704090629],[77.61621853895457,8.5131626557321169],[77.615936571815496,8.5389569566983141],[77.604621505977889,8.5619221982510112],[77.588943490749671,8.5803218173981008],[77.531326624324436,8.6180321669510818],[77.493980550562128,8.6515968271319821],[77.478279570246116,8.6718283949646207],[77.4583665153026,8.719650002146011],[77.419067626669801,8.7821734680312602],[77.402366516601603,8.8258492185667023],[77.39724752065672,8.8502185959115991],[77.393966508747553,8.8722869741646377],[77.39343258214808,8.8984973527707325],[77.390129608794552,8.9274631983680592],[77.390060541760761,8.9541312293728765],[77.387237516798109,8.9761986012845796],[77.387176496897951,9.0005668050141594],[77.393096635001882,9.0240192030239541],[77.402267610961644,9.0460946211699707],[77.414573585802486,9.1012718517147277],[77.422340592344597,9.1283997141756004],[77.425491518219133,9.158282874555141],[77.424957589821076,9.1835670530771836],[77.42167657791191,9.208847040758485],[77.425697544805985,9.2566557399705403],[77.455093549627748,9.3173454126608135],[77.463790611647596,9.3430885853700829],[77.474349630930874,9.366075115674164],[77.521690619726485,9.4570915213567446],[77.534522644004994,9.5044311692631709],[77.538627596786341,9.5269484809877554],[77.543136558305662,9.5770419204483801],[77.542571617686178,9.6262116716314949],[77.548072492751487,9.6487298233228103],[77.559120512102083,9.6689494877288098],[77.581161565354137,9.7378757218871783],[77.590713581366856,9.8159870126906412],[77.589736586674292,9.8394184555974107],[77.592002550877169,9.8669845244164094],[77.595657562946315,9.889956973135952],[77.607139596915033,9.9345217089098696],[77.612129512267359,9.9841373790369516],[77.605026519258615,10.075100809255105],[77.601737628389003,10.100819003294475],[77.595672650872302,10.126087255722439],[77.589149518235843,10.148595851217692],[77.553779562576892,10.24138033393541],[77.539337544092518,10.284556356390851],[77.516548489621243,10.326355230809384],[77.508628598331313,10.348852593772335],[77.494209544934733,10.36281181571286],[77.472160612722234,10.375439823389286],[77.464271566379864,10.377690698766855],[77.458213628756141,10.382699390164873],[77.44243654061404,10.384900141828211],[77.428489556647889,10.391709599718411],[77.372611598646529,10.426246225582986],[77.342819633119746,10.443046243089782],[77.309806501069318,10.456604138969965],[77.252189633744763,10.475042816572852],[77.231712645422419,10.485003367611455],[77.213539505244114,10.49681128980933],[77.171493532200884,10.534168761579224],[77.144760625003016,10.569326487127796],[77.116569602905031,10.610434357559711],[77.056671517077007,10.720625874984307],[77.041976531891578,10.754033291403402],[77.037177556998813,10.771432109904083],[77.031776593914856,10.803532117113662],[77.031433605976304,10.840708540067226],[77.037406549572779,10.945860018425265],[77.051879582976539,11.037773621955239],[77.072921511918423,11.123298706070557],[77.082412508930304,11.152736621098313],[77.098770631059949,11.192333066617891],[77.114143544988792,11.240639819372291],[77.125106571211461,11.261368265333317],[77.14160165379343,11.287186538628021],[77.167823598580355,11.319495255102083],[77.225418506259189,11.378181150140108],[77.254539584734232,11.398579685204425],[77.267929507041288,11.409678162817102],[77.336692629361494,11.474383437945448],[77.351432541079078,11.492372343908698],[77.357849559110036,11.502971427989166],[77.383537578196808,11.563787500392948],[77.384406612875068,11.586735976784041],[77.394523570406591,11.634032709941721],[77.414871646309564,11.680409444740235],[77.420860516000175,11.703828817845817],[77.422187539423589,11.731835941175859],[77.41747255131736,11.757085083909658],[77.408096554212761,11.779113562840791],[77.394996645279093,11.798841378127236],[77.379127523216766,11.814900267033806],[77.359527615806996,11.830028261395285],[77.338073631892769,11.843329335180783],[77.317077634925056,11.852948574617187],[77.273246650612577,11.867136622757073],[77.177177636039232,11.902814026046599],[77.104896629376128,11.921981762448524],[77.081123540319311,11.925613473083445],[77.055519508019017,11.921892913926968],[77.0355305134226,11.910835674726741],[76.992278551314257,11.892845764220795],[76.950447490159718,11.868876370248415],[76.92765860386163,11.863315816172133],[76.899719541223988,11.860496982050222],[76.875991546872569,11.854468549384194],[76.829986633176759,11.832768807734453],[76.810951499112548,11.819409897648768],[76.790519603696907,11.807411538611746],[76.748710503087409,11.787553133670315],[76.72638664542751,11.780602525386371],[76.703597590956235,11.776852629445443],[76.68029757677192,11.780913325689539],[76.660659616348369,11.794621592712474],[76.646598637916952,11.81248141718379],[76.606201552959476,11.874767171567839],[76.563697592070355,11.893895848614648],[76.499183591949361,11.932223274284809],[76.486961603895054,11.950991697309121],[76.47036761477375,11.997287629820391],[76.447532628328304,11.999497603131999],[76.42558260265514,12.004917174088462],[76.410560555625295,12.022756880725581],[76.399238617168635,12.044285297028978],[76.393493493430128,12.069052646862303],[76.380149503097243,12.113060656424295],[76.364196562421569,12.129518523261368],[76.345916636743539,12.143218575876688],[76.336456652852405,12.164747326727877],[76.331642590932972,12.187214851084661],[76.333656594776187,12.235892417701052],[76.342826564394613,12.258419955616603],[76.37571748757216,12.294827255873315],[76.390533507115833,12.314635871648306],[76.398788509182509,12.336244419344609],[76.402366575257417,12.359213850838671],[76.398956650029561,12.382151600116401],[76.392272584612272,12.406000796099988],[76.370033551907056,12.454566549107085],[76.366348532159179,12.471754480185268],[76.236450489998276,12.466341781847916],[76.085388646369097,12.471937372611819],[75.985443503415127,12.484429426177201]]]},"properties":{"eco_id":270,"eco_name":"South Western Ghats moist deciduous forests","biome_name":"Tropical & Subtropical Moist Broadleaf Forests","license":"CC-BY 4.0"}},{"type":"Feature","geometry":{"type":"Polygon","coordinates":[[[74.351890535819734,15.812566343861818],[74.343696554552537,15.827024456613515],[74.325500615661042,15.844304253438679],[74.31387357590495,15.864402212592154],[74.3035886448003,15.888670673413003],[74.296188597625815,15.910200260633644],[74.278953560958257,15.991433978695284],[74.261756578203688,16.035400246224526],[74.255203606061741,16.063389599850268],[74.246353490221566,16.086748959397084],[74.2403185185849,16.111066535792133],[74.221229572686809,16.154554700339304],[74.214767629023015,16.176102393610734],[74.194251580446235,16.21912066778475],[74.17698653520057,16.265847598587925],[74.163917640287025,16.285486398078945],[74.158218615796613,16.31073386357707],[74.139991497409824,16.342071787982775],[74.133720492406951,16.364601337681734],[74.125541599065684,16.385299274142312],[74.105331489057107,16.428516366837016],[74.092346580030778,16.451035187623972],[74.059196488427347,16.487783631309696],[74.043266512839466,16.533749820198182],[74.035461619658179,16.583866728366957],[74.052200616365496,16.599995521576204],[74.071838576789048,16.612906000012003],[74.086181522359539,16.630404731393355],[74.088050518616683,16.652482328596705],[74.078407643198318,16.673622158635851],[74.056793563772089,16.683700560432669],[74.044738542949574,16.703449161749575],[74.031181485237539,16.748946300231694],[74.026260637818325,16.793533665646294],[74.02763359321591,16.816523046801308],[74.023727627128437,16.839961865947487],[74.017433487965263,16.861558342943283],[74.013992548717283,16.886367938429771],[74.023063611796431,16.906617442341258],[74.026367590591974,16.929606990770139],[74.021499548665417,16.952571562327876],[74.007026517060297,16.970473630653657],[73.988243509730353,16.983302972254478],[73.969909605843782,17.000731631159965],[73.967910521753311,17.024161228657931],[73.989036605654974,17.034319760948335],[74.00583662226245,17.050897489427712],[73.99758950005554,17.072939379948593],[73.982612546831717,17.094506017438903],[73.948806487929232,17.130272602898458],[73.944892641981994,17.152781198393711],[73.94040664734905,17.19871939228625],[73.943618593123745,17.245125632042402],[73.94161263641422,17.270395226258813],[73.944427614243182,17.293823482867595],[73.940490634135642,17.316782187248293],[73.924919572580393,17.361308532762735],[73.898742554325565,17.402115996356258],[73.890449499245165,17.428275244906786],[73.861717507956769,17.497549998733575],[73.888923489127876,17.583495686776644],[73.914359547854986,17.623062292790735],[73.926841543402645,17.64651200902216],[73.921447621110985,17.669450595568662],[73.904472590138084,17.689148235902508],[73.891349547044115,17.708856268801924],[73.888847548575654,17.730885923146957],[73.914329541075631,17.770903308041397],[73.933113552948271,17.790231306329872],[73.937866594967545,17.812730849249419],[73.936347627441194,17.836600329441808],[73.931426611848792,17.859539084161554],[73.914833628169561,17.90264654140492],[73.895317540272401,17.944822769555287],[73.883148525883939,17.966364595649736],[73.852493559230538,18.005739089387589],[73.826179579624068,18.047887657089859],[73.81446050504843,18.069416239767804],[73.806137611361805,18.090494881733548],[73.802162577341221,18.115262567913305],[73.786460589784554,18.159260015837219],[73.78489652665354,18.182198603283041],[73.779457509656481,18.206046961997856],[73.732406535133634,18.314610544641084],[73.716018572599182,18.391156935044648],[73.718337509568585,18.414104742340101],[73.73705262437926,18.460501928621227],[73.735000565723681,18.48343146259208],[73.70517758707615,18.520931091996431],[73.673423585030605,18.554287379259279],[73.661659583922813,18.573494174117002],[73.650840558944822,18.59684464836198],[73.642303589739015,18.648170729195954],[73.636833559621266,18.670620148401269],[73.618087600762351,18.717307684402272],[73.617950641209291,18.741617047289026],[73.623176589927823,18.763184858394652],[73.623550590987122,18.786122438599818],[73.616622612343861,18.807180293635781],[73.605293632195526,18.828678870433691],[73.590568640230742,18.849698838830477],[73.558998536953084,18.91695455980522],[73.550270628187093,18.990259500375771],[73.548492492234914,19.042966248293851],[73.557327520149101,19.113603061332356],[73.555236571210969,19.13743180583333],[73.556083646243451,19.159893294839833],[73.558883537045745,19.181912219373544],[73.561767581908555,19.187429857801817],[73.565536589342287,19.209897550331846],[73.565399627990587,19.234185958115631],[73.548026625428577,19.279484445350988],[73.545448520033347,19.303302126392168],[73.546287547932138,19.32576177088913],[73.552993573894469,19.347792261603729],[73.563621492038408,19.36845918584288],[73.57523361294102,19.390056835554674],[73.599441554784107,19.429116503623902],[73.602729608384891,19.451584364327118],[73.59707651676797,19.499221569120266],[73.589607570732937,19.522089413195999],[73.579536546074905,19.570157616281108],[73.577453643371086,19.593055130789821],[73.569343648890424,19.640212388990676],[73.578506577716553,19.662242042436446],[73.59456664023844,19.679730213078983],[73.588920590313137,19.725978537279786],[73.591720648389355,19.749355162011284],[73.599922507717736,19.771385989072257],[73.613540586229249,19.790223812778891],[73.631591518433993,19.805881879245476],[73.651618566943455,19.818783136932382],[73.663772494305306,19.838082133883518],[73.668296541952031,19.90818686303345],[73.671623486734688,19.932473595380259],[73.678840640583246,19.957235246209791],[73.683616650388274,19.981073714180695],[73.688278496655471,20.031010914422325],[73.686782495116233,20.131776310128771],[73.681251612372193,20.15510398476124],[73.668838515685081,20.180241480260236],[73.652877528775093,20.223228070419282],[73.64929962907479,20.248398589923113],[73.647689633969605,20.274036988016746],[73.64852849369521,20.299685778675894],[73.65577649428991,20.322153303032621],[73.667976520899856,20.34235218140816],[73.697311505821517,20.37956112564558],[73.710502609607886,20.398848890963677],[73.742553499444625,20.491464730113364],[73.749336637775798,20.514832303168419],[73.756507524203016,20.561559736692629],[73.772056625213224,20.609698180426847],[73.784278613267531,20.630797776596239],[73.807876520685056,20.644604112889624],[73.844238558063182,20.677683125675856],[73.858467509168349,20.696043350020716],[73.869232555038536,20.71759121056607],[73.875068539081951,20.739128679445116],[73.87645758784754,20.761098652980593],[73.8713535116554,20.809155791706587],[73.870757557915113,20.833425593416564],[73.878463544557121,20.884251777097973],[73.880729507860678,20.937821694315858],[73.900596630830023,21.040413172430078],[73.907752596605235,21.115048990019034],[73.910041526795169,21.164036185121972],[73.931877558003066,21.288588248748795],[73.934768643658117,21.311478053369626],[73.936569580122182,21.364115064258954],[73.94043749319593,21.389754803241715],[73.947303612871622,21.413581535959281],[73.952178528316608,21.43922094039425],[73.954566532319745,21.46576961157848],[73.958946578721793,21.492328008031279],[73.960853629791359,21.515207753735012],[73.953262643056689,21.560964563364053],[73.946716544433116,21.58475307489465],[73.939697538210964,21.607151866765378],[73.935653605329776,21.631410435942996],[73.922546488329942,21.6826277203931],[73.90547154627501,21.736134939575948],[73.897437491447249,21.758993731075975],[73.876899648699975,21.802421378444024],[73.840949499020326,21.841209304665824],[73.805999644568089,21.874517311824604],[73.782607597362869,21.878097223308373],[73.75875856775383,21.873504443175648],[73.740920536553688,21.859188151711976],[73.723602519440874,21.842199208227044],[73.714767489728047,21.819281241336341],[73.709922581961735,21.796381714144957],[73.70805358570459,21.773032748962351],[73.701217640981497,21.747374402107084],[73.690391575211208,21.72674536540643],[73.679710515228237,21.680017762809655],[73.647079598644723,21.562724259617028],[73.620689512111426,21.490758244997153],[73.606086559946959,21.440800089652555],[73.594810552565093,21.421071939818319],[73.585510496012716,21.400433347820865],[73.566940557860619,21.356415448414339],[73.560142498877383,21.333496977903337],[73.556968607015733,21.285409664224744],[73.566818517160982,21.212684584026476],[73.563491572378325,21.189785895003183],[73.556198646150733,21.168236021775101],[73.543952517594789,21.148038149740955],[73.527732528633464,21.131477856418087],[73.513999619287176,21.112180200356079],[73.477622493983063,21.079041843106722],[73.43625662874058,21.052733227956253],[73.408637587155056,21.042502779579763],[73.342620543803207,21.010995540711747],[73.316467496977566,21.003965135582689],[73.291366547228506,20.991445757915528],[73.208320494695215,20.934598852355293],[73.194656650584136,20.914813035293491],[73.179489596867541,20.897771955411542],[73.166816495385092,20.878461223207012],[73.157142605047341,20.855953465879907],[73.150176573390297,20.806007213961891],[73.131568581325098,20.735361181073813],[73.116203546356758,20.689012609444489],[73.066207505272303,20.603467408394295],[73.054069504004588,20.584148462681526],[73.026840555947047,20.546381785890844],[73.000183589301344,20.502214186235847],[72.990043497609463,20.481985301080897],[72.971313633017928,20.434655040298026],[72.948623485085932,20.390508393947357],[72.934577594580503,20.368410679809188],[72.904243487147369,20.305405254648917],[72.878631575886686,20.262587810778996],[72.843673507926212,20.176632734713053],[72.816627621367786,20.134244110077759],[72.800598571966702,20.117614916994967],[72.758621497784077,20.09430417299933],[72.728172557717528,20.090207601899465],[72.724029551023136,20.085157841161561],[72.706748582381351,20.072746588984046],[72.70697757495526,20.060579250931823],[72.713287639313251,20.036459485816749],[72.713043557914034,20.030490062166791],[72.709388545844888,20.019231658114677],[72.713760546012566,20.010041236114319],[72.720329612421835,20.002911420825569],[72.72353351016352,19.9959220877343],[72.724281511382799,19.98858238956575],[72.722396589031518,19.976874044801491],[72.726058641892962,19.972754340440588],[72.744087612653345,19.965483542031961],[72.740959487290638,19.957435070172494],[72.74098949407005,19.950994584332761],[72.745643630449365,19.945964938731095],[72.751968613660722,19.943476017304476],[72.75125849908062,19.936566478360419],[72.755172513201103,19.930167733654116],[72.80458852574003,19.917377285033808],[72.838020585381855,19.898226647441959],[72.854232527209547,19.891401096183756],[72.871429509964059,19.879986620186514],[72.890129535949484,19.862159486071562],[72.903922627927102,19.842491853416448],[72.920158542083186,19.823741870990716],[72.957023492939982,19.792195571868263],[72.982093597741482,19.765666177652122],[72.990936506414812,19.75330588825625],[72.996833510358385,19.748736075010015],[73.004692549921401,19.7427963226923],[73.035591597974019,19.726348346599082],[73.050796538329735,19.713997108879596],[73.098846636263431,19.69069055662402],[73.106208630424135,19.685190855173971],[73.143020606715766,19.638482364070001],[73.145507518157615,19.615564899900335],[73.152397610161756,19.590366217227256],[73.151946495834295,19.569737346901206],[73.148536569707062,19.562407875822942],[73.141738510723826,19.53305964838421],[73.124671614903264,19.502791254413012],[73.103691544029687,19.477102899879071],[73.086631520828178,19.450953541173135],[73.084197583951493,19.444994847334499],[73.082260526102573,19.436284372825696],[73.081336505075797,19.412445736681548],[73.068710509182836,19.377587580702425],[73.0600665881027,19.309262496567101],[73.070396613013429,19.273062733758309],[73.075897488078795,19.220346933264523],[73.091613557220057,19.175889319336761],[73.105873521446028,19.117212811422235],[73.110816496684151,19.081916113637874],[73.111343550664515,19.064485945670015],[73.10800151885519,19.028258019691975],[73.107566497895732,19.001659725715911],[73.113548494967233,18.931044035953619],[73.112159612576193,18.893426053969335],[73.10881053997457,18.862697830340721],[73.105918616151371,18.847558938894053],[73.098663575663636,18.825530123616431],[73.069099597268746,18.766783712298604],[73.023033496398909,18.702038370574485],[73.004608564034186,18.680448767996381],[72.993476557896997,18.662539657978982],[72.983390614385485,18.616182537394309],[72.978156617633942,18.577176009365473],[72.978202551406753,18.562956780830916],[72.980682589330172,18.543685779775046],[72.992462514733404,18.501040333045069],[73.001739606198043,18.483619553100027],[73.015907537403109,18.448313634566716],[73.025703634815045,18.417124574039974],[73.052993602772688,18.371278245894473],[73.075912576004725,18.322661194658565],[73.075927495757469,18.315760541915608],[73.07346355120211,18.307406969656085],[73.081260565422895,18.307292137921991],[73.085182624878371,18.295602568304048],[73.095001521902873,18.239158160620775],[73.105750641678924,18.194650925699818],[73.110671489997401,18.157469139189573],[73.115150612011291,18.096884742936652],[73.122009522721441,18.057406146376707],[73.139068539581615,17.991779868346384],[73.143958542053213,17.964232742846946],[73.150283526163946,17.942201915785915],[73.16291857463267,17.908236096818541],[73.17265348487058,17.874718040405355],[73.1857525556361,17.842129200402439],[73.200286608040699,17.811822083422555],[73.216300568616532,17.770501311986095],[73.260360546402239,17.686928540020233],[73.292762636786392,17.637782592093117],[73.301460537873709,17.618483763315169],[73.31065364165238,17.589085577637434],[73.353629502899423,17.514650086732274],[73.365219495983126,17.483871067595828],[73.371009547153051,17.463652241357977],[73.376808650898681,17.388747699147132],[73.384521511059063,17.335441141195872],[73.384521511059063,17.324868543948298],[73.391273636269432,17.26880417267455],[73.395126629590436,17.250416288780855],[73.400421646242137,17.228807742883191],[73.410530555740706,17.198469443709996],[73.425918556696217,17.136862456237509],[73.443710486849625,17.092255140262637],[73.458129540246262,17.063736720873123],[73.460052515611267,17.046267996271126],[73.460990619121958,16.997531085191554],[73.46385152982441,16.95155366377071],[73.466247580961237,16.929475228399212],[73.47870660962252,16.874278550914539],[73.483962566019784,16.820011930706187],[73.489219527859063,16.786897043064243],[73.495391626322657,16.678790775573987],[73.49920656573056,16.646121637803503],[73.499183598844184,16.61622473038716],[73.506339564619395,16.567908757783073],[73.538833521649849,16.45650555408821],[73.54791263096331,16.436246829427773],[73.55267355194303,16.410928452386315],[73.557922635721241,16.396648371225467],[73.588012495380497,16.331703540985757],[73.598007578587044,16.301304558258892],[73.605651538987502,16.28655643123443],[73.617652580702213,16.271746278867795],[73.621726521262133,16.240008370190253],[73.622276541229553,16.215169774265803],[73.627273497374176,16.18213283806017],[73.627563510747564,16.16879370856293],[73.631927631954795,16.142655415115428],[73.636169546087842,16.100397043788689],[73.64536264986657,16.07021900740142],[73.653778582915436,16.031271488388597],[73.663421628305684,16.023183119905184],[73.674919586569843,16.016973302975714],[73.711746651686781,15.999293521878656],[73.766693547869124,15.975525127282936],[73.826072626850419,15.942626995139847],[73.876266648287356,15.895280138267879],[73.875106592095733,15.883301896165733],[73.882911485276964,15.872412463264709],[73.901786525627813,15.851602878670064],[73.919372597367612,15.825265597629368],[73.93005348827802,15.812124283009382],[73.942787610559947,15.791206740199016],[73.954513557754638,15.75003047272827],[73.958816491787843,15.724811841293558],[73.96235650484897,15.713383619158833],[73.978721499597668,15.676893171183053],[73.997726627781788,15.626197408983387],[74.010436609562021,15.582288976854954],[74.021278602325822,15.537882828429929],[74.023467619635085,15.523213993730963],[74.036163520730042,15.480217681001307],[74.056068529439244,15.430469912156866],[74.079322610750069,15.378024176274835],[74.098350536748057,15.324578646987106],[74.106040598195193,15.270929940164763],[74.106880632435377,15.229113630589723],[74.094436524426214,15.167287706762409],[74.071891551354156,15.092861603880067],[74.071678651248931,15.079992364755981],[74.072418605334519,15.066673353092938],[74.087486585237855,14.998007796422826],[74.105491582770469,14.946861926237034],[74.112792556131694,14.935502938410025],[74.138862621612873,14.904723919273579],[74.148460572297722,14.896174378444925],[74.176887628661291,14.86497726988523],[74.187042640105915,14.85182723723733],[74.213966485964704,14.800840455322884],[74.220756497814307,14.790861297311153],[74.266258498031391,14.753063774673592],[74.303039630274895,14.727065458004631],[74.32177754289944,14.707636542292732],[74.346229566141744,14.685547879830949],[74.375526497150304,14.655739820936105],[74.398353603735984,14.619833256000106],[74.415122607222713,14.579225113648192],[74.435302542278635,14.507900482921116],[74.440719598730652,14.495130317610233],[74.449752607896698,14.465423511585925],[74.467346557697624,14.429885584152544],[74.474456590599345,14.40244641776809],[74.482932539005617,14.37731914756074],[74.489593638435849,14.348029258243798],[74.51023860123064,14.274425083550909],[74.512832631820686,14.261606807208523],[74.50932363188025,14.247766776016022],[74.511459509149176,14.234017437854618],[74.52233854768599,14.205270360438931],[74.529617561401494,14.192990200637382],[74.536018653338317,14.177482338938944],[74.54006157987817,14.161932399760587],[74.550903571742595,14.084027639164333],[74.561851510938652,14.0506795663091],[74.583503643378606,13.99776327095833],[74.622741511211927,13.931818480038942],[74.646827579629246,13.89823068479842],[74.667030648845525,13.871462406365083],[74.699943532568113,13.843062506829369],[74.708076493935209,13.833554075560301],[74.749549648297773,13.771769222871455],[74.756339491974131,13.759479845018973],[74.78901650960438,13.715461777439202],[74.803016635409563,13.693642342320402],[74.820075652269679,13.672951782099176],[74.817420599980835,13.715351973814677],[74.813850580140297,13.738740165626268],[74.798149598925022,13.7950766141945],[74.784286601745407,13.853263618421408],[74.762367590092367,13.918258404202106],[74.753196614132605,13.976035533413267],[74.747306650981329,13.996184288074573],[74.739753549986517,14.036990577153574],[74.719352501317019,14.090977912900485],[74.696693533779694,14.136683927921069],[74.676193577671654,14.197559846609749],[74.648620637132865,14.258377091729528],[74.642761518929092,14.275765014943602],[74.625991510000347,14.336231728611551],[74.62174959676662,14.373398597167636],[74.617759642993292,14.390807474585415],[74.595306535668271,14.453513162902311],[74.593292531825057,14.46406363233092],[74.591453543246587,14.497121354567014],[74.583473635699875,14.531487157806225],[74.551612512707436,14.62810267419917],[74.520263524841937,14.684738187817231],[74.507636522607584,14.713086120028549],[74.49736064497796,14.742384223753049],[74.493690544083506,14.769922463950707],[74.482643531074245,14.78588160814985],[74.435211514699802,14.87956530229701],[74.406837599275946,14.956001386355013],[74.397842643123624,14.992668188686082],[74.384551627355904,15.033885359122166],[74.375801590770948,15.0526252826308],[74.363082556415009,15.086493034126363],[74.358238485917525,15.095171488273706],[74.332313595296341,15.128429371718255],[74.310996570935174,15.168636690730807],[74.294570555386997,15.196034785077416],[74.281097651735422,15.214723746703669],[74.260017500707249,15.237463346556353],[74.224151505088059,15.271060195271957],[74.195587487372791,15.28910006221821],[74.17215755262913,15.309966642246877],[74.141677601240474,15.361095246348668],[74.104926643050305,15.45167864105656],[74.07716360022016,15.508824948013057],[74.068199489914662,15.53951293957067],[74.034377504918098,15.620497547224147],[74.015937486426026,15.652456738587773],[74.006652516000997,15.673495314857007],[74.002113547702209,15.691373243580472],[74.011077490733783,15.723222967665947],[74.018928652235672,15.73528033571904],[74.021148515391815,15.744499590883549],[74.020866548252741,15.762439713122376],[74.013023601158409,15.781657405964665],[73.993766514413267,15.80349595167695],[73.989837579640721,15.81356546727261],[73.984268643882956,15.837413825987426],[73.980827537361108,15.876012321711414],[73.981643599272843,15.885681853035237],[73.985137512186611,15.903670590825243],[73.992820531942129,15.926768099268486],[73.99360658707451,15.936898466591117],[73.987617549210711,15.957527168743979],[73.977416605791859,15.974415194805545],[73.964363635173754,16.023942017310389],[73.957992550915662,16.098858126601385],[73.946136515887645,16.129995387976919],[73.932456580207145,16.157423490002202],[73.918891642635344,16.20787148268289],[73.918052614736553,16.23178991387357],[73.898498640200216,16.26382772756773],[73.898338545587592,16.308923875436619],[73.861732594983437,16.368630182636934],[73.86595154312937,16.392569737103827],[73.86778248457415,16.41511839829559],[73.844337631876385,16.408606831839961],[73.821350597951891,16.407147710598508],[73.797401488188314,16.408448749910008],[73.783912492067998,16.426807631567101],[73.800117560377259,16.444806261000281],[73.823097554408776,16.449946043874945],[73.844619599015459,16.4592033529525],[73.851226550265267,16.483143911962088],[73.840133604382515,16.50243184455411],[73.82376860873444,16.518940842346126],[73.805496562916176,16.53221995558664],[73.791038618337723,16.550569618293366],[73.784233518562189,16.572617544164473],[73.781738560886026,16.594686088792116],[73.790656571044053,16.639323244272418],[73.792846594694765,16.686700107923798],[73.787948545988741,16.71104970378093],[73.777763527764762,16.735388068904399],[73.764121645097987,16.780854360640376],[73.751319629397528,16.850230032789909],[73.733810503651966,16.896137213561701],[73.723136485360669,16.917236978803658],[73.692176584681818,16.955264666731125],[73.668411541859314,16.997460843643182],[73.663970641931712,17.019500556005994],[73.667182587706407,17.050767737041554],[73.665618523676073,17.073276165262939],[73.667419628313382,17.096725712421858],[73.662017490714788,17.118291342671455],[73.647003490818577,17.136150328974622],[73.63870255677773,17.158170929844687],[73.631828558141592,17.182490350749219],[73.627372571187379,17.205908885686654],[73.628677633166376,17.22888770610291],[73.625663501369672,17.253226237600927],[73.591079600843045,17.320600982049825],[73.583717606682342,17.344450346206656],[73.574752490934884,17.395854211203016],[73.567863573445322,17.418784918789129],[73.578346651277116,17.439503811252052],[73.598342520291226,17.486451688394823],[73.610137533620446,17.533348771828514],[73.589126616899989,17.578716157924475],[73.58560956982592,17.603492729406071],[73.576782588146102,17.625952205729845],[73.552848567207775,17.671750590117767],[73.546432554618832,17.694218113575232],[73.550987616285624,17.741074125870341],[73.548438512227733,17.763104784758127],[73.542991616270228,17.784653651644874],[73.524002582353432,17.805670269167706],[73.486076649118218,17.838069342326435],[73.476753625679464,17.860056080124139],[73.473213612618281,17.883447624608323],[73.470481616133839,17.930703621175326],[73.481002580604752,17.950963352177098],[73.486183602791186,17.972561169162759],[73.486511502803751,17.996889810816242],[73.482971489742624,18.020278338075002],[73.497520630073154,18.092865787825986],[73.496398627794576,18.116711632036356],[73.492362573873834,18.142390764922027],[73.48346753060224,18.168039221932702],[73.44283256686964,18.229305736870401],[73.425727617135976,18.248024538901461],[73.41249862671043,18.267223288424134],[73.402633630437833,18.291930959246486],[73.400848620067904,18.337800254278477],[73.388572652006417,18.357457828016493],[73.350013550185338,18.386587120899037],[73.334831576716056,18.405305252035873],[73.327873591293383,18.426364950682057],[73.329643513737324,18.448852591973662],[73.323173522939896,18.470361394063218],[73.309417645807855,18.490000192654918],[73.28505665104376,18.499020462024816],[73.266006596327543,18.511737820044516],[73.255638516604392,18.532769523694697],[73.253013641066843,18.556605980781512],[73.260421567201718,18.602513497000416],[73.2571105467145,18.651571267300312],[73.24410250442719,18.696879645279523],[73.242919650421697,18.722087381427627],[73.255416564822781,18.741436165746563],[73.292632549852442,18.774694049191169],[73.303649556082291,18.797231813297685],[73.303459621964123,18.821990446002417],[73.307670522077103,18.844030158365229],[73.300956618053647,18.892586019729151],[73.295921608895299,18.914105718004635],[73.283683526573668,18.921814554598143],[73.260299525602761,18.92166451890256],[73.235908523159992,18.925164130820121],[73.221618552154609,18.943864156805546],[73.223388641872475,18.965881739550753],[73.248191532013777,19.032987760277081],[73.260223585949916,19.053236594193606],[73.285049610251463,19.057987457155548],[73.30847954409586,19.055376662303274],[73.309287558873905,19.077386197914848],[73.297416604992463,19.097024997405867],[73.28362250667351,19.114813910333851],[73.26643357015331,19.130283216297528],[73.251151517428752,19.148981901393768],[73.240722585079368,19.170449631445479],[73.232719544271731,19.194689424577405],[73.230071532775185,19.219418051402101],[73.22818761676524,19.270283798058983],[73.228958583971632,19.295032372745936],[73.233940620363512,19.342270599608639],[73.246719501903669,19.39322670384945],[73.249442613985593,19.41936516636946],[73.248756639907185,19.443653742326489],[73.243667650741656,19.467442589304198],[73.245719541223991,19.515569801405377],[73.244010637780889,19.54533595099349],[73.251953496856572,19.592586080383455],[73.247848544075225,19.615014040865447],[73.246681616163812,19.638373400412263],[73.249023519120271,19.711228399371294],[73.243896644214942,19.738686676349175],[73.238609508322327,19.786304937822763],[73.236457537685396,19.808733738271542],[73.236717544279429,19.836680176249274],[73.263847585797578,19.938548296366946],[73.268562573903807,19.962393972404016],[73.267379551725071,19.987123603771465],[73.262741509613136,20.014119870235959],[73.262542522919262,20.040230504134627],[73.258911651351809,20.062648240224235],[73.246696535017236,20.114325187057887],[73.236793483932274,20.184784303952597],[73.236213623560047,20.255308296141095],[73.238952495361502,20.280515695942768],[73.259956538563586,20.29759566790591],[73.309776558941223,20.278675701022905],[73.321746588434451,20.258147917192787],[73.331771512045805,20.23301830065418],[73.336860500312014,20.210159844601264],[73.338508550229562,20.187731045951125],[73.344093580254707,20.163943204415489],[73.34721349210912,20.141064632327073],[73.346603624957481,20.091596483391129],[73.341590576344174,20.039809564759764],[73.342246543643228,20.016450877006491],[73.350776639330604,19.992692036808194],[73.355857581362443,19.969365535790985],[73.360122628756471,19.924036203608068],[73.370307646980507,19.873251929233277],[73.378799519682218,19.851770283971575],[73.392227496801695,19.825742631417427],[73.400726579368325,19.802423170293196],[73.422790597708058,19.731538253187978],[73.428382501251576,19.70362986912329],[73.424629588085168,19.678870230077223],[73.407791517564647,19.635703595644543],[73.373290598382539,19.599764676698612],[73.363662641817598,19.578627025716798],[73.370681647140486,19.553928574744077],[73.390846495169797,19.540299097325601],[73.412452526563015,19.528979839747933],[73.433593530217422,19.514889526330705],[73.431297559235134,19.492422001973978],[73.436500541966609,19.447544454113427],[73.434692564710247,19.425544974720935],[73.437972572076717,19.375605931768462],[73.435699567081485,19.350390149386044],[73.436042555020038,19.300893167286006],[73.438148591884158,19.277543363935251],[73.442237618571426,19.250516251623878],[73.454307560046004,19.19924901163273],[73.463249541633218,19.175009385774672],[73.467307556998321,19.152111871265959],[73.46843760461195,19.129202117883551],[73.466148507148034,19.106263531337049],[73.459976575958365,19.08056511878533],[73.445472531232497,19.061686054867664],[73.425567523422615,19.049206742897013],[73.420852535316385,19.026718096163336],[73.438011632331097,19.011220125208752],[73.461990579801579,18.998059866369886],[73.473342526836291,18.978410003419071],[73.47398357528192,18.955033545961498],[73.471687604299632,18.932552946361511],[73.466491495086586,18.907316377049312],[73.49355364228694,18.865728726399766],[73.498092610585672,18.842828192866932],[73.498718571105314,18.819451568135491],[73.527191561241693,18.782452505878609],[73.535118494223298,18.760024041776262],[73.528930637838812,18.737066511910143],[73.514938560066639,18.718196333294259],[73.497016542079905,18.703890436194797],[73.472778591658823,18.691837929876726],[73.456863537622326,18.672499202676192],[73.448738624288239,18.6495205513325],[73.449867498286551,18.625672862612646],[73.464103490184073,18.606034231294871],[73.480750621144409,18.588233081291833],[73.498351610838313,18.572735276711796],[73.512557595956423,18.554925074132996],[73.512702602643174,18.532908664103729],[73.515747581186076,18.510898960318912],[73.528022542906172,18.491700880791143],[73.540313597994327,18.466992370901323],[73.562728651406303,18.453342273826991],[73.588996529966039,18.447042771107135],[73.610443641261213,18.433843452913152],[73.625099566192205,18.416014474288716],[73.615501617305938,18.39578575730701],[73.603141494284671,18.350319463772394],[73.591613528341838,18.329160691313007],[73.565162588282988,18.289582181872333],[73.557517622440457,18.268443190001335],[73.559600525144276,18.245055668184705],[73.56555150909503,18.222594011904278],[73.575393539380514,18.199247562125436],[73.587623573669134,18.179568528764719],[73.616920504677694,18.140699130260771],[73.637519534598994,18.095363594554385],[73.656013533997566,18.080304499952831],[73.677390571917499,18.067995506987188],[73.700729646356251,18.049737542753519],[73.719711640380069,18.030987561227107],[73.733352515806132,18.01314869185876],[73.758048621346973,18.013698543652993],[73.778922576715729,18.00275144442378],[73.772720638746648,17.979779663900501],[73.751502521824079,17.963640812673532],[73.770431542182109,17.950862601128279],[73.782142568724737,17.931626804033897],[73.763320502039676,17.917785600125512],[73.749870565274534,17.897545817885316],[73.766876609368182,17.881074707631797],[73.783409576790689,17.861397855127052],[73.775756564713845,17.840262047755459],[73.751586508610615,17.840169343840273],[73.728820589199017,17.846969750054086],[73.710517530259949,17.831290729383795],[73.717399575130457,17.808371253430721],[73.734527491750498,17.76528290588152],[73.733673543199643,17.742785040197589],[73.745841552146089,17.72400521826637],[73.752807583803133,17.679028932039728],[73.740821630014352,17.660160261586952],[73.757873606981548,17.627623221634508],[73.771217596415113,17.558796230361907],[73.782516569784036,17.513367990740335],[73.784561585848678,17.489491637029573],[73.78176152777246,17.467444046605578],[73.774627521642969,17.444443265644338],[73.762176540115377,17.424655604072996],[73.752159494565205,17.401195997997036],[73.753723558595539,17.376858471941091],[73.761047497943821,17.355748648681356],[73.775611558027151,17.331460408171438],[73.785842509124677,17.307604673217213],[73.785468508065378,17.282334409005898],[73.787017652342968,17.258903804267277],[73.792411573735308,17.235956333318256],[73.822067586050423,17.17035335582284],[73.841026612288488,17.122624117109467],[73.853149527428911,17.100145695667436],[73.894012645567273,16.978931976629553],[73.895072620705037,16.954114503081996],[73.8941806191404,16.931133000887428],[73.889953624760153,16.906756581850914],[73.883781527195879,16.885137809762227],[73.891067579905041,16.861709384980259],[73.917632514429158,16.821331913337247],[73.924453539399508,16.796064330004981],[73.927406651296053,16.773085845935157],[73.932281565841777,16.750567192422125],[73.947799485557994,16.703699110325829],[73.954597545440549,16.677970690994755],[73.957549650995759,16.655442146737812],[73.959548566912986,16.62923394718905],[73.955398519426296,16.577258100780853],[73.942130636919501,16.529850224008783],[73.95082853800676,16.507792574667747],[73.97052751922979,16.491283411400445],[73.97395353872497,16.468753860802167],[74.000396598924056,16.437985737851648],[74.020072614159972,16.424686843123425],[74.03209662186174,16.403549023968424],[74.032173566956715,16.379169421331881],[74.039436487304215,16.343791753986409],[74.046913646847486,16.319493454559392],[74.051513635945696,16.297455754879309],[74.0594405689273,16.274077119263779],[74.064582530859298,16.247447812166911],[74.071563651341592,16.224069175652062],[74.091079571065507,16.122606573334849],[74.098510631360682,16.100156985956289],[74.101241623302428,16.076259509868635],[74.106300604789226,16.054240081714511],[74.113250543977585,16.032242447730937],[74.133308604708475,15.987854402658684],[74.165512548365598,15.921539467872265],[74.177612495720268,15.902359661669209],[74.196220488684787,15.858883567822545],[74.207679555767015,15.786347080853261],[74.217483533038774,15.762538452387787],[74.23097957085065,15.744300772362919],[74.252578562350948,15.753759079018437],[74.272689596747625,15.768708203620861],[74.295883497225759,15.766230344754717],[74.323348646822751,15.728821575655331],[74.337867612200682,15.704612292923116],[74.352783543725707,15.685933389314584],[74.36486857222701,15.666294757996809],[74.380760492103207,15.644396196927062],[74.392379487423568,15.624287508861585],[74.468521532742727,15.513855430883552],[74.515029528989714,15.425620141756269],[74.541061540557791,15.385432605130745],[74.581123518335858,15.353224638806182],[74.598792569621537,15.337775953397681],[74.634170570615481,15.30182898821738],[74.656066617180784,15.286431095618696],[74.673736506634611,15.269600234963036],[74.70677159923008,15.232242595019898],[74.724876509643366,15.218174576695503],[74.757446573600646,15.178046214561277],[74.786743504609206,15.136048688896039],[74.798309526263779,15.115021176086543],[74.805190564792895,15.092101532859601],[74.809730539433019,15.068243116127064],[74.824912512902301,15.022436182783736],[74.834106622123045,15.001837488309604],[74.845680521838744,14.980809974600788],[74.852546642413756,14.958822398634936],[74.866928647339364,14.93827148064446],[74.877082652442596,14.917694075821089],[74.898071607718691,14.894914410271952],[74.915290551917622,14.873015682827656],[74.938003497663431,14.824980001026347],[74.990417550429754,14.772162444041726],[75.059562550971123,14.696967216663836],[75.08680759239661,14.659529781674223],[75.096473602874653,14.637102323913268],[75.129676500870005,14.570305596226433],[75.156059546610948,14.525048515576657],[75.184738564233498,14.483952212224949],[75.201888608672505,14.463412693141436],[75.219963512306379,14.445653619718939],[75.23892253944382,14.431114705579319],[75.253700505074391,14.411935905717598],[75.276718552119632,14.369869815739548],[75.302390645112325,14.297953253939681],[75.311347547351602,14.250248490275737],[75.319580587973917,14.226887958012981],[75.336692577600559,14.208649105272116],[75.363853633138831,14.171202616807477],[75.414337499775968,14.055390530848456],[75.421157519304245,14.031552062877552],[75.42093657206533,14.006752526308162],[75.414176567894458,13.978224384347982],[75.417358505990421,13.895119992793582],[75.420867505930801,13.87310157098085],[75.442237503058493,13.800246236574708],[75.464813489251299,13.747609895680284],[75.473487585283976,13.723332384082426],[75.486167561184175,13.673376576867668],[75.494872502164412,13.646347620946074],[75.504966492809558,13.621157989949438],[75.511749632040051,13.598250751970738],[75.52696261863008,13.576321011405696],[75.547729622124507,13.56178293543428],[75.571250582648418,13.552302667334345],[75.593398588674063,13.540064417738847],[75.609947651263269,13.524115667903914],[75.62510649057225,13.506765798602885],[75.646301642407025,13.494975478835443],[75.69062061864679,13.464969605962665],[75.708152543105541,13.443509923044644],[75.720970653073323,13.424311172622652],[75.732398538861617,13.404182703069409],[75.763877614560442,13.339187079120563],[75.766418505110096,13.316708491303984],[75.76824961562744,13.268051710717998],[75.77129358782895,13.241894473051616],[75.778999573571639,13.216235288028258],[75.776122570400446,13.17030011226052],[75.771636574868182,13.146859952225157],[75.764343648640647,13.125692293564612],[75.760322515371968,13.103623748037705],[75.759132619674801,13.078365553627521],[75.766372572236605,13.053155973869252],[75.776367489068548,13.032567338312163],[75.779380615423236,13.009629086313396],[75.785652625868124,12.988090444718409],[75.786308594066497,12.965603139773236],[75.779479521962514,12.943983362242534],[75.764198641953897,12.926894504977554],[75.759078639667621,12.924106683976447],[75.75340258296302,12.878617759901829],[75.748466647617875,12.85471039307032],[75.735313597744494,12.808711513825415],[75.735572598896454,12.78025646156658],[75.741836562207766,12.758255976732073],[75.762542544902658,12.7423261702167],[75.815307631841904,12.745877750358034],[75.844299628824956,12.743767858100284],[75.896301626618936,12.728017925886718],[75.91786155786474,12.71987960096294],[75.936202504342248,12.706669386583087],[75.952262565065496,12.68382098944727],[75.966003522444737,12.660482585003422],[75.973213634601734,12.634814180130434],[75.982482511658759,12.583907696882818],[75.98412352078401,12.555000692128374],[75.983398653725033,12.52744250406846],[75.986877645986738,12.500384378636284],[75.985443503415127,12.484429426177201],[76.085388646369097,12.471937372611819],[76.236450489998276,12.466341781847916],[76.366348532159179,12.471754480185268],[76.365058557206794,12.500444561267614],[76.367698520670331,12.525252814965597],[76.373138544008782,12.550519055610039],[76.396003537233639,12.626365893071636],[76.401458647598645,12.65072336788927],[76.403633584222689,12.675981563198718],[76.390991494961668,12.826501264921603],[76.385230613302326,12.849889624906382],[76.374351572966873,12.87004944302754],[76.345573648804987,12.909406669782129],[76.327217617099507,12.925856657658755],[76.310256500437276,12.945514232296148],[76.258956570989142,12.993480176169328],[76.240158643906454,13.006710340210191],[76.218086578433031,13.018999382615561],[76.196029599986218,13.028528768987655],[76.173072572841136,13.033928559355672],[76.149688571870229,13.032887525738886],[76.122589544372147,13.028158792394493],[76.097801573983588,13.027108875274507],[76.069763604806667,13.023288067790247],[76.045448542016743,13.022237145228189],[76.021552574092198,13.026687767726457],[76.007377602094834,13.045436743810797],[75.999229553701127,13.069726157935975],[76.000892524270739,13.096823342723212],[76.014556534756423,13.143730148727514],[76.022796616171036,13.167189588428926],[76.034789610752114,13.191126793866601],[76.043510645999675,13.2136764613997],[76.051727593253986,13.239894550792997],[76.05201760662743,13.262853087000508],[76.04621163026269,13.288530377175277],[76.03665961335065,13.313268558397397],[76.021530612647837,13.331097537021833],[75.960731639953394,13.379425243979938],[75.947456550279753,13.399093882077125],[75.942092634767448,13.425680272626607],[75.939826503290647,13.474347783023916],[75.93683651109626,13.496367544826455],[75.926330632752638,13.520644721876579],[75.914451632636883,13.540314366315101],[75.860603603673553,13.590960004800536],[75.840766489282203,13.607829925710632],[75.820968602419214,13.62056823973262],[75.781761578634132,13.654296849919831],[75.716743491419152,13.690154632030783],[75.70063062340472,13.70795226208736],[75.707000534946872,13.730042936332609],[75.718536548023451,13.750320436139361],[75.728652499213638,13.774727868296623],[75.74963357642855,13.841454521708954],[75.754592645933997,13.865361890339102],[75.758346565441798,13.91865838937332],[75.770973566776831,13.977535391245453],[75.766082557963841,14.001381906350048],[75.747833646305878,14.047651016581312],[75.741500615960831,14.072418368213278],[75.708076602553319,14.133284396158103],[75.701301511355837,14.155742867039805],[75.699203520726087,14.181452007604207],[75.700157549431538,14.231067845904477],[75.698051511668098,14.255856150840827],[75.698768499766629,14.281124572341298],[75.710113573282968,14.326221558378336],[75.694000537994611,14.340810596232188],[75.679733532976343,14.358630354107675],[75.661239533577771,14.375967315439368],[75.614501539314745,14.397227845288967],[75.591377544937927,14.405796161263993],[75.566390587855494,14.41250503717788],[75.53761249731906,14.423785067227186],[75.490798561604493,14.449173348571321],[75.468612502565122,14.457732781043148],[75.449203534715537,14.470452150846199],[75.429267513784907,14.48868178463681],[75.411201494553495,14.507830744993043],[75.397331623855507,14.530699091789813],[75.391929488055609,14.552706617416618],[75.400611631221977,14.578505109223556],[75.407653603431186,14.627721967794741],[75.404579623550944,14.651592287054541],[75.375968500246245,14.68766783100574],[75.362586624173503,14.706856688885239],[75.351562577151356,14.7265352186256],[75.334861635256402,14.748453895730847],[75.298156610839101,14.791821192294321],[75.283752645368452,14.817889414165279],[75.273643566797318,14.839409112440705],[75.259506648713,14.883405051302191],[75.24772655513658,14.928353175258962],[75.243240559604317,14.951291761805521],[75.24059254900709,14.978388945693439],[75.232810622712236,15.000377528000683],[75.209228641388847,15.045684732364634],[75.179977643253778,15.091401810845014],[75.160896576316077,15.112380206281614],[75.141410495198329,15.126470353324294],[75.119163582633405,15.134088833233193],[75.095062593564023,15.138928543817372],[75.045967606619911,15.143549150772856],[75.027900582845803,15.157178460917351],[75.018226525234127,15.177776149949523],[75.009628537027538,15.228263705605684],[75.000816642374332,15.255301043208704],[74.990142623183658,15.282329328236074],[74.977600614077232,15.305198009580636],[74.961303511847746,15.326657358850184],[74.920761586578124,15.363514096198742],[74.901718573553467,15.377593346156118],[74.878463486800626,15.388402647664179],[74.854301645105011,15.395991958961872],[74.809722493198649,15.413032033401748],[74.752876593080487,15.467177618352537],[74.701637516258529,15.524144888276112],[74.628486634950377,15.594200500053148],[74.611236511256152,15.612419236758512],[74.581428618735913,15.652115763331949],[74.561332503192602,15.672135268328134],[74.544532486585126,15.691733163055176],[74.523956590824184,15.710821774405531],[74.502532613689311,15.722551242446002],[74.477439542900754,15.72641177928034],[74.453712553991352,15.733510579649646],[74.430877568445169,15.744300772362919],[74.369796627712333,15.786847145279694],[74.351890535819734,15.812566343861818]]]},"properties":{"eco_id":253,"eco_name":"North Western Ghats moist deciduous forests","biome_name":"Tropical & Subtropical Moist Broadleaf Forests","license":"CC-BY 4.0"}},{"type":"Feature","geometry":{"type":"Polygon","coordinates":[[[75.418334494341593,12.711021270715207],[75.404533523403529,12.709019169399312],[75.375968500246245,12.711839177136426],[75.360542612651614,12.711618061724323],[75.317436497196752,12.717438790567883],[75.28920758756027,12.729438994114446],[75.276931620398102,12.737068538382459],[75.25338752481457,12.74774657934131],[75.21299764792326,12.759106069889356],[75.199897570816404,12.759366747377612],[75.185897614083785,12.757786088157559],[75.156616608270042,12.746346634389795],[75.143638571862766,12.739728283333761],[75.133476521424484,12.732227820557625],[75.153350516113562,12.710448115688109],[75.170562586794119,12.679849139925977],[75.172607602858761,12.629994753755],[75.164237601784066,12.625785027257336],[75.15918750559905,12.618396547163059],[75.16233055161382,12.587208491179069],[75.166152531814078,12.578979137777139],[75.186973515315628,12.554819810585911],[75.207450503637972,12.516893208255112],[75.225723555797629,12.468385625196561],[75.24900865112852,12.42909914181206],[75.263687542945888,12.409019455083921],[75.302642604572725,12.344614084072873],[75.389602503952574,12.235131341238571],[75.416580497092411,12.194945144602855],[75.441116507121251,12.166666112151518],[75.450508596694533,12.159847601685613],[75.456169567271843,12.153468134846662],[75.48362750880267,12.109600942029999],[75.493621586567144,12.089942193777347],[75.523933566181313,12.040125860620094],[75.551750589018638,12.006357016563186],[75.572906512425789,11.985848344225815],[75.580932520119859,11.975809002683491],[75.591361618843791,11.957060362046207],[75.610732531881013,11.928272548039786],[75.638969487751808,11.897254644686257],[75.645126499188734,11.885366255648307],[75.64849049244242,11.874365176411914],[75.650497621867942,11.858778188762528],[75.65914154384734,11.830370242093124],[75.667480531801289,11.783602240151424],[75.670562557016524,11.751944461967469],[75.674827605309872,11.743254942561691],[75.710899628415291,11.718246864901005],[75.750183597295347,11.69922715331063],[75.769821557718899,11.687879731664395],[75.778816512971844,11.670489964840158],[75.788841604756385,11.641631911083948],[75.797019492655636,11.610464306582628],[75.801742526996179,11.601775626244319],[75.817436634693081,11.562386548200777],[75.827842600156032,11.542249026071829],[75.846160578847787,11.521249340984411],[75.86968254661241,11.489712429884889],[75.878127649171859,11.480583196857197],[75.916526489106332,11.448226367552934],[75.941856599602545,11.422198212277806],[75.961990601784976,11.405338349385431],[75.985443503415127,11.379760971192013],[75.997672532261731,11.361001434368859],[76.015647523014934,11.321164091949413],[76.018516649024264,11.31107580120738],[76.021102633379996,11.278497020121506],[76.02674063707093,11.269337779415139],[76.043113510780074,11.255659519171616],[76.05763264433125,11.241049694388039],[76.067436620703631,11.234670226649769],[76.082870553633313,11.221442075291691],[76.094589628208951,11.208192968830588],[76.099311489833553,11.198112557049001],[76.106353630216006,11.188964211629184],[76.122726503925151,11.172524281770336],[76.131118632818811,11.1688967619761],[76.164596625334127,11.164015980253396],[76.173919647873618,11.16084611195862],[76.192588492565051,11.149466169927962],[76.209869631178719,11.136237012228491],[76.281913598134224,11.060823016669019],[76.390792508267793,10.955249594393422],[76.413230527666883,10.930542258118862],[76.429626536435649,10.906732790585977],[76.444702562573354,10.870055259342905],[76.452186595635055,10.859986079194357],[76.50166362987278,10.813350175969958],[76.522216558747346,10.788632110783396],[76.526443553127649,10.780831743890019],[76.543708596574618,10.763453712319119],[76.57167850505914,10.739675426080169],[76.601570550740462,10.703046844036749],[76.606719554364076,10.693878718927863],[76.613723639934221,10.685639308407474],[76.631057584040434,10.654470530290894],[76.637176540664996,10.636581705381559],[76.645362642971747,10.582426396061464],[76.644561499913436,10.557617136022145],[76.642303582844249,10.548427887637047],[76.635848511799566,10.540138353402426],[76.601753612239577,10.503731892213182],[76.597686545198087,10.482592396721884],[76.598228518931137,10.471113212704722],[76.603881609648738,10.453675502122849],[76.604858604341302,10.444495138140269],[76.606857520258529,10.416487009368097],[76.603797622862146,10.385250337832986],[76.60807054921662,10.367349610396332],[76.610107519946268,10.33382367412338],[76.606460554111436,10.322794598092344],[76.594093557571796,10.298865269816474],[76.587173626961487,10.293786507741288],[76.576087553697789,10.288696010412707],[76.556671545955226,10.282197352825733],[76.548377651807357,10.275727026581137],[76.542396493803324,10.267897322903252],[76.537826513283107,10.257318020310549],[76.531982650279247,10.227441228929706],[76.542869568675826,10.186593029644712],[76.548011530607823,10.177883729650546],[76.554153622292006,10.157245136753772],[76.568168498777368,10.132946838226133],[76.570991523739963,10.124687309871604],[76.602287538838993,10.072892009558757],[76.614402574119651,10.059613063592167],[76.620460510844055,10.049983766138041],[76.624671579130222,10.041274297970631],[76.628486519437502,10.02153558739758],[76.635459591886843,10.01420628269392],[76.636901614318219,10.005476865764876],[76.634643529075788,9.995366447203935],[76.62893662742357,9.9388373827391661],[76.632713512019109,9.9259882614492199],[76.637367648398424,9.9177329239354322],[76.649467595753094,9.9044507925701737],[76.654136650985834,9.896196629570909],[76.662498604926839,9.8888741992849987],[76.672706590037251,9.8820144504067002],[76.711196624824538,9.8614678896315127],[76.768257604105315,9.8212069269582685],[76.808212628210356,9.7827274538090592],[76.825843625582991,9.7703693425712572],[76.843933617142852,9.7547986173624395],[76.915351622679395,9.7002994819357014],[76.927909557879957,9.6810308281103516],[76.939117503669991,9.6534865525624696],[76.94889063509487,9.6374276645552186],[76.956306608363434,9.630551151414636],[76.962356497954204,9.6218338042867799],[76.975013506967912,9.5795838164401061],[76.991256630089538,9.5561823803127481],[76.99546048941022,9.5470021854026754],[77.012191606257772,9.5199231048675301],[77.021102574724182,9.4877724712226836],[77.02957164961208,9.4473442058705359],[77.04261053864559,9.4184162460130665],[77.055610534698587,9.3982165303686998],[77.058906635433061,9.3807590373997982],[77.060920639276219,9.3380178686298905],[77.065147631857883,9.3191823912545146],[77.076797472125804,9.2897862191588274],[77.08381664472256,9.2612994819856453],[77.085258499880013,9.2488912479328746],[77.085403506566706,9.2102790051720831],[77.076530592013398,9.1178626554373068],[77.063766630225984,9.0760025929454287],[77.048782637109184,9.0189645796517652],[77.035209653303014,8.9550290990138706],[77.036201567748321,8.9366385333417497],[77.04415163489017,8.9067667709698526],[77.046531592659051,8.8879190556200456],[77.051177513731432,8.8773516546552855],[77.063682643439392,8.860823045347388],[77.068786552357665,8.8516364787406587],[77.077606493245241,8.8309581555945442],[77.088737493041037,8.8139643503745901],[77.093391629420296,8.8001771246746898],[77.100341566810016,8.790071903295825],[77.108230614951083,8.7721510589243508],[77.115173513347145,8.762505835376146],[77.132400502881069,8.7114866985524486],[77.150947643219297,8.6733431716501741],[77.168029626965847,8.6609520373067994],[77.200492569976291,8.5910882041574155],[77.225906499985172,8.555243832736835],[77.233756656044989,8.5469762590472556],[77.253593603162415,8.5364210960568698],[77.272460597278894,8.5323032344068679],[77.311569550894205,8.5351061433339623],[77.338691546178097,8.5420295947901081],[77.349998564882014,8.5499610549588283],[77.36863757096728,8.5291764490340256],[77.38477357314207,8.5190692149724327],[77.405761522976036,8.5026026310067664],[77.423622521062669,8.5332532386461821],[77.426902526630442,8.5619543849870183],[77.42231762635754,8.5899303279224455],[77.422729513156639,8.6087889385588028],[77.418991518843654,8.6336241827099798],[77.40409050707143,8.6989233997952056],[77.393890569094651,8.724671599714668],[77.379081590343276,8.7517935949985599],[77.361068544777652,8.7710942682859923],[77.350921581366038,8.7775238588391744],[77.313568634984676,8.7954245862757716],[77.306632610107044,8.8046148401029427],[77.302917582680436,8.8147281086154408],[77.302848515646645,8.8363415171474458],[77.298683548407212,8.8459937823872679],[77.293121653441688,8.8542653787443442],[77.286651493571753,8.860695974739599],[77.271881575074815,8.8721731478726156],[77.248702595248744,8.9149109630706107],[77.237579641687262,8.937427436627047],[77.234306508738541,8.9475397005968489],[77.227798631301937,8.9691391948181263],[77.225433593285857,8.9875277487067819],[77.226753575916973,9.0068414981367937],[77.231300589550699,9.0266160835655569],[77.255981607165609,9.0923903873066934],[77.268203596119235,9.1687180086293552],[77.294113566987676,9.292400031236582],[77.303436590426486,9.4165083567754095],[77.306602603327633,9.4371938879876893],[77.316207593006197,9.468915536023303],[77.317573507611428,9.478106964365054],[77.320632567738983,9.5364770291917011],[77.319633611602057,9.5589933345748932],[77.317291541371674,9.5709385526722031],[77.317130607691524,9.6270024212249155],[77.320297626934121,9.6504397313086656],[77.320197546779525,9.6830656188833473],[77.31684864055245,9.7225807602939653],[77.316749566739247,9.756582285943864],[77.323989520200371,9.8094295151601614],[77.32710255943573,9.8553764261812375],[77.325599516204875,9.8935075478352132],[77.330062543951385,9.947266894651591],[77.337837596727866,9.9803506018989196],[77.347022655171543,10.006546731646495],[77.348609516116426,10.019661727606774],[77.362243519822755,10.020334794615223],[77.389968508739855,10.031844825378528],[77.418617518683675,10.041513350360958],[77.429252644893779,10.047493838370087],[77.448631605064691,10.070931315727762],[77.462448502096834,10.096659399611724],[77.471191497889492,10.11779805693493],[77.484977549074813,10.160984974676978],[77.499236507858711,10.198651403139877],[77.501968505242473,10.219320673710286],[77.501487551409525,10.229891091900527],[77.499153527413512,10.240450445731597],[77.487998555289266,10.256068111054617],[77.479652525643701,10.260657873062542],[77.469001642412024,10.261107813774743],[77.448173618118119,10.256048329566909],[77.437538491908015,10.250989682627903],[77.416252648840839,10.247298963876233],[77.403770654192499,10.239489377133168],[77.386657490051277,10.231669898746986],[77.362632607908665,10.216491948844521],[77.35430149891522,10.212811119937385],[77.343650614784224,10.211882238074963],[77.323280578336153,10.213242118229289],[77.292228644636396,10.223310626584293],[77.274162626304303,10.227430332743779],[77.257011576423281,10.234300811433457],[77.226882489235663,10.242989157223974],[77.217147578997753,10.24756886121412],[77.188842563333765,10.265447459932489],[77.15408364844177,10.274577029306613],[77.144821644903175,10.273647141102799],[77.137428639420307,10.268577430703999],[77.12177258473713,10.245589894058526],[77.106086524173918,10.230860877627549],[77.089446602179123,10.21981068011894],[77.081130581111609,10.217960960829828],[77.070480534249441,10.217931960391809],[77.062553601267837,10.235839728620704],[77.052352489675798,10.239030383845261],[77.04218255937775,10.234879664565028],[77.028716528345285,10.240820423224079],[77.037933603553142,10.252778381117537],[77.039230620197145,10.276666806428125],[77.03497361903743,10.300086177735068],[77.02089654813733,10.345072020157716],[77.017097533924186,10.368491393263298],[76.99189751036198,10.412527229648049],[76.981613584699346,10.437306651081201],[76.939170644609703,10.499671195069709],[76.920547564618573,10.519379899762725],[76.889312570319021,10.559256972431456],[76.850692615871708,10.590846856297503],[76.835746509394028,10.612843316665874],[76.815582500432185,10.660550931180694],[76.77675651939802,10.729785282964599],[76.764137563397981,10.749033820754335],[76.750892647777619,10.799510312051382],[76.723762606259413,10.842137319082155],[76.701713506773103,10.890743975953853],[76.690460633551538,10.910442621729771],[76.643218552194583,10.977328867933068],[76.627326631419066,10.997486506996836],[76.590316504803013,11.056122445594553],[76.57348664869005,11.074432042604826],[76.556220598901689,11.089061146155132],[76.535240528028112,11.103669127328487],[76.497901495957422,11.132917108238075],[76.477912501361004,11.144506262254311],[76.5046765889536,11.164165009607643],[76.525062550596374,11.175725164085179],[76.572402533949969,11.184165740356775],[76.595642533676141,11.182864533771351],[76.618873648999852,11.184323655012804],[76.642036536357239,11.193593872959013],[76.688461551259763,11.202463434839785],[76.71118153689855,11.211721750258732],[76.744926576800253,11.245799382835401],[76.76345862921255,11.258708520382072],[76.848289523942526,11.304406320995042],[76.862152522021461,11.322343928729481],[76.888473542420229,11.364191083252024],[76.905143637568983,11.379380264787528],[76.925056526137951,11.393669231250158],[76.938926564109806,11.41297795077196],[76.957336575822467,11.457555761789138],[76.962806605940273,11.481904016757085],[76.960853622896536,11.506231484795308],[76.956100580877262,11.52917074313541],[76.942520556278794,11.550718269132972],[76.92108149211731,11.558017900705693],[76.895507634769672,11.555659065313762],[76.872726628331407,11.549168286687234],[76.826286526402214,11.532059481559941],[76.782203581730073,11.509902255684665],[76.758033525626843,11.50845017523551],[76.734741557676898,11.51389070129494],[76.711028651251411,11.511521136991007],[76.663543493037935,11.517340524046062],[76.637062547099049,11.511740909715343],[76.615722556750768,11.502942593925695],[76.570648536700787,11.492223480929056],[76.550239608171523,11.482512877567387],[76.531257615047082,11.467744970853857],[76.514633619146366,11.448855178923509],[76.496566593573618,11.433637329699138],[76.47617359203781,11.423457174109444],[76.459991488816343,11.407788212356252],[76.442596525709234,11.364102234730467],[76.437171590296828,11.339282916673426],[76.442573558822858,11.291557030632589],[76.425041635263426,11.270828583772243],[76.414016582799206,11.25012008567353],[76.40721852381597,11.22300094213989],[76.404312518408176,11.241350603947353],[76.405097567199107,11.263858025827346],[76.400756579252914,11.287707558157422],[76.390876495054385,11.30786519722119],[76.365356616814552,11.372030676774443],[76.357772503598312,11.396798865675237],[76.346916598322537,11.419237387795363],[76.321998541000028,11.46091455786069],[76.31302655173414,11.481523143078732],[76.299873500961439,11.501671729566795],[76.274887551119775,11.549299548135764],[76.244819652904823,11.591855308176093],[76.231590495205353,11.621173528835413],[76.208473540721513,11.666050239427136],[76.188568532911631,11.71552811093369],[76.169776641179226,11.739765222287303],[76.142013598349024,11.779573729743959],[76.131606627444057,11.800632088400278],[76.122863631651455,11.851078740191838],[76.110862590836064,11.898764393262297],[76.081466586014301,11.967010855067031],[76.071273520656632,12.022045927977331],[76.0730365695822,12.095960064805297],[76.060859508959311,12.165217216201711],[76.047332626199875,12.2275728757877],[76.025398525721528,12.349563765555502],[76.013976507110272,12.377041655847904],[76.006790533656385,12.402250230164157],[75.989128523162947,12.4521978229713],[75.984733555209573,12.476494948782999],[75.985443503415127,12.484429426177201],[75.86719563606988,12.499908453812225],[75.710540548008055,12.53347512667591],[75.56507161156577,12.622986141897059],[75.418334494341593,12.711021270715207]]]},"properties":{"eco_id":271,"eco_name":"South Western Ghats montane rain forests","biome_name":"Tropical & Subtropical Moist Broadleaf Forests","license":"CC-BY 4.0"}}]}