cell_id,resolution_deg,global_row,global_col,west,south,east,north,center_lon,center_lat,cell_area_km2
g100_r078_c240,1.0,78,240,60.0,-12.0,61.0,-11.0,60.5,-11.5,12068.235689
g100_r078_c241,1.0,78,241,61.0,-12.0,62.0,-11.0,61.5,-11.5,12068.235689
g100_r078_c242,1.0,78,242,62.0,-12.0,63.0,-11.0,62.5,-11.5,12068.235689
g100_r078_c243,1.0,78,243,63.0,-12.0,64.0,-11.0,63.5,-11.5,12068.235689
g100_r078_c244,1.0,78,244,64.0,-12.0,65.0,-11.0,64.5,-11.5,12068.235689
g100_r078_c245,1.0,78,245,65.0,-12.0,66.0,-11.0,65.5,-11.5,12068.235689
g100_r078_c246,1.0,78,246,66.0,-12.0,67.0,-11.0,66.5,-11.5,12068.235689
g100_r078_c247,1.0,78,247,67.0,-12.0,68.0,-11.0,67.5,-11.5,12068.235689
g100_r078_c248,1.0,78,248,68.0,-12.0,69.0,-11.0,68.5,-11.5,12068.235689
g100_r078_c249,1.0,78,249,69.0,-12.0,70.0,-11.0,69.5,-11.5,12068.235689
g100_r078_c250,1.0,78,250,70.0,-12.0,71.0,-11.0,70.5,-11.5,12068.235689
g100_r078_c251,1.0,78,251,71.0,-12.0,72.0,-11.0,71.5,-11.5,12068.235689
g100_r078_c252,1.0,78,252,72.0,-12.0,73.0,-11.0,72.5,-11.5,12068.235689
g100_r078_c253,1.0,78,253,73.0,-12.0,74.0,-11.0,73.5,-11.5,12068.235689
g100_r078_c254,1.0,78,254,74.0,-12.0,75.0,-11.0,74.5,-11.5,12068.235689
g100_r078_c255,1.0,78,255,75.0,-12.0,76.0,-11.0,75.5,-11.5,12068.235689
g100_r078_c256,1.0,78,256,76.0,-12.0,77.0,-11.0,76.5,-11.5,12068.235689
g100_r078_c257,1.0,78,257,77.0,-12.0,78.0,-11.0,77.5,-11.5,12068.235689
g100_r078_c258,1.0,78,258,78.0,-12.0,79.0,-11.0,78.5,-11.5,12068.235689
g100_r078_c259,1.0,78,259,79.0,-12.0,80.0,-11.0,79.5,-11.5,12068.235689
g100_r078_c260,1.0,78,260,80.0,-12.0,81.0,-11.0,80.5,-11.5,12068.235689
g100_r078_c261,1.0,78,261,81.0,-12.0,82.0,-11.0,81.5,-11.5,12068.235689
g100_r078_c262,1.0,78,262,82.0,-12.0,83.0,-11.0,82.5,-11.5,12068.235689
g100_r078_c263,1.0,78,263,83.0,-12.0,84.0,-11.0,83.5,-11.5,12068.235689
g100_r078_c264,1.0,78,264,84.0,-12.0,85.0,-11.0,84.5,-11.5,12068.235689
g100_r078_c265,1.0,78,265,85.0,-12.0,86.0,-11.0,85.5,-11.5,12068.235689
g100_r078_c266,1.0,78,266,86.0,-12.0,87.0,-11.0,86.5,-11.5,12068.235689
g100_r078_c267,1.0,78,267,87.0,-12.0,88.0,-11.0,87.5,-11.5,12068.235689
g100_r078_c268,1.0,78,268,88.0,-12.0,89.0,-11.0,88.5,-11.5,12068.235689
g100_r078_c269,1.0,78,269,89.0,-12.0,90.0,-11.0,89.5,-11.5,12068.235689
g100_r078_c270,1.0,78,270,90.0,-12.0,91.0,-11.0,90.5,-11.5,12068.235689
g100_r078_c271,1.0,78,271,91.0,-12.0,92.0,-11.0,91.5,-11.5,12068.235689
g100_r078_c272,1.0,78,272,92.0,-12.0,93.0,-11.0,92.5,-11.5,12068.235689
g100_r078_c273,1.0,78,273,93.0,-12.0,94.0,-11.0,93.5,-11.5,12068.235689
g100_r078_c274,1.0,78,274,94.0,-12.0,95.0,-11.0,94.5,-11.5,12068.235689
g100_r078_c275,1.0,78,275,95.0,-12.0,96.0,-11.0,95.5,-11.5,12068.235689
g100_r078_c276,1.0,78,276,96.0,-12.0,97.0,-11.0,96.5,-11.5,12068.235689
g100_r078_c277,1.0,78,277,97.0,-12.0,98.0,-11.0,97.5,-11.5,12068.235689
g100_r078_c278,1.0,78,278,98.0,-12.0,99.0,-11.0,98.5,-11.5,12068.235689
g100_r078_c279,1.0,78,279,99.0,-12.0,100.0,-11.0,99.5,-11.5,12068.235689
g100_r078_c280,1.0,78,280,100.0,-12.0,101.0,-11.0,100.5,-11.5,12068.235689
g100_r078_c281,1.0,78,281,101.0,-12.0,102.0,-11.0,101.5,-11.5,12068.235689
g100_r078_c282,1.0,78,282,102.0,-12.0,103.0,-11.0,102.5,-11.5,12068.235689
g100_r078_c283,1.0,78,283,103.0,-12.0,104.0,-11.0,103.5,-11.5,12068.235689
g100_r078_c284,1.0,78,284,104.0,-12.0,105.0,-11.0,104.5,-11.5,12068.235689
g100_r078_c285,1.0,78,285,105.0,-12.0,106.0,-11.0,105.5,-11.5,12068.235689
g100_r078_c286,1.0,78,286,106.0,-12.0,107.0,-11.0,106.5,-11.5,12068.235689
g100_r078_c287,1.0,78,287,107.0,-12.0,108.0,-11.0,107.5,-11.5,12068.235689
g100_r078_c288,1.0,78,288,108.0,-12.0,109.0,-11.0,108.5,-11.5,12068.235689
g100_r078_c289,1.0,78,289,109.0,-12.0,110.0,-11.0,109.5,-11.5,12068.235689
g100_r078_c290,1.0,78,290,110.0,-12.0,111.0,-11.0,110.5,-11.5,12068.235689
g100_r078_c291,1.0,78,291,111.0,-12.0,112.0,-11.0,111.5,-11.5,12068.235689
g100_r078_c292,1.0,78,292,112.0,-12.0,113.0,-11.0,112.5,-11.5,12068.235689
g100_r078_c293,1.0,78,293,113.0,-12.0,114.0,-11.0,113.5,-11.5,12068.235689
g100_r078_c294,1.0,78,294,114.0,-12.0,115.0,-11.0,114.5,-11.5,12068.235689
g100_r078_c295,1.0,78,295,115.0,-12.0,116.0,-11.0,115.5,-11.5,12068.235689
g100_r078_c296,1.0,78,296,116.0,-12.0,117.0,-11.0,116.5,-11.5,12068.235689
g100_r078_c297,1.0,78,297,117.0,-12.0,118.0,-11.0,117.5,-11.5,12068.235689
g100_r078_c298,1.0,78,298,118.0,-12.0,119.0,-11.0,118.5,-11.5,12068.235689
g100_r078_c299,1.0,78,299,119.0,-12.0,120.0,-11.0,119.5,-11.5,12068.235689
g100_r078_c300,1.0,78,300,120.0,-12.0,121.0,-11.0,120.5,-11.5,12068.235689
g100_r078_c301,1.0,78,301,121.0,-12.0,122.0,-11.0,121.5,-11.5,12068.235689
g100_r078_c302,1.0,78,302,122.0,-12.0,123.0,-11.0,122.5,-11.5,12068.235689
g100_r078_c303,1.0,78,303,123.0,-12.0,124.0,-11.0,123.5,-11.5,12068.235689
g100_r078_c304,1.0,78,304,124.0,-12.0,125.0,-11.0,124.5,-11.5,12068.235689
g100_r078_c305,1.0,78,305,125.0,-12.0,126.0,-11.0,125.5,-11.5,12068.235689
g100_r078_c306,1.0,78,306,126.0,-12.0,127.0,-11.0,126.5,-11.5,12068.235689
g100_r078_c307,1.0,78,307,127.0,-12.0,128.0,-11.0,127.5,-11.5,12068.235689
g100_r078_c308,1.0,78,308,128.0,-12.0,129.0,-11.0,128.5,-11.5,12068.235689
g100_r078_c309,1.0,78,309,129.0,-12.0,130.0,-11.0,129.5,-11.5,12068.235689
g100_r078_c310,1.0,78,310,130.0,-12.0,131.0,-11.0,130.5,-11.5,12068.235689
g100_r078_c311,1.0,78,311,131.0,-12.0,132.0,-11.0,131.5,-11.5,12068.235689
g100_r078_c312,1.0,78,312,132.0,-12.0,133.0,-11.0,132.5,-11.5,12068.235689
g100_r078_c313,1.0,78,313,133.0,-12.0,134.0,-11.0,133.5,-11.5,12068.235689
g100_r078_c314,1.0,78,314,134.0,-12.0,135.0,-11.0,134.5,-11.5,12068.235689
g100_r078_c315,1.0,78,315,135.0,-12.0,136.0,-11.0,135.5,-11.5,12068.235689
g100_r078_c316,1.0,78,316,136.0,-12.0,137.0,-11.0,136.5,-11.5,12068.235689
g100_r078_c317,1.0,78,317,137.0,-12.0,138.0,-11.0,137.5,-11.5,12068.235689
g100_r078_c318,1.0,78,318,138.0,-12.0,139.0,-11.0,138.5,-11.5,12068.235689
g100_r078_c319,1.0,78,319,139.0,-12.0,140.0,-11.0,139.5,-11.5,12068.235689
g100_r078_c320,1.0,78,320,140.0,-12.0,141.0,-11.0,140.5,-11.5,12068.235689
g100_r078_c321,1.0,78,321,141.0,-12.0,142.0,-11.0,141.5,-11.5,12068.235689
g100_r079_c240,1.0,79,240,60.0,-11.0,61.0,-10.0,60.5,-10.5,12108.188648
g100_r079_c241,1.0,79,241,61.0,-11.0,62.0,-10.0,61.5,-10.5,12108.188648
g100_r079_c242,1.0,79,242,62.0,-11.0,63.0,-10.0,62.5,-10.5,12108.188648
g100_r079_c243,1.0,79,243,63.0,-11.0,64.0,-10.0,63.5,-10.5,12108.188648
g100_r079_c244,1.0,79,244,64.0,-11.0,65.0,-10.0,64.5,-10.5,12108.188648
g100_r079_c245,1.0,79,245,65.0,-11.0,66.0,-10.0,65.5,-10.5,12108.188648
g100_r079_c246,1.0,79,246,66.0,-11.0,67.0,-10.0,66.5,-10.5,12108.188648
g100_r079_c247,1.0,79,247,67.0,-11.0,68.0,-10.0,67.5,-10.5,12108.188648
g100_r079_c248,1.0,79,248,68.0,-11.0,69.0,-10.0,68.5,-10.5,12108.188648
g100_r079_c249,1.0,79,249,69.0,-11.0,70.0,-10.0,69.5,-10.5,12108.188648
g100_r079_c250,1.0,79,250,70.0,-11.0,71.0,-10.0,70.5,-10.5,12108.188648
g100_r079_c251,1.0,79,251,71.0,-11.0,72.0,-10.0,71.5,-10.5,12108.188648
g100_r079_c252,1.0,79,252,72.0,-11.0,73.0,-10.0,72.5,-10.5,12108.188648
g100_r079_c253,1.0,79,253,73.0,-11.0,74.0,-10.0,73.5,-10.5,12108.188648
g100_r079_c254,1.0,79,254,74.0,-11.0,75.0,-10.0,74.5,-10.5,12108.188648
g100_r079_c255,1.0,79,255,75.0,-11.0,76.0,-10.0,75.5,-10.5,12108.188648
g100_r079_c256,1.0,79,256,76.0,-11.0,77.0,-10.0,76.5,-10.5,12108.188648
g100_r079_c257,1.0,79,257,77.0,-11.0,78.0,-10.0,77.5,-10.5,12108.188648
g100_r079_c258,1.0,79,258,78.0,-11.0,79.0,-10.0,78.5,-10.5,12108.188648
g100_r079_c259,1.0,79,259,79.0,-11.0,80.0,-10.0,79.5,-10.5,12108.188648
g100_r079_c260,1.0,79,260,80.0,-11.0,81.0,-10.0,80.5,-10.5,12108.188648
g100_r079_c261,1.0,79,261,81.0,-11.0,82.0,-10.0,81.5,-10.5,12108.188648
g100_r079_c262,1.0,79,262,82.0,-11.0,83.0,-10.0,82.5,-10.5,12108.188648
g100_r079_c263,1.0,79,263,83.0,-11.0,84.0,-10.0,83.5,-10.5,12108.188648
g100_r079_c264,1.0,79,264,84.0,-11.0,85.0,-10.0,84.5,-10.5,12108.188648
g100_r079_c265,1.0,79,265,85.0,-11.0,86.0,-10.0,85.5,-10.5,12108.188648
g100_r079_c266,1.0,79,266,86.0,-11.0,87.0,-10.0,86.5,-10.5,12108.188648
g100_r079_c267,1.0,79,267,87.0,-11.0,88.0,-10.0,87.5,-10.5,12108.188648
g100_r079_c268,1.0,79,268,88.0,-11.0,89.0,-10.0,88.5,-10.5,12108.188648
g100_r079_c269,1.0,79,269,89.0,-11.0,90.0,-10.0,89.5,-10.5,12108.188648
g100_r079_c270,1.0,79,270,90.0,-11.0,91.0,-10.0,90.5,-10.5,12108.188648
g100_r079_c271,1.0,79,271,91.0,-11.0,92.0,-10.0,91.5,-10.5,12108.188648
g100_r079_c272,1.0,79,272,92.0,-11.0,93.0,-10.0,92.5,-10.5,12108.188648
g100_r079_c273,1.0,79,273,93.0,-11.0,94.0,-10.0,93.5,-10.5,12108.188648
g100_r079_c274,1.0,79,274,94.0,-11.0,95.0,-10.0,94.5,-10.5,12108.188648
g100_r079_c275,1.0,79,275,95.0,-11.0,96.0,-10.0,95.5,-10.5,12108.188648
g100_r079_c276,1.0,79,276,96.0,-11.0,97.0,-10.0,96.5,-10.5,12108.188648
g100_r079_c277,1.0,79,277,97.0,-11.0,98.0,-10.0,97.5,-10.5,12108.188648
g100_r079_c278,1.0,79,278,98.0,-11.0,99.0,-10.0,98.5,-10.5,12108.188648
g100_r079_c279,1.0,79,279,99.0,-11.0,100.0,-10.0,99.5,-10.5,12108.188648
g100_r079_c280,1.0,79,280,100.0,-11.0,101.0,-10.0,100.5,-10.5,12108.188648
g100_r079_c281,1.0,79,281,101.0,-11.0,102.0,-10.0,101.5,-10.5,12108.188648
g100_r079_c282,1.0,79,282,102.0,-11.0,103.0,-10.0,102.5,-10.5,12108.188648
g100_r079_c283,1.0,79,283,103.0,-11.0,104.0,-10.0,103.5,-10.5,12108.188648
g100_r079_c284,1.0,79,284,104.0,-11.0,105.0,-10.0,104.5,-10.5,12108.188648
g100_r079_c285,1.0,79,285,105.0,-11.0,106.0,-10.0,105.5,-10.5,12108.188648
g100_r079_c286,1.0,79,286,106.0,-11.0,107.0,-10.0,106.5,-10.5,12108.188648
g100_r079_c287,1.0,79,287,107.0,-11.0,108.0,-10.0,107.5,-10.5,12108.188648
g100_r079_c288,1.0,79,288,108.0,-11.0,109.0,-10.0,108.5,-10.5,12108.188648
g100_r079_c289,1.0,79,289,109.0,-11.0,110.0,-10.0,109.5,-10.5,12108.188648
g100_r079_c290,1.0,79,290,110.0,-11.0,111.0,-10.0,110.5,-10.5,12108.188648
g100_r079_c291,1.0,79,291,111.0,-11.0,112.0,-10.0,111.5,-10.5,12108.188648
g100_r079_c292,1.0,79,292,112.0,-11.0,113.0,-10.0,112.5,-10.5,12108.188648
g100_r079_c293,1.0,79,293,113.0,-11.0,114.0,-10.0,113.5,-10.5,12108.188648
g100_r079_c294,1.0,79,294,114.0,-11.0,115.0,-10.0,114.5,-10.5,12108.188648
g100_r079_c295,1.0,79,295,115.0,-11.0,116.0,-10.0,115.5,-10.5,12108.188648
g100_r079_c296,1.0,79,296,116.0,-11.0,117.0,-10.0,116.5,-10.5,12108.188648
g100_r079_c297,1.0,79,297,117.0,-11.0,118.0,-10.0,117.5,-10.5,12108.188648
g100_r079_c298,1.0,79,298,118.0,-11.0,119.0,-10.0,118.5,-10.5,12108.188648
g100_r079_c299,1.0,79,299,119.0,-11.0,120.0,-10.0,119.5,-10.5,12108.188648
g100_r079_c300,1.0,79,300,120.0,-11.0,121.0,-10.0,120.5,-10.5,12108.188648
g100_r079_c301,1.0,79,301,121.0,-11.0,122.0,-10.0,121.5,-10.5,12108.188648
g100_r079_c302,1.0,79,302,122.0,-11.0,123.0,-10.0,122.5,-10.5,12108.188648
g100_r079_c303,1.0,79,303,123.0,-11.0,124.0,-10.0,123.5,-10.5,12108.188648
g100_r079_c304,1.0,79,304,124.0,-11.0,125.0,-10.0,124.5,-10.5,12108.188648
g100_r079_c305,1.0,79,305,125.0,-11.0,126.0,-10.0,125.5,-10.5,12108.188648
g100_r079_c306,1.0,79,306,126.0,-11.0,127.0,-10.0,126.5,-10.5,12108.188648
g100_r079_c307,1.0,79,307,127.0,-11.0,128.0,-10.0,127.5,-10.5,12108.188648
g100_r079_c308,1.0,79,308,128.0,-11.0,129.0,-10.0,128.5,-10.5,12108.188648
g100_r079_c309,1.0,79,309,129.0,-11.0,130.0,-10.0,129.5,-10.5,12108.188648
g100_r079_c310,1.0,79,310,130.0,-11.0,131.0,-10.0,130.5,-10.5,12108.188648
g100_r079_c311,1.0,79,311,131.0,-11.0,132.0,-10.0,131.5,-10.5,12108.188648
g100_r079_c312,1.0,79,312,132.0,-11.0,133.0,-10.0,132.5,-10.5,12108.188648
g100_r079_c313,1.0,79,313,133.0,-11.0,134.0,-10.0,133.5,-10.5,12108.188648
g100_r079_c314,1.0,79,314,134.0,-11.0,135.0,-10.0,134.5,-10.5,12108.188648
g100_r079_c315,1.0,79,315,135.0,-11.0,136.0,-10.0,135.5,-10.5,12108.188648
g100_r079_c316,1.0,79,316,136.0,-11.0,137.0,-10.0,136.5,-10.5,12108.188648
g100_r079_c317,1.0,79,317,137.0,-11.0,138.0,-10.0,137.5,-10.5,12108.188648
g100_r079_c318,1.0,79,318,138.0,-11.0,139.0,-10.0,138.5,-10.5,12108.188648
g100_r079_c319,1.0,79,319,139.0,-11.0,140.0,-10.0,139.5,-10.5,12108.188648
g100_r079_c320,1.0,79,320,140.0,-11.0,141.0,-10.0,140.5,-10.5,12108.188648
g100_r079_c321,1.0,79,321,141.0,-11.0,142.0,-10.0,141.5,-10.5,12108.188648
g100_r080_c240,1.0,80,240,60.0,-10.0,61.0,-9.0,60.5,-9.5,12144.539098
g100_r080_c241,1.0,80,241,61.0,-10.0,62.0,-9.0,61.5,-9.5,12144.539098
g100_r080_c242,1.0,80,242,62.0,-10.0,63.0,-9.0,62.5,-9.5,12144.539098
g100_r080_c243,1.0,80,243,63.0,-10.0,64.0,-9.0,63.5,-9.5,12144.539098
g100_r080_c244,1.0,80,244,64.0,-10.0,65.0,-9.0,64.5,-9.5,12144.539098
g100_r080_c245,1.0,80,245,65.0,-10.0,66.0,-9.0,65.5,-9.5,12144.539098
g100_r080_c246,1.0,80,246,66.0,-10.0,67.0,-9.0,66.5,-9.5,12144.539098
g100_r080_c247,1.0,80,247,67.0,-10.0,68.0,-9.0,67.5,-9.5,12144.539098
g100_r080_c248,1.0,80,248,68.0,-10.0,69.0,-9.0,68.5,-9.5,12144.539098
g100_r080_c249,1.0,80,249,69.0,-10.0,70.0,-9.0,69.5,-9.5,12144.539098
g100_r080_c250,1.0,80,250,70.0,-10.0,71.0,-9.0,70.5,-9.5,12144.539098
g100_r080_c251,1.0,80,251,71.0,-10.0,72.0,-9.0,71.5,-9.5,12144.539098
g100_r080_c252,1.0,80,252,72.0,-10.0,73.0,-9.0,72.5,-9.5,12144.539098
g100_r080_c253,1.0,80,253,73.0,-10.0,74.0,-9.0,73.5,-9.5,12144.539098
g100_r080_c254,1.0,80,254,74.0,-10.0,75.0,-9.0,74.5,-9.5,12144.539098
g100_r080_c255,1.0,80,255,75.0,-10.0,76.0,-9.0,75.5,-9.5,12144.539098
g100_r080_c256,1.0,80,256,76.0,-10.0,77.0,-9.0,76.5,-9.5,12144.539098
g100_r080_c257,1.0,80,257,77.0,-10.0,78.0,-9.0,77.5,-9.5,12144.539098
g100_r080_c258,1.0,80,258,78.0,-10.0,79.0,-9.0,78.5,-9.5,12144.539098
g100_r080_c259,1.0,80,259,79.0,-10.0,80.0,-9.0,79.5,-9.5,12144.539098
g100_r080_c260,1.0,80,260,80.0,-10.0,81.0,-9.0,80.5,-9.5,12144.539098
g100_r080_c261,1.0,80,261,81.0,-10.0,82.0,-9.0,81.5,-9.5,12144.539098
g100_r080_c262,1.0,80,262,82.0,-10.0,83.0,-9.0,82.5,-9.5,12144.539098
g100_r080_c263,1.0,80,263,83.0,-10.0,84.0,-9.0,83.5,-9.5,12144.539098
g100_r080_c264,1.0,80,264,84.0,-10.0,85.0,-9.0,84.5,-9.5,12144.539098
g100_r080_c265,1.0,80,265,85.0,-10.0,86.0,-9.0,85.5,-9.5,12144.539098
g100_r080_c266,1.0,80,266,86.0,-10.0,87.0,-9.0,86.5,-9.5,12144.539098
g100_r080_c267,1.0,80,267,87.0,-10.0,88.0,-9.0,87.5,-9.5,12144.539098
g100_r080_c268,1.0,80,268,88.0,-10.0,89.0,-9.0,88.5,-9.5,12144.539098
g100_r080_c269,1.0,80,269,89.0,-10.0,90.0,-9.0,89.5,-9.5,12144.539098
g100_r080_c270,1.0,80,270,90.0,-10.0,91.0,-9.0,90.5,-9.5,12144.539098
g100_r080_c271,1.0,80,271,91.0,-10.0,92.0,-9.0,91.5,-9.5,12144.539098
g100_r080_c272,1.0,80,272,92.0,-10.0,93.0,-9.0,92.5,-9.5,12144.539098
g100_r080_c273,1.0,80,273,93.0,-10.0,94.0,-9.0,93.5,-9.5,12144.539098
g100_r080_c274,1.0,80,274,94.0,-10.0,95.0,-9.0,94.5,-9.5,12144.539098
g100_r080_c275,1.0,80,275,95.0,-10.0,96.0,-9.0,95.5,-9.5,12144.539098
g100_r080_c276,1.0,80,276,96.0,-10.0,97.0,-9.0,96.5,-9.5,12144.539098
g100_r080_c277,1.0,80,277,97.0,-10.0,98.0,-9.0,97.5,-9.5,12144.539098
g100_r080_c278,1.0,80,278,98.0,-10.0,99.0,-9.0,98.5,-9.5,12144.539098
g100_r080_c279,1.0,80,279,99.0,-10.0,100.0,-9.0,99.5,-9.5,12144.539098
g100_r080_c280,1.0,80,280,100.0,-10.0,101.0,-9.0,100.5,-9.5,12144.539098
g100_r080_c281,1.0,80,281,101.0,-10.0,102.0,-9.0,101.5,-9.5,12144.539098
g100_r080_c282,1.0,80,282,102.0,-10.0,103.0,-9.0,102.5,-9.5,12144.539098
g100_r080_c283,1.0,80,283,103.0,-10.0,104.0,-9.0,103.5,-9.5,12144.539098
g100_r080_c284,1.0,80,284,104.0,-10.0,105.0,-9.0,104.5,-9.5,12144.539098
g100_r080_c285,1.0,80,285,105.0,-10.0,106.0,-9.0,105.5,-9.5,12144.539098
g100_r080_c286,1.0,80,286,106.0,-10.0,107.0,-9.0,106.5,-9.5,12144.539098
g100_r080_c287,1.0,80,287,107.0,-10.0,108.0,-9.0,107.5,-9.5,12144.539098
g100_r080_c288,1.0,80,288,108.0,-10.0,109.0,-9.0,108.5,-9.5,12144.539098
g100_r080_c289,1.0,80,289,109.0,-10.0,110.0,-9.0,109.5,-9.5,12144.539098
g100_r080_c290,1.0,80,290,110.0,-10.0,111.0,-9.0,110.5,-9.5,12144.539098
g100_r080_c291,1.0,80,291,111.0,-10.0,112.0,-9.0,111.5,-9.5,12144.539098
g100_r080_c292,1.0,80,292,112.0,-10.0,113.0,-9.0,112.5,-9.5,12144.539098
g100_r080_c293,1.0,80,293,113.0,-10.0,114.0,-9.0,113.5,-9.5,12144.539098
g100_r080_c294,1.0,80,294,114.0,-10.0,115.0,-9.0,114.5,-9.5,12144.539098
g100_r080_c295,1.0,80,295,115.0,-10.0,116.0,-9.0,115.5,-9.5,12144.539098
g100_r080_c296,1.0,80,296,116.0,-10.0,117.0,-9.0,116.5,-9.5,12144.539098
g100_r080_c297,1.0,80,297,117.0,-10.0,118.0,-9.0,117.5,-9.5,12144.539098
g100_r080_c298,1.0,80,298,118.0,-10.0,119.0,-9.0,118.5,-9.5,12144.539098
g100_r080_c299,1.0,80,299,119.0,-10.0,120.0,-9.0,119.5,-9.5,12144.539098
g100_r080_c300,1.0,80,300,120.0,-10.0,121.0,-9.0,120.5,-9.5,12144.539098
g100_r080_c301,1.0,80,301,121.0,-10.0,122.0,-9.0,121.5,-9.5,12144.539098
g100_r080_c302,1.0,80,302,122.0,-10.0,123.0,-9.0,122.5,-9.5,12144.539098
g100_r080_c303,1.0,80,303,123.0,-10.0,124.0,-9.0,123.5,-9.5,12144.539098
g100_r080_c304,1.0,80,304,124.0,-10.0,125.0,-9.0,124.5,-9.5,12144.539098
g100_r080_c305,1.0,80,305,125.0,-10.0,126.0,-9.0,125.5,-9.5,12144.539098
g100_r080_c306,1.0,80,306,126.0,-10.0,127.0,-9.0,126.5,-9.5,12144.539098
g100_r080_c307,1.0,80,307,127.0,-10.0,128.0,-9.0,127.5,-9.5,12144.539098
g100_r080_c308,1.0,80,308,128.0,-10.0,129.0,-9.0,128.5,-9.5,12144.539098
g100_r080_c309,1.0,80,309,129.0,-10.0,130.0,-9.0,129.5,-9.5,12144.539098
g100_r080_c310,1.0,80,310,130.0,-10.0,131.0,-9.0,130.5,-9.5,12144.539098
g100_r080_c311,1.0,80,311,131.0,-10.0,132.0,-9.0,131.5,-9.5,12144.539098
g100_r080_c312,1.0,80,312,132.0,-10.0,133.0,-9.0,132.5,-9.5,12144.539098
g100_r080_c313,1.0,80,313,133.0,-10.0,134.0,-9.0,133.5,-9.5,12144.539098
g100_r080_c314,1.0,80,314,134.0,-10.0,135.0,-9.0,134.5,-9.5,12144.539098
g100_r080_c315,1.0,80,315,135.0,-10.0,136.0,-9.0,135.5,-9.5,12144.539098
g100_r080_c316,1.0,80,316,136.0,-10.0,137.0,-9.0,136.5,-9.5,12144.539098
g100_r080_c317,1.0,80,317,137.0,-10.0,138.0,-9.0,137.5,-9.5,12144.539098
g100_r080_c318,1.0,80,318,138.0,-10.0,139.0,-9.0,138.5,-9.5,12144.539098
g100_r080_c319,1.0,80,319,139.0,-10.0,140.0,-9.0,139.5,-9.5,12144.539098
g100_r080_c320,1.0,80,320,140.0,-10.0,141.0,-9.0,140.5,-9.5,12144.539098
g100_r080_c321,1.0,80,321,141.0,-10.0,142.0,-9.0,141.5,-9.5,12144.539098
g100_r081_c240,1.0,81,240,60.0,-9.0,61.0,-8.0,60.5,-8.5,12177.278561
g100_r081_c241,1.0,81,241,61.0,-9.0,62.0,-8.0,61.5,-8.5,12177.278561
g100_r081_c242,1.0,81,242,62.0,-9.0,63.0,-8.0,62.5,-8.5,12177.278561
g100_r081_c243,1.0,81,243,63.0,-9.0,64.0,-8.0,63.5,-8.5,12177.278561
g100_r081_c244,1.0,81,244,64.0,-9.0,65.0,-8.0,64.5,-8.5,12177.278561
g100_r081_c245,1.0,81,245,65.0,-9.0,66.0,-8.0,65.5,-8.5,12177.278561
g100_r081_c246,1.0,81,246,66.0,-9.0,67.0,-8.0,66.5,-8.5,12177.278561
g100_r081_c247,1.0,81,247,67.0,-9.0,68.0,-8.0,67.5,-8.5,12177.278561
g100_r081_c248,1.0,81,248,68.0,-9.0,69.0,-8.0,68.5,-8.5,12177.278561
g100_r081_c249,1.0,81,249,69.0,-9.0,70.0,-8.0,69.5,-8.5,12177.278561
g100_r081_c250,1.0,81,250,70.0,-9.0,71.0,-8.0,70.5,-8.5,12177.278561
g100_r081_c251,1.0,81,251,71.0,-9.0,72.0,-8.0,71.5,-8.5,12177.278561
g100_r081_c252,1.0,81,252,72.0,-9.0,73.0,-8.0,72.5,-8.5,12177.278561
g100_r081_c253,1.0,81,253,73.0,-9.0,74.0,-8.0,73.5,-8.5,12177.278561
g100_r081_c254,1.0,81,254,74.0,-9.0,75.0,-8.0,74.5,-8.5,12177.278561
g100_r081_c255,1.0,81,255,75.0,-9.0,76.0,-8.0,75.5,-8.5,12177.278561
g100_r081_c256,1.0,81,256,76.0,-9.0,77.0,-8.0,76.5,-8.5,12177.278561
g100_r081_c257,1.0,81,257,77.0,-9.0,78.0,-8.0,77.5,-8.5,12177.278561
g100_r081_c258,1.0,81,258,78.0,-9.0,79.0,-8.0,78.5,-8.5,12177.278561
g100_r081_c259,1.0,81,259,79.0,-9.0,80.0,-8.0,79.5,-8.5,12177.278561
g100_r081_c260,1.0,81,260,80.0,-9.0,81.0,-8.0,80.5,-8.5,12177.278561
g100_r081_c261,1.0,81,261,81.0,-9.0,82.0,-8.0,81.5,-8.5,12177.278561
g100_r081_c262,1.0,81,262,82.0,-9.0,83.0,-8.0,82.5,-8.5,12177.278561
g100_r081_c263,1.0,81,263,83.0,-9.0,84.0,-8.0,83.5,-8.5,12177.278561
g100_r081_c264,1.0,81,264,84.0,-9.0,85.0,-8.0,84.5,-8.5,12177.278561
g100_r081_c265,1.0,81,265,85.0,-9.0,86.0,-8.0,85.5,-8.5,12177.278561
g100_r081_c266,1.0,81,266,86.0,-9.0,87.0,-8.0,86.5,-8.5,12177.278561
g100_r081_c267,1.0,81,267,87.0,-9.0,88.0,-8.0,87.5,-8.5,12177.278561
g100_r081_c268,1.0,81,268,88.0,-9.0,89.0,-8.0,88.5,-8.5,12177.278561
g100_r081_c269,1.0,81,269,89.0,-9.0,90.0,-8.0,89.5,-8.5,12177.278561
g100_r081_c270,1.0,81,270,90.0,-9.0,91.0,-8.0,90.5,-8.5,12177.278561
g100_r081_c271,1.0,81,271,91.0,-9.0,92.0,-8.0,91.5,-8.5,12177.278561
g100_r081_c272,1.0,81,272,92.0,-9.0,93.0,-8.0,92.5,-8.5,12177.278561
g100_r081_c273,1.0,81,273,93.0,-9.0,94.0,-8.0,93.5,-8.5,12177.278561
g100_r081_c274,1.0,81,274,94.0,-9.0,95.0,-8.0,94.5,-8.5,12177.278561
g100_r081_c275,1.0,81,275,95.0,-9.0,96.0,-8.0,95.5,-8.5,12177.278561
g100_r081_c276,1.0,81,276,96.0,-9.0,97.0,-8.0,96.5,-8.5,12177.278561
g100_r081_c277,1.0,81,277,97.0,-9.0,98.0,-8.0,97.5,-8.5,12177.278561
g100_r081_c278,1.0,81,278,98.0,-9.0,99.0,-8.0,98.5,-8.5,12177.278561
g100_r081_c279,1.0,81,279,99.0,-9.0,100.0,-8.0,99.5,-8.5,12177.278561
g100_r081_c280,1.0,81,280,100.0,-9.0,101.0,-8.0,100.5,-8.5,12177.278561
g100_r081_c281,1.0,81,281,101.0,-9.0,102.0,-8.0,101.5,-8.5,12177.278561
g100_r081_c282,1.0,81,282,102.0,-9.0,103.0,-8.0,102.5,-8.5,12177.278561
g100_r081_c283,1.0,81,283,103.0,-9.0,104.0,-8.0,103.5,-8.5,12177.278561
g100_r081_c284,1.0,81,284,104.0,-9.0,105.0,-8.0,104.5,-8.5,12177.278561
g100_r081_c285,1.0,81,285,105.0,-9.0,106.0,-8.0,105.5,-8.5,12177.278561
g100_r081_c286,1.0,81,286,106.0,-9.0,107.0,-8.0,106.5,-8.5,12177.278561
g100_r081_c287,1.0,81,287,107.0,-9.0,108.0,-8.0,107.5,-8.5,12177.278561
g100_r081_c288,1.0,81,288,108.0,-9.0,109.0,-8.0,108.5,-8.5,12177.278561
g100_r081_c289,1.0,81,289,109.0,-9.0,110.0,-8.0,109.5,-8.5,12177.278561
g100_r081_c290,1.0,81,290,110.0,-9.0,111.0,-8.0,110.5,-8.5,12177.278561
g100_r081_c291,1.0,81,291,111.0,-9.0,112.0,-8.0,111.5,-8.5,12177.278561
g100_r081_c292,1.0,81,292,112.0,-9.0,113.0,-8.0,112.5,-8.5,12177.278561
g100_r081_c293,1.0,81,293,113.0,-9.0,114.0,-8.0,113.5,-8.5,12177.278561
g100_r081_c294,1.0,81,294,114.0,-9.0,115.0,-8.0,114.5,-8.5,12177.278561
g100_r081_c295,1.0,81,295,115.0,-9.0,116.0,-8.0,115.5,-8.5,12177.278561
g100_r081_c296,1.0,81,296,116.0,-9.0,117.0,-8.0,116.5,-8.5,12177.278561
g100_r081_c297,1.0,81,297,117.0,-9.0,118.0,-8.0,117.5,-8.5,12177.278561
g100_r081_c298,1.0,81,298,118.0,-9.0,119.0,-8.0,118.5,-8.5,12177.278561
g100_r081_c299,1.0,81,299,119.0,-9.0,120.0,-8.0,119.5,-8.5,12177.278561
g100_r081_c300,1.0,81,300,120.0,-9.0,121.0,-8.0,120.5,-8.5,12177.278561
g100_r081_c301,1.0,81,301,121.0,-9.0,122.0,-8.0,121.5,-8.5,12177.278561
g100_r081_c302,1.0,81,302,122.0,-9.0,123.0,-8.0,122.5,-8.5,12177.278561
g100_r081_c303,1.0,81,303,123.0,-9.0,124.0,-8.0,123.5,-8.5,12177.278561
g100_r081_c304,1.0,81,304,124.0,-9.0,125.0,-8.0,124.5,-8.5,12177.278561
g100_r081_c305,1.0,81,305,125.0,-9.0,126.0,-8.0,125.5,-8.5,12177.278561
g100_r081_c306,1.0,81,306,126.0,-9.0,127.0,-8.0,126.5,-8.5,12177.278561
g100_r081_c307,1.0,81,307,127.0,-9.0,128.0,-8.0,127.5,-8.5,12177.278561
g100_r081_c308,1.0,81,308,128.0,-9.0,129.0,-8.0,128.5,-8.5,12177.278561
g100_r081_c309,1.0,81,309,129.0,-9.0,130.0,-8.0,129.5,-8.5,12177.278561
g100_r081_c310,1.0,81,310,130.0,-9.0,131.0,-8.0,130.5,-8.5,12177.278561
g100_r081_c311,1.0,81,311,131.0,-9.0,132.0,-8.0,131.5,-8.5,12177.278561
g100_r081_c312,1.0,81,312,132.0,-9.0,133.0,-8.0,132.5,-8.5,12177.278561
g100_r081_c313,1.0,81,313,133.0,-9.0,134.0,-8.0,133.5,-8.5,12177.278561
g100_r081_c314,1.0,81,314,134.0,-9.0,135.0,-8.0,134.5,-8.5,12177.278561
g100_r081_c315,1.0,81,315,135.0,-9.0,136.0,-8.0,135.5,-8.5,12177.278561
g100_r081_c316,1.0,81,316,136.0,-9.0,137.0,-8.0,136.5,-8.5,12177.278561
g100_r081_c317,1.0,81,317,137.0,-9.0,138.0,-8.0,137.5,-8.5,12177.278561
g100_r081_c318,1.0,81,318,138.0,-9.0,139.0,-8.0,138.5,-8.5,12177.278561
g100_r081_c319,1.0,81,319,139.0,-9.0,140.0,-8.0,139.5,-8.5,12177.278561
g100_r081_c320,1.0,81,320,140.0,-9.0,141.0,-8.0,140.5,-8.5,12177.278561
g100_r081_c321,1.0,81,321,141.0,-9.0,142.0,-8.0,141.5,-8.5,12177.278561
g100_r082_c240,1.0,82,240,60.0,-8.0,61.0,-7.0,60.5,-7.5,12206.399423
g100_r082_c241,1.0,82,241,61.0,-8.0,62.0,-7.0,61.5,-7.5,12206.399423
g100_r082_c242,1.0,82,242,62.0,-8.0,63.0,-7.0,62.5,-7.5,12206.399423
g100_r082_c243,1.0,82,243,63.0,-8.0,64.0,-7.0,63.5,-7.5,12206.399423
g100_r082_c244,1.0,82,244,64.0,-8.0,65.0,-7.0,64.5,-7.5,12206.399423
g100_r082_c245,1.0,82,245,65.0,-8.0,66.0,-7.0,65.5,-7.5,12206.399423
g100_r082_c246,1.0,82,246,66.0,-8.0,67.0,-7.0,66.5,-7.5,12206.399423
g100_r082_c247,1.0,82,247,67.0,-8.0,68.0,-7.0,67.5,-7.5,12206.399423
g100_r082_c248,1.0,82,248,68.0,-8.0,69.0,-7.0,68.5,-7.5,12206.399423
g100_r082_c249,1.0,82,249,69.0,-8.0,70.0,-7.0,69.5,-7.5,12206.399423
g100_r082_c250,1.0,82,250,70.0,-8.0,71.0,-7.0,70.5,-7.5,12206.399423
g100_r082_c251,1.0,82,251,71.0,-8.0,72.0,-7.0,71.5,-7.5,12206.399423
g100_r082_c252,1.0,82,252,72.0,-8.0,73.0,-7.0,72.5,-7.5,12206.399423
g100_r082_c253,1.0,82,253,73.0,-8.0,74.0,-7.0,73.5,-7.5,12206.399423
g100_r082_c254,1.0,82,254,74.0,-8.0,75.0,-7.0,74.5,-7.5,12206.399423
g100_r082_c255,1.0,82,255,75.0,-8.0,76.0,-7.0,75.5,-7.5,12206.399423
g100_r082_c256,1.0,82,256,76.0,-8.0,77.0,-7.0,76.5,-7.5,12206.399423
g100_r082_c257,1.0,82,257,77.0,-8.0,78.0,-7.0,77.5,-7.5,12206.399423
g100_r082_c258,1.0,82,258,78.0,-8.0,79.0,-7.0,78.5,-7.5,12206.399423
g100_r082_c259,1.0,82,259,79.0,-8.0,80.0,-7.0,79.5,-7.5,12206.399423
g100_r082_c260,1.0,82,260,80.0,-8.0,81.0,-7.0,80.5,-7.5,12206.399423
g100_r082_c261,1.0,82,261,81.0,-8.0,82.0,-7.0,81.5,-7.5,12206.399423
g100_r082_c262,1.0,82,262,82.0,-8.0,83.0,-7.0,82.5,-7.5,12206.399423
g100_r082_c263,1.0,82,263,83.0,-8.0,84.0,-7.0,83.5,-7.5,12206.399423
g100_r082_c264,1.0,82,264,84.0,-8.0,85.0,-7.0,84.5,-7.5,12206.399423
g100_r082_c265,1.0,82,265,85.0,-8.0,86.0,-7.0,85.5,-7.5,12206.399423
g100_r082_c266,1.0,82,266,86.0,-8.0,87.0,-7.0,86.5,-7.5,12206.399423
g100_r082_c267,1.0,82,267,87.0,-8.0,88.0,-7.0,87.5,-7.5,12206.399423
g100_r082_c268,1.0,82,268,88.0,-8.0,89.0,-7.0,88.5,-7.5,12206.399423
g100_r082_c269,1.0,82,269,89.0,-8.0,90.0,-7.0,89.5,-7.5,12206.399423
g100_r082_c270,1.0,82,270,90.0,-8.0,91.0,-7.0,90.5,-7.5,12206.399423
g100_r082_c271,1.0,82,271,91.0,-8.0,92.0,-7.0,91.5,-7.5,12206.399423
g100_r082_c272,1.0,82,272,92.0,-8.0,93.0,-7.0,92.5,-7.5,12206.399423
g100_r082_c273,1.0,82,273,93.0,-8.0,94.0,-7.0,93.5,-7.5,12206.399423
g100_r082_c274,1.0,82,274,94.0,-8.0,95.0,-7.0,94.5,-7.5,12206.399423
g100_r082_c275,1.0,82,275,95.0,-8.0,96.0,-7.0,95.5,-7.5,12206.399423
g100_r082_c276,1.0,82,276,96.0,-8.0,97.0,-7.0,96.5,-7.5,12206.399423
g100_r082_c277,1.0,82,277,97.0,-8.0,98.0,-7.0,97.5,-7.5,12206.399423
g100_r082_c278,1.0,82,278,98.0,-8.0,99.0,-7.0,98.5,-7.5,12206.399423
g100_r082_c279,1.0,82,279,99.0,-8.0,100.0,-7.0,99.5,-7.5,12206.399423
g100_r082_c280,1.0,82,280,100.0,-8.0,101.0,-7.0,100.5,-7.5,12206.399423
g100_r082_c281,1.0,82,281,101.0,-8.0,102.0,-7.0,101.5,-7.5,12206.399423
g100_r082_c282,1.0,82,282,102.0,-8.0,103.0,-7.0,102.5,-7.5,12206.399423
g100_r082_c283,1.0,82,283,103.0,-8.0,104.0,-7.0,103.5,-7.5,12206.399423
g100_r082_c284,1.0,82,284,104.0,-8.0,105.0,-7.0,104.5,-7.5,12206.399423
g100_r082_c285,1.0,82,285,105.0,-8.0,106.0,-7.0,105.5,-7.5,12206.399423
g100_r082_c286,1.0,82,286,106.0,-8.0,107.0,-7.0,106.5,-7.5,12206.399423
g100_r082_c287,1.0,82,287,107.0,-8.0,108.0,-7.0,107.5,-7.5,12206.399423
g100_r082_c288,1.0,82,288,108.0,-8.0,109.0,-7.0,108.5,-7.5,12206.399423
g100_r082_c289,1.0,82,289,109.0,-8.0,110.0,-7.0,109.5,-7.5,12206.399423
g100_r082_c290,1.0,82,290,110.0,-8.0,111.0,-7.0,110.5,-7.5,12206.399423
g100_r082_c291,1.0,82,291,111.0,-8.0,112.0,-7.0,111.5,-7.5,12206.399423
g100_r082_c292,1.0,82,292,112.0,-8.0,113.0,-7.0,112.5,-7.5,12206.399423
g100_r082_c293,1.0,82,293,113.0,-8.0,114.0,-7.0,113.5,-7.5,12206.399423
g100_r082_c294,1.0,82,294,114.0,-8.0,115.0,-7.0,114.5,-7.5,12206.399423
g100_r082_c295,1.0,82,295,115.0,-8.0,116.0,-7.0,115.5,-7.5,12206.399423
g100_r082_c296,1.0,82,296,116.0,-8.0,117.0,-7.0,116.5,-7.5,12206.399423
g100_r082_c297,1.0,82,297,117.0,-8.0,118.0,-7.0,117.5,-7.5,12206.399423
g100_r082_c298,1.0,82,298,118.0,-8.0,119.0,-7.0,118.5,-7.5,12206.399423
g100_r082_c299,1.0,82,299,119.0,-8.0,120.0,-7.0,119.5,-7.5,12206.399423
g100_r082_c300,1.0,82,300,120.0,-8.0,121.0,-7.0,120.5,-7.5,12206.399423
g100_r082_c301,1.0,82,301,121.0,-8.0,122.0,-7.0,121.5,-7.5,12206.399423
g100_r082_c302,1.0,82,302,122.0,-8.0,123.0,-7.0,122.5,-7.5,12206.399423
g100_r082_c303,1.0,82,303,123.0,-8.0,124.0,-7.0,123.5,-7.5,12206.399423
g100_r082_c304,1.0,82,304,124.0,-8.0,125.0,-7.0,124.5,-7.5,12206.399423
g100_r082_c305,1.0,82,305,125.0,-8.0,126.0,-7.0,125.5,-7.5,12206.399423
g100_r082_c306,1.0,82,306,126.0,-8.0,127.0,-7.0,126.5,-7.5,12206.399423
g100_r082_c307,1.0,82,307,127.0,-8.0,128.0,-7.0,127.5,-7.5,12206.399423
g100_r082_c308,1.0,82,308,128.0,-8.0,129.0,-7.0,128.5,-7.5,12206.399423
g100_r082_c309,1.0,82,309,129.0,-8.0,130.0,-7.0,129.5,-7.5,12206.399423
g100_r082_c310,1.0,82,310,130.0,-8.0,131.0,-7.0,130.5,-7.5,12206.399423
g100_r082_c311,1.0,82,311,131.0,-8.0,132.0,-7.0,131.5,-7.5,12206.399423
g100_r082_c312,1.0,82,312,132.0,-8.0,133.0,-7.0,132.5,-7.5,12206.399423
g100_r082_c313,1.0,82,313,133.0,-8.0,134.0,-7.0,133.5,-7.5,12206.399423
g100_r082_c314,1.0,82,314,134.0,-8.0,135.0,-7.0,134.5,-7.5,12206.399423
g100_r082_c315,1.0,82,315,135.0,-8.0,136.0,-7.0,135.5,-7.5,12206.399423
g100_r082_c316,1.0,82,316,136.0,-8.0,137.0,-7.0,136.5,-7.5,12206.399423
g100_r082_c317,1.0,82,317,137.0,-8.0,138.0,-7.0,137.5,-7.5,12206.399423
g100_r082_c318,1.0,82,318,138.0,-8.0,139.0,-7.0,138.5,-7.5,12206.399423
g100_r082_c319,1.0,82,319,139.0,-8.0,140.0,-7.0,139.5,-7.5,12206.399423
g100_r082_c320,1.0,82,320,140.0,-8.0,141.0,-7.0,140.5,-7.5,12206.399423
g100_r082_c321,1.0,82,321,141.0,-8.0,142.0,-7.0,141.5,-7.5,12206.399423
g100_r083_c240,1.0,83,240,60.0,-7.0,61.0,-6.0,60.5,-6.5,12231.894923
g100_r083_c241,1.0,83,241,61.0,-7.0,62.0,-6.0,61.5,-6.5,12231.894923
g100_r083_c242,1.0,83,242,62.0,-7.0,63.0,-6.0,62.5,-6.5,12231.894923
g100_r083_c243,1.0,83,243,63.0,-7.0,64.0,-6.0,63.5,-6.5,12231.894923
g100_r083_c244,1.0,83,244,64.0,-7.0,65.0,-6.0,64.5,-6.5,12231.894923
g100_r083_c245,1.0,83,245,65.0,-7.0,66.0,-6.0,65.5,-6.5,12231.894923
g100_r083_c246,1.0,83,246,66.0,-7.0,67.0,-6.0,66.5,-6.5,12231.894923
g100_r083_c247,1.0,83,247,67.0,-7.0,68.0,-6.0,67.5,-6.5,12231.894923
g100_r083_c248,1.0,83,248,68.0,-7.0,69.0,-6.0,68.5,-6.5,12231.894923
g100_r083_c249,1.0,83,249,69.0,-7.0,70.0,-6.0,69.5,-6.5,12231.894923
g100_r083_c250,1.0,83,250,70.0,-7.0,71.0,-6.0,70.5,-6.5,12231.894923
g100_r083_c251,1.0,83,251,71.0,-7.0,72.0,-6.0,71.5,-6.5,12231.894923
g100_r083_c252,1.0,83,252,72.0,-7.0,73.0,-6.0,72.5,-6.5,12231.894923
g100_r083_c253,1.0,83,253,73.0,-7.0,74.0,-6.0,73.5,-6.5,12231.894923
g100_r083_c254,1.0,83,254,74.0,-7.0,75.0,-6.0,74.5,-6.5,12231.894923
g100_r083_c255,1.0,83,255,75.0,-7.0,76.0,-6.0,75.5,-6.5,12231.894923
g100_r083_c256,1.0,83,256,76.0,-7.0,77.0,-6.0,76.5,-6.5,12231.894923
g100_r083_c257,1.0,83,257,77.0,-7.0,78.0,-6.0,77.5,-6.5,12231.894923
g100_r083_c258,1.0,83,258,78.0,-7.0,79.0,-6.0,78.5,-6.5,12231.894923
g100_r083_c259,1.0,83,259,79.0,-7.0,80.0,-6.0,79.5,-6.5,12231.894923
g100_r083_c260,1.0,83,260,80.0,-7.0,81.0,-6.0,80.5,-6.5,12231.894923
g100_r083_c261,1.0,83,261,81.0,-7.0,82.0,-6.0,81.5,-6.5,12231.894923
g100_r083_c262,1.0,83,262,82.0,-7.0,83.0,-6.0,82.5,-6.5,12231.894923
g100_r083_c263,1.0,83,263,83.0,-7.0,84.0,-6.0,83.5,-6.5,12231.894923
g100_r083_c264,1.0,83,264,84.0,-7.0,85.0,-6.0,84.5,-6.5,12231.894923
g100_r083_c265,1.0,83,265,85.0,-7.0,86.0,-6.0,85.5,-6.5,12231.894923
g100_r083_c266,1.0,83,266,86.0,-7.0,87.0,-6.0,86.5,-6.5,12231.894923
g100_r083_c267,1.0,83,267,87.0,-7.0,88.0,-6.0,87.5,-6.5,12231.894923
g100_r083_c268,1.0,83,268,88.0,-7.0,89.0,-6.0,88.5,-6.5,12231.894923
g100_r083_c269,1.0,83,269,89.0,-7.0,90.0,-6.0,89.5,-6.5,12231.894923
g100_r083_c270,1.0,83,270,90.0,-7.0,91.0,-6.0,90.5,-6.5,12231.894923
g100_r083_c271,1.0,83,271,91.0,-7.0,92.0,-6.0,91.5,-6.5,12231.894923
g100_r083_c272,1.0,83,272,92.0,-7.0,93.0,-6.0,92.5,-6.5,12231.894923
g100_r083_c273,1.0,83,273,93.0,-7.0,94.0,-6.0,93.5,-6.5,12231.894923
g100_r083_c274,1.0,83,274,94.0,-7.0,95.0,-6.0,94.5,-6.5,12231.894923
g100_r083_c275,1.0,83,275,95.0,-7.0,96.0,-6.0,95.5,-6.5,12231.894923
g100_r083_c276,1.0,83,276,96.0,-7.0,97.0,-6.0,96.5,-6.5,12231.894923
g100_r083_c277,1.0,83,277,97.0,-7.0,98.0,-6.0,97.5,-6.5,12231.894923
g100_r083_c278,1.0,83,278,98.0,-7.0,99.0,-6.0,98.5,-6.5,12231.894923
g100_r083_c279,1.0,83,279,99.0,-7.0,100.0,-6.0,99.5,-6.5,12231.894923
g100_r083_c280,1.0,83,280,100.0,-7.0,101.0,-6.0,100.5,-6.5,12231.894923
g100_r083_c281,1.0,83,281,101.0,-7.0,102.0,-6.0,101.5,-6.5,12231.894923
g100_r083_c282,1.0,83,282,102.0,-7.0,103.0,-6.0,102.5,-6.5,12231.894923
g100_r083_c283,1.0,83,283,103.0,-7.0,104.0,-6.0,103.5,-6.5,12231.894923
g100_r083_c284,1.0,83,284,104.0,-7.0,105.0,-6.0,104.5,-6.5,12231.894923
g100_r083_c285,1.0,83,285,105.0,-7.0,106.0,-6.0,105.5,-6.5,12231.894923
g100_r083_c286,1.0,83,286,106.0,-7.0,107.0,-6.0,106.5,-6.5,12231.894923
g100_r083_c287,1.0,83,287,107.0,-7.0,108.0,-6.0,107.5,-6.5,12231.894923
g100_r083_c288,1.0,83,288,108.0,-7.0,109.0,-6.0,108.5,-6.5,12231.894923
g100_r083_c289,1.0,83,289,109.0,-7.0,110.0,-6.0,109.5,-6.5,12231.894923
g100_r083_c290,1.0,83,290,110.0,-7.0,111.0,-6.0,110.5,-6.5,12231.894923
g100_r083_c291,1.0,83,291,111.0,-7.0,112.0,-6.0,111.5,-6.5,12231.894923
g100_r083_c292,1.0,83,292,112.0,-7.0,113.0,-6.0,112.5,-6.5,12231.894923
g100_r083_c293,1.0,83,293,113.0,-7.0,114.0,-6.0,113.5,-6.5,12231.894923
g100_r083_c294,1.0,83,294,114.0,-7.0,115.0,-6.0,114.5,-6.5,12231.894923
g100_r083_c295,1.0,83,295,115.0,-7.0,116.0,-6.0,115.5,-6.5,12231.894923
g100_r083_c296,1.0,83,296,116.0,-7.0,117.0,-6.0,116.5,-6.5,12231.894923
g100_r083_c297,1.0,83,297,117.0,-7.0,118.0,-6.0,117.5,-6.5,12231.894923
g100_r083_c298,1.0,83,298,118.0,-7.0,119.0,-6.0,118.5,-6.5,12231.894923
g100_r083_c299,1.0,83,299,119.0,-7.0,120.0,-6.0,119.5,-6.5,12231.894923
g100_r083_c300,1.0,83,300,120.0,-7.0,121.0,-6.0,120.5,-6.5,12231.894923
g100_r083_c301,1.0,83,301,121.0,-7.0,122.0,-6.0,121.5,-6.5,12231.894923
g100_r083_c302,1.0,83,302,122.0,-7.0,123.0,-6.0,122.5,-6.5,12231.894923
g100_r083_c303,1.0,83,303,123.0,-7.0,124.0,-6.0,123.5,-6.5,12231.894923
g100_r083_c304,1.0,83,304,124.0,-7.0,125.0,-6.0,124.5,-6.5,12231.894923
g100_r083_c305,1.0,83,305,125.0,-7.0,126.0,-6.0,125.5,-6.5,12231.894923
g100_r083_c306,1.0,83,306,126.0,-7.0,127.0,-6.0,126.5,-6.5,12231.894923
g100_r083_c307,1.0,83,307,127.0,-7.0,128.0,-6.0,127.5,-6.5,12231.894923
g100_r083_c308,1.0,83,308,128.0,-7.0,129.0,-6.0,128.5,-6.5,12231.894923
g100_r083_c309,1.0,83,309,129.0,-7.0,130.0,-6.0,129.5,-6.5,12231.894923
g100_r083_c310,1.0,83,310,130.0,-7.0,131.0,-6.0,130.5,-6.5,12231.894923
g100_r083_c311,1.0,83,311,131.0,-7.0,132.0,-6.0,131.5,-6.5,12231.894923
g100_r083_c312,1.0,83,312,132.0,-7.0,133.0,-6.0,132.5,-6.5,12231.894923
g100_r083_c313,1.0,83,313,133.0,-7.0,134.0,-6.0,133.5,-6.5,12231.894923
g100_r083_c314,1.0,83,314,134.0,-7.0,135.0,-6.0,134.5,-6.5,12231.894923
g100_r083_c315,1.0,83,315,135.0,-7.0,136.0,-6.0,135.5,-6.5,12231.894923
g100_r083_c316,1.0,83,316,136.0,-7.0,137.0,-6.0,136.5,-6.5,12231.894923
g100_r083_c317,1.0,83,317,137.0,-7.0,138.0,-6.0,137.5,-6.5,12231.894923
g100_r083_c318,1.0,83,318,138.0,-7.0,139.0,-6.0,138.5,-6.5,12231.894923
g100_r083_c319,1.0,83,319,139.0,-7.0,140.0,-6.0,139.5,-6.5,12231.894923
g100_r083_c320,1.0,83,320,140.0,-7.0,141.0,-6.0,140.5,-6.5,12231.894923
g100_r083_c321,1.0,83,321,141.0,-7.0,142.0,-6.0,141.5,-6.5,12231.894923
g100_r084_c240,1.0,84,240,60.0,-6.0,61.0,-5.0,60.5,-5.5,12253.759154
g100_r084_c241,1.0,84,241,61.0,-6.0,62.0,-5.0,61.5,-5.5,12253.759154
g100_r084_c242,1.0,84,242,62.0,-6.0,63.0,-5.0,62.5,-5.5,12253.759154
g100_r084_c243,1.0,84,243,63.0,-6.0,64.0,-5.0,63.5,-5.5,12253.759154
g100_r084_c244,1.0,84,244,64.0,-6.0,65.0,-5.0,64.5,-5.5,12253.759154
g100_r084_c245,1.0,84,245,65.0,-6.0,66.0,-5.0,65.5,-5.5,12253.759154
g100_r084_c246,1.0,84,246,66.0,-6.0,67.0,-5.0,66.5,-5.5,12253.759154
g100_r084_c247,1.0,84,247,67.0,-6.0,68.0,-5.0,67.5,-5.5,12253.759154
g100_r084_c248,1.0,84,248,68.0,-6.0,69.0,-5.0,68.5,-5.5,12253.759154
g100_r084_c249,1.0,84,249,69.0,-6.0,70.0,-5.0,69.5,-5.5,12253.759154
g100_r084_c250,1.0,84,250,70.0,-6.0,71.0,-5.0,70.5,-5.5,12253.759154
g100_r084_c251,1.0,84,251,71.0,-6.0,72.0,-5.0,71.5,-5.5,12253.759154
g100_r084_c252,1.0,84,252,72.0,-6.0,73.0,-5.0,72.5,-5.5,12253.759154
g100_r084_c253,1.0,84,253,73.0,-6.0,74.0,-5.0,73.5,-5.5,12253.759154
g100_r084_c254,1.0,84,254,74.0,-6.0,75.0,-5.0,74.5,-5.5,12253.759154
g100_r084_c255,1.0,84,255,75.0,-6.0,76.0,-5.0,75.5,-5.5,12253.759154
g100_r084_c256,1.0,84,256,76.0,-6.0,77.0,-5.0,76.5,-5.5,12253.759154
g100_r084_c257,1.0,84,257,77.0,-6.0,78.0,-5.0,77.5,-5.5,12253.759154
g100_r084_c258,1.0,84,258,78.0,-6.0,79.0,-5.0,78.5,-5.5,12253.759154
g100_r084_c259,1.0,84,259,79.0,-6.0,80.0,-5.0,79.5,-5.5,12253.759154
g100_r084_c260,1.0,84,260,80.0,-6.0,81.0,-5.0,80.5,-5.5,12253.759154
g100_r084_c261,1.0,84,261,81.0,-6.0,82.0,-5.0,81.5,-5.5,12253.759154
g100_r084_c262,1.0,84,262,82.0,-6.0,83.0,-5.0,82.5,-5.5,12253.759154
g100_r084_c263,1.0,84,263,83.0,-6.0,84.0,-5.0,83.5,-5.5,12253.759154
g100_r084_c264,1.0,84,264,84.0,-6.0,85.0,-5.0,84.5,-5.5,12253.759154
g100_r084_c265,1.0,84,265,85.0,-6.0,86.0,-5.0,85.5,-5.5,12253.759154
g100_r084_c266,1.0,84,266,86.0,-6.0,87.0,-5.0,86.5,-5.5,12253.759154
g100_r084_c267,1.0,84,267,87.0,-6.0,88.0,-5.0,87.5,-5.5,12253.759154
g100_r084_c268,1.0,84,268,88.0,-6.0,89.0,-5.0,88.5,-5.5,12253.759154
g100_r084_c269,1.0,84,269,89.0,-6.0,90.0,-5.0,89.5,-5.5,12253.759154
g100_r084_c270,1.0,84,270,90.0,-6.0,91.0,-5.0,90.5,-5.5,12253.759154
g100_r084_c271,1.0,84,271,91.0,-6.0,92.0,-5.0,91.5,-5.5,12253.759154
g100_r084_c272,1.0,84,272,92.0,-6.0,93.0,-5.0,92.5,-5.5,12253.759154
g100_r084_c273,1.0,84,273,93.0,-6.0,94.0,-5.0,93.5,-5.5,12253.759154
g100_r084_c274,1.0,84,274,94.0,-6.0,95.0,-5.0,94.5,-5.5,12253.759154
g100_r084_c275,1.0,84,275,95.0,-6.0,96.0,-5.0,95.5,-5.5,12253.759154
g100_r084_c276,1.0,84,276,96.0,-6.0,97.0,-5.0,96.5,-5.5,12253.759154
g100_r084_c277,1.0,84,277,97.0,-6.0,98.0,-5.0,97.5,-5.5,12253.759154
g100_r084_c278,1.0,84,278,98.0,-6.0,99.0,-5.0,98.5,-5.5,12253.759154
g100_r084_c279,1.0,84,279,99.0,-6.0,100.0,-5.0,99.5,-5.5,12253.759154
g100_r084_c280,1.0,84,280,100.0,-6.0,101.0,-5.0,100.5,-5.5,12253.759154
g100_r084_c281,1.0,84,281,101.0,-6.0,102.0,-5.0,101.5,-5.5,12253.759154
g100_r084_c282,1.0,84,282,102.0,-6.0,103.0,-5.0,102.5,-5.5,12253.759154
g100_r084_c283,1.0,84,283,103.0,-6.0,104.0,-5.0,103.5,-5.5,12253.759154
g100_r084_c284,1.0,84,284,104.0,-6.0,105.0,-5.0,104.5,-5.5,12253.759154
g100_r084_c285,1.0,84,285,105.0,-6.0,106.0,-5.0,105.5,-5.5,12253.759154
g100_r084_c286,1.0,84,286,106.0,-6.0,107.0,-5.0,106.5,-5.5,12253.759154
g100_r084_c287,1.0,84,287,107.0,-6.0,108.0,-5.0,107.5,-5.5,12253.759154
g100_r084_c288,1.0,84,288,108.0,-6.0,109.0,-5.0,108.5,-5.5,12253.759154
g100_r084_c289,1.0,84,289,109.0,-6.0,110.0,-5.0,109.5,-5.5,12253.759154
g100_r084_c290,1.0,84,290,110.0,-6.0,111.0,-5.0,110.5,-5.5,12253.759154
g100_r084_c291,1.0,84,291,111.0,-6.0,112.0,-5.0,111.5,-5.5,12253.759154
g100_r084_c292,1.0,84,292,112.0,-6.0,113.0,-5.0,112.5,-5.5,12253.759154
g100_r084_c293,1.0,84,293,113.0,-6.0,114.0,-5.0,113.5,-5.5,12253.759154
g100_r084_c294,1.0,84,294,114.0,-6.0,115.0,-5.0,114.5,-5.5,12253.759154
g100_r084_c295,1.0,84,295,115.0,-6.0,116.0,-5.0,115.5,-5.5,12253.759154
g100_r084_c296,1.0,84,296,116.0,-6.0,117.0,-5.0,116.5,-5.5,12253.759154
g100_r084_c297,1.0,84,297,117.0,-6.0,118.0,-5.0,117.5,-5.5,12253.759154
g100_r084_c298,1.0,84,298,118.0,-6.0,119.0,-5.0,118.5,-5.5,12253.759154
g100_r084_c299,1.0,84,299,119.0,-6.0,120.0,-5.0,119.5,-5.5,12253.759154
g100_r084_c300,1.0,84,300,120.0,-6.0,121.0,-5.0,120.5,-5.5,12253.759154
g100_r084_c301,1.0,84,301,121.0,-6.0,122.0,-5.0,121.5,-5.5,12253.759154
g100_r084_c302,1.0,84,302,122.0,-6.0,123.0,-5.0,122.5,-5.5,12253.759154
g100_r084_c303,1.0,84,303,123.0,-6.0,124.0,-5.0,123.5,-5.5,12253.759154
g100_r084_c304,1.0,84,304,124.0,-6.0,125.0,-5.0,124.5,-5.5,12253.759154
g100_r084_c305,1.0,84,305,125.0,-6.0,126.0,-5.0,125.5,-5.5,12253.759154
g100_r084_c306,1.0,84,306,126.0,-6.0,127.0,-5.0,126.5,-5.5,12253.759154
g100_r084_c307,1.0,84,307,127.0,-6.0,128.0,-5.0,127.5,-5.5,12253.759154
g100_r084_c308,1.0,84,308,128.0,-6.0,129.0,-5.0,128.5,-5.5,12253.759154
g100_r084_c309,1.0,84,309,129.0,-6.0,130.0,-5.0,129.5,-5.5,12253.759154
g100_r084_c310,1.0,84,310,130.0,-6.0,131.0,-5.0,130.5,-5.5,12253.759154
g100_r084_c311,1.0,84,311,131.0,-6.0,132.0,-5.0,131.5,-5.5,12253.759154
g100_r084_c312,1.0,84,312,132.0,-6.0,133.0,-5.0,132.5,-5.5,12253.759154
g100_r084_c313,1.0,84,313,133.0,-6.0,134.0,-5.0,133.5,-5.5,12253.759154
g100_r084_c314,1.0,84,314,134.0,-6.0,135.0,-5.0,134.5,-5.5,12253.759154
g100_r084_c315,1.0,84,315,135.0,-6.0,136.0,-5.0,135.5,-5.5,12253.759154
g100_r084_c316,1.0,84,316,136.0,-6.0,137.0,-5.0,136.5,-5.5,12253.759154
g100_r084_c317,1.0,84,317,137.0,-6.0,138.0,-5.0,137.5,-5.5,12253.759154
g100_r084_c318,1.0,84,318,138.0,-6.0,139.0,-5.0,138.5,-5.5,12253.759154
g100_r084_c319,1.0,84,319,139.0,-6.0,140.0,-5.0,139.5,-5.5,12253.759154
g100_r084_c320,1.0,84,320,140.0,-6.0,141.0,-5.0,140.5,-5.5,12253.759154
g100_r084_c321,1.0,84,321,141.0,-6.0,142.0,-5.0,141.5,-5.5,12253.759154
g100_r085_c240,1.0,85,240,60.0,-5.0,61.0,-4.0,60.5,-4.5,12271.987061
g100_r085_c241,1.0,85,241,61.0,-5.0,62.0,-4.0,61.5,-4.5,12271.987061
g100_r085_c242,1.0,85,242,62.0,-5.0,63.0,-4.0,62.5,-4.5,12271.987061
g100_r085_c243,1.0,85,243,63.0,-5.0,64.0,-4.0,63.5,-4.5,12271.987061
g100_r085_c244,1.0,85,244,64.0,-5.0,65.0,-4.0,64.5,-4.5,12271.987061
g100_r085_c245,1.0,85,245,65.0,-5.0,66.0,-4.0,65.5,-4.5,12271.987061
g100_r085_c246,1.0,85,246,66.0,-5.0,67.0,-4.0,66.5,-4.5,12271.987061
g100_r085_c247,1.0,85,247,67.0,-5.0,68.0,-4.0,67.5,-4.5,12271.987061
g100_r085_c248,1.0,85,248,68.0,-5.0,69.0,-4.0,68.5,-4.5,12271.987061
g100_r085_c249,1.0,85,249,69.0,-5.0,70.0,-4.0,69.5,-4.5,12271.987061
g100_r085_c250,1.0,85,250,70.0,-5.0,71.0,-4.0,70.5,-4.5,12271.987061
g100_r085_c251,1.0,85,251,71.0,-5.0,72.0,-4.0,71.5,-4.5,12271.987061
g100_r085_c252,1.0,85,252,72.0,-5.0,73.0,-4.0,72.5,-4.5,12271.987061
g100_r085_c253,1.0,85,253,73.0,-5.0,74.0,-4.0,73.5,-4.5,12271.987061
g100_r085_c254,1.0,85,254,74.0,-5.0,75.0,-4.0,74.5,-4.5,12271.987061
g100_r085_c255,1.0,85,255,75.0,-5.0,76.0,-4.0,75.5,-4.5,12271.987061
g100_r085_c256,1.0,85,256,76.0,-5.0,77.0,-4.0,76.5,-4.5,12271.987061
g100_r085_c257,1.0,85,257,77.0,-5.0,78.0,-4.0,77.5,-4.5,12271.987061
g100_r085_c258,1.0,85,258,78.0,-5.0,79.0,-4.0,78.5,-4.5,12271.987061
g100_r085_c259,1.0,85,259,79.0,-5.0,80.0,-4.0,79.5,-4.5,12271.987061
g100_r085_c260,1.0,85,260,80.0,-5.0,81.0,-4.0,80.5,-4.5,12271.987061
g100_r085_c261,1.0,85,261,81.0,-5.0,82.0,-4.0,81.5,-4.5,12271.987061
g100_r085_c262,1.0,85,262,82.0,-5.0,83.0,-4.0,82.5,-4.5,12271.987061
g100_r085_c263,1.0,85,263,83.0,-5.0,84.0,-4.0,83.5,-4.5,12271.987061
g100_r085_c264,1.0,85,264,84.0,-5.0,85.0,-4.0,84.5,-4.5,12271.987061
g100_r085_c265,1.0,85,265,85.0,-5.0,86.0,-4.0,85.5,-4.5,12271.987061
g100_r085_c266,1.0,85,266,86.0,-5.0,87.0,-4.0,86.5,-4.5,12271.987061
g100_r085_c267,1.0,85,267,87.0,-5.0,88.0,-4.0,87.5,-4.5,12271.987061
g100_r085_c268,1.0,85,268,88.0,-5.0,89.0,-4.0,88.5,-4.5,12271.987061
g100_r085_c269,1.0,85,269,89.0,-5.0,90.0,-4.0,89.5,-4.5,12271.987061
g100_r085_c270,1.0,85,270,90.0,-5.0,91.0,-4.0,90.5,-4.5,12271.987061
g100_r085_c271,1.0,85,271,91.0,-5.0,92.0,-4.0,91.5,-4.5,12271.987061
g100_r085_c272,1.0,85,272,92.0,-5.0,93.0,-4.0,92.5,-4.5,12271.987061
g100_r085_c273,1.0,85,273,93.0,-5.0,94.0,-4.0,93.5,-4.5,12271.987061
g100_r085_c274,1.0,85,274,94.0,-5.0,95.0,-4.0,94.5,-4.5,12271.987061
g100_r085_c275,1.0,85,275,95.0,-5.0,96.0,-4.0,95.5,-4.5,12271.987061
g100_r085_c276,1.0,85,276,96.0,-5.0,97.0,-4.0,96.5,-4.5,12271.987061
g100_r085_c277,1.0,85,277,97.0,-5.0,98.0,-4.0,97.5,-4.5,12271.987061
g100_r085_c278,1.0,85,278,98.0,-5.0,99.0,-4.0,98.5,-4.5,12271.987061
g100_r085_c279,1.0,85,279,99.0,-5.0,100.0,-4.0,99.5,-4.5,12271.987061
g100_r085_c280,1.0,85,280,100.0,-5.0,101.0,-4.0,100.5,-4.5,12271.987061
g100_r085_c281,1.0,85,281,101.0,-5.0,102.0,-4.0,101.5,-4.5,12271.987061
g100_r085_c282,1.0,85,282,102.0,-5.0,103.0,-4.0,102.5,-4.5,12271.987061
g100_r085_c283,1.0,85,283,103.0,-5.0,104.0,-4.0,103.5,-4.5,12271.987061
g100_r085_c284,1.0,85,284,104.0,-5.0,105.0,-4.0,104.5,-4.5,12271.987061
g100_r085_c285,1.0,85,285,105.0,-5.0,106.0,-4.0,105.5,-4.5,12271.987061
g100_r085_c286,1.0,85,286,106.0,-5.0,107.0,-4.0,106.5,-4.5,12271.987061
g100_r085_c287,1.0,85,287,107.0,-5.0,108.0,-4.0,107.5,-4.5,12271.987061
g100_r085_c288,1.0,85,288,108.0,-5.0,109.0,-4.0,108.5,-4.5,12271.987061
g100_r085_c289,1.0,85,289,109.0,-5.0,110.0,-4.0,109.5,-4.5,12271.987061
g100_r085_c290,1.0,85,290,110.0,-5.0,111.0,-4.0,110.5,-4.5,12271.987061
g100_r085_c291,1.0,85,291,111.0,-5.0,112.0,-4.0,111.5,-4.5,12271.987061
g100_r085_c292,1.0,85,292,112.0,-5.0,113.0,-4.0,112.5,-4.5,12271.987061
g100_r085_c293,1.0,85,293,113.0,-5.0,114.0,-4.0,113.5,-4.5,12271.987061
g100_r085_c294,1.0,85,294,114.0,-5.0,115.0,-4.0,114.5,-4.5,12271.987061
g100_r085_c295,1.0,85,295,115.0,-5.0,116.0,-4.0,115.5,-4.5,12271.987061
g100_r085_c296,1.0,85,296,116.0,-5.0,117.0,-4.0,116.5,-4.5,12271.987061
g100_r085_c297,1.0,85,297,117.0,-5.0,118.0,-4.0,117.5,-4.5,12271.987061
g100_r085_c298,1.0,85,298,118.0,-5.0,119.0,-4.0,118.5,-4.5,12271.987061
g100_r085_c299,1.0,85,299,119.0,-5.0,120.0,-4.0,119.5,-4.5,12271.987061
g100_r085_c300,1.0,85,300,120.0,-5.0,121.0,-4.0,120.5,-4.5,12271.987061
g100_r085_c301,1.0,85,301,121.0,-5.0,122.0,-4.0,121.5,-4.5,12271.987061
g100_r085_c302,1.0,85,302,122.0,-5.0,123.0,-4.0,122.5,-4.5,12271.987061
g100_r085_c303,1.0,85,303,123.0,-5.0,124.0,-4.0,123.5,-4.5,12271.987061
g100_r085_c304,1.0,85,304,124.0,-5.0,125.0,-4.0,124.5,-4.5,12271.987061
g100_r085_c305,1.0,85,305,125.0,-5.0,126.0,-4.0,125.5,-4.5,12271.987061
g100_r085_c306,1.0,85,306,126.0,-5.0,127.0,-4.0,126.5,-4.5,12271.987061
g100_r085_c307,1.0,85,307,127.0,-5.0,128.0,-4.0,127.5,-4.5,12271.987061
g100_r085_c308,1.0,85,308,128.0,-5.0,129.0,-4.0,128.5,-4.5,12271.987061
g100_r085_c309,1.0,85,309,129.0,-5.0,130.0,-4.0,129.5,-4.5,12271.987061
g100_r085_c310,1.0,85,310,130.0,-5.0,131.0,-4.0,130.5,-4.5,12271.987061
g100_r085_c311,1.0,85,311,131.0,-5.0,132.0,-4.0,131.5,-4.5,12271.987061
g100_r085_c312,1.0,85,312,132.0,-5.0,133.0,-4.0,132.5,-4.5,12271.987061
g100_r085_c313,1.0,85,313,133.0,-5.0,134.0,-4.0,133.5,-4.5,12271.987061
g100_r085_c314,1.0,85,314,134.0,-5.0,135.0,-4.0,134.5,-4.5,12271.987061
g100_r085_c315,1.0,85,315,135.0,-5.0,136.0,-4.0,135.5,-4.5,12271.987061
g100_r085_c316,1.0,85,316,136.0,-5.0,137.0,-4.0,136.5,-4.5,12271.987061
g100_r085_c317,1.0,85,317,137.0,-5.0,138.0,-4.0,137.5,-4.5,12271.987061
g100_r085_c318,1.0,85,318,138.0,-5.0,139.0,-4.0,138.5,-4.5,12271.987061
g100_r085_c319,1.0,85,319,139.0,-5.0,140.0,-4.0,139.5,-4.5,12271.987061
g100_r085_c320,1.0,85,320,140.0,-5.0,141.0,-4.0,140.5,-4.5,12271.987061
g100_r085_c321,1.0,85,321,141.0,-5.0,142.0,-4.0,141.5,-4.5,12271.987061
g100_r086_c240,1.0,86,240,60.0,-4.0,61.0,-3.0,60.5,-3.5,12286.574432
g100_r086_c241,1.0,86,241,61.0,-4.0,62.0,-3.0,61.5,-3.5,12286.574432
g100_r086_c242,1.0,86,242,62.0,-4.0,63.0,-3.0,62.5,-3.5,12286.574432
g100_r086_c243,1.0,86,243,63.0,-4.0,64.0,-3.0,63.5,-3.5,12286.574432
g100_r086_c244,1.0,86,244,64.0,-4.0,65.0,-3.0,64.5,-3.5,12286.574432
g100_r086_c245,1.0,86,245,65.0,-4.0,66.0,-3.0,65.5,-3.5,12286.574432
g100_r086_c246,1.0,86,246,66.0,-4.0,67.0,-3.0,66.5,-3.5,12286.574432
g100_r086_c247,1.0,86,247,67.0,-4.0,68.0,-3.0,67.5,-3.5,12286.574432
g100_r086_c248,1.0,86,248,68.0,-4.0,69.0,-3.0,68.5,-3.5,12286.574432
g100_r086_c249,1.0,86,249,69.0,-4.0,70.0,-3.0,69.5,-3.5,12286.574432
g100_r086_c250,1.0,86,250,70.0,-4.0,71.0,-3.0,70.5,-3.5,12286.574432
g100_r086_c251,1.0,86,251,71.0,-4.0,72.0,-3.0,71.5,-3.5,12286.574432
g100_r086_c252,1.0,86,252,72.0,-4.0,73.0,-3.0,72.5,-3.5,12286.574432
g100_r086_c253,1.0,86,253,73.0,-4.0,74.0,-3.0,73.5,-3.5,12286.574432
g100_r086_c254,1.0,86,254,74.0,-4.0,75.0,-3.0,74.5,-3.5,12286.574432
g100_r086_c255,1.0,86,255,75.0,-4.0,76.0,-3.0,75.5,-3.5,12286.574432
g100_r086_c256,1.0,86,256,76.0,-4.0,77.0,-3.0,76.5,-3.5,12286.574432
g100_r086_c257,1.0,86,257,77.0,-4.0,78.0,-3.0,77.5,-3.5,12286.574432
g100_r086_c258,1.0,86,258,78.0,-4.0,79.0,-3.0,78.5,-3.5,12286.574432
g100_r086_c259,1.0,86,259,79.0,-4.0,80.0,-3.0,79.5,-3.5,12286.574432
g100_r086_c260,1.0,86,260,80.0,-4.0,81.0,-3.0,80.5,-3.5,12286.574432
g100_r086_c261,1.0,86,261,81.0,-4.0,82.0,-3.0,81.5,-3.5,12286.574432
g100_r086_c262,1.0,86,262,82.0,-4.0,83.0,-3.0,82.5,-3.5,12286.574432
g100_r086_c263,1.0,86,263,83.0,-4.0,84.0,-3.0,83.5,-3.5,12286.574432
g100_r086_c264,1.0,86,264,84.0,-4.0,85.0,-3.0,84.5,-3.5,12286.574432
g100_r086_c265,1.0,86,265,85.0,-4.0,86.0,-3.0,85.5,-3.5,12286.574432
g100_r086_c266,1.0,86,266,86.0,-4.0,87.0,-3.0,86.5,-3.5,12286.574432
g100_r086_c267,1.0,86,267,87.0,-4.0,88.0,-3.0,87.5,-3.5,12286.574432
g100_r086_c268,1.0,86,268,88.0,-4.0,89.0,-3.0,88.5,-3.5,12286.574432
g100_r086_c269,1.0,86,269,89.0,-4.0,90.0,-3.0,89.5,-3.5,12286.574432
g100_r086_c270,1.0,86,270,90.0,-4.0,91.0,-3.0,90.5,-3.5,12286.574432
g100_r086_c271,1.0,86,271,91.0,-4.0,92.0,-3.0,91.5,-3.5,12286.574432
g100_r086_c272,1.0,86,272,92.0,-4.0,93.0,-3.0,92.5,-3.5,12286.574432
g100_r086_c273,1.0,86,273,93.0,-4.0,94.0,-3.0,93.5,-3.5,12286.574432
g100_r086_c274,1.0,86,274,94.0,-4.0,95.0,-3.0,94.5,-3.5,12286.574432
g100_r086_c275,1.0,86,275,95.0,-4.0,96.0,-3.0,95.5,-3.5,12286.574432
g100_r086_c276,1.0,86,276,96.0,-4.0,97.0,-3.0,96.5,-3.5,12286.574432
g100_r086_c277,1.0,86,277,97.0,-4.0,98.0,-3.0,97.5,-3.5,12286.574432
g100_r086_c278,1.0,86,278,98.0,-4.0,99.0,-3.0,98.5,-3.5,12286.574432
g100_r086_c279,1.0,86,279,99.0,-4.0,100.0,-3.0,99.5,-3.5,12286.574432
g100_r086_c280,1.0,86,280,100.0,-4.0,101.0,-3.0,100.5,-3.5,12286.574432
g100_r086_c281,1.0,86,281,101.0,-4.0,102.0,-3.0,101.5,-3.5,12286.574432
g100_r086_c282,1.0,86,282,102.0,-4.0,103.0,-3.0,102.5,-3.5,12286.574432
g100_r086_c283,1.0,86,283,103.0,-4.0,104.0,-3.0,103.5,-3.5,12286.574432
g100_r086_c284,1.0,86,284,104.0,-4.0,105.0,-3.0,104.5,-3.5,12286.574432
g100_r086_c285,1.0,86,285,105.0,-4.0,106.0,-3.0,105.5,-3.5,12286.574432
g100_r086_c286,1.0,86,286,106.0,-4.0,107.0,-3.0,106.5,-3.5,12286.574432
g100_r086_c287,1.0,86,287,107.0,-4.0,108.0,-3.0,107.5,-3.5,12286.574432
g100_r086_c288,1.0,86,288,108.0,-4.0,109.0,-3.0,108.5,-3.5,12286.574432
g100_r086_c289,1.0,86,289,109.0,-4.0,110.0,-3.0,109.5,-3.5,12286.574432
g100_r086_c290,1.0,86,290,110.0,-4.0,111.0,-3.0,110.5,-3.5,12286.574432
g100_r086_c291,1.0,86,291,111.0,-4.0,112.0,-3.0,111.5,-3.5,12286.574432
g100_r086_c292,1.0,86,292,112.0,-4.0,113.0,-3.0,112.5,-3.5,12286.574432
g100_r086_c293,1.0,86,293,113.0,-4.0,114.0,-3.0,113.5,-3.5,12286.574432
g100_r086_c294,1.0,86,294,114.0,-4.0,115.0,-3.0,114.5,-3.5,12286.574432
g100_r086_c295,1.0,86,295,115.0,-4.0,116.0,-3.0,115.5,-3.5,12286.574432
g100_r086_c296,1.0,86,296,116.0,-4.0,117.0,-3.0,116.5,-3.5,12286.574432
g100_r086_c297,1.0,86,297,117.0,-4.0,118.0,-3.0,117.5,-3.5,12286.574432
g100_r086_c298,1.0,86,298,118.0,-4.0,119.0,-3.0,118.5,-3.5,12286.574432
g100_r086_c299,1.0,86,299,119.0,-4.0,120.0,-3.0,119.5,-3.5,12286.574432
g100_r086_c300,1.0,86,300,120.0,-4.0,121.0,-3.0,120.5,-3.5,12286.574432
g100_r086_c301,1.0,86,301,121.0,-4.0,122.0,-3.0,121.5,-3.5,12286.574432
g100_r086_c302,1.0,86,302,122.0,-4.0,123.0,-3.0,122.5,-3.5,12286.574432
g100_r086_c303,1.0,86,303,123.0,-4.0,124.0,-3.0,123.5,-3.5,12286.574432
g100_r086_c304,1.0,86,304,124.0,-4.0,125.0,-3.0,124.5,-3.5,12286.574432
g100_r086_c305,1.0,86,305,125.0,-4.0,126.0,-3.0,125.5,-3.5,12286.574432
g100_r086_c306,1.0,86,306,126.0,-4.0,127.0,-3.0,126.5,-3.5,12286.574432
g100_r086_c307,1.0,86,307,127.0,-4.0,128.0,-3.0,127.5,-3.5,12286.574432
g100_r086_c308,1.0,86,308,128.0,-4.0,129.0,-3.0,128.5,-3.5,12286.574432
g100_r086_c309,1.0,86,309,129.0,-4.0,130.0,-3.0,129.5,-3.5,12286.574432
g100_r086_c310,1.0,86,310,130.0,-4.0,131.0,-3.0,130.5,-3.5,12286.574432
g100_r086_c311,1.0,86,311,131.0,-4.0,132.0,-3.0,131.5,-3.5,12286.574432
g100_r086_c312,1.0,86,312,132.0,-4.0,133.0,-3.0,132.5,-3.5,12286.574432
g100_r086_c313,1.0,86,313,133.0,-4.0,134.0,-3.0,133.5,-3.5,12286.574432
g100_r086_c314,1.0,86,314,134.0,-4.0,135.0,-3.0,134.5,-3.5,12286.574432
g100_r086_c315,1.0,86,315,135.0,-4.0,136.0,-3.0,135.5,-3.5,12286.574432
g100_r086_c316,1.0,86,316,136.0,-4.0,137.0,-3.0,136.5,-3.5,12286.574432
g100_r086_c317,1.0,86,317,137.0,-4.0,138.0,-3.0,137.5,-3.5,12286.574432
g100_r086_c318,1.0,86,318,138.0,-4.0,139.0,-3.0,138.5,-3.5,12286.574432
g100_r086_c319,1.0,86,319,139.0,-4.0,140.0,-3.0,139.5,-3.5,12286.574432
g100_r086_c320,1.0,86,320,140.0,-4.0,141.0,-3.0,140.5,-3.5,12286.574432
g100_r086_c321,1.0,86,321,141.0,-4.0,142.0,-3.0,141.5,-3.5,12286.574432
g100_r087_c240,1.0,87,240,60.0,-3.0,61.0,-2.0,60.5,-2.5,12297.517902
g100_r087_c241,1.0,87,241,61.0,-3.0,62.0,-2.0,61.5,-2.5,12297.517902
g100_r087_c242,1.0,87,242,62.0,-3.0,63.0,-2.0,62.5,-2.5,12297.517902
g100_r087_c243,1.0,87,243,63.0,-3.0,64.0,-2.0,63.5,-2.5,12297.517902
g100_r087_c244,1.0,87,244,64.0,-3.0,65.0,-2.0,64.5,-2.5,12297.517902
g100_r087_c245,1.0,87,245,65.0,-3.0,66.0,-2.0,65.5,-2.5,12297.517902
g100_r087_c246,1.0,87,246,66.0,-3.0,67.0,-2.0,66.5,-2.5,12297.517902
g100_r087_c247,1.0,87,247,67.0,-3.0,68.0,-2.0,67.5,-2.5,12297.517902
g100_r087_c248,1.0,87,248,68.0,-3.0,69.0,-2.0,68.5,-2.5,12297.517902
g100_r087_c249,1.0,87,249,69.0,-3.0,70.0,-2.0,69.5,-2.5,12297.517902
g100_r087_c250,1.0,87,250,70.0,-3.0,71.0,-2.0,70.5,-2.5,12297.517902
g100_r087_c251,1.0,87,251,71.0,-3.0,72.0,-2.0,71.5,-2.5,12297.517902
g100_r087_c252,1.0,87,252,72.0,-3.0,73.0,-2.0,72.5,-2.5,12297.517902
g100_r087_c253,1.0,87,253,73.0,-3.0,74.0,-2.0,73.5,-2.5,12297.517902
g100_r087_c254,1.0,87,254,74.0,-3.0,75.0,-2.0,74.5,-2.5,12297.517902
g100_r087_c255,1.0,87,255,75.0,-3.0,76.0,-2.0,75.5,-2.5,12297.517902
g100_r087_c256,1.0,87,256,76.0,-3.0,77.0,-2.0,76.5,-2.5,12297.517902
g100_r087_c257,1.0,87,257,77.0,-3.0,78.0,-2.0,77.5,-2.5,12297.517902
g100_r087_c258,1.0,87,258,78.0,-3.0,79.0,-2.0,78.5,-2.5,12297.517902
g100_r087_c259,1.0,87,259,79.0,-3.0,80.0,-2.0,79.5,-2.5,12297.517902
g100_r087_c260,1.0,87,260,80.0,-3.0,81.0,-2.0,80.5,-2.5,12297.517902
g100_r087_c261,1.0,87,261,81.0,-3.0,82.0,-2.0,81.5,-2.5,12297.517902
g100_r087_c262,1.0,87,262,82.0,-3.0,83.0,-2.0,82.5,-2.5,12297.517902
g100_r087_c263,1.0,87,263,83.0,-3.0,84.0,-2.0,83.5,-2.5,12297.517902
g100_r087_c264,1.0,87,264,84.0,-3.0,85.0,-2.0,84.5,-2.5,12297.517902
g100_r087_c265,1.0,87,265,85.0,-3.0,86.0,-2.0,85.5,-2.5,12297.517902
g100_r087_c266,1.0,87,266,86.0,-3.0,87.0,-2.0,86.5,-2.5,12297.517902
g100_r087_c267,1.0,87,267,87.0,-3.0,88.0,-2.0,87.5,-2.5,12297.517902
g100_r087_c268,1.0,87,268,88.0,-3.0,89.0,-2.0,88.5,-2.5,12297.517902
g100_r087_c269,1.0,87,269,89.0,-3.0,90.0,-2.0,89.5,-2.5,12297.517902
g100_r087_c270,1.0,87,270,90.0,-3.0,91.0,-2.0,90.5,-2.5,12297.517902
g100_r087_c271,1.0,87,271,91.0,-3.0,92.0,-2.0,91.5,-2.5,12297.517902
g100_r087_c272,1.0,87,272,92.0,-3.0,93.0,-2.0,92.5,-2.5,12297.517902
g100_r087_c273,1.0,87,273,93.0,-3.0,94.0,-2.0,93.5,-2.5,12297.517902
g100_r087_c274,1.0,87,274,94.0,-3.0,95.0,-2.0,94.5,-2.5,12297.517902
g100_r087_c275,1.0,87,275,95.0,-3.0,96.0,-2.0,95.5,-2.5,12297.517902
g100_r087_c276,1.0,87,276,96.0,-3.0,97.0,-2.0,96.5,-2.5,12297.517902
g100_r087_c277,1.0,87,277,97.0,-3.0,98.0,-2.0,97.5,-2.5,12297.517902
g100_r087_c278,1.0,87,278,98.0,-3.0,99.0,-2.0,98.5,-2.5,12297.517902
g100_r087_c279,1.0,87,279,99.0,-3.0,100.0,-2.0,99.5,-2.5,12297.517902
g100_r087_c280,1.0,87,280,100.0,-3.0,101.0,-2.0,100.5,-2.5,12297.517902
g100_r087_c281,1.0,87,281,101.0,-3.0,102.0,-2.0,101.5,-2.5,12297.517902
g100_r087_c282,1.0,87,282,102.0,-3.0,103.0,-2.0,102.5,-2.5,12297.517902
g100_r087_c283,1.0,87,283,103.0,-3.0,104.0,-2.0,103.5,-2.5,12297.517902
g100_r087_c284,1.0,87,284,104.0,-3.0,105.0,-2.0,104.5,-2.5,12297.517902
g100_r087_c285,1.0,87,285,105.0,-3.0,106.0,-2.0,105.5,-2.5,12297.517902
g100_r087_c286,1.0,87,286,106.0,-3.0,107.0,-2.0,106.5,-2.5,12297.517902
g100_r087_c287,1.0,87,287,107.0,-3.0,108.0,-2.0,107.5,-2.5,12297.517902
g100_r087_c288,1.0,87,288,108.0,-3.0,109.0,-2.0,108.5,-2.5,12297.517902
g100_r087_c289,1.0,87,289,109.0,-3.0,110.0,-2.0,109.5,-2.5,12297.517902
g100_r087_c290,1.0,87,290,110.0,-3.0,111.0,-2.0,110.5,-2.5,12297.517902
g100_r087_c291,1.0,87,291,111.0,-3.0,112.0,-2.0,111.5,-2.5,12297.517902
g100_r087_c292,1.0,87,292,112.0,-3.0,113.0,-2.0,112.5,-2.5,12297.517902
g100_r087_c293,1.0,87,293,113.0,-3.0,114.0,-2.0,113.5,-2.5,12297.517902
g100_r087_c294,1.0,87,294,114.0,-3.0,115.0,-2.0,114.5,-2.5,12297.517902
g100_r087_c295,1.0,87,295,115.0,-3.0,116.0,-2.0,115.5,-2.5,12297.517902
g100_r087_c296,1.0,87,296,116.0,-3.0,117.0,-2.0,116.5,-2.5,12297.517902
g100_r087_c297,1.0,87,297,117.0,-3.0,118.0,-2.0,117.5,-2.5,12297.517902
g100_r087_c298,1.0,87,298,118.0,-3.0,119.0,-2.0,118.5,-2.5,12297.517902
g100_r087_c299,1.0,87,299,119.0,-3.0,120.0,-2.0,119.5,-2.5,12297.517902
g100_r087_c300,1.0,87,300,120.0,-3.0,121.0,-2.0,120.5,-2.5,12297.517902
g100_r087_c301,1.0,87,301,121.0,-3.0,122.0,-2.0,121.5,-2.5,12297.517902
g100_r087_c302,1.0,87,302,122.0,-3.0,123.0,-2.0,122.5,-2.5,12297.517902
g100_r087_c303,1.0,87,303,123.0,-3.0,124.0,-2.0,123.5,-2.5,12297.517902
g100_r087_c304,1.0,87,304,124.0,-3.0,125.0,-2.0,124.5,-2.5,12297.517902
g100_r087_c305,1.0,87,305,125.0,-3.0,126.0,-2.0,125.5,-2.5,12297.517902
g100_r087_c306,1.0,87,306,126.0,-3.0,127.0,-2.0,126.5,-2.5,12297.517902
g100_r087_c307,1.0,87,307,127.0,-3.0,128.0,-2.0,127.5,-2.5,12297.517902
g100_r087_c308,1.0,87,308,128.0,-3.0,129.0,-2.0,128.5,-2.5,12297.517902
g100_r087_c309,1.0,87,309,129.0,-3.0,130.0,-2.0,129.5,-2.5,12297.517902
g100_r087_c310,1.0,87,310,130.0,-3.0,131.0,-2.0,130.5,-2.5,12297.517902
g100_r087_c311,1.0,87,311,131.0,-3.0,132.0,-2.0,131.5,-2.5,12297.517902
g100_r087_c312,1.0,87,312,132.0,-3.0,133.0,-2.0,132.5,-2.5,12297.517902
g100_r087_c313,1.0,87,313,133.0,-3.0,134.0,-2.0,133.5,-2.5,12297.517902
g100_r087_c314,1.0,87,314,134.0,-3.0,135.0,-2.0,134.5,-2.5,12297.517902
g100_r087_c315,1.0,87,315,135.0,-3.0,136.0,-2.0,135.5,-2.5,12297.517902
g100_r087_c316,1.0,87,316,136.0,-3.0,137.0,-2.0,136.5,-2.5,12297.517902
g100_r087_c317,1.0,87,317,137.0,-3.0,138.0,-2.0,137.5,-2.5,12297.517902
g100_r087_c318,1.0,87,318,138.0,-3.0,139.0,-2.0,138.5,-2.5,12297.517902
g100_r087_c319,1.0,87,319,139.0,-3.0,140.0,-2.0,139.5,-2.5,12297.517902
g100_r087_c320,1.0,87,320,140.0,-3.0,141.0,-2.0,140.5,-2.5,12297.517902
g100_r087_c321,1.0,87,321,141.0,-3.0,142.0,-2.0,141.5,-2.5,12297.517902
g100_r088_c240,1.0,88,240,60.0,-2.0,61.0,-1.0,60.5,-1.5,12304.81495
g100_r088_c241,1.0,88,241,61.0,-2.0,62.0,-1.0,61.5,-1.5,12304.81495
g100_r088_c242,1.0,88,242,62.0,-2.0,63.0,-1.0,62.5,-1.5,12304.81495
g100_r088_c243,1.0,88,243,63.0,-2.0,64.0,-1.0,63.5,-1.5,12304.81495
g100_r088_c244,1.0,88,244,64.0,-2.0,65.0,-1.0,64.5,-1.5,12304.81495
g100_r088_c245,1.0,88,245,65.0,-2.0,66.0,-1.0,65.5,-1.5,12304.81495
g100_r088_c246,1.0,88,246,66.0,-2.0,67.0,-1.0,66.5,-1.5,12304.81495
g100_r088_c247,1.0,88,247,67.0,-2.0,68.0,-1.0,67.5,-1.5,12304.81495
g100_r088_c248,1.0,88,248,68.0,-2.0,69.0,-1.0,68.5,-1.5,12304.81495
g100_r088_c249,1.0,88,249,69.0,-2.0,70.0,-1.0,69.5,-1.5,12304.81495
g100_r088_c250,1.0,88,250,70.0,-2.0,71.0,-1.0,70.5,-1.5,12304.81495
g100_r088_c251,1.0,88,251,71.0,-2.0,72.0,-1.0,71.5,-1.5,12304.81495
g100_r088_c252,1.0,88,252,72.0,-2.0,73.0,-1.0,72.5,-1.5,12304.81495
g100_r088_c253,1.0,88,253,73.0,-2.0,74.0,-1.0,73.5,-1.5,12304.81495
g100_r088_c254,1.0,88,254,74.0,-2.0,75.0,-1.0,74.5,-1.5,12304.81495
g100_r088_c255,1.0,88,255,75.0,-2.0,76.0,-1.0,75.5,-1.5,12304.81495
g100_r088_c256,1.0,88,256,76.0,-2.0,77.0,-1.0,76.5,-1.5,12304.81495
g100_r088_c257,1.0,88,257,77.0,-2.0,78.0,-1.0,77.5,-1.5,12304.81495
g100_r088_c258,1.0,88,258,78.0,-2.0,79.0,-1.0,78.5,-1.5,12304.81495
g100_r088_c259,1.0,88,259,79.0,-2.0,80.0,-1.0,79.5,-1.5,12304.81495
g100_r088_c260,1.0,88,260,80.0,-2.0,81.0,-1.0,80.5,-1.5,12304.81495
g100_r088_c261,1.0,88,261,81.0,-2.0,82.0,-1.0,81.5,-1.5,12304.81495
g100_r088_c262,1.0,88,262,82.0,-2.0,83.0,-1.0,82.5,-1.5,12304.81495
g100_r088_c263,1.0,88,263,83.0,-2.0,84.0,-1.0,83.5,-1.5,12304.81495
g100_r088_c264,1.0,88,264,84.0,-2.0,85.0,-1.0,84.5,-1.5,12304.81495
g100_r088_c265,1.0,88,265,85.0,-2.0,86.0,-1.0,85.5,-1.5,12304.81495
g100_r088_c266,1.0,88,266,86.0,-2.0,87.0,-1.0,86.5,-1.5,12304.81495
g100_r088_c267,1.0,88,267,87.0,-2.0,88.0,-1.0,87.5,-1.5,12304.81495
g100_r088_c268,1.0,88,268,88.0,-2.0,89.0,-1.0,88.5,-1.5,12304.81495
g100_r088_c269,1.0,88,269,89.0,-2.0,90.0,-1.0,89.5,-1.5,12304.81495
g100_r088_c270,1.0,88,270,90.0,-2.0,91.0,-1.0,90.5,-1.5,12304.81495
g100_r088_c271,1.0,88,271,91.0,-2.0,92.0,-1.0,91.5,-1.5,12304.81495
g100_r088_c272,1.0,88,272,92.0,-2.0,93.0,-1.0,92.5,-1.5,12304.81495
g100_r088_c273,1.0,88,273,93.0,-2.0,94.0,-1.0,93.5,-1.5,12304.81495
g100_r088_c274,1.0,88,274,94.0,-2.0,95.0,-1.0,94.5,-1.5,12304.81495
g100_r088_c275,1.0,88,275,95.0,-2.0,96.0,-1.0,95.5,-1.5,12304.81495
g100_r088_c276,1.0,88,276,96.0,-2.0,97.0,-1.0,96.5,-1.5,12304.81495
g100_r088_c277,1.0,88,277,97.0,-2.0,98.0,-1.0,97.5,-1.5,12304.81495
g100_r088_c278,1.0,88,278,98.0,-2.0,99.0,-1.0,98.5,-1.5,12304.81495
g100_r088_c279,1.0,88,279,99.0,-2.0,100.0,-1.0,99.5,-1.5,12304.81495
g100_r088_c280,1.0,88,280,100.0,-2.0,101.0,-1.0,100.5,-1.5,12304.81495
g100_r088_c281,1.0,88,281,101.0,-2.0,102.0,-1.0,101.5,-1.5,12304.81495
g100_r088_c282,1.0,88,282,102.0,-2.0,103.0,-1.0,102.5,-1.5,12304.81495
g100_r088_c283,1.0,88,283,103.0,-2.0,104.0,-1.0,103.5,-1.5,12304.81495
g100_r088_c284,1.0,88,284,104.0,-2.0,105.0,-1.0,104.5,-1.5,12304.81495
g100_r088_c285,1.0,88,285,105.0,-2.0,106.0,-1.0,105.5,-1.5,12304.81495
g100_r088_c286,1.0,88,286,106.0,-2.0,107.0,-1.0,106.5,-1.5,12304.81495
g100_r088_c287,1.0,88,287,107.0,-2.0,108.0,-1.0,107.5,-1.5,12304.81495
g100_r088_c288,1.0,88,288,108.0,-2.0,109.0,-1.0,108.5,-1.5,12304.81495
g100_r088_c289,1.0,88,289,109.0,-2.0,110.0,-1.0,109.5,-1.5,12304.81495
g100_r088_c290,1.0,88,290,110.0,-2.0,111.0,-1.0,110.5,-1.5,12304.81495
g100_r088_c291,1.0,88,291,111.0,-2.0,112.0,-1.0,111.5,-1.5,12304.81495
g100_r088_c292,1.0,88,292,112.0,-2.0,113.0,-1.0,112.5,-1.5,12304.81495
g100_r088_c293,1.0,88,293,113.0,-2.0,114.0,-1.0,113.5,-1.5,12304.81495
g100_r088_c294,1.0,88,294,114.0,-2.0,115.0,-1.0,114.5,-1.5,12304.81495
g100_r088_c295,1.0,88,295,115.0,-2.0,116.0,-1.0,115.5,-1.5,12304.81495
g100_r088_c296,1.0,88,296,116.0,-2.0,117.0,-1.0,116.5,-1.5,12304.81495
g100_r088_c297,1.0,88,297,117.0,-2.0,118.0,-1.0,117.5,-1.5,12304.81495
g100_r088_c298,1.0,88,298,118.0,-2.0,119.0,-1.0,118.5,-1.5,12304.81495
g100_r088_c299,1.0,88,299,119.0,-2.0,120.0,-1.0,119.5,-1.5,12304.81495
g100_r088_c300,1.0,88,300,120.0,-2.0,121.0,-1.0,120.5,-1.5,12304.81495
g100_r088_c301,1.0,88,301,121.0,-2.0,122.0,-1.0,121.5,-1.5,12304.81495
g100_r088_c302,1.0,88,302,122.0,-2.0,123.0,-1.0,122.5,-1.5,12304.81495
g100_r088_c303,1.0,88,303,123.0,-2.0,124.0,-1.0,123.5,-1.5,12304.81495
g100_r088_c304,1.0,88,304,124.0,-2.0,125.0,-1.0,124.5,-1.5,12304.81495
g100_r088_c305,1.0,88,305,125.0,-2.0,126.0,-1.0,125.5,-1.5,12304.81495
g100_r088_c306,1.0,88,306,126.0,-2.0,127.0,-1.0,126.5,-1.5,12304.81495
g100_r088_c307,1.0,88,307,127.0,-2.0,128.0,-1.0,127.5,-1.5,12304.81495
g100_r088_c308,1.0,88,308,128.0,-2.0,129.0,-1.0,128.5,-1.5,12304.81495
g100_r088_c309,1.0,88,309,129.0,-2.0,130.0,-1.0,129.5,-1.5,12304.81495
g100_r088_c310,1.0,88,310,130.0,-2.0,131.0,-1.0,130.5,-1.5,12304.81495
g100_r088_c311,1.0,88,311,131.0,-2.0,132.0,-1.0,131.5,-1.5,12304.81495
g100_r088_c312,1.0,88,312,132.0,-2.0,133.0,-1.0,132.5,-1.5,12304.81495
g100_r088_c313,1.0,88,313,133.0,-2.0,134.0,-1.0,133.5,-1.5,12304.81495
g100_r088_c314,1.0,88,314,134.0,-2.0,135.0,-1.0,134.5,-1.5,12304.81495
g100_r088_c315,1.0,88,315,135.0,-2.0,136.0,-1.0,135.5,-1.5,12304.81495
g100_r088_c316,1.0,88,316,136.0,-2.0,137.0,-1.0,136.5,-1.5,12304.81495
g100_r088_c317,1.0,88,317,137.0,-2.0,138.0,-1.0,137.5,-1.5,12304.81495
g100_r088_c318,1.0,88,318,138.0,-2.0,139.0,-1.0,138.5,-1.5,12304.81495
g100_r088_c319,1.0,88,319,139.0,-2.0,140.0,-1.0,139.5,-1.5,12304.81495
g100_r088_c320,1.0,88,320,140.0,-2.0,141.0,-1.0,140.5,-1.5,12304.81495
g100_r088_c321,1.0,88,321,141.0,-2.0,142.0,-1.0,141.5,-1.5,12304.81495
g100_r089_c240,1.0,89,240,60.0,-1.0,61.0,0.0,60.5,-0.5,12308.463894
g100_r089_c241,1.0,89,241,61.0,-1.0,62.0,0.0,61.5,-0.5,12308.463894
g100_r089_c242,1.0,89,242,62.0,-1.0,63.0,0.0,62.5,-0.5,12308.463894
g100_r089_c243,1.0,89,243,63.0,-1.0,64.0,0.0,63.5,-0.5,12308.463894
g100_r089_c244,1.0,89,244,64.0,-1.0,65.0,0.0,64.5,-0.5,12308.463894
g100_r089_c245,1.0,89,245,65.0,-1.0,66.0,0.0,65.5,-0.5,12308.463894
g100_r089_c246,1.0,89,246,66.0,-1.0,67.0,0.0,66.5,-0.5,12308.463894
g100_r089_c247,1.0,89,247,67.0,-1.0,68.0,0.0,67.5,-0.5,12308.463894
g100_r089_c248,1.0,89,248,68.0,-1.0,69.0,0.0,68.5,-0.5,12308.463894
g100_r089_c249,1.0,89,249,69.0,-1.0,70.0,0.0,69.5,-0.5,12308.463894
g100_r089_c250,1.0,89,250,70.0,-1.0,71.0,0.0,70.5,-0.5,12308.463894
g100_r089_c251,1.0,89,251,71.0,-1.0,72.0,0.0,71.5,-0.5,12308.463894
g100_r089_c252,1.0,89,252,72.0,-1.0,73.0,0.0,72.5,-0.5,12308.463894
g100_r089_c253,1.0,89,253,73.0,-1.0,74.0,0.0,73.5,-0.5,12308.463894
g100_r089_c254,1.0,89,254,74.0,-1.0,75.0,0.0,74.5,-0.5,12308.463894
g100_r089_c255,1.0,89,255,75.0,-1.0,76.0,0.0,75.5,-0.5,12308.463894
g100_r089_c256,1.0,89,256,76.0,-1.0,77.0,0.0,76.5,-0.5,12308.463894
g100_r089_c257,1.0,89,257,77.0,-1.0,78.0,0.0,77.5,-0.5,12308.463894
g100_r089_c258,1.0,89,258,78.0,-1.0,79.0,0.0,78.5,-0.5,12308.463894
g100_r089_c259,1.0,89,259,79.0,-1.0,80.0,0.0,79.5,-0.5,12308.463894
g100_r089_c260,1.0,89,260,80.0,-1.0,81.0,0.0,80.5,-0.5,12308.463894
g100_r089_c261,1.0,89,261,81.0,-1.0,82.0,0.0,81.5,-0.5,12308.463894
g100_r089_c262,1.0,89,262,82.0,-1.0,83.0,0.0,82.5,-0.5,12308.463894
g100_r089_c263,1.0,89,263,83.0,-1.0,84.0,0.0,83.5,-0.5,12308.463894
g100_r089_c264,1.0,89,264,84.0,-1.0,85.0,0.0,84.5,-0.5,12308.463894
g100_r089_c265,1.0,89,265,85.0,-1.0,86.0,0.0,85.5,-0.5,12308.463894
g100_r089_c266,1.0,89,266,86.0,-1.0,87.0,0.0,86.5,-0.5,12308.463894
g100_r089_c267,1.0,89,267,87.0,-1.0,88.0,0.0,87.5,-0.5,12308.463894
g100_r089_c268,1.0,89,268,88.0,-1.0,89.0,0.0,88.5,-0.5,12308.463894
g100_r089_c269,1.0,89,269,89.0,-1.0,90.0,0.0,89.5,-0.5,12308.463894
g100_r089_c270,1.0,89,270,90.0,-1.0,91.0,0.0,90.5,-0.5,12308.463894
g100_r089_c271,1.0,89,271,91.0,-1.0,92.0,0.0,91.5,-0.5,12308.463894
g100_r089_c272,1.0,89,272,92.0,-1.0,93.0,0.0,92.5,-0.5,12308.463894
g100_r089_c273,1.0,89,273,93.0,-1.0,94.0,0.0,93.5,-0.5,12308.463894
g100_r089_c274,1.0,89,274,94.0,-1.0,95.0,0.0,94.5,-0.5,12308.463894
g100_r089_c275,1.0,89,275,95.0,-1.0,96.0,0.0,95.5,-0.5,12308.463894
g100_r089_c276,1.0,89,276,96.0,-1.0,97.0,0.0,96.5,-0.5,12308.463894
g100_r089_c277,1.0,89,277,97.0,-1.0,98.0,0.0,97.5,-0.5,12308.463894
g100_r089_c278,1.0,89,278,98.0,-1.0,99.0,0.0,98.5,-0.5,12308.463894
g100_r089_c279,1.0,89,279,99.0,-1.0,100.0,0.0,99.5,-0.5,12308.463894
g100_r089_c280,1.0,89,280,100.0,-1.0,101.0,0.0,100.5,-0.5,12308.463894
g100_r089_c281,1.0,89,281,101.0,-1.0,102.0,0.0,101.5,-0.5,12308.463894
g100_r089_c282,1.0,89,282,102.0,-1.0,103.0,0.0,102.5,-0.5,12308.463894
g100_r089_c283,1.0,89,283,103.0,-1.0,104.0,0.0,103.5,-0.5,12308.463894
g100_r089_c284,1.0,89,284,104.0,-1.0,105.0,0.0,104.5,-0.5,12308.463894
g100_r089_c285,1.0,89,285,105.0,-1.0,106.0,0.0,105.5,-0.5,12308.463894
g100_r089_c286,1.0,89,286,106.0,-1.0,107.0,0.0,106.5,-0.5,12308.463894
g100_r089_c287,1.0,89,287,107.0,-1.0,108.0,0.0,107.5,-0.5,12308.463894
g100_r089_c288,1.0,89,288,108.0,-1.0,109.0,0.0,108.5,-0.5,12308.463894
g100_r089_c289,1.0,89,289,109.0,-1.0,110.0,0.0,109.5,-0.5,12308.463894
g100_r089_c290,1.0,89,290,110.0,-1.0,111.0,0.0,110.5,-0.5,12308.463894
g100_r089_c291,1.0,89,291,111.0,-1.0,112.0,0.0,111.5,-0.5,12308.463894
g100_r089_c292,1.0,89,292,112.0,-1.0,113.0,0.0,112.5,-0.5,12308.463894
g100_r089_c293,1.0,89,293,113.0,-1.0,114.0,0.0,113.5,-0.5,12308.463894
g100_r089_c294,1.0,89,294,114.0,-1.0,115.0,0.0,114.5,-0.5,12308.463894
g100_r089_c295,1.0,89,295,115.0,-1.0,116.0,0.0,115.5,-0.5,12308.463894
g100_r089_c296,1.0,89,296,116.0,-1.0,117.0,0.0,116.5,-0.5,12308.463894
g100_r089_c297,1.0,89,297,117.0,-1.0,118.0,0.0,117.5,-0.5,12308.463894
g100_r089_c298,1.0,89,298,118.0,-1.0,119.0,0.0,118.5,-0.5,12308.463894
g100_r089_c299,1.0,89,299,119.0,-1.0,120.0,0.0,119.5,-0.5,12308.463894
g100_r089_c300,1.0,89,300,120.0,-1.0,121.0,0.0,120.5,-0.5,12308.463894
g100_r089_c301,1.0,89,301,121.0,-1.0,122.0,0.0,121.5,-0.5,12308.463894
g100_r089_c302,1.0,89,302,122.0,-1.0,123.0,0.0,122.5,-0.5,12308.463894
g100_r089_c303,1.0,89,303,123.0,-1.0,124.0,0.0,123.5,-0.5,12308.463894
g100_r089_c304,1.0,89,304,124.0,-1.0,125.0,0.0,124.5,-0.5,12308.463894
g100_r089_c305,1.0,89,305,125.0,-1.0,126.0,0.0,125.5,-0.5,12308.463894
g100_r089_c306,1.0,89,306,126.0,-1.0,127.0,0.0,126.5,-0.5,12308.463894
g100_r089_c307,1.0,89,307,127.0,-1.0,128.0,0.0,127.5,-0.5,12308.463894
g100_r089_c308,1.0,89,308,128.0,-1.0,129.0,0.0,128.5,-0.5,12308.463894
g100_r089_c309,1.0,89,309,129.0,-1.0,130.0,0.0,129.5,-0.5,12308.463894
g100_r089_c310,1.0,89,310,130.0,-1.0,131.0,0.0,130.5,-0.5,12308.463894
g100_r089_c311,1.0,89,311,131.0,-1.0,132.0,0.0,131.5,-0.5,12308.463894
g100_r089_c312,1.0,89,312,132.0,-1.0,133.0,0.0,132.5,-0.5,12308.463894
g100_r089_c313,1.0,89,313,133.0,-1.0,134.0,0.0,133.5,-0.5,12308.463894
g100_r089_c314,1.0,89,314,134.0,-1.0,135.0,0.0,134.5,-0.5,12308.463894
g100_r089_c315,1.0,89,315,135.0,-1.0,136.0,0.0,135.5,-0.5,12308.463894
g100_r089_c316,1.0,89,316,136.0,-1.0,137.0,0.0,136.5,-0.5,12308.463894
g100_r089_c317,1.0,89,317,137.0,-1.0,138.0,0.0,137.5,-0.5,12308.463894
g100_r089_c318,1.0,89,318,138.0,-1.0,139.0,0.0,138.5,-0.5,12308.463894
g100_r089_c319,1.0,89,319,139.0,-1.0,140.0,0.0,139.5,-0.5,12308.463894
g100_r089_c320,1.0,89,320,140.0,-1.0,141.0,0.0,140.5,-0.5,12308.463894
g100_r089_c321,1.0,89,321,141.0,-1.0,142.0,0.0,141.5,-0.5,12308.463894
g100_r090_c240,1.0,90,240,60.0,0.0,61.0,1.0,60.5,0.5,12308.463894
g100_r090_c241,1.0,90,241,61.0,0.0,62.0,1.0,61.5,0.5,12308.463894
g100_r090_c242,1.0,90,242,62.0,0.0,63.0,1.0,62.5,0.5,12308.463894
g100_r090_c243,1.0,90,243,63.0,0.0,64.0,1.0,63.5,0.5,12308.463894
g100_r090_c244,1.0,90,244,64.0,0.0,65.0,1.0,64.5,0.5,12308.463894
g100_r090_c245,1.0,90,245,65.0,0.0,66.0,1.0,65.5,0.5,12308.463894
g100_r090_c246,1.0,90,246,66.0,0.0,67.0,1.0,66.5,0.5,12308.463894
g100_r090_c247,1.0,90,247,67.0,0.0,68.0,1.0,67.5,0.5,12308.463894
g100_r090_c248,1.0,90,248,68.0,0.0,69.0,1.0,68.5,0.5,12308.463894
g100_r090_c249,1.0,90,249,69.0,0.0,70.0,1.0,69.5,0.5,12308.463894
g100_r090_c250,1.0,90,250,70.0,0.0,71.0,1.0,70.5,0.5,12308.463894
g100_r090_c251,1.0,90,251,71.0,0.0,72.0,1.0,71.5,0.5,12308.463894
g100_r090_c252,1.0,90,252,72.0,0.0,73.0,1.0,72.5,0.5,12308.463894
g100_r090_c253,1.0,90,253,73.0,0.0,74.0,1.0,73.5,0.5,12308.463894
g100_r090_c254,1.0,90,254,74.0,0.0,75.0,1.0,74.5,0.5,12308.463894
g100_r090_c255,1.0,90,255,75.0,0.0,76.0,1.0,75.5,0.5,12308.463894
g100_r090_c256,1.0,90,256,76.0,0.0,77.0,1.0,76.5,0.5,12308.463894
g100_r090_c257,1.0,90,257,77.0,0.0,78.0,1.0,77.5,0.5,12308.463894
g100_r090_c258,1.0,90,258,78.0,0.0,79.0,1.0,78.5,0.5,12308.463894
g100_r090_c259,1.0,90,259,79.0,0.0,80.0,1.0,79.5,0.5,12308.463894
g100_r090_c260,1.0,90,260,80.0,0.0,81.0,1.0,80.5,0.5,12308.463894
g100_r090_c261,1.0,90,261,81.0,0.0,82.0,1.0,81.5,0.5,12308.463894
g100_r090_c262,1.0,90,262,82.0,0.0,83.0,1.0,82.5,0.5,12308.463894
g100_r090_c263,1.0,90,263,83.0,0.0,84.0,1.0,83.5,0.5,12308.463894
g100_r090_c264,1.0,90,264,84.0,0.0,85.0,1.0,84.5,0.5,12308.463894
g100_r090_c265,1.0,90,265,85.0,0.0,86.0,1.0,85.5,0.5,12308.463894
g100_r090_c266,1.0,90,266,86.0,0.0,87.0,1.0,86.5,0.5,12308.463894
g100_r090_c267,1.0,90,267,87.0,0.0,88.0,1.0,87.5,0.5,12308.463894
g100_r090_c268,1.0,90,268,88.0,0.0,89.0,1.0,88.5,0.5,12308.463894
g100_r090_c269,1.0,90,269,89.0,0.0,90.0,1.0,89.5,0.5,12308.463894
g100_r090_c270,1.0,90,270,90.0,0.0,91.0,1.0,90.5,0.5,12308.463894
g100_r090_c271,1.0,90,271,91.0,0.0,92.0,1.0,91.5,0.5,12308.463894
g100_r090_c272,1.0,90,272,92.0,0.0,93.0,1.0,92.5,0.5,12308.463894
g100_r090_c273,1.0,90,273,93.0,0.0,94.0,1.0,93.5,0.5,12308.463894
g100_r090_c274,1.0,90,274,94.0,0.0,95.0,1.0,94.5,0.5,12308.463894
g100_r090_c275,1.0,90,275,95.0,0.0,96.0,1.0,95.5,0.5,12308.463894
g100_r090_c276,1.0,90,276,96.0,0.0,97.0,1.0,96.5,0.5,12308.463894
g100_r090_c277,1.0,90,277,97.0,0.0,98.0,1.0,97.5,0.5,12308.463894
g100_r090_c278,1.0,90,278,98.0,0.0,99.0,1.0,98.5,0.5,12308.463894
g100_r090_c279,1.0,90,279,99.0,0.0,100.0,1.0,99.5,0.5,12308.463894
g100_r090_c280,1.0,90,280,100.0,0.0,101.0,1.0,100.5,0.5,12308.463894
g100_r090_c281,1.0,90,281,101.0,0.0,102.0,1.0,101.5,0.5,12308.463894
g100_r090_c282,1.0,90,282,102.0,0.0,103.0,1.0,102.5,0.5,12308.463894
g100_r090_c283,1.0,90,283,103.0,0.0,104.0,1.0,103.5,0.5,12308.463894
g100_r090_c284,1.0,90,284,104.0,0.0,105.0,1.0,104.5,0.5,12308.463894
g100_r090_c285,1.0,90,285,105.0,0.0,106.0,1.0,105.5,0.5,12308.463894
g100_r090_c286,1.0,90,286,106.0,0.0,107.0,1.0,106.5,0.5,12308.463894
g100_r090_c287,1.0,90,287,107.0,0.0,108.0,1.0,107.5,0.5,12308.463894
g100_r090_c288,1.0,90,288,108.0,0.0,109.0,1.0,108.5,0.5,12308.463894
g100_r090_c289,1.0,90,289,109.0,0.0,110.0,1.0,109.5,0.5,12308.463894
g100_r090_c290,1.0,90,290,110.0,0.0,111.0,1.0,110.5,0.5,12308.463894
g100_r090_c291,1.0,90,291,111.0,0.0,112.0,1.0,111.5,0.5,12308.463894
g100_r090_c292,1.0,90,292,112.0,0.0,113.0,1.0,112.5,0.5,12308.463894
g100_r090_c293,1.0,90,293,113.0,0.0,114.0,1.0,113.5,0.5,12308.463894
g100_r090_c294,1.0,90,294,114.0,0.0,115.0,1.0,114.5,0.5,12308.463894
g100_r090_c295,1.0,90,295,115.0,0.0,116.0,1.0,115.5,0.5,12308.463894
g100_r090_c296,1.0,90,296,116.0,0.0,117.0,1.0,116.5,0.5,12308.463894
g100_r090_c297,1.0,90,297,117.0,0.0,118.0,1.0,117.5,0.5,12308.463894
g100_r090_c298,1.0,90,298,118.0,0.0,119.0,1.0,118.5,0.5,12308.463894
g100_r090_c299,1.0,90,299,119.0,0.0,120.0,1.0,119.5,0.5,12308.463894
g100_r090_c300,1.0,90,300,120.0,0.0,121.0,1.0,120.5,0.5,12308.463894
g100_r090_c301,1.0,90,301,121.0,0.0,122.0,1.0,121.5,0.5,12308.463894
g100_r090_c302,1.0,90,302,122.0,0.0,123.0,1.0,122.5,0.5,12308.463894
g100_r090_c303,1.0,90,303,123.0,0.0,124.0,1.0,123.5,0.5,12308.463894
g100_r090_c304,1.0,90,304,124.0,0.0,125.0,1.0,124.5,0.5,12308.463894
g100_r090_c305,1.0,90,305,125.0,0.0,126.0,1.0,125.5,0.5,12308.463894
g100_r090_c306,1.0,90,306,126.0,0.0,127.0,1.0,126.5,0.5,12308.463894
g100_r090_c307,1.0,90,307,127.0,0.0,128.0,1.0,127.5,0.5,12308.463894
g100_r090_c308,1.0,90,308,128.0,0.0,129.0,1.0,128.5,0.5,12308.463894
g100_r090_c309,1.0,90,309,129.0,0.0,130.0,1.0,129.5,0.5,12308.463894
g100_r090_c310,1.0,90,310,130.0,0.0,131.0,1.0,130.5,0.5,12308.463894
g100_r090_c311,1.0,90,311,131.0,0.0,132.0,1.0,131.5,0.5,12308.463894
g100_r090_c312,1.0,90,312,132.0,0.0,133.0,1.0,132.5,0.5,12308.463894
g100_r090_c313,1.0,90,313,133.0,0.0,134.0,1.0,133.5,0.5,12308.463894
g100_r090_c314,1.0,90,314,134.0,0.0,135.0,1.0,134.5,0.5,12308.463894
g100_r090_c315,1.0,90,315,135.0,0.0,136.0,1.0,135.5,0.5,12308.463894
g100_r090_c316,1.0,90,316,136.0,0.0,137.0,1.0,136.5,0.5,12308.463894
g100_r090_c317,1.0,90,317,137.0,0.0,138.0,1.0,137.5,0.5,12308.463894
g100_r090_c318,1.0,90,318,138.0,0.0,139.0,1.0,138.5,0.5,12308.463894
g100_r090_c319,1.0,90,319,139.0,0.0,140.0,1.0,139.5,0.5,12308.463894
g100_r090_c320,1.0,90,320,140.0,0.0,141.0,1.0,140.5,0.5,12308.463894
g100_r090_c321,1.0,90,321,141.0,0.0,142.0,1.0,141.5,0.5,12308.463894
g100_r091_c240,1.0,91,240,60.0,1.0,61.0,2.0,60.5,1.5,12304.81495
g100_r091_c241,1.0,91,241,61.0,1.0,62.0,2.0,61.5,1.5,12304.81495
g100_r091_c242,1.0,91,242,62.0,1.0,63.0,2.0,62.5,1.5,12304.81495
g100_r091_c243,1.0,91,243,63.0,1.0,64.0,2.0,63.5,1.5,12304.81495
g100_r091_c244,1.0,91,244,64.0,1.0,65.0,2.0,64.5,1.5,12304.81495
g100_r091_c245,1.0,91,245,65.0,1.0,66.0,2.0,65.5,1.5,12304.81495
g100_r091_c246,1.0,91,246,66.0,1.0,67.0,2.0,66.5,1.5,12304.81495
g100_r091_c247,1.0,91,247,67.0,1.0,68.0,2.0,67.5,1.5,12304.81495
g100_r091_c248,1.0,91,248,68.0,1.0,69.0,2.0,68.5,1.5,12304.81495
g100_r091_c249,1.0,91,249,69.0,1.0,70.0,2.0,69.5,1.5,12304.81495
g100_r091_c250,1.0,91,250,70.0,1.0,71.0,2.0,70.5,1.5,12304.81495
g100_r091_c251,1.0,91,251,71.0,1.0,72.0,2.0,71.5,1.5,12304.81495
g100_r091_c252,1.0,91,252,72.0,1.0,73.0,2.0,72.5,1.5,12304.81495
g100_r091_c253,1.0,91,253,73.0,1.0,74.0,2.0,73.5,1.5,12304.81495
g100_r091_c254,1.0,91,254,74.0,1.0,75.0,2.0,74.5,1.5,12304.81495
g100_r091_c255,1.0,91,255,75.0,1.0,76.0,2.0,75.5,1.5,12304.81495
g100_r091_c256,1.0,91,256,76.0,1.0,77.0,2.0,76.5,1.5,12304.81495
g100_r091_c257,1.0,91,257,77.0,1.0,78.0,2.0,77.5,1.5,12304.81495
g100_r091_c258,1.0,91,258,78.0,1.0,79.0,2.0,78.5,1.5,12304.81495
g100_r091_c259,1.0,91,259,79.0,1.0,80.0,2.0,79.5,1.5,12304.81495
g100_r091_c260,1.0,91,260,80.0,1.0,81.0,2.0,80.5,1.5,12304.81495
g100_r091_c261,1.0,91,261,81.0,1.0,82.0,2.0,81.5,1.5,12304.81495
g100_r091_c262,1.0,91,262,82.0,1.0,83.0,2.0,82.5,1.5,12304.81495
g100_r091_c263,1.0,91,263,83.0,1.0,84.0,2.0,83.5,1.5,12304.81495
g100_r091_c264,1.0,91,264,84.0,1.0,85.0,2.0,84.5,1.5,12304.81495
g100_r091_c265,1.0,91,265,85.0,1.0,86.0,2.0,85.5,1.5,12304.81495
g100_r091_c266,1.0,91,266,86.0,1.0,87.0,2.0,86.5,1.5,12304.81495
g100_r091_c267,1.0,91,267,87.0,1.0,88.0,2.0,87.5,1.5,12304.81495
g100_r091_c268,1.0,91,268,88.0,1.0,89.0,2.0,88.5,1.5,12304.81495
g100_r091_c269,1.0,91,269,89.0,1.0,90.0,2.0,89.5,1.5,12304.81495
g100_r091_c270,1.0,91,270,90.0,1.0,91.0,2.0,90.5,1.5,12304.81495
g100_r091_c271,1.0,91,271,91.0,1.0,92.0,2.0,91.5,1.5,12304.81495
g100_r091_c272,1.0,91,272,92.0,1.0,93.0,2.0,92.5,1.5,12304.81495
g100_r091_c273,1.0,91,273,93.0,1.0,94.0,2.0,93.5,1.5,12304.81495
g100_r091_c274,1.0,91,274,94.0,1.0,95.0,2.0,94.5,1.5,12304.81495
g100_r091_c275,1.0,91,275,95.0,1.0,96.0,2.0,95.5,1.5,12304.81495
g100_r091_c276,1.0,91,276,96.0,1.0,97.0,2.0,96.5,1.5,12304.81495
g100_r091_c277,1.0,91,277,97.0,1.0,98.0,2.0,97.5,1.5,12304.81495
g100_r091_c278,1.0,91,278,98.0,1.0,99.0,2.0,98.5,1.5,12304.81495
g100_r091_c279,1.0,91,279,99.0,1.0,100.0,2.0,99.5,1.5,12304.81495
g100_r091_c280,1.0,91,280,100.0,1.0,101.0,2.0,100.5,1.5,12304.81495
g100_r091_c281,1.0,91,281,101.0,1.0,102.0,2.0,101.5,1.5,12304.81495
g100_r091_c282,1.0,91,282,102.0,1.0,103.0,2.0,102.5,1.5,12304.81495
g100_r091_c283,1.0,91,283,103.0,1.0,104.0,2.0,103.5,1.5,12304.81495
g100_r091_c284,1.0,91,284,104.0,1.0,105.0,2.0,104.5,1.5,12304.81495
g100_r091_c285,1.0,91,285,105.0,1.0,106.0,2.0,105.5,1.5,12304.81495
g100_r091_c286,1.0,91,286,106.0,1.0,107.0,2.0,106.5,1.5,12304.81495
g100_r091_c287,1.0,91,287,107.0,1.0,108.0,2.0,107.5,1.5,12304.81495
g100_r091_c288,1.0,91,288,108.0,1.0,109.0,2.0,108.5,1.5,12304.81495
g100_r091_c289,1.0,91,289,109.0,1.0,110.0,2.0,109.5,1.5,12304.81495
g100_r091_c290,1.0,91,290,110.0,1.0,111.0,2.0,110.5,1.5,12304.81495
g100_r091_c291,1.0,91,291,111.0,1.0,112.0,2.0,111.5,1.5,12304.81495
g100_r091_c292,1.0,91,292,112.0,1.0,113.0,2.0,112.5,1.5,12304.81495
g100_r091_c293,1.0,91,293,113.0,1.0,114.0,2.0,113.5,1.5,12304.81495
g100_r091_c294,1.0,91,294,114.0,1.0,115.0,2.0,114.5,1.5,12304.81495
g100_r091_c295,1.0,91,295,115.0,1.0,116.0,2.0,115.5,1.5,12304.81495
g100_r091_c296,1.0,91,296,116.0,1.0,117.0,2.0,116.5,1.5,12304.81495
g100_r091_c297,1.0,91,297,117.0,1.0,118.0,2.0,117.5,1.5,12304.81495
g100_r091_c298,1.0,91,298,118.0,1.0,119.0,2.0,118.5,1.5,12304.81495
g100_r091_c299,1.0,91,299,119.0,1.0,120.0,2.0,119.5,1.5,12304.81495
g100_r091_c300,1.0,91,300,120.0,1.0,121.0,2.0,120.5,1.5,12304.81495
g100_r091_c301,1.0,91,301,121.0,1.0,122.0,2.0,121.5,1.5,12304.81495
g100_r091_c302,1.0,91,302,122.0,1.0,123.0,2.0,122.5,1.5,12304.81495
g100_r091_c303,1.0,91,303,123.0,1.0,124.0,2.0,123.5,1.5,12304.81495
g100_r091_c304,1.0,91,304,124.0,1.0,125.0,2.0,124.5,1.5,12304.81495
g100_r091_c305,1.0,91,305,125.0,1.0,126.0,2.0,125.5,1.5,12304.81495
g100_r091_c306,1.0,91,306,126.0,1.0,127.0,2.0,126.5,1.5,12304.81495
g100_r091_c307,1.0,91,307,127.0,1.0,128.0,2.0,127.5,1.5,12304.81495
g100_r091_c308,1.0,91,308,128.0,1.0,129.0,2.0,128.5,1.5,12304.81495
g100_r091_c309,1.0,91,309,129.0,1.0,130.0,2.0,129.5,1.5,12304.81495
g100_r091_c310,1.0,91,310,130.0,1.0,131.0,2.0,130.5,1.5,12304.81495
g100_r091_c311,1.0,91,311,131.0,1.0,132.0,2.0,131.5,1.5,12304.81495
g100_r091_c312,1.0,91,312,132.0,1.0,133.0,2.0,132.5,1.5,12304.81495
g100_r091_c313,1.0,91,313,133.0,1.0,134.0,2.0,133.5,1.5,12304.81495
g100_r091_c314,1.0,91,314,134.0,1.0,135.0,2.0,134.5,1.5,12304.81495
g100_r091_c315,1.0,91,315,135.0,1.0,136.0,2.0,135.5,1.5,12304.81495
g100_r091_c316,1.0,91,316,136.0,1.0,137.0,2.0,136.5,1.5,12304.81495
g100_r091_c317,1.0,91,317,137.0,1.0,138.0,2.0,137.5,1.5,12304.81495
g100_r091_c318,1.0,91,318,138.0,1.0,139.0,2.0,138.5,1.5,12304.81495
g100_r091_c319,1.0,91,319,139.0,1.0,140.0,2.0,139.5,1.5,12304.81495
g100_r091_c320,1.0,91,320,140.0,1.0,141.0,2.0,140.5,1.5,12304.81495
g100_r091_c321,1.0,91,321,141.0,1.0,142.0,2.0,141.5,1.5,12304.81495
g100_r092_c240,1.0,92,240,60.0,2.0,61.0,3.0,60.5,2.5,12297.517902
g100_r092_c241,1.0,92,241,61.0,2.0,62.0,3.0,61.5,2.5,12297.517902
g100_r092_c242,1.0,92,242,62.0,2.0,63.0,3.0,62.5,2.5,12297.517902
g100_r092_c243,1.0,92,243,63.0,2.0,64.0,3.0,63.5,2.5,12297.517902
g100_r092_c244,1.0,92,244,64.0,2.0,65.0,3.0,64.5,2.5,12297.517902
g100_r092_c245,1.0,92,245,65.0,2.0,66.0,3.0,65.5,2.5,12297.517902
g100_r092_c246,1.0,92,246,66.0,2.0,67.0,3.0,66.5,2.5,12297.517902
g100_r092_c247,1.0,92,247,67.0,2.0,68.0,3.0,67.5,2.5,12297.517902
g100_r092_c248,1.0,92,248,68.0,2.0,69.0,3.0,68.5,2.5,12297.517902
g100_r092_c249,1.0,92,249,69.0,2.0,70.0,3.0,69.5,2.5,12297.517902
g100_r092_c250,1.0,92,250,70.0,2.0,71.0,3.0,70.5,2.5,12297.517902
g100_r092_c251,1.0,92,251,71.0,2.0,72.0,3.0,71.5,2.5,12297.517902
g100_r092_c252,1.0,92,252,72.0,2.0,73.0,3.0,72.5,2.5,12297.517902
g100_r092_c253,1.0,92,253,73.0,2.0,74.0,3.0,73.5,2.5,12297.517902
g100_r092_c254,1.0,92,254,74.0,2.0,75.0,3.0,74.5,2.5,12297.517902
g100_r092_c255,1.0,92,255,75.0,2.0,76.0,3.0,75.5,2.5,12297.517902
g100_r092_c256,1.0,92,256,76.0,2.0,77.0,3.0,76.5,2.5,12297.517902
g100_r092_c257,1.0,92,257,77.0,2.0,78.0,3.0,77.5,2.5,12297.517902
g100_r092_c258,1.0,92,258,78.0,2.0,79.0,3.0,78.5,2.5,12297.517902
g100_r092_c259,1.0,92,259,79.0,2.0,80.0,3.0,79.5,2.5,12297.517902
g100_r092_c260,1.0,92,260,80.0,2.0,81.0,3.0,80.5,2.5,12297.517902
g100_r092_c261,1.0,92,261,81.0,2.0,82.0,3.0,81.5,2.5,12297.517902
g100_r092_c262,1.0,92,262,82.0,2.0,83.0,3.0,82.5,2.5,12297.517902
g100_r092_c263,1.0,92,263,83.0,2.0,84.0,3.0,83.5,2.5,12297.517902
g100_r092_c264,1.0,92,264,84.0,2.0,85.0,3.0,84.5,2.5,12297.517902
g100_r092_c265,1.0,92,265,85.0,2.0,86.0,3.0,85.5,2.5,12297.517902
g100_r092_c266,1.0,92,266,86.0,2.0,87.0,3.0,86.5,2.5,12297.517902
g100_r092_c267,1.0,92,267,87.0,2.0,88.0,3.0,87.5,2.5,12297.517902
g100_r092_c268,1.0,92,268,88.0,2.0,89.0,3.0,88.5,2.5,12297.517902
g100_r092_c269,1.0,92,269,89.0,2.0,90.0,3.0,89.5,2.5,12297.517902
g100_r092_c270,1.0,92,270,90.0,2.0,91.0,3.0,90.5,2.5,12297.517902
g100_r092_c271,1.0,92,271,91.0,2.0,92.0,3.0,91.5,2.5,12297.517902
g100_r092_c272,1.0,92,272,92.0,2.0,93.0,3.0,92.5,2.5,12297.517902
g100_r092_c273,1.0,92,273,93.0,2.0,94.0,3.0,93.5,2.5,12297.517902
g100_r092_c274,1.0,92,274,94.0,2.0,95.0,3.0,94.5,2.5,12297.517902
g100_r092_c275,1.0,92,275,95.0,2.0,96.0,3.0,95.5,2.5,12297.517902
g100_r092_c276,1.0,92,276,96.0,2.0,97.0,3.0,96.5,2.5,12297.517902
g100_r092_c277,1.0,92,277,97.0,2.0,98.0,3.0,97.5,2.5,12297.517902
g100_r092_c278,1.0,92,278,98.0,2.0,99.0,3.0,98.5,2.5,12297.517902
g100_r092_c279,1.0,92,279,99.0,2.0,100.0,3.0,99.5,2.5,12297.517902
g100_r092_c280,1.0,92,280,100.0,2.0,101.0,3.0,100.5,2.5,12297.517902
g100_r092_c281,1.0,92,281,101.0,2.0,102.0,3.0,101.5,2.5,12297.517902
g100_r092_c282,1.0,92,282,102.0,2.0,103.0,3.0,102.5,2.5,12297.517902
g100_r092_c283,1.0,92,283,103.0,2.0,104.0,3.0,103.5,2.5,12297.517902
g100_r092_c284,1.0,92,284,104.0,2.0,105.0,3.0,104.5,2.5,12297.517902
g100_r092_c285,1.0,92,285,105.0,2.0,106.0,3.0,105.5,2.5,12297.517902
g100_r092_c286,1.0,92,286,106.0,2.0,107.0,3.0,106.5,2.5,12297.517902
g100_r092_c287,1.0,92,287,107.0,2.0,108.0,3.0,107.5,2.5,12297.517902
g100_r092_c288,1.0,92,288,108.0,2.0,109.0,3.0,108.5,2.5,12297.517902
g100_r092_c289,1.0,92,289,109.0,2.0,110.0,3.0,109.5,2.5,12297.517902
g100_r092_c290,1.0,92,290,110.0,2.0,111.0,3.0,110.5,2.5,12297.517902
g100_r092_c291,1.0,92,291,111.0,2.0,112.0,3.0,111.5,2.5,12297.517902
g100_r092_c292,1.0,92,292,112.0,2.0,113.0,3.0,112.5,2.5,12297.517902
g100_r092_c293,1.0,92,293,113.0,2.0,114.0,3.0,113.5,2.5,12297.517902
g100_r092_c294,1.0,92,294,114.0,2.0,115.0,3.0,114.5,2.5,12297.517902
g100_r092_c295,1.0,92,295,115.0,2.0,116.0,3.0,115.5,2.5,12297.517902
g100_r092_c296,1.0,92,296,116.0,2.0,117.0,3.0,116.5,2.5,12297.517902
g100_r092_c297,1.0,92,297,117.0,2.0,118.0,3.0,117.5,2.5,12297.517902
g100_r092_c298,1.0,92,298,118.0,2.0,119.0,3.0,118.5,2.5,12297.517902
g100_r092_c299,1.0,92,299,119.0,2.0,120.0,3.0,119.5,2.5,12297.517902
g100_r092_c300,1.0,92,300,120.0,2.0,121.0,3.0,120.5,2.5,12297.517902
g100_r092_c301,1.0,92,301,121.0,2.0,122.0,3.0,121.5,2.5,12297.517902
g100_r092_c302,1.0,92,302,122.0,2.0,123.0,3.0,122.5,2.5,12297.517902
g100_r092_c303,1.0,92,303,123.0,2.0,124.0,3.0,123.5,2.5,12297.517902
g100_r092_c304,1.0,92,304,124.0,2.0,125.0,3.0,124.5,2.5,12297.517902
g100_r092_c305,1.0,92,305,125.0,2.0,126.0,3.0,125.5,2.5,12297.517902
g100_r092_c306,1.0,92,306,126.0,2.0,127.0,3.0,126.5,2.5,12297.517902
g100_r092_c307,1.0,92,307,127.0,2.0,128.0,3.0,127.5,2.5,12297.517902
g100_r092_c308,1.0,92,308,128.0,2.0,129.0,3.0,128.5,2.5,12297.517902
g100_r092_c309,1.0,92,309,129.0,2.0,130.0,3.0,129.5,2.5,12297.517902
g100_r092_c310,1.0,92,310,130.0,2.0,131.0,3.0,130.5,2.5,12297.517902
g100_r092_c311,1.0,92,311,131.0,2.0,132.0,3.0,131.5,2.5,12297.517902
g100_r092_c312,1.0,92,312,132.0,2.0,133.0,3.0,132.5,2.5,12297.517902
g100_r092_c313,1.0,92,313,133.0,2.0,134.0,3.0,133.5,2.5,12297.517902
g100_r092_c314,1.0,92,314,134.0,2.0,135.0,3.0,134.5,2.5,12297.517902
g100_r092_c315,1.0,92,315,135.0,2.0,136.0,3.0,135.5,2.5,12297.517902
g100_r092_c316,1.0,92,316,136.0,2.0,137.0,3.0,136.5,2.5,12297.517902
g100_r092_c317,1.0,92,317,137.0,2.0,138.0,3.0,137.5,2.5,12297.517902
g100_r092_c318,1.0,92,318,138.0,2.0,139.0,3.0,138.5,2.5,12297.517902
g100_r092_c319,1.0,92,319,139.0,2.0,140.0,3.0,139.5,2.5,12297.517902
g100_r092_c320,1.0,92,320,140.0,2.0,141.0,3.0,140.5,2.5,12297.517902
g100_r092_c321,1.0,92,321,141.0,2.0,142.0,3.0,141.5,2.5,12297.517902
g100_r093_c240,1.0,93,240,60.0,3.0,61.0,4.0,60.5,3.5,12286.574432
g100_r093_c241,1.0,93,241,61.0,3.0,62.0,4.0,61.5,3.5,12286.574432
g100_r093_c242,1.0,93,242,62.0,3.0,63.0,4.0,62.5,3.5,12286.574432
g100_r093_c243,1.0,93,243,63.0,3.0,64.0,4.0,63.5,3.5,12286.574432
g100_r093_c244,1.0,93,244,64.0,3.0,65.0,4.0,64.5,3.5,12286.574432
g100_r093_c245,1.0,93,245,65.0,3.0,66.0,4.0,65.5,3.5,12286.574432
g100_r093_c246,1.0,93,246,66.0,3.0,67.0,4.0,66.5,3.5,12286.574432
g100_r093_c247,1.0,93,247,67.0,3.0,68.0,4.0,67.5,3.5,12286.574432
g100_r093_c248,1.0,93,248,68.0,3.0,69.0,4.0,68.5,3.5,12286.574432
g100_r093_c249,1.0,93,249,69.0,3.0,70.0,4.0,69.5,3.5,12286.574432
g100_r093_c250,1.0,93,250,70.0,3.0,71.0,4.0,70.5,3.5,12286.574432
g100_r093_c251,1.0,93,251,71.0,3.0,72.0,4.0,71.5,3.5,12286.574432
g100_r093_c252,1.0,93,252,72.0,3.0,73.0,4.0,72.5,3.5,12286.574432
g100_r093_c253,1.0,93,253,73.0,3.0,74.0,4.0,73.5,3.5,12286.574432
g100_r093_c254,1.0,93,254,74.0,3.0,75.0,4.0,74.5,3.5,12286.574432
g100_r093_c255,1.0,93,255,75.0,3.0,76.0,4.0,75.5,3.5,12286.574432
g100_r093_c256,1.0,93,256,76.0,3.0,77.0,4.0,76.5,3.5,12286.574432
g100_r093_c257,1.0,93,257,77.0,3.0,78.0,4.0,77.5,3.5,12286.574432
g100_r093_c258,1.0,93,258,78.0,3.0,79.0,4.0,78.5,3.5,12286.574432
g100_r093_c259,1.0,93,259,79.0,3.0,80.0,4.0,79.5,3.5,12286.574432
g100_r093_c260,1.0,93,260,80.0,3.0,81.0,4.0,80.5,3.5,12286.574432
g100_r093_c261,1.0,93,261,81.0,3.0,82.0,4.0,81.5,3.5,12286.574432
g100_r093_c262,1.0,93,262,82.0,3.0,83.0,4.0,82.5,3.5,12286.574432
g100_r093_c263,1.0,93,263,83.0,3.0,84.0,4.0,83.5,3.5,12286.574432
g100_r093_c264,1.0,93,264,84.0,3.0,85.0,4.0,84.5,3.5,12286.574432
g100_r093_c265,1.0,93,265,85.0,3.0,86.0,4.0,85.5,3.5,12286.574432
g100_r093_c266,1.0,93,266,86.0,3.0,87.0,4.0,86.5,3.5,12286.574432
g100_r093_c267,1.0,93,267,87.0,3.0,88.0,4.0,87.5,3.5,12286.574432
g100_r093_c268,1.0,93,268,88.0,3.0,89.0,4.0,88.5,3.5,12286.574432
g100_r093_c269,1.0,93,269,89.0,3.0,90.0,4.0,89.5,3.5,12286.574432
g100_r093_c270,1.0,93,270,90.0,3.0,91.0,4.0,90.5,3.5,12286.574432
g100_r093_c271,1.0,93,271,91.0,3.0,92.0,4.0,91.5,3.5,12286.574432
g100_r093_c272,1.0,93,272,92.0,3.0,93.0,4.0,92.5,3.5,12286.574432
g100_r093_c273,1.0,93,273,93.0,3.0,94.0,4.0,93.5,3.5,12286.574432
g100_r093_c274,1.0,93,274,94.0,3.0,95.0,4.0,94.5,3.5,12286.574432
g100_r093_c275,1.0,93,275,95.0,3.0,96.0,4.0,95.5,3.5,12286.574432
g100_r093_c276,1.0,93,276,96.0,3.0,97.0,4.0,96.5,3.5,12286.574432
g100_r093_c277,1.0,93,277,97.0,3.0,98.0,4.0,97.5,3.5,12286.574432
g100_r093_c278,1.0,93,278,98.0,3.0,99.0,4.0,98.5,3.5,12286.574432
g100_r093_c279,1.0,93,279,99.0,3.0,100.0,4.0,99.5,3.5,12286.574432
g100_r093_c280,1.0,93,280,100.0,3.0,101.0,4.0,100.5,3.5,12286.574432
g100_r093_c281,1.0,93,281,101.0,3.0,102.0,4.0,101.5,3.5,12286.574432
g100_r093_c282,1.0,93,282,102.0,3.0,103.0,4.0,102.5,3.5,12286.574432
g100_r093_c283,1.0,93,283,103.0,3.0,104.0,4.0,103.5,3.5,12286.574432
g100_r093_c284,1.0,93,284,104.0,3.0,105.0,4.0,104.5,3.5,12286.574432
g100_r093_c285,1.0,93,285,105.0,3.0,106.0,4.0,105.5,3.5,12286.574432
g100_r093_c286,1.0,93,286,106.0,3.0,107.0,4.0,106.5,3.5,12286.574432
g100_r093_c287,1.0,93,287,107.0,3.0,108.0,4.0,107.5,3.5,12286.574432
g100_r093_c288,1.0,93,288,108.0,3.0,109.0,4.0,108.5,3.5,12286.574432
g100_r093_c289,1.0,93,289,109.0,3.0,110.0,4.0,109.5,3.5,12286.574432
g100_r093_c290,1.0,93,290,110.0,3.0,111.0,4.0,110.5,3.5,12286.574432
g100_r093_c291,1.0,93,291,111.0,3.0,112.0,4.0,111.5,3.5,12286.574432
g100_r093_c292,1.0,93,292,112.0,3.0,113.0,4.0,112.5,3.5,12286.574432
g100_r093_c293,1.0,93,293,113.0,3.0,114.0,4.0,113.5,3.5,12286.574432
g100_r093_c294,1.0,93,294,114.0,3.0,115.0,4.0,114.5,3.5,12286.574432
g100_r093_c295,1.0,93,295,115.0,3.0,116.0,4.0,115.5,3.5,12286.574432
g100_r093_c296,1.0,93,296,116.0,3.0,117.0,4.0,116.5,3.5,12286.574432
g100_r093_c297,1.0,93,297,117.0,3.0,118.0,4.0,117.5,3.5,12286.574432
g100_r093_c298,1.0,93,298,118.0,3.0,119.0,4.0,118.5,3.5,12286.574432
g100_r093_c299,1.0,93,299,119.0,3.0,120.0,4.0,119.5,3.5,12286.574432
g100_r093_c300,1.0,93,300,120.0,3.0,121.0,4.0,120.5,3.5,12286.574432
g100_r093_c301,1.0,93,301,121.0,3.0,122.0,4.0,121.5,3.5,12286.574432
g100_r093_c302,1.0,93,302,122.0,3.0,123.0,4.0,122.5,3.5,12286.574432
g100_r093_c303,1.0,93,303,123.0,3.0,124.0,4.0,123.5,3.5,12286.574432
g100_r093_c304,1.0,93,304,124.0,3.0,125.0,4.0,124.5,3.5,12286.574432
g100_r093_c305,1.0,93,305,125.0,3.0,126.0,4.0,125.5,3.5,12286.574432
g100_r093_c306,1.0,93,306,126.0,3.0,127.0,4.0,126.5,3.5,12286.574432
g100_r093_c307,1.0,93,307,127.0,3.0,128.0,4.0,127.5,3.5,12286.574432
g100_r093_c308,1.0,93,308,128.0,3.0,129.0,4.0,128.5,3.5,12286.574432
g100_r093_c309,1.0,93,309,129.0,3.0,130.0,4.0,129.5,3.5,12286.574432
g100_r093_c310,1.0,93,310,130.0,3.0,131.0,4.0,130.5,3.5,12286.574432
g100_r093_c311,1.0,93,311,131.0,3.0,132.0,4.0,131.5,3.5,12286.574432
g100_r093_c312,1.0,93,312,132.0,3.0,133.0,4.0,132.5,3.5,12286.574432
g100_r093_c313,1.0,93,313,133.0,3.0,134.0,4.0,133.5,3.5,12286.574432
g100_r093_c314,1.0,93,314,134.0,3.0,135.0,4.0,134.5,3.5,12286.574432
g100_r093_c315,1.0,93,315,135.0,3.0,136.0,4.0,135.5,3.5,12286.574432
g100_r093_c316,1.0,93,316,136.0,3.0,137.0,4.0,136.5,3.5,12286.574432
g100_r093_c317,1.0,93,317,137.0,3.0,138.0,4.0,137.5,3.5,12286.574432
g100_r093_c318,1.0,93,318,138.0,3.0,139.0,4.0,138.5,3.5,12286.574432
g100_r093_c319,1.0,93,319,139.0,3.0,140.0,4.0,139.5,3.5,12286.574432
g100_r093_c320,1.0,93,320,140.0,3.0,141.0,4.0,140.5,3.5,12286.574432
g100_r093_c321,1.0,93,321,141.0,3.0,142.0,4.0,141.5,3.5,12286.574432
g100_r094_c240,1.0,94,240,60.0,4.0,61.0,5.0,60.5,4.5,12271.987061
g100_r094_c241,1.0,94,241,61.0,4.0,62.0,5.0,61.5,4.5,12271.987061
g100_r094_c242,1.0,94,242,62.0,4.0,63.0,5.0,62.5,4.5,12271.987061
g100_r094_c243,1.0,94,243,63.0,4.0,64.0,5.0,63.5,4.5,12271.987061
g100_r094_c244,1.0,94,244,64.0,4.0,65.0,5.0,64.5,4.5,12271.987061
g100_r094_c245,1.0,94,245,65.0,4.0,66.0,5.0,65.5,4.5,12271.987061
g100_r094_c246,1.0,94,246,66.0,4.0,67.0,5.0,66.5,4.5,12271.987061
g100_r094_c247,1.0,94,247,67.0,4.0,68.0,5.0,67.5,4.5,12271.987061
g100_r094_c248,1.0,94,248,68.0,4.0,69.0,5.0,68.5,4.5,12271.987061
g100_r094_c249,1.0,94,249,69.0,4.0,70.0,5.0,69.5,4.5,12271.987061
g100_r094_c250,1.0,94,250,70.0,4.0,71.0,5.0,70.5,4.5,12271.987061
g100_r094_c251,1.0,94,251,71.0,4.0,72.0,5.0,71.5,4.5,12271.987061
g100_r094_c252,1.0,94,252,72.0,4.0,73.0,5.0,72.5,4.5,12271.987061
g100_r094_c253,1.0,94,253,73.0,4.0,74.0,5.0,73.5,4.5,12271.987061
g100_r094_c254,1.0,94,254,74.0,4.0,75.0,5.0,74.5,4.5,12271.987061
g100_r094_c255,1.0,94,255,75.0,4.0,76.0,5.0,75.5,4.5,12271.987061
g100_r094_c256,1.0,94,256,76.0,4.0,77.0,5.0,76.5,4.5,12271.987061
g100_r094_c257,1.0,94,257,77.0,4.0,78.0,5.0,77.5,4.5,12271.987061
g100_r094_c258,1.0,94,258,78.0,4.0,79.0,5.0,78.5,4.5,12271.987061
g100_r094_c259,1.0,94,259,79.0,4.0,80.0,5.0,79.5,4.5,12271.987061
g100_r094_c260,1.0,94,260,80.0,4.0,81.0,5.0,80.5,4.5,12271.987061
g100_r094_c261,1.0,94,261,81.0,4.0,82.0,5.0,81.5,4.5,12271.987061
g100_r094_c262,1.0,94,262,82.0,4.0,83.0,5.0,82.5,4.5,12271.987061
g100_r094_c263,1.0,94,263,83.0,4.0,84.0,5.0,83.5,4.5,12271.987061
g100_r094_c264,1.0,94,264,84.0,4.0,85.0,5.0,84.5,4.5,12271.987061
g100_r094_c265,1.0,94,265,85.0,4.0,86.0,5.0,85.5,4.5,12271.987061
g100_r094_c266,1.0,94,266,86.0,4.0,87.0,5.0,86.5,4.5,12271.987061
g100_r094_c267,1.0,94,267,87.0,4.0,88.0,5.0,87.5,4.5,12271.987061
g100_r094_c268,1.0,94,268,88.0,4.0,89.0,5.0,88.5,4.5,12271.987061
g100_r094_c269,1.0,94,269,89.0,4.0,90.0,5.0,89.5,4.5,12271.987061
g100_r094_c270,1.0,94,270,90.0,4.0,91.0,5.0,90.5,4.5,12271.987061
g100_r094_c271,1.0,94,271,91.0,4.0,92.0,5.0,91.5,4.5,12271.987061
g100_r094_c272,1.0,94,272,92.0,4.0,93.0,5.0,92.5,4.5,12271.987061
g100_r094_c273,1.0,94,273,93.0,4.0,94.0,5.0,93.5,4.5,12271.987061
g100_r094_c274,1.0,94,274,94.0,4.0,95.0,5.0,94.5,4.5,12271.987061
g100_r094_c275,1.0,94,275,95.0,4.0,96.0,5.0,95.5,4.5,12271.987061
g100_r094_c276,1.0,94,276,96.0,4.0,97.0,5.0,96.5,4.5,12271.987061
g100_r094_c277,1.0,94,277,97.0,4.0,98.0,5.0,97.5,4.5,12271.987061
g100_r094_c278,1.0,94,278,98.0,4.0,99.0,5.0,98.5,4.5,12271.987061
g100_r094_c279,1.0,94,279,99.0,4.0,100.0,5.0,99.5,4.5,12271.987061
g100_r094_c280,1.0,94,280,100.0,4.0,101.0,5.0,100.5,4.5,12271.987061
g100_r094_c281,1.0,94,281,101.0,4.0,102.0,5.0,101.5,4.5,12271.987061
g100_r094_c282,1.0,94,282,102.0,4.0,103.0,5.0,102.5,4.5,12271.987061
g100_r094_c283,1.0,94,283,103.0,4.0,104.0,5.0,103.5,4.5,12271.987061
g100_r094_c284,1.0,94,284,104.0,4.0,105.0,5.0,104.5,4.5,12271.987061
g100_r094_c285,1.0,94,285,105.0,4.0,106.0,5.0,105.5,4.5,12271.987061
g100_r094_c286,1.0,94,286,106.0,4.0,107.0,5.0,106.5,4.5,12271.987061
g100_r094_c287,1.0,94,287,107.0,4.0,108.0,5.0,107.5,4.5,12271.987061
g100_r094_c288,1.0,94,288,108.0,4.0,109.0,5.0,108.5,4.5,12271.987061
g100_r094_c289,1.0,94,289,109.0,4.0,110.0,5.0,109.5,4.5,12271.987061
g100_r094_c290,1.0,94,290,110.0,4.0,111.0,5.0,110.5,4.5,12271.987061
g100_r094_c291,1.0,94,291,111.0,4.0,112.0,5.0,111.5,4.5,12271.987061
g100_r094_c292,1.0,94,292,112.0,4.0,113.0,5.0,112.5,4.5,12271.987061
g100_r094_c293,1.0,94,293,113.0,4.0,114.0,5.0,113.5,4.5,12271.987061
g100_r094_c294,1.0,94,294,114.0,4.0,115.0,5.0,114.5,4.5,12271.987061
g100_r094_c295,1.0,94,295,115.0,4.0,116.0,5.0,115.5,4.5,12271.987061
g100_r094_c296,1.0,94,296,116.0,4.0,117.0,5.0,116.5,4.5,12271.987061
g100_r094_c297,1.0,94,297,117.0,4.0,118.0,5.0,117.5,4.5,12271.987061
g100_r094_c298,1.0,94,298,118.0,4.0,119.0,5.0,118.5,4.5,12271.987061
g100_r094_c299,1.0,94,299,119.0,4.0,120.0,5.0,119.5,4.5,12271.987061
g100_r094_c300,1.0,94,300,120.0,4.0,121.0,5.0,120.5,4.5,12271.987061
g100_r094_c301,1.0,94,301,121.0,4.0,122.0,5.0,121.5,4.5,12271.987061
g100_r094_c302,1.0,94,302,122.0,4.0,123.0,5.0,122.5,4.5,12271.987061
g100_r094_c303,1.0,94,303,123.0,4.0,124.0,5.0,123.5,4.5,12271.987061
g100_r094_c304,1.0,94,304,124.0,4.0,125.0,5.0,124.5,4.5,12271.987061
g100_r094_c305,1.0,94,305,125.0,4.0,126.0,5.0,125.5,4.5,12271.987061
g100_r094_c306,1.0,94,306,126.0,4.0,127.0,5.0,126.5,4.5,12271.987061
g100_r094_c307,1.0,94,307,127.0,4.0,128.0,5.0,127.5,4.5,12271.987061
g100_r094_c308,1.0,94,308,128.0,4.0,129.0,5.0,128.5,4.5,12271.987061
g100_r094_c309,1.0,94,309,129.0,4.0,130.0,5.0,129.5,4.5,12271.987061
g100_r094_c310,1.0,94,310,130.0,4.0,131.0,5.0,130.5,4.5,12271.987061
g100_r094_c311,1.0,94,311,131.0,4.0,132.0,5.0,131.5,4.5,12271.987061
g100_r094_c312,1.0,94,312,132.0,4.0,133.0,5.0,132.5,4.5,12271.987061
g100_r094_c313,1.0,94,313,133.0,4.0,134.0,5.0,133.5,4.5,12271.987061
g100_r094_c314,1.0,94,314,134.0,4.0,135.0,5.0,134.5,4.5,12271.987061
g100_r094_c315,1.0,94,315,135.0,4.0,136.0,5.0,135.5,4.5,12271.987061
g100_r094_c316,1.0,94,316,136.0,4.0,137.0,5.0,136.5,4.5,12271.987061
g100_r094_c317,1.0,94,317,137.0,4.0,138.0,5.0,137.5,4.5,12271.987061
g100_r094_c318,1.0,94,318,138.0,4.0,139.0,5.0,138.5,4.5,12271.987061
g100_r094_c319,1.0,94,319,139.0,4.0,140.0,5.0,139.5,4.5,12271.987061
g100_r094_c320,1.0,94,320,140.0,4.0,141.0,5.0,140.5,4.5,12271.987061
g100_r094_c321,1.0,94,321,141.0,4.0,142.0,5.0,141.5,4.5,12271.987061
g100_r095_c240,1.0,95,240,60.0,5.0,61.0,6.0,60.5,5.5,12253.759154
g100_r095_c241,1.0,95,241,61.0,5.0,62.0,6.0,61.5,5.5,12253.759154
g100_r095_c242,1.0,95,242,62.0,5.0,63.0,6.0,62.5,5.5,12253.759154
g100_r095_c243,1.0,95,243,63.0,5.0,64.0,6.0,63.5,5.5,12253.759154
g100_r095_c244,1.0,95,244,64.0,5.0,65.0,6.0,64.5,5.5,12253.759154
g100_r095_c245,1.0,95,245,65.0,5.0,66.0,6.0,65.5,5.5,12253.759154
g100_r095_c246,1.0,95,246,66.0,5.0,67.0,6.0,66.5,5.5,12253.759154
g100_r095_c247,1.0,95,247,67.0,5.0,68.0,6.0,67.5,5.5,12253.759154
g100_r095_c248,1.0,95,248,68.0,5.0,69.0,6.0,68.5,5.5,12253.759154
g100_r095_c249,1.0,95,249,69.0,5.0,70.0,6.0,69.5,5.5,12253.759154
g100_r095_c250,1.0,95,250,70.0,5.0,71.0,6.0,70.5,5.5,12253.759154
g100_r095_c251,1.0,95,251,71.0,5.0,72.0,6.0,71.5,5.5,12253.759154
g100_r095_c252,1.0,95,252,72.0,5.0,73.0,6.0,72.5,5.5,12253.759154
g100_r095_c253,1.0,95,253,73.0,5.0,74.0,6.0,73.5,5.5,12253.759154
g100_r095_c254,1.0,95,254,74.0,5.0,75.0,6.0,74.5,5.5,12253.759154
g100_r095_c255,1.0,95,255,75.0,5.0,76.0,6.0,75.5,5.5,12253.759154
g100_r095_c256,1.0,95,256,76.0,5.0,77.0,6.0,76.5,5.5,12253.759154
g100_r095_c257,1.0,95,257,77.0,5.0,78.0,6.0,77.5,5.5,12253.759154
g100_r095_c258,1.0,95,258,78.0,5.0,79.0,6.0,78.5,5.5,12253.759154
g100_r095_c259,1.0,95,259,79.0,5.0,80.0,6.0,79.5,5.5,12253.759154
g100_r095_c260,1.0,95,260,80.0,5.0,81.0,6.0,80.5,5.5,12253.759154
g100_r095_c261,1.0,95,261,81.0,5.0,82.0,6.0,81.5,5.5,12253.759154
g100_r095_c262,1.0,95,262,82.0,5.0,83.0,6.0,82.5,5.5,12253.759154
g100_r095_c263,1.0,95,263,83.0,5.0,84.0,6.0,83.5,5.5,12253.759154
g100_r095_c264,1.0,95,264,84.0,5.0,85.0,6.0,84.5,5.5,12253.759154
g100_r095_c265,1.0,95,265,85.0,5.0,86.0,6.0,85.5,5.5,12253.759154
g100_r095_c266,1.0,95,266,86.0,5.0,87.0,6.0,86.5,5.5,12253.759154
g100_r095_c267,1.0,95,267,87.0,5.0,88.0,6.0,87.5,5.5,12253.759154
g100_r095_c268,1.0,95,268,88.0,5.0,89.0,6.0,88.5,5.5,12253.759154
g100_r095_c269,1.0,95,269,89.0,5.0,90.0,6.0,89.5,5.5,12253.759154
g100_r095_c270,1.0,95,270,90.0,5.0,91.0,6.0,90.5,5.5,12253.759154
g100_r095_c271,1.0,95,271,91.0,5.0,92.0,6.0,91.5,5.5,12253.759154
g100_r095_c272,1.0,95,272,92.0,5.0,93.0,6.0,92.5,5.5,12253.759154
g100_r095_c273,1.0,95,273,93.0,5.0,94.0,6.0,93.5,5.5,12253.759154
g100_r095_c274,1.0,95,274,94.0,5.0,95.0,6.0,94.5,5.5,12253.759154
g100_r095_c275,1.0,95,275,95.0,5.0,96.0,6.0,95.5,5.5,12253.759154
g100_r095_c276,1.0,95,276,96.0,5.0,97.0,6.0,96.5,5.5,12253.759154
g100_r095_c277,1.0,95,277,97.0,5.0,98.0,6.0,97.5,5.5,12253.759154
g100_r095_c278,1.0,95,278,98.0,5.0,99.0,6.0,98.5,5.5,12253.759154
g100_r095_c279,1.0,95,279,99.0,5.0,100.0,6.0,99.5,5.5,12253.759154
g100_r095_c280,1.0,95,280,100.0,5.0,101.0,6.0,100.5,5.5,12253.759154
g100_r095_c281,1.0,95,281,101.0,5.0,102.0,6.0,101.5,5.5,12253.759154
g100_r095_c282,1.0,95,282,102.0,5.0,103.0,6.0,102.5,5.5,12253.759154
g100_r095_c283,1.0,95,283,103.0,5.0,104.0,6.0,103.5,5.5,12253.759154
g100_r095_c284,1.0,95,284,104.0,5.0,105.0,6.0,104.5,5.5,12253.759154
g100_r095_c285,1.0,95,285,105.0,5.0,106.0,6.0,105.5,5.5,12253.759154
g100_r095_c286,1.0,95,286,106.0,5.0,107.0,6.0,106.5,5.5,12253.759154
g100_r095_c287,1.0,95,287,107.0,5.0,108.0,6.0,107.5,5.5,12253.759154
g100_r095_c288,1.0,95,288,108.0,5.0,109.0,6.0,108.5,5.5,12253.759154
g100_r095_c289,1.0,95,289,109.0,5.0,110.0,6.0,109.5,5.5,12253.759154
g100_r095_c290,1.0,95,290,110.0,5.0,111.0,6.0,110.5,5.5,12253.759154
g100_r095_c291,1.0,95,291,111.0,5.0,112.0,6.0,111.5,5.5,12253.759154
g100_r095_c292,1.0,95,292,112.0,5.0,113.0,6.0,112.5,5.5,12253.759154
g100_r095_c293,1.0,95,293,113.0,5.0,114.0,6.0,113.5,5.5,12253.759154
g100_r095_c294,1.0,95,294,114.0,5.0,115.0,6.0,114.5,5.5,12253.759154
g100_r095_c295,1.0,95,295,115.0,5.0,116.0,6.0,115.5,5.5,12253.759154
g100_r095_c296,1.0,95,296,116.0,5.0,117.0,6.0,116.5,5.5,12253.759154
g100_r095_c297,1.0,95,297,117.0,5.0,118.0,6.0,117.5,5.5,12253.759154
g100_r095_c298,1.0,95,298,118.0,5.0,119.0,6.0,118.5,5.5,12253.759154
g100_r095_c299,1.0,95,299,119.0,5.0,120.0,6.0,119.5,5.5,12253.759154
g100_r095_c300,1.0,95,300,120.0,5.0,121.0,6.0,120.5,5.5,12253.759154
g100_r095_c301,1.0,95,301,121.0,5.0,122.0,6.0,121.5,5.5,12253.759154
g100_r095_c302,1.0,95,302,122.0,5.0,123.0,6.0,122.5,5.5,12253.759154
g100_r095_c303,1.0,95,303,123.0,5.0,124.0,6.0,123.5,5.5,12253.759154
g100_r095_c304,1.0,95,304,124.0,5.0,125.0,6.0,124.5,5.5,12253.759154
g100_r095_c305,1.0,95,305,125.0,5.0,126.0,6.0,125.5,5.5,12253.759154
g100_r095_c306,1.0,95,306,126.0,5.0,127.0,6.0,126.5,5.5,12253.759154
g100_r095_c307,1.0,95,307,127.0,5.0,128.0,6.0,127.5,5.5,12253.759154
g100_r095_c308,1.0,95,308,128.0,5.0,129.0,6.0,128.5,5.5,12253.759154
g100_r095_c309,1.0,95,309,129.0,5.0,130.0,6.0,129.5,5.5,12253.759154
g100_r095_c310,1.0,95,310,130.0,5.0,131.0,6.0,130.5,5.5,12253.759154
g100_r095_c311,1.0,95,311,131.0,5.0,132.0,6.0,131.5,5.5,12253.759154
g100_r095_c312,1.0,95,312,132.0,5.0,133.0,6.0,132.5,5.5,12253.759154
g100_r095_c313,1.0,95,313,133.0,5.0,134.0,6.0,133.5,5.5,12253.759154
g100_r095_c314,1.0,95,314,134.0,5.0,135.0,6.0,134.5,5.5,12253.759154
g100_r095_c315,1.0,95,315,135.0,5.0,136.0,6.0,135.5,5.5,12253.759154
g100_r095_c316,1.0,95,316,136.0,5.0,137.0,6.0,136.5,5.5,12253.759154
g100_r095_c317,1.0,95,317,137.0,5.0,138.0,6.0,137.5,5.5,12253.759154
g100_r095_c318,1.0,95,318,138.0,5.0,139.0,6.0,138.5,5.5,12253.759154
g100_r095_c319,1.0,95,319,139.0,5.0,140.0,6.0,139.5,5.5,12253.759154
g100_r095_c320,1.0,95,320,140.0,5.0,141.0,6.0,140.5,5.5,12253.759154
g100_r095_c321,1.0,95,321,141.0,5.0,142.0,6.0,141.5,5.5,12253.759154
g100_r096_c240,1.0,96,240,60.0,6.0,61.0,7.0,60.5,6.5,12231.894923
g100_r096_c241,1.0,96,241,61.0,6.0,62.0,7.0,61.5,6.5,12231.894923
g100_r096_c242,1.0,96,242,62.0,6.0,63.0,7.0,62.5,6.5,12231.894923
g100_r096_c243,1.0,96,243,63.0,6.0,64.0,7.0,63.5,6.5,12231.894923
g100_r096_c244,1.0,96,244,64.0,6.0,65.0,7.0,64.5,6.5,12231.894923
g100_r096_c245,1.0,96,245,65.0,6.0,66.0,7.0,65.5,6.5,12231.894923
g100_r096_c246,1.0,96,246,66.0,6.0,67.0,7.0,66.5,6.5,12231.894923
g100_r096_c247,1.0,96,247,67.0,6.0,68.0,7.0,67.5,6.5,12231.894923
g100_r096_c248,1.0,96,248,68.0,6.0,69.0,7.0,68.5,6.5,12231.894923
g100_r096_c249,1.0,96,249,69.0,6.0,70.0,7.0,69.5,6.5,12231.894923
g100_r096_c250,1.0,96,250,70.0,6.0,71.0,7.0,70.5,6.5,12231.894923
g100_r096_c251,1.0,96,251,71.0,6.0,72.0,7.0,71.5,6.5,12231.894923
g100_r096_c252,1.0,96,252,72.0,6.0,73.0,7.0,72.5,6.5,12231.894923
g100_r096_c253,1.0,96,253,73.0,6.0,74.0,7.0,73.5,6.5,12231.894923
g100_r096_c254,1.0,96,254,74.0,6.0,75.0,7.0,74.5,6.5,12231.894923
g100_r096_c255,1.0,96,255,75.0,6.0,76.0,7.0,75.5,6.5,12231.894923
g100_r096_c256,1.0,96,256,76.0,6.0,77.0,7.0,76.5,6.5,12231.894923
g100_r096_c257,1.0,96,257,77.0,6.0,78.0,7.0,77.5,6.5,12231.894923
g100_r096_c258,1.0,96,258,78.0,6.0,79.0,7.0,78.5,6.5,12231.894923
g100_r096_c259,1.0,96,259,79.0,6.0,80.0,7.0,79.5,6.5,12231.894923
g100_r096_c260,1.0,96,260,80.0,6.0,81.0,7.0,80.5,6.5,12231.894923
g100_r096_c261,1.0,96,261,81.0,6.0,82.0,7.0,81.5,6.5,12231.894923
g100_r096_c262,1.0,96,262,82.0,6.0,83.0,7.0,82.5,6.5,12231.894923
g100_r096_c263,1.0,96,263,83.0,6.0,84.0,7.0,83.5,6.5,12231.894923
g100_r096_c264,1.0,96,264,84.0,6.0,85.0,7.0,84.5,6.5,12231.894923
g100_r096_c265,1.0,96,265,85.0,6.0,86.0,7.0,85.5,6.5,12231.894923
g100_r096_c266,1.0,96,266,86.0,6.0,87.0,7.0,86.5,6.5,12231.894923
g100_r096_c267,1.0,96,267,87.0,6.0,88.0,7.0,87.5,6.5,12231.894923
g100_r096_c268,1.0,96,268,88.0,6.0,89.0,7.0,88.5,6.5,12231.894923
g100_r096_c269,1.0,96,269,89.0,6.0,90.0,7.0,89.5,6.5,12231.894923
g100_r096_c270,1.0,96,270,90.0,6.0,91.0,7.0,90.5,6.5,12231.894923
g100_r096_c271,1.0,96,271,91.0,6.0,92.0,7.0,91.5,6.5,12231.894923
g100_r096_c272,1.0,96,272,92.0,6.0,93.0,7.0,92.5,6.5,12231.894923
g100_r096_c273,1.0,96,273,93.0,6.0,94.0,7.0,93.5,6.5,12231.894923
g100_r096_c274,1.0,96,274,94.0,6.0,95.0,7.0,94.5,6.5,12231.894923
g100_r096_c275,1.0,96,275,95.0,6.0,96.0,7.0,95.5,6.5,12231.894923
g100_r096_c276,1.0,96,276,96.0,6.0,97.0,7.0,96.5,6.5,12231.894923
g100_r096_c277,1.0,96,277,97.0,6.0,98.0,7.0,97.5,6.5,12231.894923
g100_r096_c278,1.0,96,278,98.0,6.0,99.0,7.0,98.5,6.5,12231.894923
g100_r096_c279,1.0,96,279,99.0,6.0,100.0,7.0,99.5,6.5,12231.894923
g100_r096_c280,1.0,96,280,100.0,6.0,101.0,7.0,100.5,6.5,12231.894923
g100_r096_c281,1.0,96,281,101.0,6.0,102.0,7.0,101.5,6.5,12231.894923
g100_r096_c282,1.0,96,282,102.0,6.0,103.0,7.0,102.5,6.5,12231.894923
g100_r096_c283,1.0,96,283,103.0,6.0,104.0,7.0,103.5,6.5,12231.894923
g100_r096_c284,1.0,96,284,104.0,6.0,105.0,7.0,104.5,6.5,12231.894923
g100_r096_c285,1.0,96,285,105.0,6.0,106.0,7.0,105.5,6.5,12231.894923
g100_r096_c286,1.0,96,286,106.0,6.0,107.0,7.0,106.5,6.5,12231.894923
g100_r096_c287,1.0,96,287,107.0,6.0,108.0,7.0,107.5,6.5,12231.894923
g100_r096_c288,1.0,96,288,108.0,6.0,109.0,7.0,108.5,6.5,12231.894923
g100_r096_c289,1.0,96,289,109.0,6.0,110.0,7.0,109.5,6.5,12231.894923
g100_r096_c290,1.0,96,290,110.0,6.0,111.0,7.0,110.5,6.5,12231.894923
g100_r096_c291,1.0,96,291,111.0,6.0,112.0,7.0,111.5,6.5,12231.894923
g100_r096_c292,1.0,96,292,112.0,6.0,113.0,7.0,112.5,6.5,12231.894923
g100_r096_c293,1.0,96,293,113.0,6.0,114.0,7.0,113.5,6.5,12231.894923
g100_r096_c294,1.0,96,294,114.0,6.0,115.0,7.0,114.5,6.5,12231.894923
g100_r096_c295,1.0,96,295,115.0,6.0,116.0,7.0,115.5,6.5,12231.894923
g100_r096_c296,1.0,96,296,116.0,6.0,117.0,7.0,116.5,6.5,12231.894923
g100_r096_c297,1.0,96,297,117.0,6.0,118.0,7.0,117.5,6.5,12231.894923
g100_r096_c298,1.0,96,298,118.0,6.0,119.0,7.0,118.5,6.5,12231.894923
g100_r096_c299,1.0,96,299,119.0,6.0,120.0,7.0,119.5,6.5,12231.894923
g100_r096_c300,1.0,96,300,120.0,6.0,121.0,7.0,120.5,6.5,12231.894923
g100_r096_c301,1.0,96,301,121.0,6.0,122.0,7.0,121.5,6.5,12231.894923
g100_r096_c302,1.0,96,302,122.0,6.0,123.0,7.0,122.5,6.5,12231.894923
g100_r096_c303,1.0,96,303,123.0,6.0,124.0,7.0,123.5,6.5,12231.894923
g100_r096_c304,1.0,96,304,124.0,6.0,125.0,7.0,124.5,6.5,12231.894923
g100_r096_c305,1.0,96,305,125.0,6.0,126.0,7.0,125.5,6.5,12231.894923
g100_r096_c306,1.0,96,306,126.0,6.0,127.0,7.0,126.5,6.5,12231.894923
g100_r096_c307,1.0,96,307,127.0,6.0,128.0,7.0,127.5,6.5,12231.894923
g100_r096_c308,1.0,96,308,128.0,6.0,129.0,7.0,128.5,6.5,12231.894923
g100_r096_c309,1.0,96,309,129.0,6.0,130.0,7.0,129.5,6.5,12231.894923
g100_r096_c310,1.0,96,310,130.0,6.0,131.0,7.0,130.5,6.5,12231.894923
g100_r096_c311,1.0,96,311,131.0,6.0,132.0,7.0,131.5,6.5,12231.894923
g100_r096_c312,1.0,96,312,132.0,6.0,133.0,7.0,132.5,6.5,12231.894923
g100_r096_c313,1.0,96,313,133.0,6.0,134.0,7.0,133.5,6.5,12231.894923
g100_r096_c314,1.0,96,314,134.0,6.0,135.0,7.0,134.5,6.5,12231.894923
g100_r096_c315,1.0,96,315,135.0,6.0,136.0,7.0,135.5,6.5,12231.894923
g100_r096_c316,1.0,96,316,136.0,6.0,137.0,7.0,136.5,6.5,12231.894923
g100_r096_c317,1.0,96,317,137.0,6.0,138.0,7.0,137.5,6.5,12231.894923
g100_r096_c318,1.0,96,318,138.0,6.0,139.0,7.0,138.5,6.5,12231.894923
g100_r096_c319,1.0,96,319,139.0,6.0,140.0,7.0,139.5,6.5,12231.894923
g100_r096_c320,1.0,96,320,140.0,6.0,141.0,7.0,140.5,6.5,12231.894923
g100_r096_c321,1.0,96,321,141.0,6.0,142.0,7.0,141.5,6.5,12231.894923
g100_r097_c240,1.0,97,240,60.0,7.0,61.0,8.0,60.5,7.5,12206.399423
g100_r097_c241,1.0,97,241,61.0,7.0,62.0,8.0,61.5,7.5,12206.399423
g100_r097_c242,1.0,97,242,62.0,7.0,63.0,8.0,62.5,7.5,12206.399423
g100_r097_c243,1.0,97,243,63.0,7.0,64.0,8.0,63.5,7.5,12206.399423
g100_r097_c244,1.0,97,244,64.0,7.0,65.0,8.0,64.5,7.5,12206.399423
g100_r097_c245,1.0,97,245,65.0,7.0,66.0,8.0,65.5,7.5,12206.399423
g100_r097_c246,1.0,97,246,66.0,7.0,67.0,8.0,66.5,7.5,12206.399423
g100_r097_c247,1.0,97,247,67.0,7.0,68.0,8.0,67.5,7.5,12206.399423
g100_r097_c248,1.0,97,248,68.0,7.0,69.0,8.0,68.5,7.5,12206.399423
g100_r097_c249,1.0,97,249,69.0,7.0,70.0,8.0,69.5,7.5,12206.399423
g100_r097_c250,1.0,97,250,70.0,7.0,71.0,8.0,70.5,7.5,12206.399423
g100_r097_c251,1.0,97,251,71.0,7.0,72.0,8.0,71.5,7.5,12206.399423
g100_r097_c252,1.0,97,252,72.0,7.0,73.0,8.0,72.5,7.5,12206.399423
g100_r097_c253,1.0,97,253,73.0,7.0,74.0,8.0,73.5,7.5,12206.399423
g100_r097_c254,1.0,97,254,74.0,7.0,75.0,8.0,74.5,7.5,12206.399423
g100_r097_c255,1.0,97,255,75.0,7.0,76.0,8.0,75.5,7.5,12206.399423
g100_r097_c256,1.0,97,256,76.0,7.0,77.0,8.0,76.5,7.5,12206.399423
g100_r097_c257,1.0,97,257,77.0,7.0,78.0,8.0,77.5,7.5,12206.399423
g100_r097_c258,1.0,97,258,78.0,7.0,79.0,8.0,78.5,7.5,12206.399423
g100_r097_c259,1.0,97,259,79.0,7.0,80.0,8.0,79.5,7.5,12206.399423
g100_r097_c260,1.0,97,260,80.0,7.0,81.0,8.0,80.5,7.5,12206.399423
g100_r097_c261,1.0,97,261,81.0,7.0,82.0,8.0,81.5,7.5,12206.399423
g100_r097_c262,1.0,97,262,82.0,7.0,83.0,8.0,82.5,7.5,12206.399423
g100_r097_c263,1.0,97,263,83.0,7.0,84.0,8.0,83.5,7.5,12206.399423
g100_r097_c264,1.0,97,264,84.0,7.0,85.0,8.0,84.5,7.5,12206.399423
g100_r097_c265,1.0,97,265,85.0,7.0,86.0,8.0,85.5,7.5,12206.399423
g100_r097_c266,1.0,97,266,86.0,7.0,87.0,8.0,86.5,7.5,12206.399423
g100_r097_c267,1.0,97,267,87.0,7.0,88.0,8.0,87.5,7.5,12206.399423
g100_r097_c268,1.0,97,268,88.0,7.0,89.0,8.0,88.5,7.5,12206.399423
g100_r097_c269,1.0,97,269,89.0,7.0,90.0,8.0,89.5,7.5,12206.399423
g100_r097_c270,1.0,97,270,90.0,7.0,91.0,8.0,90.5,7.5,12206.399423
g100_r097_c271,1.0,97,271,91.0,7.0,92.0,8.0,91.5,7.5,12206.399423
g100_r097_c272,1.0,97,272,92.0,7.0,93.0,8.0,92.5,7.5,12206.399423
g100_r097_c273,1.0,97,273,93.0,7.0,94.0,8.0,93.5,7.5,12206.399423
g100_r097_c274,1.0,97,274,94.0,7.0,95.0,8.0,94.5,7.5,12206.399423
g100_r097_c275,1.0,97,275,95.0,7.0,96.0,8.0,95.5,7.5,12206.399423
g100_r097_c276,1.0,97,276,96.0,7.0,97.0,8.0,96.5,7.5,12206.399423
g100_r097_c277,1.0,97,277,97.0,7.0,98.0,8.0,97.5,7.5,12206.399423
g100_r097_c278,1.0,97,278,98.0,7.0,99.0,8.0,98.5,7.5,12206.399423
g100_r097_c279,1.0,97,279,99.0,7.0,100.0,8.0,99.5,7.5,12206.399423
g100_r097_c280,1.0,97,280,100.0,7.0,101.0,8.0,100.5,7.5,12206.399423
g100_r097_c281,1.0,97,281,101.0,7.0,102.0,8.0,101.5,7.5,12206.399423
g100_r097_c282,1.0,97,282,102.0,7.0,103.0,8.0,102.5,7.5,12206.399423
g100_r097_c283,1.0,97,283,103.0,7.0,104.0,8.0,103.5,7.5,12206.399423
g100_r097_c284,1.0,97,284,104.0,7.0,105.0,8.0,104.5,7.5,12206.399423
g100_r097_c285,1.0,97,285,105.0,7.0,106.0,8.0,105.5,7.5,12206.399423
g100_r097_c286,1.0,97,286,106.0,7.0,107.0,8.0,106.5,7.5,12206.399423
g100_r097_c287,1.0,97,287,107.0,7.0,108.0,8.0,107.5,7.5,12206.399423
g100_r097_c288,1.0,97,288,108.0,7.0,109.0,8.0,108.5,7.5,12206.399423
g100_r097_c289,1.0,97,289,109.0,7.0,110.0,8.0,109.5,7.5,12206.399423
g100_r097_c290,1.0,97,290,110.0,7.0,111.0,8.0,110.5,7.5,12206.399423
g100_r097_c291,1.0,97,291,111.0,7.0,112.0,8.0,111.5,7.5,12206.399423
g100_r097_c292,1.0,97,292,112.0,7.0,113.0,8.0,112.5,7.5,12206.399423
g100_r097_c293,1.0,97,293,113.0,7.0,114.0,8.0,113.5,7.5,12206.399423
g100_r097_c294,1.0,97,294,114.0,7.0,115.0,8.0,114.5,7.5,12206.399423
g100_r097_c295,1.0,97,295,115.0,7.0,116.0,8.0,115.5,7.5,12206.399423
g100_r097_c296,1.0,97,296,116.0,7.0,117.0,8.0,116.5,7.5,12206.399423
g100_r097_c297,1.0,97,297,117.0,7.0,118.0,8.0,117.5,7.5,12206.399423
g100_r097_c298,1.0,97,298,118.0,7.0,119.0,8.0,118.5,7.5,12206.399423
g100_r097_c299,1.0,97,299,119.0,7.0,120.0,8.0,119.5,7.5,12206.399423
g100_r097_c300,1.0,97,300,120.0,7.0,121.0,8.0,120.5,7.5,12206.399423
g100_r097_c301,1.0,97,301,121.0,7.0,122.0,8.0,121.5,7.5,12206.399423
g100_r097_c302,1.0,97,302,122.0,7.0,123.0,8.0,122.5,7.5,12206.399423
g100_r097_c303,1.0,97,303,123.0,7.0,124.0,8.0,123.5,7.5,12206.399423
g100_r097_c304,1.0,97,304,124.0,7.0,125.0,8.0,124.5,7.5,12206.399423
g100_r097_c305,1.0,97,305,125.0,7.0,126.0,8.0,125.5,7.5,12206.399423
g100_r097_c306,1.0,97,306,126.0,7.0,127.0,8.0,126.5,7.5,12206.399423
g100_r097_c307,1.0,97,307,127.0,7.0,128.0,8.0,127.5,7.5,12206.399423
g100_r097_c308,1.0,97,308,128.0,7.0,129.0,8.0,128.5,7.5,12206.399423
g100_r097_c309,1.0,97,309,129.0,7.0,130.0,8.0,129.5,7.5,12206.399423
g100_r097_c310,1.0,97,310,130.0,7.0,131.0,8.0,130.5,7.5,12206.399423
g100_r097_c311,1.0,97,311,131.0,7.0,132.0,8.0,131.5,7.5,12206.399423
g100_r097_c312,1.0,97,312,132.0,7.0,133.0,8.0,132.5,7.5,12206.399423
g100_r097_c313,1.0,97,313,133.0,7.0,134.0,8.0,133.5,7.5,12206.399423
g100_r097_c314,1.0,97,314,134.0,7.0,135.0,8.0,134.5,7.5,12206.399423
g100_r097_c315,1.0,97,315,135.0,7.0,136.0,8.0,135.5,7.5,12206.399423
g100_r097_c316,1.0,97,316,136.0,7.0,137.0,8.0,136.5,7.5,12206.399423
g100_r097_c317,1.0,97,317,137.0,7.0,138.0,8.0,137.5,7.5,12206.399423
g100_r097_c318,1.0,97,318,138.0,7.0,139.0,8.0,138.5,7.5,12206.399423
g100_r097_c319,1.0,97,319,139.0,7.0,140.0,8.0,139.5,7.5,12206.399423
g100_r097_c320,1.0,97,320,140.0,7.0,141.0,8.0,140.5,7.5,12206.399423
g100_r097_c321,1.0,97,321,141.0,7.0,142.0,8.0,141.5,7.5,12206.399423
g100_r098_c240,1.0,98,240,60.0,8.0,61.0,9.0,60.5,8.5,12177.278561
g100_r098_c241,1.0,98,241,61.0,8.0,62.0,9.0,61.5,8.5,12177.278561
g100_r098_c242,1.0,98,242,62.0,8.0,63.0,9.0,62.5,8.5,12177.278561
g100_r098_c243,1.0,98,243,63.0,8.0,64.0,9.0,63.5,8.5,12177.278561
g100_r098_c244,1.0,98,244,64.0,8.0,65.0,9.0,64.5,8.5,12177.278561
g100_r098_c245,1.0,98,245,65.0,8.0,66.0,9.0,65.5,8.5,12177.278561
g100_r098_c246,1.0,98,246,66.0,8.0,67.0,9.0,66.5,8.5,12177.278561
g100_r098_c247,1.0,98,247,67.0,8.0,68.0,9.0,67.5,8.5,12177.278561
g100_r098_c248,1.0,98,248,68.0,8.0,69.0,9.0,68.5,8.5,12177.278561
g100_r098_c249,1.0,98,249,69.0,8.0,70.0,9.0,69.5,8.5,12177.278561
g100_r098_c250,1.0,98,250,70.0,8.0,71.0,9.0,70.5,8.5,12177.278561
g100_r098_c251,1.0,98,251,71.0,8.0,72.0,9.0,71.5,8.5,12177.278561
g100_r098_c252,1.0,98,252,72.0,8.0,73.0,9.0,72.5,8.5,12177.278561
g100_r098_c253,1.0,98,253,73.0,8.0,74.0,9.0,73.5,8.5,12177.278561
g100_r098_c254,1.0,98,254,74.0,8.0,75.0,9.0,74.5,8.5,12177.278561
g100_r098_c255,1.0,98,255,75.0,8.0,76.0,9.0,75.5,8.5,12177.278561
g100_r098_c256,1.0,98,256,76.0,8.0,77.0,9.0,76.5,8.5,12177.278561
g100_r098_c257,1.0,98,257,77.0,8.0,78.0,9.0,77.5,8.5,12177.278561
g100_r098_c258,1.0,98,258,78.0,8.0,79.0,9.0,78.5,8.5,12177.278561
g100_r098_c259,1.0,98,259,79.0,8.0,80.0,9.0,79.5,8.5,12177.278561
g100_r098_c260,1.0,98,260,80.0,8.0,81.0,9.0,80.5,8.5,12177.278561
g100_r098_c261,1.0,98,261,81.0,8.0,82.0,9.0,81.5,8.5,12177.278561
g100_r098_c262,1.0,98,262,82.0,8.0,83.0,9.0,82.5,8.5,12177.278561
g100_r098_c263,1.0,98,263,83.0,8.0,84.0,9.0,83.5,8.5,12177.278561
g100_r098_c264,1.0,98,264,84.0,8.0,85.0,9.0,84.5,8.5,12177.278561
g100_r098_c265,1.0,98,265,85.0,8.0,86.0,9.0,85.5,8.5,12177.278561
g100_r098_c266,1.0,98,266,86.0,8.0,87.0,9.0,86.5,8.5,12177.278561
g100_r098_c267,1.0,98,267,87.0,8.0,88.0,9.0,87.5,8.5,12177.278561
g100_r098_c268,1.0,98,268,88.0,8.0,89.0,9.0,88.5,8.5,12177.278561
g100_r098_c269,1.0,98,269,89.0,8.0,90.0,9.0,89.5,8.5,12177.278561
g100_r098_c270,1.0,98,270,90.0,8.0,91.0,9.0,90.5,8.5,12177.278561
g100_r098_c271,1.0,98,271,91.0,8.0,92.0,9.0,91.5,8.5,12177.278561
g100_r098_c272,1.0,98,272,92.0,8.0,93.0,9.0,92.5,8.5,12177.278561
g100_r098_c273,1.0,98,273,93.0,8.0,94.0,9.0,93.5,8.5,12177.278561
g100_r098_c274,1.0,98,274,94.0,8.0,95.0,9.0,94.5,8.5,12177.278561
g100_r098_c275,1.0,98,275,95.0,8.0,96.0,9.0,95.5,8.5,12177.278561
g100_r098_c276,1.0,98,276,96.0,8.0,97.0,9.0,96.5,8.5,12177.278561
g100_r098_c277,1.0,98,277,97.0,8.0,98.0,9.0,97.5,8.5,12177.278561
g100_r098_c278,1.0,98,278,98.0,8.0,99.0,9.0,98.5,8.5,12177.278561
g100_r098_c279,1.0,98,279,99.0,8.0,100.0,9.0,99.5,8.5,12177.278561
g100_r098_c280,1.0,98,280,100.0,8.0,101.0,9.0,100.5,8.5,12177.278561
g100_r098_c281,1.0,98,281,101.0,8.0,102.0,9.0,101.5,8.5,12177.278561
g100_r098_c282,1.0,98,282,102.0,8.0,103.0,9.0,102.5,8.5,12177.278561
g100_r098_c283,1.0,98,283,103.0,8.0,104.0,9.0,103.5,8.5,12177.278561
g100_r098_c284,1.0,98,284,104.0,8.0,105.0,9.0,104.5,8.5,12177.278561
g100_r098_c285,1.0,98,285,105.0,8.0,106.0,9.0,105.5,8.5,12177.278561
g100_r098_c286,1.0,98,286,106.0,8.0,107.0,9.0,106.5,8.5,12177.278561
g100_r098_c287,1.0,98,287,107.0,8.0,108.0,9.0,107.5,8.5,12177.278561
g100_r098_c288,1.0,98,288,108.0,8.0,109.0,9.0,108.5,8.5,12177.278561
g100_r098_c289,1.0,98,289,109.0,8.0,110.0,9.0,109.5,8.5,12177.278561
g100_r098_c290,1.0,98,290,110.0,8.0,111.0,9.0,110.5,8.5,12177.278561
g100_r098_c291,1.0,98,291,111.0,8.0,112.0,9.0,111.5,8.5,12177.278561
g100_r098_c292,1.0,98,292,112.0,8.0,113.0,9.0,112.5,8.5,12177.278561
g100_r098_c293,1.0,98,293,113.0,8.0,114.0,9.0,113.5,8.5,12177.278561
g100_r098_c294,1.0,98,294,114.0,8.0,115.0,9.0,114.5,8.5,12177.278561
g100_r098_c295,1.0,98,295,115.0,8.0,116.0,9.0,115.5,8.5,12177.278561
g100_r098_c296,1.0,98,296,116.0,8.0,117.0,9.0,116.5,8.5,12177.278561
g100_r098_c297,1.0,98,297,117.0,8.0,118.0,9.0,117.5,8.5,12177.278561
g100_r098_c298,1.0,98,298,118.0,8.0,119.0,9.0,118.5,8.5,12177.278561
g100_r098_c299,1.0,98,299,119.0,8.0,120.0,9.0,119.5,8.5,12177.278561
g100_r098_c300,1.0,98,300,120.0,8.0,121.0,9.0,120.5,8.5,12177.278561
g100_r098_c301,1.0,98,301,121.0,8.0,122.0,9.0,121.5,8.5,12177.278561
g100_r098_c302,1.0,98,302,122.0,8.0,123.0,9.0,122.5,8.5,12177.278561
g100_r098_c303,1.0,98,303,123.0,8.0,124.0,9.0,123.5,8.5,12177.278561
g100_r098_c304,1.0,98,304,124.0,8.0,125.0,9.0,124.5,8.5,12177.278561
g100_r098_c305,1.0,98,305,125.0,8.0,126.0,9.0,125.5,8.5,12177.278561
g100_r098_c306,1.0,98,306,126.0,8.0,127.0,9.0,126.5,8.5,12177.278561
g100_r098_c307,1.0,98,307,127.0,8.0,128.0,9.0,127.5,8.5,12177.278561
g100_r098_c308,1.0,98,308,128.0,8.0,129.0,9.0,128.5,8.5,12177.278561
g100_r098_c309,1.0,98,309,129.0,8.0,130.0,9.0,129.5,8.5,12177.278561
g100_r098_c310,1.0,98,310,130.0,8.0,131.0,9.0,130.5,8.5,12177.278561
g100_r098_c311,1.0,98,311,131.0,8.0,132.0,9.0,131.5,8.5,12177.278561
g100_r098_c312,1.0,98,312,132.0,8.0,133.0,9.0,132.5,8.5,12177.278561
g100_r098_c313,1.0,98,313,133.0,8.0,134.0,9.0,133.5,8.5,12177.278561
g100_r098_c314,1.0,98,314,134.0,8.0,135.0,9.0,134.5,8.5,12177.278561
g100_r098_c315,1.0,98,315,135.0,8.0,136.0,9.0,135.5,8.5,12177.278561
g100_r098_c316,1.0,98,316,136.0,8.0,137.0,9.0,136.5,8.5,12177.278561
g100_r098_c317,1.0,98,317,137.0,8.0,138.0,9.0,137.5,8.5,12177.278561
g100_r098_c318,1.0,98,318,138.0,8.0,139.0,9.0,138.5,8.5,12177.278561
g100_r098_c319,1.0,98,319,139.0,8.0,140.0,9.0,139.5,8.5,12177.278561
g100_r098_c320,1.0,98,320,140.0,8.0,141.0,9.0,140.5,8.5,12177.278561
g100_r098_c321,1.0,98,321,141.0,8.0,142.0,9.0,141.5,8.5,12177.278561
g100_r099_c240,1.0,99,240,60.0,9.0,61.0,10.0,60.5,9.5,12144.539098
g100_r099_c241,1.0,99,241,61.0,9.0,62.0,10.0,61.5,9.5,12144.539098
g100_r099_c242,1.0,99,242,62.0,9.0,63.0,10.0,62.5,9.5,12144.539098
g100_r099_c243,1.0,99,243,63.0,9.0,64.0,10.0,63.5,9.5,12144.539098
g100_r099_c244,1.0,99,244,64.0,9.0,65.0,10.0,64.5,9.5,12144.539098
g100_r099_c245,1.0,99,245,65.0,9.0,66.0,10.0,65.5,9.5,12144.539098
g100_r099_c246,1.0,99,246,66.0,9.0,67.0,10.0,66.5,9.5,12144.539098
g100_r099_c247,1.0,99,247,67.0,9.0,68.0,10.0,67.5,9.5,12144.539098
g100_r099_c248,1.0,99,248,68.0,9.0,69.0,10.0,68.5,9.5,12144.539098
g100_r099_c249,1.0,99,249,69.0,9.0,70.0,10.0,69.5,9.5,12144.539098
g100_r099_c250,1.0,99,250,70.0,9.0,71.0,10.0,70.5,9.5,12144.539098
g100_r099_c251,1.0,99,251,71.0,9.0,72.0,10.0,71.5,9.5,12144.539098
g100_r099_c252,1.0,99,252,72.0,9.0,73.0,10.0,72.5,9.5,12144.539098
g100_r099_c253,1.0,99,253,73.0,9.0,74.0,10.0,73.5,9.5,12144.539098
g100_r099_c254,1.0,99,254,74.0,9.0,75.0,10.0,74.5,9.5,12144.539098
g100_r099_c255,1.0,99,255,75.0,9.0,76.0,10.0,75.5,9.5,12144.539098
g100_r099_c256,1.0,99,256,76.0,9.0,77.0,10.0,76.5,9.5,12144.539098
g100_r099_c257,1.0,99,257,77.0,9.0,78.0,10.0,77.5,9.5,12144.539098
g100_r099_c258,1.0,99,258,78.0,9.0,79.0,10.0,78.5,9.5,12144.539098
g100_r099_c259,1.0,99,259,79.0,9.0,80.0,10.0,79.5,9.5,12144.539098
g100_r099_c260,1.0,99,260,80.0,9.0,81.0,10.0,80.5,9.5,12144.539098
g100_r099_c261,1.0,99,261,81.0,9.0,82.0,10.0,81.5,9.5,12144.539098
g100_r099_c262,1.0,99,262,82.0,9.0,83.0,10.0,82.5,9.5,12144.539098
g100_r099_c263,1.0,99,263,83.0,9.0,84.0,10.0,83.5,9.5,12144.539098
g100_r099_c264,1.0,99,264,84.0,9.0,85.0,10.0,84.5,9.5,12144.539098
g100_r099_c265,1.0,99,265,85.0,9.0,86.0,10.0,85.5,9.5,12144.539098
g100_r099_c266,1.0,99,266,86.0,9.0,87.0,10.0,86.5,9.5,12144.539098
g100_r099_c267,1.0,99,267,87.0,9.0,88.0,10.0,87.5,9.5,12144.539098
g100_r099_c268,1.0,99,268,88.0,9.0,89.0,10.0,88.5,9.5,12144.539098
g100_r099_c269,1.0,99,269,89.0,9.0,90.0,10.0,89.5,9.5,12144.539098
g100_r099_c270,1.0,99,270,90.0,9.0,91.0,10.0,90.5,9.5,12144.539098
g100_r099_c271,1.0,99,271,91.0,9.0,92.0,10.0,91.5,9.5,12144.539098
g100_r099_c272,1.0,99,272,92.0,9.0,93.0,10.0,92.5,9.5,12144.539098
g100_r099_c273,1.0,99,273,93.0,9.0,94.0,10.0,93.5,9.5,12144.539098
g100_r099_c274,1.0,99,274,94.0,9.0,95.0,10.0,94.5,9.5,12144.539098
g100_r099_c275,1.0,99,275,95.0,9.0,96.0,10.0,95.5,9.5,12144.539098
g100_r099_c276,1.0,99,276,96.0,9.0,97.0,10.0,96.5,9.5,12144.539098
g100_r099_c277,1.0,99,277,97.0,9.0,98.0,10.0,97.5,9.5,12144.539098
g100_r099_c278,1.0,99,278,98.0,9.0,99.0,10.0,98.5,9.5,12144.539098
g100_r099_c279,1.0,99,279,99.0,9.0,100.0,10.0,99.5,9.5,12144.539098
g100_r099_c280,1.0,99,280,100.0,9.0,101.0,10.0,100.5,9.5,12144.539098
g100_r099_c281,1.0,99,281,101.0,9.0,102.0,10.0,101.5,9.5,12144.539098
g100_r099_c282,1.0,99,282,102.0,9.0,103.0,10.0,102.5,9.5,12144.539098
g100_r099_c283,1.0,99,283,103.0,9.0,104.0,10.0,103.5,9.5,12144.539098
g100_r099_c284,1.0,99,284,104.0,9.0,105.0,10.0,104.5,9.5,12144.539098
g100_r099_c285,1.0,99,285,105.0,9.0,106.0,10.0,105.5,9.5,12144.539098
g100_r099_c286,1.0,99,286,106.0,9.0,107.0,10.0,106.5,9.5,12144.539098
g100_r099_c287,1.0,99,287,107.0,9.0,108.0,10.0,107.5,9.5,12144.539098
g100_r099_c288,1.0,99,288,108.0,9.0,109.0,10.0,108.5,9.5,12144.539098
g100_r099_c289,1.0,99,289,109.0,9.0,110.0,10.0,109.5,9.5,12144.539098
g100_r099_c290,1.0,99,290,110.0,9.0,111.0,10.0,110.5,9.5,12144.539098
g100_r099_c291,1.0,99,291,111.0,9.0,112.0,10.0,111.5,9.5,12144.539098
g100_r099_c292,1.0,99,292,112.0,9.0,113.0,10.0,112.5,9.5,12144.539098
g100_r099_c293,1.0,99,293,113.0,9.0,114.0,10.0,113.5,9.5,12144.539098
g100_r099_c294,1.0,99,294,114.0,9.0,115.0,10.0,114.5,9.5,12144.539098
g100_r099_c295,1.0,99,295,115.0,9.0,116.0,10.0,115.5,9.5,12144.539098
g100_r099_c296,1.0,99,296,116.0,9.0,117.0,10.0,116.5,9.5,12144.539098
g100_r099_c297,1.0,99,297,117.0,9.0,118.0,10.0,117.5,9.5,12144.539098
g100_r099_c298,1.0,99,298,118.0,9.0,119.0,10.0,118.5,9.5,12144.539098
g100_r099_c299,1.0,99,299,119.0,9.0,120.0,10.0,119.5,9.5,12144.539098
g100_r099_c300,1.0,99,300,120.0,9.0,121.0,10.0,120.5,9.5,12144.539098
g100_r099_c301,1.0,99,301,121.0,9.0,122.0,10.0,121.5,9.5,12144.539098
g100_r099_c302,1.0,99,302,122.0,9.0,123.0,10.0,122.5,9.5,12144.539098
g100_r099_c303,1.0,99,303,123.0,9.0,124.0,10.0,123.5,9.5,12144.539098
g100_r099_c304,1.0,99,304,124.0,9.0,125.0,10.0,124.5,9.5,12144.539098
g100_r099_c305,1.0,99,305,125.0,9.0,126.0,10.0,125.5,9.5,12144.539098
g100_r099_c306,1.0,99,306,126.0,9.0,127.0,10.0,126.5,9.5,12144.539098
g100_r099_c307,1.0,99,307,127.0,9.0,128.0,10.0,127.5,9.5,12144.539098
g100_r099_c308,1.0,99,308,128.0,9.0,129.0,10.0,128.5,9.5,12144.539098
g100_r099_c309,1.0,99,309,129.0,9.0,130.0,10.0,129.5,9.5,12144.539098
g100_r099_c310,1.0,99,310,130.0,9.0,131.0,10.0,130.5,9.5,12144.539098
g100_r099_c311,1.0,99,311,131.0,9.0,132.0,10.0,131.5,9.5,12144.539098
g100_r099_c312,1.0,99,312,132.0,9.0,133.0,10.0,132.5,9.5,12144.539098
g100_r099_c313,1.0,99,313,133.0,9.0,134.0,10.0,133.5,9.5,12144.539098
g100_r099_c314,1.0,99,314,134.0,9.0,135.0,10.0,134.5,9.5,12144.539098
g100_r099_c315,1.0,99,315,135.0,9.0,136.0,10.0,135.5,9.5,12144.539098
g100_r099_c316,1.0,99,316,136.0,9.0,137.0,10.0,136.5,9.5,12144.539098
g100_r099_c317,1.0,99,317,137.0,9.0,138.0,10.0,137.5,9.5,12144.539098
g100_r099_c318,1.0,99,318,138.0,9.0,139.0,10.0,138.5,9.5,12144.539098
g100_r099_c319,1.0,99,319,139.0,9.0,140.0,10.0,139.5,9.5,12144.539098
g100_r099_c320,1.0,99,320,140.0,9.0,141.0,10.0,140.5,9.5,12144.539098
g100_r099_c321,1.0,99,321,141.0,9.0,142.0,10.0,141.5,9.5,12144.539098
g100_r100_c240,1.0,100,240,60.0,10.0,61.0,11.0,60.5,10.5,12108.188648
g100_r100_c241,1.0,100,241,61.0,10.0,62.0,11.0,61.5,10.5,12108.188648
g100_r100_c242,1.0,100,242,62.0,10.0,63.0,11.0,62.5,10.5,12108.188648
g100_r100_c243,1.0,100,243,63.0,10.0,64.0,11.0,63.5,10.5,12108.188648
g100_r100_c244,1.0,100,244,64.0,10.0,65.0,11.0,64.5,10.5,12108.188648
g100_r100_c245,1.0,100,245,65.0,10.0,66.0,11.0,65.5,10.5,12108.188648
g100_r100_c246,1.0,100,246,66.0,10.0,67.0,11.0,66.5,10.5,12108.188648
g100_r100_c247,1.0,100,247,67.0,10.0,68.0,11.0,67.5,10.5,12108.188648
g100_r100_c248,1.0,100,248,68.0,10.0,69.0,11.0,68.5,10.5,12108.188648
g100_r100_c249,1.0,100,249,69.0,10.0,70.0,11.0,69.5,10.5,12108.188648
g100_r100_c250,1.0,100,250,70.0,10.0,71.0,11.0,70.5,10.5,12108.188648
g100_r100_c251,1.0,100,251,71.0,10.0,72.0,11.0,71.5,10.5,12108.188648
g100_r100_c252,1.0,100,252,72.0,10.0,73.0,11.0,72.5,10.5,12108.188648
g100_r100_c253,1.0,100,253,73.0,10.0,74.0,11.0,73.5,10.5,12108.188648
g100_r100_c254,1.0,100,254,74.0,10.0,75.0,11.0,74.5,10.5,12108.188648
g100_r100_c255,1.0,100,255,75.0,10.0,76.0,11.0,75.5,10.5,12108.188648
g100_r100_c256,1.0,100,256,76.0,10.0,77.0,11.0,76.5,10.5,12108.188648
g100_r100_c257,1.0,100,257,77.0,10.0,78.0,11.0,77.5,10.5,12108.188648
g100_r100_c258,1.0,100,258,78.0,10.0,79.0,11.0,78.5,10.5,12108.188648
g100_r100_c259,1.0,100,259,79.0,10.0,80.0,11.0,79.5,10.5,12108.188648
g100_r100_c260,1.0,100,260,80.0,10.0,81.0,11.0,80.5,10.5,12108.188648
g100_r100_c261,1.0,100,261,81.0,10.0,82.0,11.0,81.5,10.5,12108.188648
g100_r100_c262,1.0,100,262,82.0,10.0,83.0,11.0,82.5,10.5,12108.188648
g100_r100_c263,1.0,100,263,83.0,10.0,84.0,11.0,83.5,10.5,12108.188648
g100_r100_c264,1.0,100,264,84.0,10.0,85.0,11.0,84.5,10.5,12108.188648
g100_r100_c265,1.0,100,265,85.0,10.0,86.0,11.0,85.5,10.5,12108.188648
g100_r100_c266,1.0,100,266,86.0,10.0,87.0,11.0,86.5,10.5,12108.188648
g100_r100_c267,1.0,100,267,87.0,10.0,88.0,11.0,87.5,10.5,12108.188648
g100_r100_c268,1.0,100,268,88.0,10.0,89.0,11.0,88.5,10.5,12108.188648
g100_r100_c269,1.0,100,269,89.0,10.0,90.0,11.0,89.5,10.5,12108.188648
g100_r100_c270,1.0,100,270,90.0,10.0,91.0,11.0,90.5,10.5,12108.188648
g100_r100_c271,1.0,100,271,91.0,10.0,92.0,11.0,91.5,10.5,12108.188648
g100_r100_c272,1.0,100,272,92.0,10.0,93.0,11.0,92.5,10.5,12108.188648
g100_r100_c273,1.0,100,273,93.0,10.0,94.0,11.0,93.5,10.5,12108.188648
g100_r100_c274,1.0,100,274,94.0,10.0,95.0,11.0,94.5,10.5,12108.188648
g100_r100_c275,1.0,100,275,95.0,10.0,96.0,11.0,95.5,10.5,12108.188648
g100_r100_c276,1.0,100,276,96.0,10.0,97.0,11.0,96.5,10.5,12108.188648
g100_r100_c277,1.0,100,277,97.0,10.0,98.0,11.0,97.5,10.5,12108.188648
g100_r100_c278,1.0,100,278,98.0,10.0,99.0,11.0,98.5,10.5,12108.188648
g100_r100_c279,1.0,100,279,99.0,10.0,100.0,11.0,99.5,10.5,12108.188648
g100_r100_c280,1.0,100,280,100.0,10.0,101.0,11.0,100.5,10.5,12108.188648
g100_r100_c281,1.0,100,281,101.0,10.0,102.0,11.0,101.5,10.5,12108.188648
g100_r100_c282,1.0,100,282,102.0,10.0,103.0,11.0,102.5,10.5,12108.188648
g100_r100_c283,1.0,100,283,103.0,10.0,104.0,11.0,103.5,10.5,12108.188648
g100_r100_c284,1.0,100,284,104.0,10.0,105.0,11.0,104.5,10.5,12108.188648
g100_r100_c285,1.0,100,285,105.0,10.0,106.0,11.0,105.5,10.5,12108.188648
g100_r100_c286,1.0,100,286,106.0,10.0,107.0,11.0,106.5,10.5,12108.188648
g100_r100_c287,1.0,100,287,107.0,10.0,108.0,11.0,107.5,10.5,12108.188648
g100_r100_c288,1.0,100,288,108.0,10.0,109.0,11.0,108.5,10.5,12108.188648
g100_r100_c289,1.0,100,289,109.0,10.0,110.0,11.0,109.5,10.5,12108.188648
g100_r100_c290,1.0,100,290,110.0,10.0,111.0,11.0,110.5,10.5,12108.188648
g100_r100_c291,1.0,100,291,111.0,10.0,112.0,11.0,111.5,10.5,12108.188648
g100_r100_c292,1.0,100,292,112.0,10.0,113.0,11.0,112.5,10.5,12108.188648
g100_r100_c293,1.0,100,293,113.0,10.0,114.0,11.0,113.5,10.5,12108.188648
g100_r100_c294,1.0,100,294,114.0,10.0,115.0,11.0,114.5,10.5,12108.188648
g100_r100_c295,1.0,100,295,115.0,10.0,116.0,11.0,115.5,10.5,12108.188648
g100_r100_c296,1.0,100,296,116.0,10.0,117.0,11.0,116.5,10.5,12108.188648
g100_r100_c297,1.0,100,297,117.0,10.0,118.0,11.0,117.5,10.5,12108.188648
g100_r100_c298,1.0,100,298,118.0,10.0,119.0,11.0,118.5,10.5,12108.188648
g100_r100_c299,1.0,100,299,119.0,10.0,120.0,11.0,119.5,10.5,12108.188648
g100_r100_c300,1.0,100,300,120.0,10.0,121.0,11.0,120.5,10.5,12108.188648
g100_r100_c301,1.0,100,301,121.0,10.0,122.0,11.0,121.5,10.5,12108.188648
g100_r100_c302,1.0,100,302,122.0,10.0,123.0,11.0,122.5,10.5,12108.188648
g100_r100_c303,1.0,100,303,123.0,10.0,124.0,11.0,123.5,10.5,12108.188648
g100_r100_c304,1.0,100,304,124.0,10.0,125.0,11.0,124.5,10.5,12108.188648
g100_r100_c305,1.0,100,305,125.0,10.0,126.0,11.0,125.5,10.5,12108.188648
g100_r100_c306,1.0,100,306,126.0,10.0,127.0,11.0,126.5,10.5,12108.188648
g100_r100_c307,1.0,100,307,127.0,10.0,128.0,11.0,127.5,10.5,12108.188648
g100_r100_c308,1.0,100,308,128.0,10.0,129.0,11.0,128.5,10.5,12108.188648
g100_r100_c309,1.0,100,309,129.0,10.0,130.0,11.0,129.5,10.5,12108.188648
g100_r100_c310,1.0,100,310,130.0,10.0,131.0,11.0,130.5,10.5,12108.188648
g100_r100_c311,1.0,100,311,131.0,10.0,132.0,11.0,131.5,10.5,12108.188648
g100_r100_c312,1.0,100,312,132.0,10.0,133.0,11.0,132.5,10.5,12108.188648
g100_r100_c313,1.0,100,313,133.0,10.0,134.0,11.0,133.5,10.5,12108.188648
g100_r100_c314,1.0,100,314,134.0,10.0,135.0,11.0,134.5,10.5,12108.188648
g100_r100_c315,1.0,100,315,135.0,10.0,136.0,11.0,135.5,10.5,12108.188648
g100_r100_c316,1.0,100,316,136.0,10.0,137.0,11.0,136.5,10.5,12108.188648
g100_r100_c317,1.0,100,317,137.0,10.0,138.0,11.0,137.5,10.5,12108.188648
g100_r100_c318,1.0,100,318,138.0,10.0,139.0,11.0,138.5,10.5,12108.188648
g100_r100_c319,1.0,100,319,139.0,10.0,140.0,11.0,139.5,10.5,12108.188648
g100_r100_c320,1.0,100,320,140.0,10.0,141.0,11.0,140.5,10.5,12108.188648
g100_r100_c321,1.0,100,321,141.0,10.0,142.0,11.0,141.5,10.5,12108.188648
g100_r101_c240,1.0,101,240,60.0,11.0,61.0,12.0,60.5,11.5,12068.235689
g100_r101_c241,1.0,101,241,61.0,11.0,62.0,12.0,61.5,11.5,12068.235689
g100_r101_c242,1.0,101,242,62.0,11.0,63.0,12.0,62.5,11.5,12068.235689
g100_r101_c243,1.0,101,243,63.0,11.0,64.0,12.0,63.5,11.5,12068.235689
g100_r101_c244,1.0,101,244,64.0,11.0,65.0,12.0,64.5,11.5,12068.235689
g100_r101_c245,1.0,101,245,65.0,11.0,66.0,12.0,65.5,11.5,12068.235689
g100_r101_c246,1.0,101,246,66.0,11.0,67.0,12.0,66.5,11.5,12068.235689
g100_r101_c247,1.0,101,247,67.0,11.0,68.0,12.0,67.5,11.5,12068.235689
g100_r101_c248,1.0,101,248,68.0,11.0,69.0,12.0,68.5,11.5,12068.235689
g100_r101_c249,1.0,101,249,69.0,11.0,70.0,12.0,69.5,11.5,12068.235689
g100_r101_c250,1.0,101,250,70.0,11.0,71.0,12.0,70.5,11.5,12068.235689
g100_r101_c251,1.0,101,251,71.0,11.0,72.0,12.0,71.5,11.5,12068.235689
g100_r101_c252,1.0,101,252,72.0,11.0,73.0,12.0,72.5,11.5,12068.235689
g100_r101_c253,1.0,101,253,73.0,11.0,74.0,12.0,73.5,11.5,12068.235689
g100_r101_c254,1.0,101,254,74.0,11.0,75.0,12.0,74.5,11.5,12068.235689
g100_r101_c255,1.0,101,255,75.0,11.0,76.0,12.0,75.5,11.5,12068.235689
g100_r101_c256,1.0,101,256,76.0,11.0,77.0,12.0,76.5,11.5,12068.235689
g100_r101_c257,1.0,101,257,77.0,11.0,78.0,12.0,77.5,11.5,12068.235689
g100_r101_c258,1.0,101,258,78.0,11.0,79.0,12.0,78.5,11.5,12068.235689
g100_r101_c259,1.0,101,259,79.0,11.0,80.0,12.0,79.5,11.5,12068.235689
g100_r101_c260,1.0,101,260,80.0,11.0,81.0,12.0,80.5,11.5,12068.235689
g100_r101_c261,1.0,101,261,81.0,11.0,82.0,12.0,81.5,11.5,12068.235689
g100_r101_c262,1.0,101,262,82.0,11.0,83.0,12.0,82.5,11.5,12068.235689
g100_r101_c263,1.0,101,263,83.0,11.0,84.0,12.0,83.5,11.5,12068.235689
g100_r101_c264,1.0,101,264,84.0,11.0,85.0,12.0,84.5,11.5,12068.235689
g100_r101_c265,1.0,101,265,85.0,11.0,86.0,12.0,85.5,11.5,12068.235689
g100_r101_c266,1.0,101,266,86.0,11.0,87.0,12.0,86.5,11.5,12068.235689
g100_r101_c267,1.0,101,267,87.0,11.0,88.0,12.0,87.5,11.5,12068.235689
g100_r101_c268,1.0,101,268,88.0,11.0,89.0,12.0,88.5,11.5,12068.235689
g100_r101_c269,1.0,101,269,89.0,11.0,90.0,12.0,89.5,11.5,12068.235689
g100_r101_c270,1.0,101,270,90.0,11.0,91.0,12.0,90.5,11.5,12068.235689
g100_r101_c271,1.0,101,271,91.0,11.0,92.0,12.0,91.5,11.5,12068.235689
g100_r101_c272,1.0,101,272,92.0,11.0,93.0,12.0,92.5,11.5,12068.235689
g100_r101_c273,1.0,101,273,93.0,11.0,94.0,12.0,93.5,11.5,12068.235689
g100_r101_c274,1.0,101,274,94.0,11.0,95.0,12.0,94.5,11.5,12068.235689
g100_r101_c275,1.0,101,275,95.0,11.0,96.0,12.0,95.5,11.5,12068.235689
g100_r101_c276,1.0,101,276,96.0,11.0,97.0,12.0,96.5,11.5,12068.235689
g100_r101_c277,1.0,101,277,97.0,11.0,98.0,12.0,97.5,11.5,12068.235689
g100_r101_c278,1.0,101,278,98.0,11.0,99.0,12.0,98.5,11.5,12068.235689
g100_r101_c279,1.0,101,279,99.0,11.0,100.0,12.0,99.5,11.5,12068.235689
g100_r101_c280,1.0,101,280,100.0,11.0,101.0,12.0,100.5,11.5,12068.235689
g100_r101_c281,1.0,101,281,101.0,11.0,102.0,12.0,101.5,11.5,12068.235689
g100_r101_c282,1.0,101,282,102.0,11.0,103.0,12.0,102.5,11.5,12068.235689
g100_r101_c283,1.0,101,283,103.0,11.0,104.0,12.0,103.5,11.5,12068.235689
g100_r101_c284,1.0,101,284,104.0,11.0,105.0,12.0,104.5,11.5,12068.235689
g100_r101_c285,1.0,101,285,105.0,11.0,106.0,12.0,105.5,11.5,12068.235689
g100_r101_c286,1.0,101,286,106.0,11.0,107.0,12.0,106.5,11.5,12068.235689
g100_r101_c287,1.0,101,287,107.0,11.0,108.0,12.0,107.5,11.5,12068.235689
g100_r101_c288,1.0,101,288,108.0,11.0,109.0,12.0,108.5,11.5,12068.235689
g100_r101_c289,1.0,101,289,109.0,11.0,110.0,12.0,109.5,11.5,12068.235689
g100_r101_c290,1.0,101,290,110.0,11.0,111.0,12.0,110.5,11.5,12068.235689
g100_r101_c291,1.0,101,291,111.0,11.0,112.0,12.0,111.5,11.5,12068.235689
g100_r101_c292,1.0,101,292,112.0,11.0,113.0,12.0,112.5,11.5,12068.235689
g100_r101_c293,1.0,101,293,113.0,11.0,114.0,12.0,113.5,11.5,12068.235689
g100_r101_c294,1.0,101,294,114.0,11.0,115.0,12.0,114.5,11.5,12068.235689
g100_r101_c295,1.0,101,295,115.0,11.0,116.0,12.0,115.5,11.5,12068.235689
g100_r101_c296,1.0,101,296,116.0,11.0,117.0,12.0,116.5,11.5,12068.235689
g100_r101_c297,1.0,101,297,117.0,11.0,118.0,12.0,117.5,11.5,12068.235689
g100_r101_c298,1.0,101,298,118.0,11.0,119.0,12.0,118.5,11.5,12068.235689
g100_r101_c299,1.0,101,299,119.0,11.0,120.0,12.0,119.5,11.5,12068.235689
g100_r101_c300,1.0,101,300,120.0,11.0,121.0,12.0,120.5,11.5,12068.235689
g100_r101_c301,1.0,101,301,121.0,11.0,122.0,12.0,121.5,11.5,12068.235689
g100_r101_c302,1.0,101,302,122.0,11.0,123.0,12.0,122.5,11.5,12068.235689
g100_r101_c303,1.0,101,303,123.0,11.0,124.0,12.0,123.5,11.5,12068.235689
g100_r101_c304,1.0,101,304,124.0,11.0,125.0,12.0,124.5,11.5,12068.235689
g100_r101_c305,1.0,101,305,125.0,11.0,126.0,12.0,125.5,11.5,12068.235689
g100_r101_c306,1.0,101,306,126.0,11.0,127.0,12.0,126.5,11.5,12068.235689
g100_r101_c307,1.0,101,307,127.0,11.0,128.0,12.0,127.5,11.5,12068.235689
g100_r101_c308,1.0,101,308,128.0,11.0,129.0,12.0,128.5,11.5,12068.235689
g100_r101_c309,1.0,101,309,129.0,11.0,130.0,12.0,129.5,11.5,12068.235689
g100_r101_c310,1.0,101,310,130.0,11.0,131.0,12.0,130.5,11.5,12068.235689
g100_r101_c311,1.0,101,311,131.0,11.0,132.0,12.0,131.5,11.5,12068.235689
g100_r101_c312,1.0,101,312,132.0,11.0,133.0,12.0,132.5,11.5,12068.235689
g100_r101_c313,1.0,101,313,133.0,11.0,134.0,12.0,133.5,11.5,12068.235689
g100_r101_c314,1.0,101,314,134.0,11.0,135.0,12.0,134.5,11.5,12068.235689
g100_r101_c315,1.0,101,315,135.0,11.0,136.0,12.0,135.5,11.5,12068.235689
g100_r101_c316,1.0,101,316,136.0,11.0,137.0,12.0,136.5,11.5,12068.235689
g100_r101_c317,1.0,101,317,137.0,11.0,138.0,12.0,137.5,11.5,12068.235689
g100_r101_c318,1.0,101,318,138.0,11.0,139.0,12.0,138.5,11.5,12068.235689
g100_r101_c319,1.0,101,319,139.0,11.0,140.0,12.0,139.5,11.5,12068.235689
g100_r101_c320,1.0,101,320,140.0,11.0,141.0,12.0,140.5,11.5,12068.235689
g100_r101_c321,1.0,101,321,141.0,11.0,142.0,12.0,141.5,11.5,12068.235689
g100_r102_c240,1.0,102,240,60.0,12.0,61.0,13.0,60.5,12.5,12024.68956
g100_r102_c241,1.0,102,241,61.0,12.0,62.0,13.0,61.5,12.5,12024.68956
g100_r102_c242,1.0,102,242,62.0,12.0,63.0,13.0,62.5,12.5,12024.68956
g100_r102_c243,1.0,102,243,63.0,12.0,64.0,13.0,63.5,12.5,12024.68956
g100_r102_c244,1.0,102,244,64.0,12.0,65.0,13.0,64.5,12.5,12024.68956
g100_r102_c245,1.0,102,245,65.0,12.0,66.0,13.0,65.5,12.5,12024.68956
g100_r102_c246,1.0,102,246,66.0,12.0,67.0,13.0,66.5,12.5,12024.68956
g100_r102_c247,1.0,102,247,67.0,12.0,68.0,13.0,67.5,12.5,12024.68956
g100_r102_c248,1.0,102,248,68.0,12.0,69.0,13.0,68.5,12.5,12024.68956
g100_r102_c249,1.0,102,249,69.0,12.0,70.0,13.0,69.5,12.5,12024.68956
g100_r102_c250,1.0,102,250,70.0,12.0,71.0,13.0,70.5,12.5,12024.68956
g100_r102_c251,1.0,102,251,71.0,12.0,72.0,13.0,71.5,12.5,12024.68956
g100_r102_c252,1.0,102,252,72.0,12.0,73.0,13.0,72.5,12.5,12024.68956
g100_r102_c253,1.0,102,253,73.0,12.0,74.0,13.0,73.5,12.5,12024.68956
g100_r102_c254,1.0,102,254,74.0,12.0,75.0,13.0,74.5,12.5,12024.68956
g100_r102_c255,1.0,102,255,75.0,12.0,76.0,13.0,75.5,12.5,12024.68956
g100_r102_c256,1.0,102,256,76.0,12.0,77.0,13.0,76.5,12.5,12024.68956
g100_r102_c257,1.0,102,257,77.0,12.0,78.0,13.0,77.5,12.5,12024.68956
g100_r102_c258,1.0,102,258,78.0,12.0,79.0,13.0,78.5,12.5,12024.68956
g100_r102_c259,1.0,102,259,79.0,12.0,80.0,13.0,79.5,12.5,12024.68956
g100_r102_c260,1.0,102,260,80.0,12.0,81.0,13.0,80.5,12.5,12024.68956
g100_r102_c261,1.0,102,261,81.0,12.0,82.0,13.0,81.5,12.5,12024.68956
g100_r102_c262,1.0,102,262,82.0,12.0,83.0,13.0,82.5,12.5,12024.68956
g100_r102_c263,1.0,102,263,83.0,12.0,84.0,13.0,83.5,12.5,12024.68956
g100_r102_c264,1.0,102,264,84.0,12.0,85.0,13.0,84.5,12.5,12024.68956
g100_r102_c265,1.0,102,265,85.0,12.0,86.0,13.0,85.5,12.5,12024.68956
g100_r102_c266,1.0,102,266,86.0,12.0,87.0,13.0,86.5,12.5,12024.68956
g100_r102_c267,1.0,102,267,87.0,12.0,88.0,13.0,87.5,12.5,12024.68956
g100_r102_c268,1.0,102,268,88.0,12.0,89.0,13.0,88.5,12.5,12024.68956
g100_r102_c269,1.0,102,269,89.0,12.0,90.0,13.0,89.5,12.5,12024.68956
g100_r102_c270,1.0,102,270,90.0,12.0,91.0,13.0,90.5,12.5,12024.68956
g100_r102_c271,1.0,102,271,91.0,12.0,92.0,13.0,91.5,12.5,12024.68956
g100_r102_c272,1.0,102,272,92.0,12.0,93.0,13.0,92.5,12.5,12024.68956
g100_r102_c273,1.0,102,273,93.0,12.0,94.0,13.0,93.5,12.5,12024.68956
g100_r102_c274,1.0,102,274,94.0,12.0,95.0,13.0,94.5,12.5,12024.68956
g100_r102_c275,1.0,102,275,95.0,12.0,96.0,13.0,95.5,12.5,12024.68956
g100_r102_c276,1.0,102,276,96.0,12.0,97.0,13.0,96.5,12.5,12024.68956
g100_r102_c277,1.0,102,277,97.0,12.0,98.0,13.0,97.5,12.5,12024.68956
g100_r102_c278,1.0,102,278,98.0,12.0,99.0,13.0,98.5,12.5,12024.68956
g100_r102_c279,1.0,102,279,99.0,12.0,100.0,13.0,99.5,12.5,12024.68956
g100_r102_c280,1.0,102,280,100.0,12.0,101.0,13.0,100.5,12.5,12024.68956
g100_r102_c281,1.0,102,281,101.0,12.0,102.0,13.0,101.5,12.5,12024.68956
g100_r102_c282,1.0,102,282,102.0,12.0,103.0,13.0,102.5,12.5,12024.68956
g100_r102_c283,1.0,102,283,103.0,12.0,104.0,13.0,103.5,12.5,12024.68956
g100_r102_c284,1.0,102,284,104.0,12.0,105.0,13.0,104.5,12.5,12024.68956
g100_r102_c285,1.0,102,285,105.0,12.0,106.0,13.0,105.5,12.5,12024.68956
g100_r102_c286,1.0,102,286,106.0,12.0,107.0,13.0,106.5,12.5,12024.68956
g100_r102_c287,1.0,102,287,107.0,12.0,108.0,13.0,107.5,12.5,12024.68956
g100_r102_c288,1.0,102,288,108.0,12.0,109.0,13.0,108.5,12.5,12024.68956
g100_r102_c289,1.0,102,289,109.0,12.0,110.0,13.0,109.5,12.5,12024.68956
g100_r102_c290,1.0,102,290,110.0,12.0,111.0,13.0,110.5,12.5,12024.68956
g100_r102_c291,1.0,102,291,111.0,12.0,112.0,13.0,111.5,12.5,12024.68956
g100_r102_c292,1.0,102,292,112.0,12.0,113.0,13.0,112.5,12.5,12024.68956
g100_r102_c293,1.0,102,293,113.0,12.0,114.0,13.0,113.5,12.5,12024.68956
g100_r102_c294,1.0,102,294,114.0,12.0,115.0,13.0,114.5,12.5,12024.68956
g100_r102_c295,1.0,102,295,115.0,12.0,116.0,13.0,115.5,12.5,12024.68956
g100_r102_c296,1.0,102,296,116.0,12.0,117.0,13.0,116.5,12.5,12024.68956
g100_r102_c297,1.0,102,297,117.0,12.0,118.0,13.0,117.5,12.5,12024.68956
g100_r102_c298,1.0,102,298,118.0,12.0,119.0,13.0,118.5,12.5,12024.68956
g100_r102_c299,1.0,102,299,119.0,12.0,120.0,13.0,119.5,12.5,12024.68956
g100_r102_c300,1.0,102,300,120.0,12.0,121.0,13.0,120.5,12.5,12024.68956
g100_r102_c301,1.0,102,301,121.0,12.0,122.0,13.0,121.5,12.5,12024.68956
g100_r102_c302,1.0,102,302,122.0,12.0,123.0,13.0,122.5,12.5,12024.68956
g100_r102_c303,1.0,102,303,123.0,12.0,124.0,13.0,123.5,12.5,12024.68956
g100_r102_c304,1.0,102,304,124.0,12.0,125.0,13.0,124.5,12.5,12024.68956
g100_r102_c305,1.0,102,305,125.0,12.0,126.0,13.0,125.5,12.5,12024.68956
g100_r102_c306,1.0,102,306,126.0,12.0,127.0,13.0,126.5,12.5,12024.68956
g100_r102_c307,1.0,102,307,127.0,12.0,128.0,13.0,127.5,12.5,12024.68956
g100_r102_c308,1.0,102,308,128.0,12.0,129.0,13.0,128.5,12.5,12024.68956
g100_r102_c309,1.0,102,309,129.0,12.0,130.0,13.0,129.5,12.5,12024.68956
g100_r102_c310,1.0,102,310,130.0,12.0,131.0,13.0,130.5,12.5,12024.68956
g100_r102_c311,1.0,102,311,131.0,12.0,132.0,13.0,131.5,12.5,12024.68956
g100_r102_c312,1.0,102,312,132.0,12.0,133.0,13.0,132.5,12.5,12024.68956
g100_r102_c313,1.0,102,313,133.0,12.0,134.0,13.0,133.5,12.5,12024.68956
g100_r102_c314,1.0,102,314,134.0,12.0,135.0,13.0,134.5,12.5,12024.68956
g100_r102_c315,1.0,102,315,135.0,12.0,136.0,13.0,135.5,12.5,12024.68956
g100_r102_c316,1.0,102,316,136.0,12.0,137.0,13.0,136.5,12.5,12024.68956
g100_r102_c317,1.0,102,317,137.0,12.0,138.0,13.0,137.5,12.5,12024.68956
g100_r102_c318,1.0,102,318,138.0,12.0,139.0,13.0,138.5,12.5,12024.68956
g100_r102_c319,1.0,102,319,139.0,12.0,140.0,13.0,139.5,12.5,12024.68956
g100_r102_c320,1.0,102,320,140.0,12.0,141.0,13.0,140.5,12.5,12024.68956
g100_r102_c321,1.0,102,321,141.0,12.0,142.0,13.0,141.5,12.5,12024.68956
g100_r103_c240,1.0,103,240,60.0,13.0,61.0,14.0,60.5,13.5,11977.560472
g100_r103_c241,1.0,103,241,61.0,13.0,62.0,14.0,61.5,13.5,11977.560472
g100_r103_c242,1.0,103,242,62.0,13.0,63.0,14.0,62.5,13.5,11977.560472
g100_r103_c243,1.0,103,243,63.0,13.0,64.0,14.0,63.5,13.5,11977.560472
g100_r103_c244,1.0,103,244,64.0,13.0,65.0,14.0,64.5,13.5,11977.560472
g100_r103_c245,1.0,103,245,65.0,13.0,66.0,14.0,65.5,13.5,11977.560472
g100_r103_c246,1.0,103,246,66.0,13.0,67.0,14.0,66.5,13.5,11977.560472
g100_r103_c247,1.0,103,247,67.0,13.0,68.0,14.0,67.5,13.5,11977.560472
g100_r103_c248,1.0,103,248,68.0,13.0,69.0,14.0,68.5,13.5,11977.560472
g100_r103_c249,1.0,103,249,69.0,13.0,70.0,14.0,69.5,13.5,11977.560472
g100_r103_c250,1.0,103,250,70.0,13.0,71.0,14.0,70.5,13.5,11977.560472
g100_r103_c251,1.0,103,251,71.0,13.0,72.0,14.0,71.5,13.5,11977.560472
g100_r103_c252,1.0,103,252,72.0,13.0,73.0,14.0,72.5,13.5,11977.560472
g100_r103_c253,1.0,103,253,73.0,13.0,74.0,14.0,73.5,13.5,11977.560472
g100_r103_c254,1.0,103,254,74.0,13.0,75.0,14.0,74.5,13.5,11977.560472
g100_r103_c255,1.0,103,255,75.0,13.0,76.0,14.0,75.5,13.5,11977.560472
g100_r103_c256,1.0,103,256,76.0,13.0,77.0,14.0,76.5,13.5,11977.560472
g100_r103_c257,1.0,103,257,77.0,13.0,78.0,14.0,77.5,13.5,11977.560472
g100_r103_c258,1.0,103,258,78.0,13.0,79.0,14.0,78.5,13.5,11977.560472
g100_r103_c259,1.0,103,259,79.0,13.0,80.0,14.0,79.5,13.5,11977.560472
g100_r103_c260,1.0,103,260,80.0,13.0,81.0,14.0,80.5,13.5,11977.560472
g100_r103_c261,1.0,103,261,81.0,13.0,82.0,14.0,81.5,13.5,11977.560472
g100_r103_c262,1.0,103,262,82.0,13.0,83.0,14.0,82.5,13.5,11977.560472
g100_r103_c263,1.0,103,263,83.0,13.0,84.0,14.0,83.5,13.5,11977.560472
g100_r103_c264,1.0,103,264,84.0,13.0,85.0,14.0,84.5,13.5,11977.560472
g100_r103_c265,1.0,103,265,85.0,13.0,86.0,14.0,85.5,13.5,11977.560472
g100_r103_c266,1.0,103,266,86.0,13.0,87.0,14.0,86.5,13.5,11977.560472
g100_r103_c267,1.0,103,267,87.0,13.0,88.0,14.0,87.5,13.5,11977.560472
g100_r103_c268,1.0,103,268,88.0,13.0,89.0,14.0,88.5,13.5,11977.560472
g100_r103_c269,1.0,103,269,89.0,13.0,90.0,14.0,89.5,13.5,11977.560472
g100_r103_c270,1.0,103,270,90.0,13.0,91.0,14.0,90.5,13.5,11977.560472
g100_r103_c271,1.0,103,271,91.0,13.0,92.0,14.0,91.5,13.5,11977.560472
g100_r103_c272,1.0,103,272,92.0,13.0,93.0,14.0,92.5,13.5,11977.560472
g100_r103_c273,1.0,103,273,93.0,13.0,94.0,14.0,93.5,13.5,11977.560472
g100_r103_c274,1.0,103,274,94.0,13.0,95.0,14.0,94.5,13.5,11977.560472
g100_r103_c275,1.0,103,275,95.0,13.0,96.0,14.0,95.5,13.5,11977.560472
g100_r103_c276,1.0,103,276,96.0,13.0,97.0,14.0,96.5,13.5,11977.560472
g100_r103_c277,1.0,103,277,97.0,13.0,98.0,14.0,97.5,13.5,11977.560472
g100_r103_c278,1.0,103,278,98.0,13.0,99.0,14.0,98.5,13.5,11977.560472
g100_r103_c279,1.0,103,279,99.0,13.0,100.0,14.0,99.5,13.5,11977.560472
g100_r103_c280,1.0,103,280,100.0,13.0,101.0,14.0,100.5,13.5,11977.560472
g100_r103_c281,1.0,103,281,101.0,13.0,102.0,14.0,101.5,13.5,11977.560472
g100_r103_c282,1.0,103,282,102.0,13.0,103.0,14.0,102.5,13.5,11977.560472
g100_r103_c283,1.0,103,283,103.0,13.0,104.0,14.0,103.5,13.5,11977.560472
g100_r103_c284,1.0,103,284,104.0,13.0,105.0,14.0,104.5,13.5,11977.560472
g100_r103_c285,1.0,103,285,105.0,13.0,106.0,14.0,105.5,13.5,11977.560472
g100_r103_c286,1.0,103,286,106.0,13.0,107.0,14.0,106.5,13.5,11977.560472
g100_r103_c287,1.0,103,287,107.0,13.0,108.0,14.0,107.5,13.5,11977.560472
g100_r103_c288,1.0,103,288,108.0,13.0,109.0,14.0,108.5,13.5,11977.560472
g100_r103_c289,1.0,103,289,109.0,13.0,110.0,14.0,109.5,13.5,11977.560472
g100_r103_c290,1.0,103,290,110.0,13.0,111.0,14.0,110.5,13.5,11977.560472
g100_r103_c291,1.0,103,291,111.0,13.0,112.0,14.0,111.5,13.5,11977.560472
g100_r103_c292,1.0,103,292,112.0,13.0,113.0,14.0,112.5,13.5,11977.560472
g100_r103_c293,1.0,103,293,113.0,13.0,114.0,14.0,113.5,13.5,11977.560472
g100_r103_c294,1.0,103,294,114.0,13.0,115.0,14.0,114.5,13.5,11977.560472
g100_r103_c295,1.0,103,295,115.0,13.0,116.0,14.0,115.5,13.5,11977.560472
g100_r103_c296,1.0,103,296,116.0,13.0,117.0,14.0,116.5,13.5,11977.560472
g100_r103_c297,1.0,103,297,117.0,13.0,118.0,14.0,117.5,13.5,11977.560472
g100_r103_c298,1.0,103,298,118.0,13.0,119.0,14.0,118.5,13.5,11977.560472
g100_r103_c299,1.0,103,299,119.0,13.0,120.0,14.0,119.5,13.5,11977.560472
g100_r103_c300,1.0,103,300,120.0,13.0,121.0,14.0,120.5,13.5,11977.560472
g100_r103_c301,1.0,103,301,121.0,13.0,122.0,14.0,121.5,13.5,11977.560472
g100_r103_c302,1.0,103,302,122.0,13.0,123.0,14.0,122.5,13.5,11977.560472
g100_r103_c303,1.0,103,303,123.0,13.0,124.0,14.0,123.5,13.5,11977.560472
g100_r103_c304,1.0,103,304,124.0,13.0,125.0,14.0,124.5,13.5,11977.560472
g100_r103_c305,1.0,103,305,125.0,13.0,126.0,14.0,125.5,13.5,11977.560472
g100_r103_c306,1.0,103,306,126.0,13.0,127.0,14.0,126.5,13.5,11977.560472
g100_r103_c307,1.0,103,307,127.0,13.0,128.0,14.0,127.5,13.5,11977.560472
g100_r103_c308,1.0,103,308,128.0,13.0,129.0,14.0,128.5,13.5,11977.560472
g100_r103_c309,1.0,103,309,129.0,13.0,130.0,14.0,129.5,13.5,11977.560472
g100_r103_c310,1.0,103,310,130.0,13.0,131.0,14.0,130.5,13.5,11977.560472
g100_r103_c311,1.0,103,311,131.0,13.0,132.0,14.0,131.5,13.5,11977.560472
g100_r103_c312,1.0,103,312,132.0,13.0,133.0,14.0,132.5,13.5,11977.560472
g100_r103_c313,1.0,103,313,133.0,13.0,134.0,14.0,133.5,13.5,11977.560472
g100_r103_c314,1.0,103,314,134.0,13.0,135.0,14.0,134.5,13.5,11977.560472
g100_r103_c315,1.0,103,315,135.0,13.0,136.0,14.0,135.5,13.5,11977.560472
g100_r103_c316,1.0,103,316,136.0,13.0,137.0,14.0,136.5,13.5,11977.560472
g100_r103_c317,1.0,103,317,137.0,13.0,138.0,14.0,137.5,13.5,11977.560472
g100_r103_c318,1.0,103,318,138.0,13.0,139.0,14.0,138.5,13.5,11977.560472
g100_r103_c319,1.0,103,319,139.0,13.0,140.0,14.0,139.5,13.5,11977.560472
g100_r103_c320,1.0,103,320,140.0,13.0,141.0,14.0,140.5,13.5,11977.560472
g100_r103_c321,1.0,103,321,141.0,13.0,142.0,14.0,141.5,13.5,11977.560472
g100_r104_c240,1.0,104,240,60.0,14.0,61.0,15.0,60.5,14.5,11926.859509
g100_r104_c241,1.0,104,241,61.0,14.0,62.0,15.0,61.5,14.5,11926.859509
g100_r104_c242,1.0,104,242,62.0,14.0,63.0,15.0,62.5,14.5,11926.859509
g100_r104_c243,1.0,104,243,63.0,14.0,64.0,15.0,63.5,14.5,11926.859509
g100_r104_c244,1.0,104,244,64.0,14.0,65.0,15.0,64.5,14.5,11926.859509
g100_r104_c245,1.0,104,245,65.0,14.0,66.0,15.0,65.5,14.5,11926.859509
g100_r104_c246,1.0,104,246,66.0,14.0,67.0,15.0,66.5,14.5,11926.859509
g100_r104_c247,1.0,104,247,67.0,14.0,68.0,15.0,67.5,14.5,11926.859509
g100_r104_c248,1.0,104,248,68.0,14.0,69.0,15.0,68.5,14.5,11926.859509
g100_r104_c249,1.0,104,249,69.0,14.0,70.0,15.0,69.5,14.5,11926.859509
g100_r104_c250,1.0,104,250,70.0,14.0,71.0,15.0,70.5,14.5,11926.859509
g100_r104_c251,1.0,104,251,71.0,14.0,72.0,15.0,71.5,14.5,11926.859509
g100_r104_c252,1.0,104,252,72.0,14.0,73.0,15.0,72.5,14.5,11926.859509
g100_r104_c253,1.0,104,253,73.0,14.0,74.0,15.0,73.5,14.5,11926.859509
g100_r104_c254,1.0,104,254,74.0,14.0,75.0,15.0,74.5,14.5,11926.859509
g100_r104_c255,1.0,104,255,75.0,14.0,76.0,15.0,75.5,14.5,11926.859509
g100_r104_c256,1.0,104,256,76.0,14.0,77.0,15.0,76.5,14.5,11926.859509
g100_r104_c257,1.0,104,257,77.0,14.0,78.0,15.0,77.5,14.5,11926.859509
g100_r104_c258,1.0,104,258,78.0,14.0,79.0,15.0,78.5,14.5,11926.859509
g100_r104_c259,1.0,104,259,79.0,14.0,80.0,15.0,79.5,14.5,11926.859509
g100_r104_c260,1.0,104,260,80.0,14.0,81.0,15.0,80.5,14.5,11926.859509
g100_r104_c261,1.0,104,261,81.0,14.0,82.0,15.0,81.5,14.5,11926.859509
g100_r104_c262,1.0,104,262,82.0,14.0,83.0,15.0,82.5,14.5,11926.859509
g100_r104_c263,1.0,104,263,83.0,14.0,84.0,15.0,83.5,14.5,11926.859509
g100_r104_c264,1.0,104,264,84.0,14.0,85.0,15.0,84.5,14.5,11926.859509
g100_r104_c265,1.0,104,265,85.0,14.0,86.0,15.0,85.5,14.5,11926.859509
g100_r104_c266,1.0,104,266,86.0,14.0,87.0,15.0,86.5,14.5,11926.859509
g100_r104_c267,1.0,104,267,87.0,14.0,88.0,15.0,87.5,14.5,11926.859509
g100_r104_c268,1.0,104,268,88.0,14.0,89.0,15.0,88.5,14.5,11926.859509
g100_r104_c269,1.0,104,269,89.0,14.0,90.0,15.0,89.5,14.5,11926.859509
g100_r104_c270,1.0,104,270,90.0,14.0,91.0,15.0,90.5,14.5,11926.859509
g100_r104_c271,1.0,104,271,91.0,14.0,92.0,15.0,91.5,14.5,11926.859509
g100_r104_c272,1.0,104,272,92.0,14.0,93.0,15.0,92.5,14.5,11926.859509
g100_r104_c273,1.0,104,273,93.0,14.0,94.0,15.0,93.5,14.5,11926.859509
g100_r104_c274,1.0,104,274,94.0,14.0,95.0,15.0,94.5,14.5,11926.859509
g100_r104_c275,1.0,104,275,95.0,14.0,96.0,15.0,95.5,14.5,11926.859509
g100_r104_c276,1.0,104,276,96.0,14.0,97.0,15.0,96.5,14.5,11926.859509
g100_r104_c277,1.0,104,277,97.0,14.0,98.0,15.0,97.5,14.5,11926.859509
g100_r104_c278,1.0,104,278,98.0,14.0,99.0,15.0,98.5,14.5,11926.859509
g100_r104_c279,1.0,104,279,99.0,14.0,100.0,15.0,99.5,14.5,11926.859509
g100_r104_c280,1.0,104,280,100.0,14.0,101.0,15.0,100.5,14.5,11926.859509
g100_r104_c281,1.0,104,281,101.0,14.0,102.0,15.0,101.5,14.5,11926.859509
g100_r104_c282,1.0,104,282,102.0,14.0,103.0,15.0,102.5,14.5,11926.859509
g100_r104_c283,1.0,104,283,103.0,14.0,104.0,15.0,103.5,14.5,11926.859509
g100_r104_c284,1.0,104,284,104.0,14.0,105.0,15.0,104.5,14.5,11926.859509
g100_r104_c285,1.0,104,285,105.0,14.0,106.0,15.0,105.5,14.5,11926.859509
g100_r104_c286,1.0,104,286,106.0,14.0,107.0,15.0,106.5,14.5,11926.859509
g100_r104_c287,1.0,104,287,107.0,14.0,108.0,15.0,107.5,14.5,11926.859509
g100_r104_c288,1.0,104,288,108.0,14.0,109.0,15.0,108.5,14.5,11926.859509
g100_r104_c289,1.0,104,289,109.0,14.0,110.0,15.0,109.5,14.5,11926.859509
g100_r104_c290,1.0,104,290,110.0,14.0,111.0,15.0,110.5,14.5,11926.859509
g100_r104_c291,1.0,104,291,111.0,14.0,112.0,15.0,111.5,14.5,11926.859509
g100_r104_c292,1.0,104,292,112.0,14.0,113.0,15.0,112.5,14.5,11926.859509
g100_r104_c293,1.0,104,293,113.0,14.0,114.0,15.0,113.5,14.5,11926.859509
g100_r104_c294,1.0,104,294,114.0,14.0,115.0,15.0,114.5,14.5,11926.859509
g100_r104_c295,1.0,104,295,115.0,14.0,116.0,15.0,115.5,14.5,11926.859509
g100_r104_c296,1.0,104,296,116.0,14.0,117.0,15.0,116.5,14.5,11926.859509
g100_r104_c297,1.0,104,297,117.0,14.0,118.0,15.0,117.5,14.5,11926.859509
g100_r104_c298,1.0,104,298,118.0,14.0,119.0,15.0,118.5,14.5,11926.859509
g100_r104_c299,1.0,104,299,119.0,14.0,120.0,15.0,119.5,14.5,11926.859509
g100_r104_c300,1.0,104,300,120.0,14.0,121.0,15.0,120.5,14.5,11926.859509
g100_r104_c301,1.0,104,301,121.0,14.0,122.0,15.0,121.5,14.5,11926.859509
g100_r104_c302,1.0,104,302,122.0,14.0,123.0,15.0,122.5,14.5,11926.859509
g100_r104_c303,1.0,104,303,123.0,14.0,124.0,15.0,123.5,14.5,11926.859509
g100_r104_c304,1.0,104,304,124.0,14.0,125.0,15.0,124.5,14.5,11926.859509
g100_r104_c305,1.0,104,305,125.0,14.0,126.0,15.0,125.5,14.5,11926.859509
g100_r104_c306,1.0,104,306,126.0,14.0,127.0,15.0,126.5,14.5,11926.859509
g100_r104_c307,1.0,104,307,127.0,14.0,128.0,15.0,127.5,14.5,11926.859509
g100_r104_c308,1.0,104,308,128.0,14.0,129.0,15.0,128.5,14.5,11926.859509
g100_r104_c309,1.0,104,309,129.0,14.0,130.0,15.0,129.5,14.5,11926.859509
g100_r104_c310,1.0,104,310,130.0,14.0,131.0,15.0,130.5,14.5,11926.859509
g100_r104_c311,1.0,104,311,131.0,14.0,132.0,15.0,131.5,14.5,11926.859509
g100_r104_c312,1.0,104,312,132.0,14.0,133.0,15.0,132.5,14.5,11926.859509
g100_r104_c313,1.0,104,313,133.0,14.0,134.0,15.0,133.5,14.5,11926.859509
g100_r104_c314,1.0,104,314,134.0,14.0,135.0,15.0,134.5,14.5,11926.859509
g100_r104_c315,1.0,104,315,135.0,14.0,136.0,15.0,135.5,14.5,11926.859509
g100_r104_c316,1.0,104,316,136.0,14.0,137.0,15.0,136.5,14.5,11926.859509
g100_r104_c317,1.0,104,317,137.0,14.0,138.0,15.0,137.5,14.5,11926.859509
g100_r104_c318,1.0,104,318,138.0,14.0,139.0,15.0,138.5,14.5,11926.859509
g100_r104_c319,1.0,104,319,139.0,14.0,140.0,15.0,139.5,14.5,11926.859509
g100_r104_c320,1.0,104,320,140.0,14.0,141.0,15.0,140.5,14.5,11926.859509
g100_r104_c321,1.0,104,321,141.0,14.0,142.0,15.0,141.5,14.5,11926.859509
g100_r105_c240,1.0,105,240,60.0,15.0,61.0,16.0,60.5,15.5,11872.598634
g100_r105_c241,1.0,105,241,61.0,15.0,62.0,16.0,61.5,15.5,11872.598634
g100_r105_c242,1.0,105,242,62.0,15.0,63.0,16.0,62.5,15.5,11872.598634
g100_r105_c243,1.0,105,243,63.0,15.0,64.0,16.0,63.5,15.5,11872.598634
g100_r105_c244,1.0,105,244,64.0,15.0,65.0,16.0,64.5,15.5,11872.598634
g100_r105_c245,1.0,105,245,65.0,15.0,66.0,16.0,65.5,15.5,11872.598634
g100_r105_c246,1.0,105,246,66.0,15.0,67.0,16.0,66.5,15.5,11872.598634
g100_r105_c247,1.0,105,247,67.0,15.0,68.0,16.0,67.5,15.5,11872.598634
g100_r105_c248,1.0,105,248,68.0,15.0,69.0,16.0,68.5,15.5,11872.598634
g100_r105_c249,1.0,105,249,69.0,15.0,70.0,16.0,69.5,15.5,11872.598634
g100_r105_c250,1.0,105,250,70.0,15.0,71.0,16.0,70.5,15.5,11872.598634
g100_r105_c251,1.0,105,251,71.0,15.0,72.0,16.0,71.5,15.5,11872.598634
g100_r105_c252,1.0,105,252,72.0,15.0,73.0,16.0,72.5,15.5,11872.598634
g100_r105_c253,1.0,105,253,73.0,15.0,74.0,16.0,73.5,15.5,11872.598634
g100_r105_c254,1.0,105,254,74.0,15.0,75.0,16.0,74.5,15.5,11872.598634
g100_r105_c255,1.0,105,255,75.0,15.0,76.0,16.0,75.5,15.5,11872.598634
g100_r105_c256,1.0,105,256,76.0,15.0,77.0,16.0,76.5,15.5,11872.598634
g100_r105_c257,1.0,105,257,77.0,15.0,78.0,16.0,77.5,15.5,11872.598634
g100_r105_c258,1.0,105,258,78.0,15.0,79.0,16.0,78.5,15.5,11872.598634
g100_r105_c259,1.0,105,259,79.0,15.0,80.0,16.0,79.5,15.5,11872.598634
g100_r105_c260,1.0,105,260,80.0,15.0,81.0,16.0,80.5,15.5,11872.598634
g100_r105_c261,1.0,105,261,81.0,15.0,82.0,16.0,81.5,15.5,11872.598634
g100_r105_c262,1.0,105,262,82.0,15.0,83.0,16.0,82.5,15.5,11872.598634
g100_r105_c263,1.0,105,263,83.0,15.0,84.0,16.0,83.5,15.5,11872.598634
g100_r105_c264,1.0,105,264,84.0,15.0,85.0,16.0,84.5,15.5,11872.598634
g100_r105_c265,1.0,105,265,85.0,15.0,86.0,16.0,85.5,15.5,11872.598634
g100_r105_c266,1.0,105,266,86.0,15.0,87.0,16.0,86.5,15.5,11872.598634
g100_r105_c267,1.0,105,267,87.0,15.0,88.0,16.0,87.5,15.5,11872.598634
g100_r105_c268,1.0,105,268,88.0,15.0,89.0,16.0,88.5,15.5,11872.598634
g100_r105_c269,1.0,105,269,89.0,15.0,90.0,16.0,89.5,15.5,11872.598634
g100_r105_c270,1.0,105,270,90.0,15.0,91.0,16.0,90.5,15.5,11872.598634
g100_r105_c271,1.0,105,271,91.0,15.0,92.0,16.0,91.5,15.5,11872.598634
g100_r105_c272,1.0,105,272,92.0,15.0,93.0,16.0,92.5,15.5,11872.598634
g100_r105_c273,1.0,105,273,93.0,15.0,94.0,16.0,93.5,15.5,11872.598634
g100_r105_c274,1.0,105,274,94.0,15.0,95.0,16.0,94.5,15.5,11872.598634
g100_r105_c275,1.0,105,275,95.0,15.0,96.0,16.0,95.5,15.5,11872.598634
g100_r105_c276,1.0,105,276,96.0,15.0,97.0,16.0,96.5,15.5,11872.598634
g100_r105_c277,1.0,105,277,97.0,15.0,98.0,16.0,97.5,15.5,11872.598634
g100_r105_c278,1.0,105,278,98.0,15.0,99.0,16.0,98.5,15.5,11872.598634
g100_r105_c279,1.0,105,279,99.0,15.0,100.0,16.0,99.5,15.5,11872.598634
g100_r105_c280,1.0,105,280,100.0,15.0,101.0,16.0,100.5,15.5,11872.598634
g100_r105_c281,1.0,105,281,101.0,15.0,102.0,16.0,101.5,15.5,11872.598634
g100_r105_c282,1.0,105,282,102.0,15.0,103.0,16.0,102.5,15.5,11872.598634
g100_r105_c283,1.0,105,283,103.0,15.0,104.0,16.0,103.5,15.5,11872.598634
g100_r105_c284,1.0,105,284,104.0,15.0,105.0,16.0,104.5,15.5,11872.598634
g100_r105_c285,1.0,105,285,105.0,15.0,106.0,16.0,105.5,15.5,11872.598634
g100_r105_c286,1.0,105,286,106.0,15.0,107.0,16.0,106.5,15.5,11872.598634
g100_r105_c287,1.0,105,287,107.0,15.0,108.0,16.0,107.5,15.5,11872.598634
g100_r105_c288,1.0,105,288,108.0,15.0,109.0,16.0,108.5,15.5,11872.598634
g100_r105_c289,1.0,105,289,109.0,15.0,110.0,16.0,109.5,15.5,11872.598634
g100_r105_c290,1.0,105,290,110.0,15.0,111.0,16.0,110.5,15.5,11872.598634
g100_r105_c291,1.0,105,291,111.0,15.0,112.0,16.0,111.5,15.5,11872.598634
g100_r105_c292,1.0,105,292,112.0,15.0,113.0,16.0,112.5,15.5,11872.598634
g100_r105_c293,1.0,105,293,113.0,15.0,114.0,16.0,113.5,15.5,11872.598634
g100_r105_c294,1.0,105,294,114.0,15.0,115.0,16.0,114.5,15.5,11872.598634
g100_r105_c295,1.0,105,295,115.0,15.0,116.0,16.0,115.5,15.5,11872.598634
g100_r105_c296,1.0,105,296,116.0,15.0,117.0,16.0,116.5,15.5,11872.598634
g100_r105_c297,1.0,105,297,117.0,15.0,118.0,16.0,117.5,15.5,11872.598634
g100_r105_c298,1.0,105,298,118.0,15.0,119.0,16.0,118.5,15.5,11872.598634
g100_r105_c299,1.0,105,299,119.0,15.0,120.0,16.0,119.5,15.5,11872.598634
g100_r105_c300,1.0,105,300,120.0,15.0,121.0,16.0,120.5,15.5,11872.598634
g100_r105_c301,1.0,105,301,121.0,15.0,122.0,16.0,121.5,15.5,11872.598634
g100_r105_c302,1.0,105,302,122.0,15.0,123.0,16.0,122.5,15.5,11872.598634
g100_r105_c303,1.0,105,303,123.0,15.0,124.0,16.0,123.5,15.5,11872.598634
g100_r105_c304,1.0,105,304,124.0,15.0,125.0,16.0,124.5,15.5,11872.598634
g100_r105_c305,1.0,105,305,125.0,15.0,126.0,16.0,125.5,15.5,11872.598634
g100_r105_c306,1.0,105,306,126.0,15.0,127.0,16.0,126.5,15.5,11872.598634
g100_r105_c307,1.0,105,307,127.0,15.0,128.0,16.0,127.5,15.5,11872.598634
g100_r105_c308,1.0,105,308,128.0,15.0,129.0,16.0,128.5,15.5,11872.598634
g100_r105_c309,1.0,105,309,129.0,15.0,130.0,16.0,129.5,15.5,11872.598634
g100_r105_c310,1.0,105,310,130.0,15.0,131.0,16.0,130.5,15.5,11872.598634
g100_r105_c311,1.0,105,311,131.0,15.0,132.0,16.0,131.5,15.5,11872.598634
g100_r105_c312,1.0,105,312,132.0,15.0,133.0,16.0,132.5,15.5,11872.598634
g100_r105_c313,1.0,105,313,133.0,15.0,134.0,16.0,133.5,15.5,11872.598634
g100_r105_c314,1.0,105,314,134.0,15.0,135.0,16.0,134.5,15.5,11872.598634
g100_r105_c315,1.0,105,315,135.0,15.0,136.0,16.0,135.5,15.5,11872.598634
g100_r105_c316,1.0,105,316,136.0,15.0,137.0,16.0,136.5,15.5,11872.598634
g100_r105_c317,1.0,105,317,137.0,15.0,138.0,16.0,137.5,15.5,11872.598634
g100_r105_c318,1.0,105,318,138.0,15.0,139.0,16.0,138.5,15.5,11872.598634
g100_r105_c319,1.0,105,319,139.0,15.0,140.0,16.0,139.5,15.5,11872.598634
g100_r105_c320,1.0,105,320,140.0,15.0,141.0,16.0,140.5,15.5,11872.598634
g100_r105_c321,1.0,105,321,141.0,15.0,142.0,16.0,141.5,15.5,11872.598634
g100_r106_c240,1.0,106,240,60.0,16.0,61.0,17.0,60.5,16.5,11814.790695
g100_r106_c241,1.0,106,241,61.0,16.0,62.0,17.0,61.5,16.5,11814.790695
g100_r106_c242,1.0,106,242,62.0,16.0,63.0,17.0,62.5,16.5,11814.790695
g100_r106_c243,1.0,106,243,63.0,16.0,64.0,17.0,63.5,16.5,11814.790695
g100_r106_c244,1.0,106,244,64.0,16.0,65.0,17.0,64.5,16.5,11814.790695
g100_r106_c245,1.0,106,245,65.0,16.0,66.0,17.0,65.5,16.5,11814.790695
g100_r106_c246,1.0,106,246,66.0,16.0,67.0,17.0,66.5,16.5,11814.790695
g100_r106_c247,1.0,106,247,67.0,16.0,68.0,17.0,67.5,16.5,11814.790695
g100_r106_c248,1.0,106,248,68.0,16.0,69.0,17.0,68.5,16.5,11814.790695
g100_r106_c249,1.0,106,249,69.0,16.0,70.0,17.0,69.5,16.5,11814.790695
g100_r106_c250,1.0,106,250,70.0,16.0,71.0,17.0,70.5,16.5,11814.790695
g100_r106_c251,1.0,106,251,71.0,16.0,72.0,17.0,71.5,16.5,11814.790695
g100_r106_c252,1.0,106,252,72.0,16.0,73.0,17.0,72.5,16.5,11814.790695
g100_r106_c253,1.0,106,253,73.0,16.0,74.0,17.0,73.5,16.5,11814.790695
g100_r106_c254,1.0,106,254,74.0,16.0,75.0,17.0,74.5,16.5,11814.790695
g100_r106_c255,1.0,106,255,75.0,16.0,76.0,17.0,75.5,16.5,11814.790695
g100_r106_c256,1.0,106,256,76.0,16.0,77.0,17.0,76.5,16.5,11814.790695
g100_r106_c257,1.0,106,257,77.0,16.0,78.0,17.0,77.5,16.5,11814.790695
g100_r106_c258,1.0,106,258,78.0,16.0,79.0,17.0,78.5,16.5,11814.790695
g100_r106_c259,1.0,106,259,79.0,16.0,80.0,17.0,79.5,16.5,11814.790695
g100_r106_c260,1.0,106,260,80.0,16.0,81.0,17.0,80.5,16.5,11814.790695
g100_r106_c261,1.0,106,261,81.0,16.0,82.0,17.0,81.5,16.5,11814.790695
g100_r106_c262,1.0,106,262,82.0,16.0,83.0,17.0,82.5,16.5,11814.790695
g100_r106_c263,1.0,106,263,83.0,16.0,84.0,17.0,83.5,16.5,11814.790695
g100_r106_c264,1.0,106,264,84.0,16.0,85.0,17.0,84.5,16.5,11814.790695
g100_r106_c265,1.0,106,265,85.0,16.0,86.0,17.0,85.5,16.5,11814.790695
g100_r106_c266,1.0,106,266,86.0,16.0,87.0,17.0,86.5,16.5,11814.790695
g100_r106_c267,1.0,106,267,87.0,16.0,88.0,17.0,87.5,16.5,11814.790695
g100_r106_c268,1.0,106,268,88.0,16.0,89.0,17.0,88.5,16.5,11814.790695
g100_r106_c269,1.0,106,269,89.0,16.0,90.0,17.0,89.5,16.5,11814.790695
g100_r106_c270,1.0,106,270,90.0,16.0,91.0,17.0,90.5,16.5,11814.790695
g100_r106_c271,1.0,106,271,91.0,16.0,92.0,17.0,91.5,16.5,11814.790695
g100_r106_c272,1.0,106,272,92.0,16.0,93.0,17.0,92.5,16.5,11814.790695
g100_r106_c273,1.0,106,273,93.0,16.0,94.0,17.0,93.5,16.5,11814.790695
g100_r106_c274,1.0,106,274,94.0,16.0,95.0,17.0,94.5,16.5,11814.790695
g100_r106_c275,1.0,106,275,95.0,16.0,96.0,17.0,95.5,16.5,11814.790695
g100_r106_c276,1.0,106,276,96.0,16.0,97.0,17.0,96.5,16.5,11814.790695
g100_r106_c277,1.0,106,277,97.0,16.0,98.0,17.0,97.5,16.5,11814.790695
g100_r106_c278,1.0,106,278,98.0,16.0,99.0,17.0,98.5,16.5,11814.790695
g100_r106_c279,1.0,106,279,99.0,16.0,100.0,17.0,99.5,16.5,11814.790695
g100_r106_c280,1.0,106,280,100.0,16.0,101.0,17.0,100.5,16.5,11814.790695
g100_r106_c281,1.0,106,281,101.0,16.0,102.0,17.0,101.5,16.5,11814.790695
g100_r106_c282,1.0,106,282,102.0,16.0,103.0,17.0,102.5,16.5,11814.790695
g100_r106_c283,1.0,106,283,103.0,16.0,104.0,17.0,103.5,16.5,11814.790695
g100_r106_c284,1.0,106,284,104.0,16.0,105.0,17.0,104.5,16.5,11814.790695
g100_r106_c285,1.0,106,285,105.0,16.0,106.0,17.0,105.5,16.5,11814.790695
g100_r106_c286,1.0,106,286,106.0,16.0,107.0,17.0,106.5,16.5,11814.790695
g100_r106_c287,1.0,106,287,107.0,16.0,108.0,17.0,107.5,16.5,11814.790695
g100_r106_c288,1.0,106,288,108.0,16.0,109.0,17.0,108.5,16.5,11814.790695
g100_r106_c289,1.0,106,289,109.0,16.0,110.0,17.0,109.5,16.5,11814.790695
g100_r106_c290,1.0,106,290,110.0,16.0,111.0,17.0,110.5,16.5,11814.790695
g100_r106_c291,1.0,106,291,111.0,16.0,112.0,17.0,111.5,16.5,11814.790695
g100_r106_c292,1.0,106,292,112.0,16.0,113.0,17.0,112.5,16.5,11814.790695
g100_r106_c293,1.0,106,293,113.0,16.0,114.0,17.0,113.5,16.5,11814.790695
g100_r106_c294,1.0,106,294,114.0,16.0,115.0,17.0,114.5,16.5,11814.790695
g100_r106_c295,1.0,106,295,115.0,16.0,116.0,17.0,115.5,16.5,11814.790695
g100_r106_c296,1.0,106,296,116.0,16.0,117.0,17.0,116.5,16.5,11814.790695
g100_r106_c297,1.0,106,297,117.0,16.0,118.0,17.0,117.5,16.5,11814.790695
g100_r106_c298,1.0,106,298,118.0,16.0,119.0,17.0,118.5,16.5,11814.790695
g100_r106_c299,1.0,106,299,119.0,16.0,120.0,17.0,119.5,16.5,11814.790695
g100_r106_c300,1.0,106,300,120.0,16.0,121.0,17.0,120.5,16.5,11814.790695
g100_r106_c301,1.0,106,301,121.0,16.0,122.0,17.0,121.5,16.5,11814.790695
g100_r106_c302,1.0,106,302,122.0,16.0,123.0,17.0,122.5,16.5,11814.790695
g100_r106_c303,1.0,106,303,123.0,16.0,124.0,17.0,123.5,16.5,11814.790695
g100_r106_c304,1.0,106,304,124.0,16.0,125.0,17.0,124.5,16.5,11814.790695
g100_r106_c305,1.0,106,305,125.0,16.0,126.0,17.0,125.5,16.5,11814.790695
g100_r106_c306,1.0,106,306,126.0,16.0,127.0,17.0,126.5,16.5,11814.790695
g100_r106_c307,1.0,106,307,127.0,16.0,128.0,17.0,127.5,16.5,11814.790695
g100_r106_c308,1.0,106,308,128.0,16.0,129.0,17.0,128.5,16.5,11814.790695
g100_r106_c309,1.0,106,309,129.0,16.0,130.0,17.0,129.5,16.5,11814.790695
g100_r106_c310,1.0,106,310,130.0,16.0,131.0,17.0,130.5,16.5,11814.790695
g100_r106_c311,1.0,106,311,131.0,16.0,132.0,17.0,131.5,16.5,11814.790695
g100_r106_c312,1.0,106,312,132.0,16.0,133.0,17.0,132.5,16.5,11814.790695
g100_r106_c313,1.0,106,313,133.0,16.0,134.0,17.0,133.5,16.5,11814.790695
g100_r106_c314,1.0,106,314,134.0,16.0,135.0,17.0,134.5,16.5,11814.790695
g100_r106_c315,1.0,106,315,135.0,16.0,136.0,17.0,135.5,16.5,11814.790695
g100_r106_c316,1.0,106,316,136.0,16.0,137.0,17.0,136.5,16.5,11814.790695
g100_r106_c317,1.0,106,317,137.0,16.0,138.0,17.0,137.5,16.5,11814.790695
g100_r106_c318,1.0,106,318,138.0,16.0,139.0,17.0,138.5,16.5,11814.790695
g100_r106_c319,1.0,106,319,139.0,16.0,140.0,17.0,139.5,16.5,11814.790695
g100_r106_c320,1.0,106,320,140.0,16.0,141.0,17.0,140.5,16.5,11814.790695
g100_r106_c321,1.0,106,321,141.0,16.0,142.0,17.0,141.5,16.5,11814.790695
g100_r107_c240,1.0,107,240,60.0,17.0,61.0,18.0,60.5,17.5,11753.449434
g100_r107_c241,1.0,107,241,61.0,17.0,62.0,18.0,61.5,17.5,11753.449434
g100_r107_c242,1.0,107,242,62.0,17.0,63.0,18.0,62.5,17.5,11753.449434
g100_r107_c243,1.0,107,243,63.0,17.0,64.0,18.0,63.5,17.5,11753.449434
g100_r107_c244,1.0,107,244,64.0,17.0,65.0,18.0,64.5,17.5,11753.449434
g100_r107_c245,1.0,107,245,65.0,17.0,66.0,18.0,65.5,17.5,11753.449434
g100_r107_c246,1.0,107,246,66.0,17.0,67.0,18.0,66.5,17.5,11753.449434
g100_r107_c247,1.0,107,247,67.0,17.0,68.0,18.0,67.5,17.5,11753.449434
g100_r107_c248,1.0,107,248,68.0,17.0,69.0,18.0,68.5,17.5,11753.449434
g100_r107_c249,1.0,107,249,69.0,17.0,70.0,18.0,69.5,17.5,11753.449434
g100_r107_c250,1.0,107,250,70.0,17.0,71.0,18.0,70.5,17.5,11753.449434
g100_r107_c251,1.0,107,251,71.0,17.0,72.0,18.0,71.5,17.5,11753.449434
g100_r107_c252,1.0,107,252,72.0,17.0,73.0,18.0,72.5,17.5,11753.449434
g100_r107_c253,1.0,107,253,73.0,17.0,74.0,18.0,73.5,17.5,11753.449434
g100_r107_c254,1.0,107,254,74.0,17.0,75.0,18.0,74.5,17.5,11753.449434
g100_r107_c255,1.0,107,255,75.0,17.0,76.0,18.0,75.5,17.5,11753.449434
g100_r107_c256,1.0,107,256,76.0,17.0,77.0,18.0,76.5,17.5,11753.449434
g100_r107_c257,1.0,107,257,77.0,17.0,78.0,18.0,77.5,17.5,11753.449434
g100_r107_c258,1.0,107,258,78.0,17.0,79.0,18.0,78.5,17.5,11753.449434
g100_r107_c259,1.0,107,259,79.0,17.0,80.0,18.0,79.5,17.5,11753.449434
g100_r107_c260,1.0,107,260,80.0,17.0,81.0,18.0,80.5,17.5,11753.449434
g100_r107_c261,1.0,107,261,81.0,17.0,82.0,18.0,81.5,17.5,11753.449434
g100_r107_c262,1.0,107,262,82.0,17.0,83.0,18.0,82.5,17.5,11753.449434
g100_r107_c263,1.0,107,263,83.0,17.0,84.0,18.0,83.5,17.5,11753.449434
g100_r107_c264,1.0,107,264,84.0,17.0,85.0,18.0,84.5,17.5,11753.449434
g100_r107_c265,1.0,107,265,85.0,17.0,86.0,18.0,85.5,17.5,11753.449434
g100_r107_c266,1.0,107,266,86.0,17.0,87.0,18.0,86.5,17.5,11753.449434
g100_r107_c267,1.0,107,267,87.0,17.0,88.0,18.0,87.5,17.5,11753.449434
g100_r107_c268,1.0,107,268,88.0,17.0,89.0,18.0,88.5,17.5,11753.449434
g100_r107_c269,1.0,107,269,89.0,17.0,90.0,18.0,89.5,17.5,11753.449434
g100_r107_c270,1.0,107,270,90.0,17.0,91.0,18.0,90.5,17.5,11753.449434
g100_r107_c271,1.0,107,271,91.0,17.0,92.0,18.0,91.5,17.5,11753.449434
g100_r107_c272,1.0,107,272,92.0,17.0,93.0,18.0,92.5,17.5,11753.449434
g100_r107_c273,1.0,107,273,93.0,17.0,94.0,18.0,93.5,17.5,11753.449434
g100_r107_c274,1.0,107,274,94.0,17.0,95.0,18.0,94.5,17.5,11753.449434
g100_r107_c275,1.0,107,275,95.0,17.0,96.0,18.0,95.5,17.5,11753.449434
g100_r107_c276,1.0,107,276,96.0,17.0,97.0,18.0,96.5,17.5,11753.449434
g100_r107_c277,1.0,107,277,97.0,17.0,98.0,18.0,97.5,17.5,11753.449434
g100_r107_c278,1.0,107,278,98.0,17.0,99.0,18.0,98.5,17.5,11753.449434
g100_r107_c279,1.0,107,279,99.0,17.0,100.0,18.0,99.5,17.5,11753.449434
g100_r107_c280,1.0,107,280,100.0,17.0,101.0,18.0,100.5,17.5,11753.449434
g100_r107_c281,1.0,107,281,101.0,17.0,102.0,18.0,101.5,17.5,11753.449434
g100_r107_c282,1.0,107,282,102.0,17.0,103.0,18.0,102.5,17.5,11753.449434
g100_r107_c283,1.0,107,283,103.0,17.0,104.0,18.0,103.5,17.5,11753.449434
g100_r107_c284,1.0,107,284,104.0,17.0,105.0,18.0,104.5,17.5,11753.449434
g100_r107_c285,1.0,107,285,105.0,17.0,106.0,18.0,105.5,17.5,11753.449434
g100_r107_c286,1.0,107,286,106.0,17.0,107.0,18.0,106.5,17.5,11753.449434
g100_r107_c287,1.0,107,287,107.0,17.0,108.0,18.0,107.5,17.5,11753.449434
g100_r107_c288,1.0,107,288,108.0,17.0,109.0,18.0,108.5,17.5,11753.449434
g100_r107_c289,1.0,107,289,109.0,17.0,110.0,18.0,109.5,17.5,11753.449434
g100_r107_c290,1.0,107,290,110.0,17.0,111.0,18.0,110.5,17.5,11753.449434
g100_r107_c291,1.0,107,291,111.0,17.0,112.0,18.0,111.5,17.5,11753.449434
g100_r107_c292,1.0,107,292,112.0,17.0,113.0,18.0,112.5,17.5,11753.449434
g100_r107_c293,1.0,107,293,113.0,17.0,114.0,18.0,113.5,17.5,11753.449434
g100_r107_c294,1.0,107,294,114.0,17.0,115.0,18.0,114.5,17.5,11753.449434
g100_r107_c295,1.0,107,295,115.0,17.0,116.0,18.0,115.5,17.5,11753.449434
g100_r107_c296,1.0,107,296,116.0,17.0,117.0,18.0,116.5,17.5,11753.449434
g100_r107_c297,1.0,107,297,117.0,17.0,118.0,18.0,117.5,17.5,11753.449434
g100_r107_c298,1.0,107,298,118.0,17.0,119.0,18.0,118.5,17.5,11753.449434
g100_r107_c299,1.0,107,299,119.0,17.0,120.0,18.0,119.5,17.5,11753.449434
g100_r107_c300,1.0,107,300,120.0,17.0,121.0,18.0,120.5,17.5,11753.449434
g100_r107_c301,1.0,107,301,121.0,17.0,122.0,18.0,121.5,17.5,11753.449434
g100_r107_c302,1.0,107,302,122.0,17.0,123.0,18.0,122.5,17.5,11753.449434
g100_r107_c303,1.0,107,303,123.0,17.0,124.0,18.0,123.5,17.5,11753.449434
g100_r107_c304,1.0,107,304,124.0,17.0,125.0,18.0,124.5,17.5,11753.449434
g100_r107_c305,1.0,107,305,125.0,17.0,126.0,18.0,125.5,17.5,11753.449434
g100_r107_c306,1.0,107,306,126.0,17.0,127.0,18.0,126.5,17.5,11753.449434
g100_r107_c307,1.0,107,307,127.0,17.0,128.0,18.0,127.5,17.5,11753.449434
g100_r107_c308,1.0,107,308,128.0,17.0,129.0,18.0,128.5,17.5,11753.449434
g100_r107_c309,1.0,107,309,129.0,17.0,130.0,18.0,129.5,17.5,11753.449434
g100_r107_c310,1.0,107,310,130.0,17.0,131.0,18.0,130.5,17.5,11753.449434
g100_r107_c311,1.0,107,311,131.0,17.0,132.0,18.0,131.5,17.5,11753.449434
g100_r107_c312,1.0,107,312,132.0,17.0,133.0,18.0,132.5,17.5,11753.449434
g100_r107_c313,1.0,107,313,133.0,17.0,134.0,18.0,133.5,17.5,11753.449434
g100_r107_c314,1.0,107,314,134.0,17.0,135.0,18.0,134.5,17.5,11753.449434
g100_r107_c315,1.0,107,315,135.0,17.0,136.0,18.0,135.5,17.5,11753.449434
g100_r107_c316,1.0,107,316,136.0,17.0,137.0,18.0,136.5,17.5,11753.449434
g100_r107_c317,1.0,107,317,137.0,17.0,138.0,18.0,137.5,17.5,11753.449434
g100_r107_c318,1.0,107,318,138.0,17.0,139.0,18.0,138.5,17.5,11753.449434
g100_r107_c319,1.0,107,319,139.0,17.0,140.0,18.0,139.5,17.5,11753.449434
g100_r107_c320,1.0,107,320,140.0,17.0,141.0,18.0,140.5,17.5,11753.449434
g100_r107_c321,1.0,107,321,141.0,17.0,142.0,18.0,141.5,17.5,11753.449434
g100_r108_c240,1.0,108,240,60.0,18.0,61.0,19.0,60.5,18.5,11688.589485
g100_r108_c241,1.0,108,241,61.0,18.0,62.0,19.0,61.5,18.5,11688.589485
g100_r108_c242,1.0,108,242,62.0,18.0,63.0,19.0,62.5,18.5,11688.589485
g100_r108_c243,1.0,108,243,63.0,18.0,64.0,19.0,63.5,18.5,11688.589485
g100_r108_c244,1.0,108,244,64.0,18.0,65.0,19.0,64.5,18.5,11688.589485
g100_r108_c245,1.0,108,245,65.0,18.0,66.0,19.0,65.5,18.5,11688.589485
g100_r108_c246,1.0,108,246,66.0,18.0,67.0,19.0,66.5,18.5,11688.589485
g100_r108_c247,1.0,108,247,67.0,18.0,68.0,19.0,67.5,18.5,11688.589485
g100_r108_c248,1.0,108,248,68.0,18.0,69.0,19.0,68.5,18.5,11688.589485
g100_r108_c249,1.0,108,249,69.0,18.0,70.0,19.0,69.5,18.5,11688.589485
g100_r108_c250,1.0,108,250,70.0,18.0,71.0,19.0,70.5,18.5,11688.589485
g100_r108_c251,1.0,108,251,71.0,18.0,72.0,19.0,71.5,18.5,11688.589485
g100_r108_c252,1.0,108,252,72.0,18.0,73.0,19.0,72.5,18.5,11688.589485
g100_r108_c253,1.0,108,253,73.0,18.0,74.0,19.0,73.5,18.5,11688.589485
g100_r108_c254,1.0,108,254,74.0,18.0,75.0,19.0,74.5,18.5,11688.589485
g100_r108_c255,1.0,108,255,75.0,18.0,76.0,19.0,75.5,18.5,11688.589485
g100_r108_c256,1.0,108,256,76.0,18.0,77.0,19.0,76.5,18.5,11688.589485
g100_r108_c257,1.0,108,257,77.0,18.0,78.0,19.0,77.5,18.5,11688.589485
g100_r108_c258,1.0,108,258,78.0,18.0,79.0,19.0,78.5,18.5,11688.589485
g100_r108_c259,1.0,108,259,79.0,18.0,80.0,19.0,79.5,18.5,11688.589485
g100_r108_c260,1.0,108,260,80.0,18.0,81.0,19.0,80.5,18.5,11688.589485
g100_r108_c261,1.0,108,261,81.0,18.0,82.0,19.0,81.5,18.5,11688.589485
g100_r108_c262,1.0,108,262,82.0,18.0,83.0,19.0,82.5,18.5,11688.589485
g100_r108_c263,1.0,108,263,83.0,18.0,84.0,19.0,83.5,18.5,11688.589485
g100_r108_c264,1.0,108,264,84.0,18.0,85.0,19.0,84.5,18.5,11688.589485
g100_r108_c265,1.0,108,265,85.0,18.0,86.0,19.0,85.5,18.5,11688.589485
g100_r108_c266,1.0,108,266,86.0,18.0,87.0,19.0,86.5,18.5,11688.589485
g100_r108_c267,1.0,108,267,87.0,18.0,88.0,19.0,87.5,18.5,11688.589485
g100_r108_c268,1.0,108,268,88.0,18.0,89.0,19.0,88.5,18.5,11688.589485
g100_r108_c269,1.0,108,269,89.0,18.0,90.0,19.0,89.5,18.5,11688.589485
g100_r108_c270,1.0,108,270,90.0,18.0,91.0,19.0,90.5,18.5,11688.589485
g100_r108_c271,1.0,108,271,91.0,18.0,92.0,19.0,91.5,18.5,11688.589485
g100_r108_c272,1.0,108,272,92.0,18.0,93.0,19.0,92.5,18.5,11688.589485
g100_r108_c273,1.0,108,273,93.0,18.0,94.0,19.0,93.5,18.5,11688.589485
g100_r108_c274,1.0,108,274,94.0,18.0,95.0,19.0,94.5,18.5,11688.589485
g100_r108_c275,1.0,108,275,95.0,18.0,96.0,19.0,95.5,18.5,11688.589485
g100_r108_c276,1.0,108,276,96.0,18.0,97.0,19.0,96.5,18.5,11688.589485
g100_r108_c277,1.0,108,277,97.0,18.0,98.0,19.0,97.5,18.5,11688.589485
g100_r108_c278,1.0,108,278,98.0,18.0,99.0,19.0,98.5,18.5,11688.589485
g100_r108_c279,1.0,108,279,99.0,18.0,100.0,19.0,99.5,18.5,11688.589485
g100_r108_c280,1.0,108,280,100.0,18.0,101.0,19.0,100.5,18.5,11688.589485
g100_r108_c281,1.0,108,281,101.0,18.0,102.0,19.0,101.5,18.5,11688.589485
g100_r108_c282,1.0,108,282,102.0,18.0,103.0,19.0,102.5,18.5,11688.589485
g100_r108_c283,1.0,108,283,103.0,18.0,104.0,19.0,103.5,18.5,11688.589485
g100_r108_c284,1.0,108,284,104.0,18.0,105.0,19.0,104.5,18.5,11688.589485
g100_r108_c285,1.0,108,285,105.0,18.0,106.0,19.0,105.5,18.5,11688.589485
g100_r108_c286,1.0,108,286,106.0,18.0,107.0,19.0,106.5,18.5,11688.589485
g100_r108_c287,1.0,108,287,107.0,18.0,108.0,19.0,107.5,18.5,11688.589485
g100_r108_c288,1.0,108,288,108.0,18.0,109.0,19.0,108.5,18.5,11688.589485
g100_r108_c289,1.0,108,289,109.0,18.0,110.0,19.0,109.5,18.5,11688.589485
g100_r108_c290,1.0,108,290,110.0,18.0,111.0,19.0,110.5,18.5,11688.589485
g100_r108_c291,1.0,108,291,111.0,18.0,112.0,19.0,111.5,18.5,11688.589485
g100_r108_c292,1.0,108,292,112.0,18.0,113.0,19.0,112.5,18.5,11688.589485
g100_r108_c293,1.0,108,293,113.0,18.0,114.0,19.0,113.5,18.5,11688.589485
g100_r108_c294,1.0,108,294,114.0,18.0,115.0,19.0,114.5,18.5,11688.589485
g100_r108_c295,1.0,108,295,115.0,18.0,116.0,19.0,115.5,18.5,11688.589485
g100_r108_c296,1.0,108,296,116.0,18.0,117.0,19.0,116.5,18.5,11688.589485
g100_r108_c297,1.0,108,297,117.0,18.0,118.0,19.0,117.5,18.5,11688.589485
g100_r108_c298,1.0,108,298,118.0,18.0,119.0,19.0,118.5,18.5,11688.589485
g100_r108_c299,1.0,108,299,119.0,18.0,120.0,19.0,119.5,18.5,11688.589485
g100_r108_c300,1.0,108,300,120.0,18.0,121.0,19.0,120.5,18.5,11688.589485
g100_r108_c301,1.0,108,301,121.0,18.0,122.0,19.0,121.5,18.5,11688.589485
g100_r108_c302,1.0,108,302,122.0,18.0,123.0,19.0,122.5,18.5,11688.589485
g100_r108_c303,1.0,108,303,123.0,18.0,124.0,19.0,123.5,18.5,11688.589485
g100_r108_c304,1.0,108,304,124.0,18.0,125.0,19.0,124.5,18.5,11688.589485
g100_r108_c305,1.0,108,305,125.0,18.0,126.0,19.0,125.5,18.5,11688.589485
g100_r108_c306,1.0,108,306,126.0,18.0,127.0,19.0,126.5,18.5,11688.589485
g100_r108_c307,1.0,108,307,127.0,18.0,128.0,19.0,127.5,18.5,11688.589485
g100_r108_c308,1.0,108,308,128.0,18.0,129.0,19.0,128.5,18.5,11688.589485
g100_r108_c309,1.0,108,309,129.0,18.0,130.0,19.0,129.5,18.5,11688.589485
g100_r108_c310,1.0,108,310,130.0,18.0,131.0,19.0,130.5,18.5,11688.589485
g100_r108_c311,1.0,108,311,131.0,18.0,132.0,19.0,131.5,18.5,11688.589485
g100_r108_c312,1.0,108,312,132.0,18.0,133.0,19.0,132.5,18.5,11688.589485
g100_r108_c313,1.0,108,313,133.0,18.0,134.0,19.0,133.5,18.5,11688.589485
g100_r108_c314,1.0,108,314,134.0,18.0,135.0,19.0,134.5,18.5,11688.589485
g100_r108_c315,1.0,108,315,135.0,18.0,136.0,19.0,135.5,18.5,11688.589485
g100_r108_c316,1.0,108,316,136.0,18.0,137.0,19.0,136.5,18.5,11688.589485
g100_r108_c317,1.0,108,317,137.0,18.0,138.0,19.0,137.5,18.5,11688.589485
g100_r108_c318,1.0,108,318,138.0,18.0,139.0,19.0,138.5,18.5,11688.589485
g100_r108_c319,1.0,108,319,139.0,18.0,140.0,19.0,139.5,18.5,11688.589485
g100_r108_c320,1.0,108,320,140.0,18.0,141.0,19.0,140.5,18.5,11688.589485
g100_r108_c321,1.0,108,321,141.0,18.0,142.0,19.0,141.5,18.5,11688.589485
g100_r109_c240,1.0,109,240,60.0,19.0,61.0,20.0,60.5,19.5,11620.226389
g100_r109_c241,1.0,109,241,61.0,19.0,62.0,20.0,61.5,19.5,11620.226389
g100_r109_c242,1.0,109,242,62.0,19.0,63.0,20.0,62.5,19.5,11620.226389
g100_r109_c243,1.0,109,243,63.0,19.0,64.0,20.0,63.5,19.5,11620.226389
g100_r109_c244,1.0,109,244,64.0,19.0,65.0,20.0,64.5,19.5,11620.226389
g100_r109_c245,1.0,109,245,65.0,19.0,66.0,20.0,65.5,19.5,11620.226389
g100_r109_c246,1.0,109,246,66.0,19.0,67.0,20.0,66.5,19.5,11620.226389
g100_r109_c247,1.0,109,247,67.0,19.0,68.0,20.0,67.5,19.5,11620.226389
g100_r109_c248,1.0,109,248,68.0,19.0,69.0,20.0,68.5,19.5,11620.226389
g100_r109_c249,1.0,109,249,69.0,19.0,70.0,20.0,69.5,19.5,11620.226389
g100_r109_c250,1.0,109,250,70.0,19.0,71.0,20.0,70.5,19.5,11620.226389
g100_r109_c251,1.0,109,251,71.0,19.0,72.0,20.0,71.5,19.5,11620.226389
g100_r109_c252,1.0,109,252,72.0,19.0,73.0,20.0,72.5,19.5,11620.226389
g100_r109_c253,1.0,109,253,73.0,19.0,74.0,20.0,73.5,19.5,11620.226389
g100_r109_c254,1.0,109,254,74.0,19.0,75.0,20.0,74.5,19.5,11620.226389
g100_r109_c255,1.0,109,255,75.0,19.0,76.0,20.0,75.5,19.5,11620.226389
g100_r109_c256,1.0,109,256,76.0,19.0,77.0,20.0,76.5,19.5,11620.226389
g100_r109_c257,1.0,109,257,77.0,19.0,78.0,20.0,77.5,19.5,11620.226389
g100_r109_c258,1.0,109,258,78.0,19.0,79.0,20.0,78.5,19.5,11620.226389
g100_r109_c259,1.0,109,259,79.0,19.0,80.0,20.0,79.5,19.5,11620.226389
g100_r109_c260,1.0,109,260,80.0,19.0,81.0,20.0,80.5,19.5,11620.226389
g100_r109_c261,1.0,109,261,81.0,19.0,82.0,20.0,81.5,19.5,11620.226389
g100_r109_c262,1.0,109,262,82.0,19.0,83.0,20.0,82.5,19.5,11620.226389
g100_r109_c263,1.0,109,263,83.0,19.0,84.0,20.0,83.5,19.5,11620.226389
g100_r109_c264,1.0,109,264,84.0,19.0,85.0,20.0,84.5,19.5,11620.226389
g100_r109_c265,1.0,109,265,85.0,19.0,86.0,20.0,85.5,19.5,11620.226389
g100_r109_c266,1.0,109,266,86.0,19.0,87.0,20.0,86.5,19.5,11620.226389
g100_r109_c267,1.0,109,267,87.0,19.0,88.0,20.0,87.5,19.5,11620.226389
g100_r109_c268,1.0,109,268,88.0,19.0,89.0,20.0,88.5,19.5,11620.226389
g100_r109_c269,1.0,109,269,89.0,19.0,90.0,20.0,89.5,19.5,11620.226389
g100_r109_c270,1.0,109,270,90.0,19.0,91.0,20.0,90.5,19.5,11620.226389
g100_r109_c271,1.0,109,271,91.0,19.0,92.0,20.0,91.5,19.5,11620.226389
g100_r109_c272,1.0,109,272,92.0,19.0,93.0,20.0,92.5,19.5,11620.226389
g100_r109_c273,1.0,109,273,93.0,19.0,94.0,20.0,93.5,19.5,11620.226389
g100_r109_c274,1.0,109,274,94.0,19.0,95.0,20.0,94.5,19.5,11620.226389
g100_r109_c275,1.0,109,275,95.0,19.0,96.0,20.0,95.5,19.5,11620.226389
g100_r109_c276,1.0,109,276,96.0,19.0,97.0,20.0,96.5,19.5,11620.226389
g100_r109_c277,1.0,109,277,97.0,19.0,98.0,20.0,97.5,19.5,11620.226389
g100_r109_c278,1.0,109,278,98.0,19.0,99.0,20.0,98.5,19.5,11620.226389
g100_r109_c279,1.0,109,279,99.0,19.0,100.0,20.0,99.5,19.5,11620.226389
g100_r109_c280,1.0,109,280,100.0,19.0,101.0,20.0,100.5,19.5,11620.226389
g100_r109_c281,1.0,109,281,101.0,19.0,102.0,20.0,101.5,19.5,11620.226389
g100_r109_c282,1.0,109,282,102.0,19.0,103.0,20.0,102.5,19.5,11620.226389
g100_r109_c283,1.0,109,283,103.0,19.0,104.0,20.0,103.5,19.5,11620.226389
g100_r109_c284,1.0,109,284,104.0,19.0,105.0,20.0,104.5,19.5,11620.226389
g100_r109_c285,1.0,109,285,105.0,19.0,106.0,20.0,105.5,19.5,11620.226389
g100_r109_c286,1.0,109,286,106.0,19.0,107.0,20.0,106.5,19.5,11620.226389
g100_r109_c287,1.0,109,287,107.0,19.0,108.0,20.0,107.5,19.5,11620.226389
g100_r109_c288,1.0,109,288,108.0,19.0,109.0,20.0,108.5,19.5,11620.226389
g100_r109_c289,1.0,109,289,109.0,19.0,110.0,20.0,109.5,19.5,11620.226389
g100_r109_c290,1.0,109,290,110.0,19.0,111.0,20.0,110.5,19.5,11620.226389
g100_r109_c291,1.0,109,291,111.0,19.0,112.0,20.0,111.5,19.5,11620.226389
g100_r109_c292,1.0,109,292,112.0,19.0,113.0,20.0,112.5,19.5,11620.226389
g100_r109_c293,1.0,109,293,113.0,19.0,114.0,20.0,113.5,19.5,11620.226389
g100_r109_c294,1.0,109,294,114.0,19.0,115.0,20.0,114.5,19.5,11620.226389
g100_r109_c295,1.0,109,295,115.0,19.0,116.0,20.0,115.5,19.5,11620.226389
g100_r109_c296,1.0,109,296,116.0,19.0,117.0,20.0,116.5,19.5,11620.226389
g100_r109_c297,1.0,109,297,117.0,19.0,118.0,20.0,117.5,19.5,11620.226389
g100_r109_c298,1.0,109,298,118.0,19.0,119.0,20.0,118.5,19.5,11620.226389
g100_r109_c299,1.0,109,299,119.0,19.0,120.0,20.0,119.5,19.5,11620.226389
g100_r109_c300,1.0,109,300,120.0,19.0,121.0,20.0,120.5,19.5,11620.226389
g100_r109_c301,1.0,109,301,121.0,19.0,122.0,20.0,121.5,19.5,11620.226389
g100_r109_c302,1.0,109,302,122.0,19.0,123.0,20.0,122.5,19.5,11620.226389
g100_r109_c303,1.0,109,303,123.0,19.0,124.0,20.0,123.5,19.5,11620.226389
g100_r109_c304,1.0,109,304,124.0,19.0,125.0,20.0,124.5,19.5,11620.226389
g100_r109_c305,1.0,109,305,125.0,19.0,126.0,20.0,125.5,19.5,11620.226389
g100_r109_c306,1.0,109,306,126.0,19.0,127.0,20.0,126.5,19.5,11620.226389
g100_r109_c307,1.0,109,307,127.0,19.0,128.0,20.0,127.5,19.5,11620.226389
g100_r109_c308,1.0,109,308,128.0,19.0,129.0,20.0,128.5,19.5,11620.226389
g100_r109_c309,1.0,109,309,129.0,19.0,130.0,20.0,129.5,19.5,11620.226389
g100_r109_c310,1.0,109,310,130.0,19.0,131.0,20.0,130.5,19.5,11620.226389
g100_r109_c311,1.0,109,311,131.0,19.0,132.0,20.0,131.5,19.5,11620.226389
g100_r109_c312,1.0,109,312,132.0,19.0,133.0,20.0,132.5,19.5,11620.226389
g100_r109_c313,1.0,109,313,133.0,19.0,134.0,20.0,133.5,19.5,11620.226389
g100_r109_c314,1.0,109,314,134.0,19.0,135.0,20.0,134.5,19.5,11620.226389
g100_r109_c315,1.0,109,315,135.0,19.0,136.0,20.0,135.5,19.5,11620.226389
g100_r109_c316,1.0,109,316,136.0,19.0,137.0,20.0,136.5,19.5,11620.226389
g100_r109_c317,1.0,109,317,137.0,19.0,138.0,20.0,137.5,19.5,11620.226389
g100_r109_c318,1.0,109,318,138.0,19.0,139.0,20.0,138.5,19.5,11620.226389
g100_r109_c319,1.0,109,319,139.0,19.0,140.0,20.0,139.5,19.5,11620.226389
g100_r109_c320,1.0,109,320,140.0,19.0,141.0,20.0,140.5,19.5,11620.226389
g100_r109_c321,1.0,109,321,141.0,19.0,142.0,20.0,141.5,19.5,11620.226389
g100_r110_c240,1.0,110,240,60.0,20.0,61.0,21.0,60.5,20.5,11548.376596
g100_r110_c241,1.0,110,241,61.0,20.0,62.0,21.0,61.5,20.5,11548.376596
g100_r110_c242,1.0,110,242,62.0,20.0,63.0,21.0,62.5,20.5,11548.376596
g100_r110_c243,1.0,110,243,63.0,20.0,64.0,21.0,63.5,20.5,11548.376596
g100_r110_c244,1.0,110,244,64.0,20.0,65.0,21.0,64.5,20.5,11548.376596
g100_r110_c245,1.0,110,245,65.0,20.0,66.0,21.0,65.5,20.5,11548.376596
g100_r110_c246,1.0,110,246,66.0,20.0,67.0,21.0,66.5,20.5,11548.376596
g100_r110_c247,1.0,110,247,67.0,20.0,68.0,21.0,67.5,20.5,11548.376596
g100_r110_c248,1.0,110,248,68.0,20.0,69.0,21.0,68.5,20.5,11548.376596
g100_r110_c249,1.0,110,249,69.0,20.0,70.0,21.0,69.5,20.5,11548.376596
g100_r110_c250,1.0,110,250,70.0,20.0,71.0,21.0,70.5,20.5,11548.376596
g100_r110_c251,1.0,110,251,71.0,20.0,72.0,21.0,71.5,20.5,11548.376596
g100_r110_c252,1.0,110,252,72.0,20.0,73.0,21.0,72.5,20.5,11548.376596
g100_r110_c253,1.0,110,253,73.0,20.0,74.0,21.0,73.5,20.5,11548.376596
g100_r110_c254,1.0,110,254,74.0,20.0,75.0,21.0,74.5,20.5,11548.376596
g100_r110_c255,1.0,110,255,75.0,20.0,76.0,21.0,75.5,20.5,11548.376596
g100_r110_c256,1.0,110,256,76.0,20.0,77.0,21.0,76.5,20.5,11548.376596
g100_r110_c257,1.0,110,257,77.0,20.0,78.0,21.0,77.5,20.5,11548.376596
g100_r110_c258,1.0,110,258,78.0,20.0,79.0,21.0,78.5,20.5,11548.376596
g100_r110_c259,1.0,110,259,79.0,20.0,80.0,21.0,79.5,20.5,11548.376596
g100_r110_c260,1.0,110,260,80.0,20.0,81.0,21.0,80.5,20.5,11548.376596
g100_r110_c261,1.0,110,261,81.0,20.0,82.0,21.0,81.5,20.5,11548.376596
g100_r110_c262,1.0,110,262,82.0,20.0,83.0,21.0,82.5,20.5,11548.376596
g100_r110_c263,1.0,110,263,83.0,20.0,84.0,21.0,83.5,20.5,11548.376596
g100_r110_c264,1.0,110,264,84.0,20.0,85.0,21.0,84.5,20.5,11548.376596
g100_r110_c265,1.0,110,265,85.0,20.0,86.0,21.0,85.5,20.5,11548.376596
g100_r110_c266,1.0,110,266,86.0,20.0,87.0,21.0,86.5,20.5,11548.376596
g100_r110_c267,1.0,110,267,87.0,20.0,88.0,21.0,87.5,20.5,11548.376596
g100_r110_c268,1.0,110,268,88.0,20.0,89.0,21.0,88.5,20.5,11548.376596
g100_r110_c269,1.0,110,269,89.0,20.0,90.0,21.0,89.5,20.5,11548.376596
g100_r110_c270,1.0,110,270,90.0,20.0,91.0,21.0,90.5,20.5,11548.376596
g100_r110_c271,1.0,110,271,91.0,20.0,92.0,21.0,91.5,20.5,11548.376596
g100_r110_c272,1.0,110,272,92.0,20.0,93.0,21.0,92.5,20.5,11548.376596
g100_r110_c273,1.0,110,273,93.0,20.0,94.0,21.0,93.5,20.5,11548.376596
g100_r110_c274,1.0,110,274,94.0,20.0,95.0,21.0,94.5,20.5,11548.376596
g100_r110_c275,1.0,110,275,95.0,20.0,96.0,21.0,95.5,20.5,11548.376596
g100_r110_c276,1.0,110,276,96.0,20.0,97.0,21.0,96.5,20.5,11548.376596
g100_r110_c277,1.0,110,277,97.0,20.0,98.0,21.0,97.5,20.5,11548.376596
g100_r110_c278,1.0,110,278,98.0,20.0,99.0,21.0,98.5,20.5,11548.376596
g100_r110_c279,1.0,110,279,99.0,20.0,100.0,21.0,99.5,20.5,11548.376596
g100_r110_c280,1.0,110,280,100.0,20.0,101.0,21.0,100.5,20.5,11548.376596
g100_r110_c281,1.0,110,281,101.0,20.0,102.0,21.0,101.5,20.5,11548.376596
g100_r110_c282,1.0,110,282,102.0,20.0,103.0,21.0,102.5,20.5,11548.376596
g100_r110_c283,1.0,110,283,103.0,20.0,104.0,21.0,103.5,20.5,11548.376596
g100_r110_c284,1.0,110,284,104.0,20.0,105.0,21.0,104.5,20.5,11548.376596
g100_r110_c285,1.0,110,285,105.0,20.0,106.0,21.0,105.5,20.5,11548.376596
g100_r110_c286,1.0,110,286,106.0,20.0,107.0,21.0,106.5,20.5,11548.376596
g100_r110_c287,1.0,110,287,107.0,20.0,108.0,21.0,107.5,20.5,11548.376596
g100_r110_c288,1.0,110,288,108.0,20.0,109.0,21.0,108.5,20.5,11548.376596
g100_r110_c289,1.0,110,289,109.0,20.0,110.0,21.0,109.5,20.5,11548.376596
g100_r110_c290,1.0,110,290,110.0,20.0,111.0,21.0,110.5,20.5,11548.376596
g100_r110_c291,1.0,110,291,111.0,20.0,112.0,21.0,111.5,20.5,11548.376596
g100_r110_c292,1.0,110,292,112.0,20.0,113.0,21.0,112.5,20.5,11548.376596
g100_r110_c293,1.0,110,293,113.0,20.0,114.0,21.0,113.5,20.5,11548.376596
g100_r110_c294,1.0,110,294,114.0,20.0,115.0,21.0,114.5,20.5,11548.376596
g100_r110_c295,1.0,110,295,115.0,20.0,116.0,21.0,115.5,20.5,11548.376596
g100_r110_c296,1.0,110,296,116.0,20.0,117.0,21.0,116.5,20.5,11548.376596
g100_r110_c297,1.0,110,297,117.0,20.0,118.0,21.0,117.5,20.5,11548.376596
g100_r110_c298,1.0,110,298,118.0,20.0,119.0,21.0,118.5,20.5,11548.376596
g100_r110_c299,1.0,110,299,119.0,20.0,120.0,21.0,119.5,20.5,11548.376596
g100_r110_c300,1.0,110,300,120.0,20.0,121.0,21.0,120.5,20.5,11548.376596
g100_r110_c301,1.0,110,301,121.0,20.0,122.0,21.0,121.5,20.5,11548.376596
g100_r110_c302,1.0,110,302,122.0,20.0,123.0,21.0,122.5,20.5,11548.376596
g100_r110_c303,1.0,110,303,123.0,20.0,124.0,21.0,123.5,20.5,11548.376596
g100_r110_c304,1.0,110,304,124.0,20.0,125.0,21.0,124.5,20.5,11548.376596
g100_r110_c305,1.0,110,305,125.0,20.0,126.0,21.0,125.5,20.5,11548.376596
g100_r110_c306,1.0,110,306,126.0,20.0,127.0,21.0,126.5,20.5,11548.376596
g100_r110_c307,1.0,110,307,127.0,20.0,128.0,21.0,127.5,20.5,11548.376596
g100_r110_c308,1.0,110,308,128.0,20.0,129.0,21.0,128.5,20.5,11548.376596
g100_r110_c309,1.0,110,309,129.0,20.0,130.0,21.0,129.5,20.5,11548.376596
g100_r110_c310,1.0,110,310,130.0,20.0,131.0,21.0,130.5,20.5,11548.376596
g100_r110_c311,1.0,110,311,131.0,20.0,132.0,21.0,131.5,20.5,11548.376596
g100_r110_c312,1.0,110,312,132.0,20.0,133.0,21.0,132.5,20.5,11548.376596
g100_r110_c313,1.0,110,313,133.0,20.0,134.0,21.0,133.5,20.5,11548.376596
g100_r110_c314,1.0,110,314,134.0,20.0,135.0,21.0,134.5,20.5,11548.376596
g100_r110_c315,1.0,110,315,135.0,20.0,136.0,21.0,135.5,20.5,11548.376596
g100_r110_c316,1.0,110,316,136.0,20.0,137.0,21.0,136.5,20.5,11548.376596
g100_r110_c317,1.0,110,317,137.0,20.0,138.0,21.0,137.5,20.5,11548.376596
g100_r110_c318,1.0,110,318,138.0,20.0,139.0,21.0,138.5,20.5,11548.376596
g100_r110_c319,1.0,110,319,139.0,20.0,140.0,21.0,139.5,20.5,11548.376596
g100_r110_c320,1.0,110,320,140.0,20.0,141.0,21.0,140.5,20.5,11548.376596
g100_r110_c321,1.0,110,321,141.0,20.0,142.0,21.0,141.5,20.5,11548.376596
g100_r111_c240,1.0,111,240,60.0,21.0,61.0,22.0,60.5,21.5,11473.057473
g100_r111_c241,1.0,111,241,61.0,21.0,62.0,22.0,61.5,21.5,11473.057473
g100_r111_c242,1.0,111,242,62.0,21.0,63.0,22.0,62.5,21.5,11473.057473
g100_r111_c243,1.0,111,243,63.0,21.0,64.0,22.0,63.5,21.5,11473.057473
g100_r111_c244,1.0,111,244,64.0,21.0,65.0,22.0,64.5,21.5,11473.057473
g100_r111_c245,1.0,111,245,65.0,21.0,66.0,22.0,65.5,21.5,11473.057473
g100_r111_c246,1.0,111,246,66.0,21.0,67.0,22.0,66.5,21.5,11473.057473
g100_r111_c247,1.0,111,247,67.0,21.0,68.0,22.0,67.5,21.5,11473.057473
g100_r111_c248,1.0,111,248,68.0,21.0,69.0,22.0,68.5,21.5,11473.057473
g100_r111_c249,1.0,111,249,69.0,21.0,70.0,22.0,69.5,21.5,11473.057473
g100_r111_c250,1.0,111,250,70.0,21.0,71.0,22.0,70.5,21.5,11473.057473
g100_r111_c251,1.0,111,251,71.0,21.0,72.0,22.0,71.5,21.5,11473.057473
g100_r111_c252,1.0,111,252,72.0,21.0,73.0,22.0,72.5,21.5,11473.057473
g100_r111_c253,1.0,111,253,73.0,21.0,74.0,22.0,73.5,21.5,11473.057473
g100_r111_c254,1.0,111,254,74.0,21.0,75.0,22.0,74.5,21.5,11473.057473
g100_r111_c255,1.0,111,255,75.0,21.0,76.0,22.0,75.5,21.5,11473.057473
g100_r111_c256,1.0,111,256,76.0,21.0,77.0,22.0,76.5,21.5,11473.057473
g100_r111_c257,1.0,111,257,77.0,21.0,78.0,22.0,77.5,21.5,11473.057473
g100_r111_c258,1.0,111,258,78.0,21.0,79.0,22.0,78.5,21.5,11473.057473
g100_r111_c259,1.0,111,259,79.0,21.0,80.0,22.0,79.5,21.5,11473.057473
g100_r111_c260,1.0,111,260,80.0,21.0,81.0,22.0,80.5,21.5,11473.057473
g100_r111_c261,1.0,111,261,81.0,21.0,82.0,22.0,81.5,21.5,11473.057473
g100_r111_c262,1.0,111,262,82.0,21.0,83.0,22.0,82.5,21.5,11473.057473
g100_r111_c263,1.0,111,263,83.0,21.0,84.0,22.0,83.5,21.5,11473.057473
g100_r111_c264,1.0,111,264,84.0,21.0,85.0,22.0,84.5,21.5,11473.057473
g100_r111_c265,1.0,111,265,85.0,21.0,86.0,22.0,85.5,21.5,11473.057473
g100_r111_c266,1.0,111,266,86.0,21.0,87.0,22.0,86.5,21.5,11473.057473
g100_r111_c267,1.0,111,267,87.0,21.0,88.0,22.0,87.5,21.5,11473.057473
g100_r111_c268,1.0,111,268,88.0,21.0,89.0,22.0,88.5,21.5,11473.057473
g100_r111_c269,1.0,111,269,89.0,21.0,90.0,22.0,89.5,21.5,11473.057473
g100_r111_c270,1.0,111,270,90.0,21.0,91.0,22.0,90.5,21.5,11473.057473
g100_r111_c271,1.0,111,271,91.0,21.0,92.0,22.0,91.5,21.5,11473.057473
g100_r111_c272,1.0,111,272,92.0,21.0,93.0,22.0,92.5,21.5,11473.057473
g100_r111_c273,1.0,111,273,93.0,21.0,94.0,22.0,93.5,21.5,11473.057473
g100_r111_c274,1.0,111,274,94.0,21.0,95.0,22.0,94.5,21.5,11473.057473
g100_r111_c275,1.0,111,275,95.0,21.0,96.0,22.0,95.5,21.5,11473.057473
g100_r111_c276,1.0,111,276,96.0,21.0,97.0,22.0,96.5,21.5,11473.057473
g100_r111_c277,1.0,111,277,97.0,21.0,98.0,22.0,97.5,21.5,11473.057473
g100_r111_c278,1.0,111,278,98.0,21.0,99.0,22.0,98.5,21.5,11473.057473
g100_r111_c279,1.0,111,279,99.0,21.0,100.0,22.0,99.5,21.5,11473.057473
g100_r111_c280,1.0,111,280,100.0,21.0,101.0,22.0,100.5,21.5,11473.057473
g100_r111_c281,1.0,111,281,101.0,21.0,102.0,22.0,101.5,21.5,11473.057473
g100_r111_c282,1.0,111,282,102.0,21.0,103.0,22.0,102.5,21.5,11473.057473
g100_r111_c283,1.0,111,283,103.0,21.0,104.0,22.0,103.5,21.5,11473.057473
g100_r111_c284,1.0,111,284,104.0,21.0,105.0,22.0,104.5,21.5,11473.057473
g100_r111_c285,1.0,111,285,105.0,21.0,106.0,22.0,105.5,21.5,11473.057473
g100_r111_c286,1.0,111,286,106.0,21.0,107.0,22.0,106.5,21.5,11473.057473
g100_r111_c287,1.0,111,287,107.0,21.0,108.0,22.0,107.5,21.5,11473.057473
g100_r111_c288,1.0,111,288,108.0,21.0,109.0,22.0,108.5,21.5,11473.057473
g100_r111_c289,1.0,111,289,109.0,21.0,110.0,22.0,109.5,21.5,11473.057473
g100_r111_c290,1.0,111,290,110.0,21.0,111.0,22.0,110.5,21.5,11473.057473
g100_r111_c291,1.0,111,291,111.0,21.0,112.0,22.0,111.5,21.5,11473.057473
g100_r111_c292,1.0,111,292,112.0,21.0,113.0,22.0,112.5,21.5,11473.057473
g100_r111_c293,1.0,111,293,113.0,21.0,114.0,22.0,113.5,21.5,11473.057473
g100_r111_c294,1.0,111,294,114.0,21.0,115.0,22.0,114.5,21.5,11473.057473
g100_r111_c295,1.0,111,295,115.0,21.0,116.0,22.0,115.5,21.5,11473.057473
g100_r111_c296,1.0,111,296,116.0,21.0,117.0,22.0,116.5,21.5,11473.057473
g100_r111_c297,1.0,111,297,117.0,21.0,118.0,22.0,117.5,21.5,11473.057473
g100_r111_c298,1.0,111,298,118.0,21.0,119.0,22.0,118.5,21.5,11473.057473
g100_r111_c299,1.0,111,299,119.0,21.0,120.0,22.0,119.5,21.5,11473.057473
g100_r111_c300,1.0,111,300,120.0,21.0,121.0,22.0,120.5,21.5,11473.057473
g100_r111_c301,1.0,111,301,121.0,21.0,122.0,22.0,121.5,21.5,11473.057473
g100_r111_c302,1.0,111,302,122.0,21.0,123.0,22.0,122.5,21.5,11473.057473
g100_r111_c303,1.0,111,303,123.0,21.0,124.0,22.0,123.5,21.5,11473.057473
g100_r111_c304,1.0,111,304,124.0,21.0,125.0,22.0,124.5,21.5,11473.057473
g100_r111_c305,1.0,111,305,125.0,21.0,126.0,22.0,125.5,21.5,11473.057473
g100_r111_c306,1.0,111,306,126.0,21.0,127.0,22.0,126.5,21.5,11473.057473
g100_r111_c307,1.0,111,307,127.0,21.0,128.0,22.0,127.5,21.5,11473.057473
g100_r111_c308,1.0,111,308,128.0,21.0,129.0,22.0,128.5,21.5,11473.057473
g100_r111_c309,1.0,111,309,129.0,21.0,130.0,22.0,129.5,21.5,11473.057473
g100_r111_c310,1.0,111,310,130.0,21.0,131.0,22.0,130.5,21.5,11473.057473
g100_r111_c311,1.0,111,311,131.0,21.0,132.0,22.0,131.5,21.5,11473.057473
g100_r111_c312,1.0,111,312,132.0,21.0,133.0,22.0,132.5,21.5,11473.057473
g100_r111_c313,1.0,111,313,133.0,21.0,134.0,22.0,133.5,21.5,11473.057473
g100_r111_c314,1.0,111,314,134.0,21.0,135.0,22.0,134.5,21.5,11473.057473
g100_r111_c315,1.0,111,315,135.0,21.0,136.0,22.0,135.5,21.5,11473.057473
g100_r111_c316,1.0,111,316,136.0,21.0,137.0,22.0,136.5,21.5,11473.057473
g100_r111_c317,1.0,111,317,137.0,21.0,138.0,22.0,137.5,21.5,11473.057473
g100_r111_c318,1.0,111,318,138.0,21.0,139.0,22.0,138.5,21.5,11473.057473
g100_r111_c319,1.0,111,319,139.0,21.0,140.0,22.0,139.5,21.5,11473.057473
g100_r111_c320,1.0,111,320,140.0,21.0,141.0,22.0,140.5,21.5,11473.057473
g100_r111_c321,1.0,111,321,141.0,21.0,142.0,22.0,141.5,21.5,11473.057473
g100_r112_c240,1.0,112,240,60.0,22.0,61.0,23.0,60.5,22.5,11394.287308
g100_r112_c241,1.0,112,241,61.0,22.0,62.0,23.0,61.5,22.5,11394.287308
g100_r112_c242,1.0,112,242,62.0,22.0,63.0,23.0,62.5,22.5,11394.287308
g100_r112_c243,1.0,112,243,63.0,22.0,64.0,23.0,63.5,22.5,11394.287308
g100_r112_c244,1.0,112,244,64.0,22.0,65.0,23.0,64.5,22.5,11394.287308
g100_r112_c245,1.0,112,245,65.0,22.0,66.0,23.0,65.5,22.5,11394.287308
g100_r112_c246,1.0,112,246,66.0,22.0,67.0,23.0,66.5,22.5,11394.287308
g100_r112_c247,1.0,112,247,67.0,22.0,68.0,23.0,67.5,22.5,11394.287308
g100_r112_c248,1.0,112,248,68.0,22.0,69.0,23.0,68.5,22.5,11394.287308
g100_r112_c249,1.0,112,249,69.0,22.0,70.0,23.0,69.5,22.5,11394.287308
g100_r112_c250,1.0,112,250,70.0,22.0,71.0,23.0,70.5,22.5,11394.287308
g100_r112_c251,1.0,112,251,71.0,22.0,72.0,23.0,71.5,22.5,11394.287308
g100_r112_c252,1.0,112,252,72.0,22.0,73.0,23.0,72.5,22.5,11394.287308
g100_r112_c253,1.0,112,253,73.0,22.0,74.0,23.0,73.5,22.5,11394.287308
g100_r112_c254,1.0,112,254,74.0,22.0,75.0,23.0,74.5,22.5,11394.287308
g100_r112_c255,1.0,112,255,75.0,22.0,76.0,23.0,75.5,22.5,11394.287308
g100_r112_c256,1.0,112,256,76.0,22.0,77.0,23.0,76.5,22.5,11394.287308
g100_r112_c257,1.0,112,257,77.0,22.0,78.0,23.0,77.5,22.5,11394.287308
g100_r112_c258,1.0,112,258,78.0,22.0,79.0,23.0,78.5,22.5,11394.287308
g100_r112_c259,1.0,112,259,79.0,22.0,80.0,23.0,79.5,22.5,11394.287308
g100_r112_c260,1.0,112,260,80.0,22.0,81.0,23.0,80.5,22.5,11394.287308
g100_r112_c261,1.0,112,261,81.0,22.0,82.0,23.0,81.5,22.5,11394.287308
g100_r112_c262,1.0,112,262,82.0,22.0,83.0,23.0,82.5,22.5,11394.287308
g100_r112_c263,1.0,112,263,83.0,22.0,84.0,23.0,83.5,22.5,11394.287308
g100_r112_c264,1.0,112,264,84.0,22.0,85.0,23.0,84.5,22.5,11394.287308
g100_r112_c265,1.0,112,265,85.0,22.0,86.0,23.0,85.5,22.5,11394.287308
g100_r112_c266,1.0,112,266,86.0,22.0,87.0,23.0,86.5,22.5,11394.287308
g100_r112_c267,1.0,112,267,87.0,22.0,88.0,23.0,87.5,22.5,11394.287308
g100_r112_c268,1.0,112,268,88.0,22.0,89.0,23.0,88.5,22.5,11394.287308
g100_r112_c269,1.0,112,269,89.0,22.0,90.0,23.0,89.5,22.5,11394.287308
g100_r112_c270,1.0,112,270,90.0,22.0,91.0,23.0,90.5,22.5,11394.287308
g100_r112_c271,1.0,112,271,91.0,22.0,92.0,23.0,91.5,22.5,11394.287308
g100_r112_c272,1.0,112,272,92.0,22.0,93.0,23.0,92.5,22.5,11394.287308
g100_r112_c273,1.0,112,273,93.0,22.0,94.0,23.0,93.5,22.5,11394.287308
g100_r112_c274,1.0,112,274,94.0,22.0,95.0,23.0,94.5,22.5,11394.287308
g100_r112_c275,1.0,112,275,95.0,22.0,96.0,23.0,95.5,22.5,11394.287308
g100_r112_c276,1.0,112,276,96.0,22.0,97.0,23.0,96.5,22.5,11394.287308
g100_r112_c277,1.0,112,277,97.0,22.0,98.0,23.0,97.5,22.5,11394.287308
g100_r112_c278,1.0,112,278,98.0,22.0,99.0,23.0,98.5,22.5,11394.287308
g100_r112_c279,1.0,112,279,99.0,22.0,100.0,23.0,99.5,22.5,11394.287308
g100_r112_c280,1.0,112,280,100.0,22.0,101.0,23.0,100.5,22.5,11394.287308
g100_r112_c281,1.0,112,281,101.0,22.0,102.0,23.0,101.5,22.5,11394.287308
g100_r112_c282,1.0,112,282,102.0,22.0,103.0,23.0,102.5,22.5,11394.287308
g100_r112_c283,1.0,112,283,103.0,22.0,104.0,23.0,103.5,22.5,11394.287308
g100_r112_c284,1.0,112,284,104.0,22.0,105.0,23.0,104.5,22.5,11394.287308
g100_r112_c285,1.0,112,285,105.0,22.0,106.0,23.0,105.5,22.5,11394.287308
g100_r112_c286,1.0,112,286,106.0,22.0,107.0,23.0,106.5,22.5,11394.287308
g100_r112_c287,1.0,112,287,107.0,22.0,108.0,23.0,107.5,22.5,11394.287308
g100_r112_c288,1.0,112,288,108.0,22.0,109.0,23.0,108.5,22.5,11394.287308
g100_r112_c289,1.0,112,289,109.0,22.0,110.0,23.0,109.5,22.5,11394.287308
g100_r112_c290,1.0,112,290,110.0,22.0,111.0,23.0,110.5,22.5,11394.287308
g100_r112_c291,1.0,112,291,111.0,22.0,112.0,23.0,111.5,22.5,11394.287308
g100_r112_c292,1.0,112,292,112.0,22.0,113.0,23.0,112.5,22.5,11394.287308
g100_r112_c293,1.0,112,293,113.0,22.0,114.0,23.0,113.5,22.5,11394.287308
g100_r112_c294,1.0,112,294,114.0,22.0,115.0,23.0,114.5,22.5,11394.287308
g100_r112_c295,1.0,112,295,115.0,22.0,116.0,23.0,115.5,22.5,11394.287308
g100_r112_c296,1.0,112,296,116.0,22.0,117.0,23.0,116.5,22.5,11394.287308
g100_r112_c297,1.0,112,297,117.0,22.0,118.0,23.0,117.5,22.5,11394.287308
g100_r112_c298,1.0,112,298,118.0,22.0,119.0,23.0,118.5,22.5,11394.287308
g100_r112_c299,1.0,112,299,119.0,22.0,120.0,23.0,119.5,22.5,11394.287308
g100_r112_c300,1.0,112,300,120.0,22.0,121.0,23.0,120.5,22.5,11394.287308
g100_r112_c301,1.0,112,301,121.0,22.0,122.0,23.0,121.5,22.5,11394.287308
g100_r112_c302,1.0,112,302,122.0,22.0,123.0,23.0,122.5,22.5,11394.287308
g100_r112_c303,1.0,112,303,123.0,22.0,124.0,23.0,123.5,22.5,11394.287308
g100_r112_c304,1.0,112,304,124.0,22.0,125.0,23.0,124.5,22.5,11394.287308
g100_r112_c305,1.0,112,305,125.0,22.0,126.0,23.0,125.5,22.5,11394.287308
g100_r112_c306,1.0,112,306,126.0,22.0,127.0,23.0,126.5,22.5,11394.287308
g100_r112_c307,1.0,112,307,127.0,22.0,128.0,23.0,127.5,22.5,11394.287308
g100_r112_c308,1.0,112,308,128.0,22.0,129.0,23.0,128.5,22.5,11394.287308
g100_r112_c309,1.0,112,309,129.0,22.0,130.0,23.0,129.5,22.5,11394.287308
g100_r112_c310,1.0,112,310,130.0,22.0,131.0,23.0,130.5,22.5,11394.287308
g100_r112_c311,1.0,112,311,131.0,22.0,132.0,23.0,131.5,22.5,11394.287308
g100_r112_c312,1.0,112,312,132.0,22.0,133.0,23.0,132.5,22.5,11394.287308
g100_r112_c313,1.0,112,313,133.0,22.0,134.0,23.0,133.5,22.5,11394.287308
g100_r112_c314,1.0,112,314,134.0,22.0,135.0,23.0,134.5,22.5,11394.287308
g100_r112_c315,1.0,112,315,135.0,22.0,136.0,23.0,135.5,22.5,11394.287308
g100_r112_c316,1.0,112,316,136.0,22.0,137.0,23.0,136.5,22.5,11394.287308
g100_r112_c317,1.0,112,317,137.0,22.0,138.0,23.0,137.5,22.5,11394.287308
g100_r112_c318,1.0,112,318,138.0,22.0,139.0,23.0,138.5,22.5,11394.287308
g100_r112_c319,1.0,112,319,139.0,22.0,140.0,23.0,139.5,22.5,11394.287308
g100_r112_c320,1.0,112,320,140.0,22.0,141.0,23.0,140.5,22.5,11394.287308
g100_r112_c321,1.0,112,321,141.0,22.0,142.0,23.0,141.5,22.5,11394.287308
g100_r113_c240,1.0,113,240,60.0,23.0,61.0,24.0,60.5,23.5,11312.085322
g100_r113_c241,1.0,113,241,61.0,23.0,62.0,24.0,61.5,23.5,11312.085322
g100_r113_c242,1.0,113,242,62.0,23.0,63.0,24.0,62.5,23.5,11312.085322
g100_r113_c243,1.0,113,243,63.0,23.0,64.0,24.0,63.5,23.5,11312.085322
g100_r113_c244,1.0,113,244,64.0,23.0,65.0,24.0,64.5,23.5,11312.085322
g100_r113_c245,1.0,113,245,65.0,23.0,66.0,24.0,65.5,23.5,11312.085322
g100_r113_c246,1.0,113,246,66.0,23.0,67.0,24.0,66.5,23.5,11312.085322
g100_r113_c247,1.0,113,247,67.0,23.0,68.0,24.0,67.5,23.5,11312.085322
g100_r113_c248,1.0,113,248,68.0,23.0,69.0,24.0,68.5,23.5,11312.085322
g100_r113_c249,1.0,113,249,69.0,23.0,70.0,24.0,69.5,23.5,11312.085322
g100_r113_c250,1.0,113,250,70.0,23.0,71.0,24.0,70.5,23.5,11312.085322
g100_r113_c251,1.0,113,251,71.0,23.0,72.0,24.0,71.5,23.5,11312.085322
g100_r113_c252,1.0,113,252,72.0,23.0,73.0,24.0,72.5,23.5,11312.085322
g100_r113_c253,1.0,113,253,73.0,23.0,74.0,24.0,73.5,23.5,11312.085322
g100_r113_c254,1.0,113,254,74.0,23.0,75.0,24.0,74.5,23.5,11312.085322
g100_r113_c255,1.0,113,255,75.0,23.0,76.0,24.0,75.5,23.5,11312.085322
g100_r113_c256,1.0,113,256,76.0,23.0,77.0,24.0,76.5,23.5,11312.085322
g100_r113_c257,1.0,113,257,77.0,23.0,78.0,24.0,77.5,23.5,11312.085322
g100_r113_c258,1.0,113,258,78.0,23.0,79.0,24.0,78.5,23.5,11312.085322
g100_r113_c259,1.0,113,259,79.0,23.0,80.0,24.0,79.5,23.5,11312.085322
g100_r113_c260,1.0,113,260,80.0,23.0,81.0,24.0,80.5,23.5,11312.085322
g100_r113_c261,1.0,113,261,81.0,23.0,82.0,24.0,81.5,23.5,11312.085322
g100_r113_c262,1.0,113,262,82.0,23.0,83.0,24.0,82.5,23.5,11312.085322
g100_r113_c263,1.0,113,263,83.0,23.0,84.0,24.0,83.5,23.5,11312.085322
g100_r113_c264,1.0,113,264,84.0,23.0,85.0,24.0,84.5,23.5,11312.085322
g100_r113_c265,1.0,113,265,85.0,23.0,86.0,24.0,85.5,23.5,11312.085322
g100_r113_c266,1.0,113,266,86.0,23.0,87.0,24.0,86.5,23.5,11312.085322
g100_r113_c267,1.0,113,267,87.0,23.0,88.0,24.0,87.5,23.5,11312.085322
g100_r113_c268,1.0,113,268,88.0,23.0,89.0,24.0,88.5,23.5,11312.085322
g100_r113_c269,1.0,113,269,89.0,23.0,90.0,24.0,89.5,23.5,11312.085322
g100_r113_c270,1.0,113,270,90.0,23.0,91.0,24.0,90.5,23.5,11312.085322
g100_r113_c271,1.0,113,271,91.0,23.0,92.0,24.0,91.5,23.5,11312.085322
g100_r113_c272,1.0,113,272,92.0,23.0,93.0,24.0,92.5,23.5,11312.085322
g100_r113_c273,1.0,113,273,93.0,23.0,94.0,24.0,93.5,23.5,11312.085322
g100_r113_c274,1.0,113,274,94.0,23.0,95.0,24.0,94.5,23.5,11312.085322
g100_r113_c275,1.0,113,275,95.0,23.0,96.0,24.0,95.5,23.5,11312.085322
g100_r113_c276,1.0,113,276,96.0,23.0,97.0,24.0,96.5,23.5,11312.085322
g100_r113_c277,1.0,113,277,97.0,23.0,98.0,24.0,97.5,23.5,11312.085322
g100_r113_c278,1.0,113,278,98.0,23.0,99.0,24.0,98.5,23.5,11312.085322
g100_r113_c279,1.0,113,279,99.0,23.0,100.0,24.0,99.5,23.5,11312.085322
g100_r113_c280,1.0,113,280,100.0,23.0,101.0,24.0,100.5,23.5,11312.085322
g100_r113_c281,1.0,113,281,101.0,23.0,102.0,24.0,101.5,23.5,11312.085322
g100_r113_c282,1.0,113,282,102.0,23.0,103.0,24.0,102.5,23.5,11312.085322
g100_r113_c283,1.0,113,283,103.0,23.0,104.0,24.0,103.5,23.5,11312.085322
g100_r113_c284,1.0,113,284,104.0,23.0,105.0,24.0,104.5,23.5,11312.085322
g100_r113_c285,1.0,113,285,105.0,23.0,106.0,24.0,105.5,23.5,11312.085322
g100_r113_c286,1.0,113,286,106.0,23.0,107.0,24.0,106.5,23.5,11312.085322
g100_r113_c287,1.0,113,287,107.0,23.0,108.0,24.0,107.5,23.5,11312.085322
g100_r113_c288,1.0,113,288,108.0,23.0,109.0,24.0,108.5,23.5,11312.085322
g100_r113_c289,1.0,113,289,109.0,23.0,110.0,24.0,109.5,23.5,11312.085322
g100_r113_c290,1.0,113,290,110.0,23.0,111.0,24.0,110.5,23.5,11312.085322
g100_r113_c291,1.0,113,291,111.0,23.0,112.0,24.0,111.5,23.5,11312.085322
g100_r113_c292,1.0,113,292,112.0,23.0,113.0,24.0,112.5,23.5,11312.085322
g100_r113_c293,1.0,113,293,113.0,23.0,114.0,24.0,113.5,23.5,11312.085322
g100_r113_c294,1.0,113,294,114.0,23.0,115.0,24.0,114.5,23.5,11312.085322
g100_r113_c295,1.0,113,295,115.0,23.0,116.0,24.0,115.5,23.5,11312.085322
g100_r113_c296,1.0,113,296,116.0,23.0,117.0,24.0,116.5,23.5,11312.085322
g100_r113_c297,1.0,113,297,117.0,23.0,118.0,24.0,117.5,23.5,11312.085322
g100_r113_c298,1.0,113,298,118.0,23.0,119.0,24.0,118.5,23.5,11312.085322
g100_r113_c299,1.0,113,299,119.0,23.0,120.0,24.0,119.5,23.5,11312.085322
g100_r113_c300,1.0,113,300,120.0,23.0,121.0,24.0,120.5,23.5,11312.085322
g100_r113_c301,1.0,113,301,121.0,23.0,122.0,24.0,121.5,23.5,11312.085322
g100_r113_c302,1.0,113,302,122.0,23.0,123.0,24.0,122.5,23.5,11312.085322
g100_r113_c303,1.0,113,303,123.0,23.0,124.0,24.0,123.5,23.5,11312.085322
g100_r113_c304,1.0,113,304,124.0,23.0,125.0,24.0,124.5,23.5,11312.085322
g100_r113_c305,1.0,113,305,125.0,23.0,126.0,24.0,125.5,23.5,11312.085322
g100_r113_c306,1.0,113,306,126.0,23.0,127.0,24.0,126.5,23.5,11312.085322
g100_r113_c307,1.0,113,307,127.0,23.0,128.0,24.0,127.5,23.5,11312.085322
g100_r113_c308,1.0,113,308,128.0,23.0,129.0,24.0,128.5,23.5,11312.085322
g100_r113_c309,1.0,113,309,129.0,23.0,130.0,24.0,129.5,23.5,11312.085322
g100_r113_c310,1.0,113,310,130.0,23.0,131.0,24.0,130.5,23.5,11312.085322
g100_r113_c311,1.0,113,311,131.0,23.0,132.0,24.0,131.5,23.5,11312.085322
g100_r113_c312,1.0,113,312,132.0,23.0,133.0,24.0,132.5,23.5,11312.085322
g100_r113_c313,1.0,113,313,133.0,23.0,134.0,24.0,133.5,23.5,11312.085322
g100_r113_c314,1.0,113,314,134.0,23.0,135.0,24.0,134.5,23.5,11312.085322
g100_r113_c315,1.0,113,315,135.0,23.0,136.0,24.0,135.5,23.5,11312.085322
g100_r113_c316,1.0,113,316,136.0,23.0,137.0,24.0,136.5,23.5,11312.085322
g100_r113_c317,1.0,113,317,137.0,23.0,138.0,24.0,137.5,23.5,11312.085322
g100_r113_c318,1.0,113,318,138.0,23.0,139.0,24.0,138.5,23.5,11312.085322
g100_r113_c319,1.0,113,319,139.0,23.0,140.0,24.0,139.5,23.5,11312.085322
g100_r113_c320,1.0,113,320,140.0,23.0,141.0,24.0,140.5,23.5,11312.085322
g100_r113_c321,1.0,113,321,141.0,23.0,142.0,24.0,141.5,23.5,11312.085322
g100_r114_c240,1.0,114,240,60.0,24.0,61.0,25.0,60.5,24.5,11226.471673
g100_r114_c241,1.0,114,241,61.0,24.0,62.0,25.0,61.5,24.5,11226.471673
g100_r114_c242,1.0,114,242,62.0,24.0,63.0,25.0,62.5,24.5,11226.471673
g100_r114_c243,1.0,114,243,63.0,24.0,64.0,25.0,63.5,24.5,11226.471673
g100_r114_c244,1.0,114,244,64.0,24.0,65.0,25.0,64.5,24.5,11226.471673
g100_r114_c245,1.0,114,245,65.0,24.0,66.0,25.0,65.5,24.5,11226.471673
g100_r114_c246,1.0,114,246,66.0,24.0,67.0,25.0,66.5,24.5,11226.471673
g100_r114_c247,1.0,114,247,67.0,24.0,68.0,25.0,67.5,24.5,11226.471673
g100_r114_c248,1.0,114,248,68.0,24.0,69.0,25.0,68.5,24.5,11226.471673
g100_r114_c249,1.0,114,249,69.0,24.0,70.0,25.0,69.5,24.5,11226.471673
g100_r114_c250,1.0,114,250,70.0,24.0,71.0,25.0,70.5,24.5,11226.471673
g100_r114_c251,1.0,114,251,71.0,24.0,72.0,25.0,71.5,24.5,11226.471673
g100_r114_c252,1.0,114,252,72.0,24.0,73.0,25.0,72.5,24.5,11226.471673
g100_r114_c253,1.0,114,253,73.0,24.0,74.0,25.0,73.5,24.5,11226.471673
g100_r114_c254,1.0,114,254,74.0,24.0,75.0,25.0,74.5,24.5,11226.471673
g100_r114_c255,1.0,114,255,75.0,24.0,76.0,25.0,75.5,24.5,11226.471673
g100_r114_c256,1.0,114,256,76.0,24.0,77.0,25.0,76.5,24.5,11226.471673
g100_r114_c257,1.0,114,257,77.0,24.0,78.0,25.0,77.5,24.5,11226.471673
g100_r114_c258,1.0,114,258,78.0,24.0,79.0,25.0,78.5,24.5,11226.471673
g100_r114_c259,1.0,114,259,79.0,24.0,80.0,25.0,79.5,24.5,11226.471673
g100_r114_c260,1.0,114,260,80.0,24.0,81.0,25.0,80.5,24.5,11226.471673
g100_r114_c261,1.0,114,261,81.0,24.0,82.0,25.0,81.5,24.5,11226.471673
g100_r114_c262,1.0,114,262,82.0,24.0,83.0,25.0,82.5,24.5,11226.471673
g100_r114_c263,1.0,114,263,83.0,24.0,84.0,25.0,83.5,24.5,11226.471673
g100_r114_c264,1.0,114,264,84.0,24.0,85.0,25.0,84.5,24.5,11226.471673
g100_r114_c265,1.0,114,265,85.0,24.0,86.0,25.0,85.5,24.5,11226.471673
g100_r114_c266,1.0,114,266,86.0,24.0,87.0,25.0,86.5,24.5,11226.471673
g100_r114_c267,1.0,114,267,87.0,24.0,88.0,25.0,87.5,24.5,11226.471673
g100_r114_c268,1.0,114,268,88.0,24.0,89.0,25.0,88.5,24.5,11226.471673
g100_r114_c269,1.0,114,269,89.0,24.0,90.0,25.0,89.5,24.5,11226.471673
g100_r114_c270,1.0,114,270,90.0,24.0,91.0,25.0,90.5,24.5,11226.471673
g100_r114_c271,1.0,114,271,91.0,24.0,92.0,25.0,91.5,24.5,11226.471673
g100_r114_c272,1.0,114,272,92.0,24.0,93.0,25.0,92.5,24.5,11226.471673
g100_r114_c273,1.0,114,273,93.0,24.0,94.0,25.0,93.5,24.5,11226.471673
g100_r114_c274,1.0,114,274,94.0,24.0,95.0,25.0,94.5,24.5,11226.471673
g100_r114_c275,1.0,114,275,95.0,24.0,96.0,25.0,95.5,24.5,11226.471673
g100_r114_c276,1.0,114,276,96.0,24.0,97.0,25.0,96.5,24.5,11226.471673
g100_r114_c277,1.0,114,277,97.0,24.0,98.0,25.0,97.5,24.5,11226.471673
g100_r114_c278,1.0,114,278,98.0,24.0,99.0,25.0,98.5,24.5,11226.471673
g100_r114_c279,1.0,114,279,99.0,24.0,100.0,25.0,99.5,24.5,11226.471673
g100_r114_c280,1.0,114,280,100.0,24.0,101.0,25.0,100.5,24.5,11226.471673
g100_r114_c281,1.0,114,281,101.0,24.0,102.0,25.0,101.5,24.5,11226.471673
g100_r114_c282,1.0,114,282,102.0,24.0,103.0,25.0,102.5,24.5,11226.471673
g100_r114_c283,1.0,114,283,103.0,24.0,104.0,25.0,103.5,24.5,11226.471673
g100_r114_c284,1.0,114,284,104.0,24.0,105.0,25.0,104.5,24.5,11226.471673
g100_r114_c285,1.0,114,285,105.0,24.0,106.0,25.0,105.5,24.5,11226.471673
g100_r114_c286,1.0,114,286,106.0,24.0,107.0,25.0,106.5,24.5,11226.471673
g100_r114_c287,1.0,114,287,107.0,24.0,108.0,25.0,107.5,24.5,11226.471673
g100_r114_c288,1.0,114,288,108.0,24.0,109.0,25.0,108.5,24.5,11226.471673
g100_r114_c289,1.0,114,289,109.0,24.0,110.0,25.0,109.5,24.5,11226.471673
g100_r114_c290,1.0,114,290,110.0,24.0,111.0,25.0,110.5,24.5,11226.471673
g100_r114_c291,1.0,114,291,111.0,24.0,112.0,25.0,111.5,24.5,11226.471673
g100_r114_c292,1.0,114,292,112.0,24.0,113.0,25.0,112.5,24.5,11226.471673
g100_r114_c293,1.0,114,293,113.0,24.0,114.0,25.0,113.5,24.5,11226.471673
g100_r114_c294,1.0,114,294,114.0,24.0,115.0,25.0,114.5,24.5,11226.471673
g100_r114_c295,1.0,114,295,115.0,24.0,116.0,25.0,115.5,24.5,11226.471673
g100_r114_c296,1.0,114,296,116.0,24.0,117.0,25.0,116.5,24.5,11226.471673
g100_r114_c297,1.0,114,297,117.0,24.0,118.0,25.0,117.5,24.5,11226.471673
g100_r114_c298,1.0,114,298,118.0,24.0,119.0,25.0,118.5,24.5,11226.471673
g100_r114_c299,1.0,114,299,119.0,24.0,120.0,25.0,119.5,24.5,11226.471673
g100_r114_c300,1.0,114,300,120.0,24.0,121.0,25.0,120.5,24.5,11226.471673
g100_r114_c301,1.0,114,301,121.0,24.0,122.0,25.0,121.5,24.5,11226.471673
g100_r114_c302,1.0,114,302,122.0,24.0,123.0,25.0,122.5,24.5,11226.471673
g100_r114_c303,1.0,114,303,123.0,24.0,124.0,25.0,123.5,24.5,11226.471673
g100_r114_c304,1.0,114,304,124.0,24.0,125.0,25.0,124.5,24.5,11226.471673
g100_r114_c305,1.0,114,305,125.0,24.0,126.0,25.0,125.5,24.5,11226.471673
g100_r114_c306,1.0,114,306,126.0,24.0,127.0,25.0,126.5,24.5,11226.471673
g100_r114_c307,1.0,114,307,127.0,24.0,128.0,25.0,127.5,24.5,11226.471673
g100_r114_c308,1.0,114,308,128.0,24.0,129.0,25.0,128.5,24.5,11226.471673
g100_r114_c309,1.0,114,309,129.0,24.0,130.0,25.0,129.5,24.5,11226.471673
g100_r114_c310,1.0,114,310,130.0,24.0,131.0,25.0,130.5,24.5,11226.471673
g100_r114_c311,1.0,114,311,131.0,24.0,132.0,25.0,131.5,24.5,11226.471673
g100_r114_c312,1.0,114,312,132.0,24.0,133.0,25.0,132.5,24.5,11226.471673
g100_r114_c313,1.0,114,313,133.0,24.0,134.0,25.0,133.5,24.5,11226.471673
g100_r114_c314,1.0,114,314,134.0,24.0,135.0,25.0,134.5,24.5,11226.471673
g100_r114_c315,1.0,114,315,135.0,24.0,136.0,25.0,135.5,24.5,11226.471673
g100_r114_c316,1.0,114,316,136.0,24.0,137.0,25.0,136.5,24.5,11226.471673
g100_r114_c317,1.0,114,317,137.0,24.0,138.0,25.0,137.5,24.5,11226.471673
g100_r114_c318,1.0,114,318,138.0,24.0,139.0,25.0,138.5,24.5,11226.471673
g100_r114_c319,1.0,114,319,139.0,24.0,140.0,25.0,139.5,24.5,11226.471673
g100_r114_c320,1.0,114,320,140.0,24.0,141.0,25.0,140.5,24.5,11226.471673
g100_r114_c321,1.0,114,321,141.0,24.0,142.0,25.0,141.5,24.5,11226.471673
g100_r115_c240,1.0,115,240,60.0,25.0,61.0,26.0,60.5,25.5,11137.46746
g100_r115_c241,1.0,115,241,61.0,25.0,62.0,26.0,61.5,25.5,11137.46746
g100_r115_c242,1.0,115,242,62.0,25.0,63.0,26.0,62.5,25.5,11137.46746
g100_r115_c243,1.0,115,243,63.0,25.0,64.0,26.0,63.5,25.5,11137.46746
g100_r115_c244,1.0,115,244,64.0,25.0,65.0,26.0,64.5,25.5,11137.46746
g100_r115_c245,1.0,115,245,65.0,25.0,66.0,26.0,65.5,25.5,11137.46746
g100_r115_c246,1.0,115,246,66.0,25.0,67.0,26.0,66.5,25.5,11137.46746
g100_r115_c247,1.0,115,247,67.0,25.0,68.0,26.0,67.5,25.5,11137.46746
g100_r115_c248,1.0,115,248,68.0,25.0,69.0,26.0,68.5,25.5,11137.46746
g100_r115_c249,1.0,115,249,69.0,25.0,70.0,26.0,69.5,25.5,11137.46746
g100_r115_c250,1.0,115,250,70.0,25.0,71.0,26.0,70.5,25.5,11137.46746
g100_r115_c251,1.0,115,251,71.0,25.0,72.0,26.0,71.5,25.5,11137.46746
g100_r115_c252,1.0,115,252,72.0,25.0,73.0,26.0,72.5,25.5,11137.46746
g100_r115_c253,1.0,115,253,73.0,25.0,74.0,26.0,73.5,25.5,11137.46746
g100_r115_c254,1.0,115,254,74.0,25.0,75.0,26.0,74.5,25.5,11137.46746
g100_r115_c255,1.0,115,255,75.0,25.0,76.0,26.0,75.5,25.5,11137.46746
g100_r115_c256,1.0,115,256,76.0,25.0,77.0,26.0,76.5,25.5,11137.46746
g100_r115_c257,1.0,115,257,77.0,25.0,78.0,26.0,77.5,25.5,11137.46746
g100_r115_c258,1.0,115,258,78.0,25.0,79.0,26.0,78.5,25.5,11137.46746
g100_r115_c259,1.0,115,259,79.0,25.0,80.0,26.0,79.5,25.5,11137.46746
g100_r115_c260,1.0,115,260,80.0,25.0,81.0,26.0,80.5,25.5,11137.46746
g100_r115_c261,1.0,115,261,81.0,25.0,82.0,26.0,81.5,25.5,11137.46746
g100_r115_c262,1.0,115,262,82.0,25.0,83.0,26.0,82.5,25.5,11137.46746
g100_r115_c263,1.0,115,263,83.0,25.0,84.0,26.0,83.5,25.5,11137.46746
g100_r115_c264,1.0,115,264,84.0,25.0,85.0,26.0,84.5,25.5,11137.46746
g100_r115_c265,1.0,115,265,85.0,25.0,86.0,26.0,85.5,25.5,11137.46746
g100_r115_c266,1.0,115,266,86.0,25.0,87.0,26.0,86.5,25.5,11137.46746
g100_r115_c267,1.0,115,267,87.0,25.0,88.0,26.0,87.5,25.5,11137.46746
g100_r115_c268,1.0,115,268,88.0,25.0,89.0,26.0,88.5,25.5,11137.46746
g100_r115_c269,1.0,115,269,89.0,25.0,90.0,26.0,89.5,25.5,11137.46746
g100_r115_c270,1.0,115,270,90.0,25.0,91.0,26.0,90.5,25.5,11137.46746
g100_r115_c271,1.0,115,271,91.0,25.0,92.0,26.0,91.5,25.5,11137.46746
g100_r115_c272,1.0,115,272,92.0,25.0,93.0,26.0,92.5,25.5,11137.46746
g100_r115_c273,1.0,115,273,93.0,25.0,94.0,26.0,93.5,25.5,11137.46746
g100_r115_c274,1.0,115,274,94.0,25.0,95.0,26.0,94.5,25.5,11137.46746
g100_r115_c275,1.0,115,275,95.0,25.0,96.0,26.0,95.5,25.5,11137.46746
g100_r115_c276,1.0,115,276,96.0,25.0,97.0,26.0,96.5,25.5,11137.46746
g100_r115_c277,1.0,115,277,97.0,25.0,98.0,26.0,97.5,25.5,11137.46746
g100_r115_c278,1.0,115,278,98.0,25.0,99.0,26.0,98.5,25.5,11137.46746
g100_r115_c279,1.0,115,279,99.0,25.0,100.0,26.0,99.5,25.5,11137.46746
g100_r115_c280,1.0,115,280,100.0,25.0,101.0,26.0,100.5,25.5,11137.46746
g100_r115_c281,1.0,115,281,101.0,25.0,102.0,26.0,101.5,25.5,11137.46746
g100_r115_c282,1.0,115,282,102.0,25.0,103.0,26.0,102.5,25.5,11137.46746
g100_r115_c283,1.0,115,283,103.0,25.0,104.0,26.0,103.5,25.5,11137.46746
g100_r115_c284,1.0,115,284,104.0,25.0,105.0,26.0,104.5,25.5,11137.46746
g100_r115_c285,1.0,115,285,105.0,25.0,106.0,26.0,105.5,25.5,11137.46746
g100_r115_c286,1.0,115,286,106.0,25.0,107.0,26.0,106.5,25.5,11137.46746
g100_r115_c287,1.0,115,287,107.0,25.0,108.0,26.0,107.5,25.5,11137.46746
g100_r115_c288,1.0,115,288,108.0,25.0,109.0,26.0,108.5,25.5,11137.46746
g100_r115_c289,1.0,115,289,109.0,25.0,110.0,26.0,109.5,25.5,11137.46746
g100_r115_c290,1.0,115,290,110.0,25.0,111.0,26.0,110.5,25.5,11137.46746
g100_r115_c291,1.0,115,291,111.0,25.0,112.0,26.0,111.5,25.5,11137.46746
g100_r115_c292,1.0,115,292,112.0,25.0,113.0,26.0,112.5,25.5,11137.46746
g100_r115_c293,1.0,115,293,113.0,25.0,114.0,26.0,113.5,25.5,11137.46746
g100_r115_c294,1.0,115,294,114.0,25.0,115.0,26.0,114.5,25.5,11137.46746
g100_r115_c295,1.0,115,295,115.0,25.0,116.0,26.0,115.5,25.5,11137.46746
g100_r115_c296,1.0,115,296,116.0,25.0,117.0,26.0,116.5,25.5,11137.46746
g100_r115_c297,1.0,115,297,117.0,25.0,118.0,26.0,117.5,25.5,11137.46746
g100_r115_c298,1.0,115,298,118.0,25.0,119.0,26.0,118.5,25.5,11137.46746
g100_r115_c299,1.0,115,299,119.0,25.0,120.0,26.0,119.5,25.5,11137.46746
g100_r115_c300,1.0,115,300,120.0,25.0,121.0,26.0,120.5,25.5,11137.46746
g100_r115_c301,1.0,115,301,121.0,25.0,122.0,26.0,121.5,25.5,11137.46746
g100_r115_c302,1.0,115,302,122.0,25.0,123.0,26.0,122.5,25.5,11137.46746
g100_r115_c303,1.0,115,303,123.0,25.0,124.0,26.0,123.5,25.5,11137.46746
g100_r115_c304,1.0,115,304,124.0,25.0,125.0,26.0,124.5,25.5,11137.46746
g100_r115_c305,1.0,115,305,125.0,25.0,126.0,26.0,125.5,25.5,11137.46746
g100_r115_c306,1.0,115,306,126.0,25.0,127.0,26.0,126.5,25.5,11137.46746
g100_r115_c307,1.0,115,307,127.0,25.0,128.0,26.0,127.5,25.5,11137.46746
g100_r115_c308,1.0,115,308,128.0,25.0,129.0,26.0,128.5,25.5,11137.46746
g100_r115_c309,1.0,115,309,129.0,25.0,130.0,26.0,129.5,25.5,11137.46746
g100_r115_c310,1.0,115,310,130.0,25.0,131.0,26.0,130.5,25.5,11137.46746
g100_r115_c311,1.0,115,311,131.0,25.0,132.0,26.0,131.5,25.5,11137.46746
g100_r115_c312,1.0,115,312,132.0,25.0,133.0,26.0,132.5,25.5,11137.46746
g100_r115_c313,1.0,115,313,133.0,25.0,134.0,26.0,133.5,25.5,11137.46746
g100_r115_c314,1.0,115,314,134.0,25.0,135.0,26.0,134.5,25.5,11137.46746
g100_r115_c315,1.0,115,315,135.0,25.0,136.0,26.0,135.5,25.5,11137.46746
g100_r115_c316,1.0,115,316,136.0,25.0,137.0,26.0,136.5,25.5,11137.46746
g100_r115_c317,1.0,115,317,137.0,25.0,138.0,26.0,137.5,25.5,11137.46746
g100_r115_c318,1.0,115,318,138.0,25.0,139.0,26.0,138.5,25.5,11137.46746
g100_r115_c319,1.0,115,319,139.0,25.0,140.0,26.0,139.5,25.5,11137.46746
g100_r115_c320,1.0,115,320,140.0,25.0,141.0,26.0,140.5,25.5,11137.46746
g100_r115_c321,1.0,115,321,141.0,25.0,142.0,26.0,141.5,25.5,11137.46746
g100_r116_c240,1.0,116,240,60.0,26.0,61.0,27.0,60.5,26.5,11045.094736
g100_r116_c241,1.0,116,241,61.0,26.0,62.0,27.0,61.5,26.5,11045.094736
g100_r116_c242,1.0,116,242,62.0,26.0,63.0,27.0,62.5,26.5,11045.094736
g100_r116_c243,1.0,116,243,63.0,26.0,64.0,27.0,63.5,26.5,11045.094736
g100_r116_c244,1.0,116,244,64.0,26.0,65.0,27.0,64.5,26.5,11045.094736
g100_r116_c245,1.0,116,245,65.0,26.0,66.0,27.0,65.5,26.5,11045.094736
g100_r116_c246,1.0,116,246,66.0,26.0,67.0,27.0,66.5,26.5,11045.094736
g100_r116_c247,1.0,116,247,67.0,26.0,68.0,27.0,67.5,26.5,11045.094736
g100_r116_c248,1.0,116,248,68.0,26.0,69.0,27.0,68.5,26.5,11045.094736
g100_r116_c249,1.0,116,249,69.0,26.0,70.0,27.0,69.5,26.5,11045.094736
g100_r116_c250,1.0,116,250,70.0,26.0,71.0,27.0,70.5,26.5,11045.094736
g100_r116_c251,1.0,116,251,71.0,26.0,72.0,27.0,71.5,26.5,11045.094736
g100_r116_c252,1.0,116,252,72.0,26.0,73.0,27.0,72.5,26.5,11045.094736
g100_r116_c253,1.0,116,253,73.0,26.0,74.0,27.0,73.5,26.5,11045.094736
g100_r116_c254,1.0,116,254,74.0,26.0,75.0,27.0,74.5,26.5,11045.094736
g100_r116_c255,1.0,116,255,75.0,26.0,76.0,27.0,75.5,26.5,11045.094736
g100_r116_c256,1.0,116,256,76.0,26.0,77.0,27.0,76.5,26.5,11045.094736
g100_r116_c257,1.0,116,257,77.0,26.0,78.0,27.0,77.5,26.5,11045.094736
g100_r116_c258,1.0,116,258,78.0,26.0,79.0,27.0,78.5,26.5,11045.094736
g100_r116_c259,1.0,116,259,79.0,26.0,80.0,27.0,79.5,26.5,11045.094736
g100_r116_c260,1.0,116,260,80.0,26.0,81.0,27.0,80.5,26.5,11045.094736
g100_r116_c261,1.0,116,261,81.0,26.0,82.0,27.0,81.5,26.5,11045.094736
g100_r116_c262,1.0,116,262,82.0,26.0,83.0,27.0,82.5,26.5,11045.094736
g100_r116_c263,1.0,116,263,83.0,26.0,84.0,27.0,83.5,26.5,11045.094736
g100_r116_c264,1.0,116,264,84.0,26.0,85.0,27.0,84.5,26.5,11045.094736
g100_r116_c265,1.0,116,265,85.0,26.0,86.0,27.0,85.5,26.5,11045.094736
g100_r116_c266,1.0,116,266,86.0,26.0,87.0,27.0,86.5,26.5,11045.094736
g100_r116_c267,1.0,116,267,87.0,26.0,88.0,27.0,87.5,26.5,11045.094736
g100_r116_c268,1.0,116,268,88.0,26.0,89.0,27.0,88.5,26.5,11045.094736
g100_r116_c269,1.0,116,269,89.0,26.0,90.0,27.0,89.5,26.5,11045.094736
g100_r116_c270,1.0,116,270,90.0,26.0,91.0,27.0,90.5,26.5,11045.094736
g100_r116_c271,1.0,116,271,91.0,26.0,92.0,27.0,91.5,26.5,11045.094736
g100_r116_c272,1.0,116,272,92.0,26.0,93.0,27.0,92.5,26.5,11045.094736
g100_r116_c273,1.0,116,273,93.0,26.0,94.0,27.0,93.5,26.5,11045.094736
g100_r116_c274,1.0,116,274,94.0,26.0,95.0,27.0,94.5,26.5,11045.094736
g100_r116_c275,1.0,116,275,95.0,26.0,96.0,27.0,95.5,26.5,11045.094736
g100_r116_c276,1.0,116,276,96.0,26.0,97.0,27.0,96.5,26.5,11045.094736
g100_r116_c277,1.0,116,277,97.0,26.0,98.0,27.0,97.5,26.5,11045.094736
g100_r116_c278,1.0,116,278,98.0,26.0,99.0,27.0,98.5,26.5,11045.094736
g100_r116_c279,1.0,116,279,99.0,26.0,100.0,27.0,99.5,26.5,11045.094736
g100_r116_c280,1.0,116,280,100.0,26.0,101.0,27.0,100.5,26.5,11045.094736
g100_r116_c281,1.0,116,281,101.0,26.0,102.0,27.0,101.5,26.5,11045.094736
g100_r116_c282,1.0,116,282,102.0,26.0,103.0,27.0,102.5,26.5,11045.094736
g100_r116_c283,1.0,116,283,103.0,26.0,104.0,27.0,103.5,26.5,11045.094736
g100_r116_c284,1.0,116,284,104.0,26.0,105.0,27.0,104.5,26.5,11045.094736
g100_r116_c285,1.0,116,285,105.0,26.0,106.0,27.0,105.5,26.5,11045.094736
g100_r116_c286,1.0,116,286,106.0,26.0,107.0,27.0,106.5,26.5,11045.094736
g100_r116_c287,1.0,116,287,107.0,26.0,108.0,27.0,107.5,26.5,11045.094736
g100_r116_c288,1.0,116,288,108.0,26.0,109.0,27.0,108.5,26.5,11045.094736
g100_r116_c289,1.0,116,289,109.0,26.0,110.0,27.0,109.5,26.5,11045.094736
g100_r116_c290,1.0,116,290,110.0,26.0,111.0,27.0,110.5,26.5,11045.094736
g100_r116_c291,1.0,116,291,111.0,26.0,112.0,27.0,111.5,26.5,11045.094736
g100_r116_c292,1.0,116,292,112.0,26.0,113.0,27.0,112.5,26.5,11045.094736
g100_r116_c293,1.0,116,293,113.0,26.0,114.0,27.0,113.5,26.5,11045.094736
g100_r116_c294,1.0,116,294,114.0,26.0,115.0,27.0,114.5,26.5,11045.094736
g100_r116_c295,1.0,116,295,115.0,26.0,116.0,27.0,115.5,26.5,11045.094736
g100_r116_c296,1.0,116,296,116.0,26.0,117.0,27.0,116.5,26.5,11045.094736
g100_r116_c297,1.0,116,297,117.0,26.0,118.0,27.0,117.5,26.5,11045.094736
g100_r116_c298,1.0,116,298,118.0,26.0,119.0,27.0,118.5,26.5,11045.094736
g100_r116_c299,1.0,116,299,119.0,26.0,120.0,27.0,119.5,26.5,11045.094736
g100_r116_c300,1.0,116,300,120.0,26.0,121.0,27.0,120.5,26.5,11045.094736
g100_r116_c301,1.0,116,301,121.0,26.0,122.0,27.0,121.5,26.5,11045.094736
g100_r116_c302,1.0,116,302,122.0,26.0,123.0,27.0,122.5,26.5,11045.094736
g100_r116_c303,1.0,116,303,123.0,26.0,124.0,27.0,123.5,26.5,11045.094736
g100_r116_c304,1.0,116,304,124.0,26.0,125.0,27.0,124.5,26.5,11045.094736
g100_r116_c305,1.0,116,305,125.0,26.0,126.0,27.0,125.5,26.5,11045.094736
g100_r116_c306,1.0,116,306,126.0,26.0,127.0,27.0,126.5,26.5,11045.094736
g100_r116_c307,1.0,116,307,127.0,26.0,128.0,27.0,127.5,26.5,11045.094736
g100_r116_c308,1.0,116,308,128.0,26.0,129.0,27.0,128.5,26.5,11045.094736
g100_r116_c309,1.0,116,309,129.0,26.0,130.0,27.0,129.5,26.5,11045.094736
g100_r116_c310,1.0,116,310,130.0,26.0,131.0,27.0,130.5,26.5,11045.094736
g100_r116_c311,1.0,116,311,131.0,26.0,132.0,27.0,131.5,26.5,11045.094736
g100_r116_c312,1.0,116,312,132.0,26.0,133.0,27.0,132.5,26.5,11045.094736
g100_r116_c313,1.0,116,313,133.0,26.0,134.0,27.0,133.5,26.5,11045.094736
g100_r116_c314,1.0,116,314,134.0,26.0,135.0,27.0,134.5,26.5,11045.094736
g100_r116_c315,1.0,116,315,135.0,26.0,136.0,27.0,135.5,26.5,11045.094736
g100_r116_c316,1.0,116,316,136.0,26.0,137.0,27.0,136.5,26.5,11045.094736
g100_r116_c317,1.0,116,317,137.0,26.0,138.0,27.0,137.5,26.5,11045.094736
g100_r116_c318,1.0,116,318,138.0,26.0,139.0,27.0,138.5,26.5,11045.094736
g100_r116_c319,1.0,116,319,139.0,26.0,140.0,27.0,139.5,26.5,11045.094736
g100_r116_c320,1.0,116,320,140.0,26.0,141.0,27.0,140.5,26.5,11045.094736
g100_r116_c321,1.0,116,321,141.0,26.0,142.0,27.0,141.5,26.5,11045.094736
g100_r117_c240,1.0,117,240,60.0,27.0,61.0,28.0,60.5,27.5,10949.376511
g100_r117_c241,1.0,117,241,61.0,27.0,62.0,28.0,61.5,27.5,10949.376511
g100_r117_c242,1.0,117,242,62.0,27.0,63.0,28.0,62.5,27.5,10949.376511
g100_r117_c243,1.0,117,243,63.0,27.0,64.0,28.0,63.5,27.5,10949.376511
g100_r117_c244,1.0,117,244,64.0,27.0,65.0,28.0,64.5,27.5,10949.376511
g100_r117_c245,1.0,117,245,65.0,27.0,66.0,28.0,65.5,27.5,10949.376511
g100_r117_c246,1.0,117,246,66.0,27.0,67.0,28.0,66.5,27.5,10949.376511
g100_r117_c247,1.0,117,247,67.0,27.0,68.0,28.0,67.5,27.5,10949.376511
g100_r117_c248,1.0,117,248,68.0,27.0,69.0,28.0,68.5,27.5,10949.376511
g100_r117_c249,1.0,117,249,69.0,27.0,70.0,28.0,69.5,27.5,10949.376511
g100_r117_c250,1.0,117,250,70.0,27.0,71.0,28.0,70.5,27.5,10949.376511
g100_r117_c251,1.0,117,251,71.0,27.0,72.0,28.0,71.5,27.5,10949.376511
g100_r117_c252,1.0,117,252,72.0,27.0,73.0,28.0,72.5,27.5,10949.376511
g100_r117_c253,1.0,117,253,73.0,27.0,74.0,28.0,73.5,27.5,10949.376511
g100_r117_c254,1.0,117,254,74.0,27.0,75.0,28.0,74.5,27.5,10949.376511
g100_r117_c255,1.0,117,255,75.0,27.0,76.0,28.0,75.5,27.5,10949.376511
g100_r117_c256,1.0,117,256,76.0,27.0,77.0,28.0,76.5,27.5,10949.376511
g100_r117_c257,1.0,117,257,77.0,27.0,78.0,28.0,77.5,27.5,10949.376511
g100_r117_c258,1.0,117,258,78.0,27.0,79.0,28.0,78.5,27.5,10949.376511
g100_r117_c259,1.0,117,259,79.0,27.0,80.0,28.0,79.5,27.5,10949.376511
g100_r117_c260,1.0,117,260,80.0,27.0,81.0,28.0,80.5,27.5,10949.376511
g100_r117_c261,1.0,117,261,81.0,27.0,82.0,28.0,81.5,27.5,10949.376511
g100_r117_c262,1.0,117,262,82.0,27.0,83.0,28.0,82.5,27.5,10949.376511
g100_r117_c263,1.0,117,263,83.0,27.0,84.0,28.0,83.5,27.5,10949.376511
g100_r117_c264,1.0,117,264,84.0,27.0,85.0,28.0,84.5,27.5,10949.376511
g100_r117_c265,1.0,117,265,85.0,27.0,86.0,28.0,85.5,27.5,10949.376511
g100_r117_c266,1.0,117,266,86.0,27.0,87.0,28.0,86.5,27.5,10949.376511
g100_r117_c267,1.0,117,267,87.0,27.0,88.0,28.0,87.5,27.5,10949.376511
g100_r117_c268,1.0,117,268,88.0,27.0,89.0,28.0,88.5,27.5,10949.376511
g100_r117_c269,1.0,117,269,89.0,27.0,90.0,28.0,89.5,27.5,10949.376511
g100_r117_c270,1.0,117,270,90.0,27.0,91.0,28.0,90.5,27.5,10949.376511
g100_r117_c271,1.0,117,271,91.0,27.0,92.0,28.0,91.5,27.5,10949.376511
g100_r117_c272,1.0,117,272,92.0,27.0,93.0,28.0,92.5,27.5,10949.376511
g100_r117_c273,1.0,117,273,93.0,27.0,94.0,28.0,93.5,27.5,10949.376511
g100_r117_c274,1.0,117,274,94.0,27.0,95.0,28.0,94.5,27.5,10949.376511
g100_r117_c275,1.0,117,275,95.0,27.0,96.0,28.0,95.5,27.5,10949.376511
g100_r117_c276,1.0,117,276,96.0,27.0,97.0,28.0,96.5,27.5,10949.376511
g100_r117_c277,1.0,117,277,97.0,27.0,98.0,28.0,97.5,27.5,10949.376511
g100_r117_c278,1.0,117,278,98.0,27.0,99.0,28.0,98.5,27.5,10949.376511
g100_r117_c279,1.0,117,279,99.0,27.0,100.0,28.0,99.5,27.5,10949.376511
g100_r117_c280,1.0,117,280,100.0,27.0,101.0,28.0,100.5,27.5,10949.376511
g100_r117_c281,1.0,117,281,101.0,27.0,102.0,28.0,101.5,27.5,10949.376511
g100_r117_c282,1.0,117,282,102.0,27.0,103.0,28.0,102.5,27.5,10949.376511
g100_r117_c283,1.0,117,283,103.0,27.0,104.0,28.0,103.5,27.5,10949.376511
g100_r117_c284,1.0,117,284,104.0,27.0,105.0,28.0,104.5,27.5,10949.376511
g100_r117_c285,1.0,117,285,105.0,27.0,106.0,28.0,105.5,27.5,10949.376511
g100_r117_c286,1.0,117,286,106.0,27.0,107.0,28.0,106.5,27.5,10949.376511
g100_r117_c287,1.0,117,287,107.0,27.0,108.0,28.0,107.5,27.5,10949.376511
g100_r117_c288,1.0,117,288,108.0,27.0,109.0,28.0,108.5,27.5,10949.376511
g100_r117_c289,1.0,117,289,109.0,27.0,110.0,28.0,109.5,27.5,10949.376511
g100_r117_c290,1.0,117,290,110.0,27.0,111.0,28.0,110.5,27.5,10949.376511
g100_r117_c291,1.0,117,291,111.0,27.0,112.0,28.0,111.5,27.5,10949.376511
g100_r117_c292,1.0,117,292,112.0,27.0,113.0,28.0,112.5,27.5,10949.376511
g100_r117_c293,1.0,117,293,113.0,27.0,114.0,28.0,113.5,27.5,10949.376511
g100_r117_c294,1.0,117,294,114.0,27.0,115.0,28.0,114.5,27.5,10949.376511
g100_r117_c295,1.0,117,295,115.0,27.0,116.0,28.0,115.5,27.5,10949.376511
g100_r117_c296,1.0,117,296,116.0,27.0,117.0,28.0,116.5,27.5,10949.376511
g100_r117_c297,1.0,117,297,117.0,27.0,118.0,28.0,117.5,27.5,10949.376511
g100_r117_c298,1.0,117,298,118.0,27.0,119.0,28.0,118.5,27.5,10949.376511
g100_r117_c299,1.0,117,299,119.0,27.0,120.0,28.0,119.5,27.5,10949.376511
g100_r117_c300,1.0,117,300,120.0,27.0,121.0,28.0,120.5,27.5,10949.376511
g100_r117_c301,1.0,117,301,121.0,27.0,122.0,28.0,121.5,27.5,10949.376511
g100_r117_c302,1.0,117,302,122.0,27.0,123.0,28.0,122.5,27.5,10949.376511
g100_r117_c303,1.0,117,303,123.0,27.0,124.0,28.0,123.5,27.5,10949.376511
g100_r117_c304,1.0,117,304,124.0,27.0,125.0,28.0,124.5,27.5,10949.376511
g100_r117_c305,1.0,117,305,125.0,27.0,126.0,28.0,125.5,27.5,10949.376511
g100_r117_c306,1.0,117,306,126.0,27.0,127.0,28.0,126.5,27.5,10949.376511
g100_r117_c307,1.0,117,307,127.0,27.0,128.0,28.0,127.5,27.5,10949.376511
g100_r117_c308,1.0,117,308,128.0,27.0,129.0,28.0,128.5,27.5,10949.376511
g100_r117_c309,1.0,117,309,129.0,27.0,130.0,28.0,129.5,27.5,10949.376511
g100_r117_c310,1.0,117,310,130.0,27.0,131.0,28.0,130.5,27.5,10949.376511
g100_r117_c311,1.0,117,311,131.0,27.0,132.0,28.0,131.5,27.5,10949.376511
g100_r117_c312,1.0,117,312,132.0,27.0,133.0,28.0,132.5,27.5,10949.376511
g100_r117_c313,1.0,117,313,133.0,27.0,134.0,28.0,133.5,27.5,10949.376511
g100_r117_c314,1.0,117,314,134.0,27.0,135.0,28.0,134.5,27.5,10949.376511
g100_r117_c315,1.0,117,315,135.0,27.0,136.0,28.0,135.5,27.5,10949.376511
g100_r117_c316,1.0,117,316,136.0,27.0,137.0,28.0,136.5,27.5,10949.376511
g100_r117_c317,1.0,117,317,137.0,27.0,138.0,28.0,137.5,27.5,10949.376511
g100_r117_c318,1.0,117,318,138.0,27.0,139.0,28.0,138.5,27.5,10949.376511
g100_r117_c319,1.0,117,319,139.0,27.0,140.0,28.0,139.5,27.5,10949.376511
g100_r117_c320,1.0,117,320,140.0,27.0,141.0,28.0,140.5,27.5,10949.376511
g100_r117_c321,1.0,117,321,141.0,27.0,142.0,28.0,141.5,27.5,10949.376511
g100_r118_c240,1.0,118,240,60.0,28.0,61.0,29.0,60.5,28.5,10850.336759
g100_r118_c241,1.0,118,241,61.0,28.0,62.0,29.0,61.5,28.5,10850.336759
g100_r118_c242,1.0,118,242,62.0,28.0,63.0,29.0,62.5,28.5,10850.336759
g100_r118_c243,1.0,118,243,63.0,28.0,64.0,29.0,63.5,28.5,10850.336759
g100_r118_c244,1.0,118,244,64.0,28.0,65.0,29.0,64.5,28.5,10850.336759
g100_r118_c245,1.0,118,245,65.0,28.0,66.0,29.0,65.5,28.5,10850.336759
g100_r118_c246,1.0,118,246,66.0,28.0,67.0,29.0,66.5,28.5,10850.336759
g100_r118_c247,1.0,118,247,67.0,28.0,68.0,29.0,67.5,28.5,10850.336759
g100_r118_c248,1.0,118,248,68.0,28.0,69.0,29.0,68.5,28.5,10850.336759
g100_r118_c249,1.0,118,249,69.0,28.0,70.0,29.0,69.5,28.5,10850.336759
g100_r118_c250,1.0,118,250,70.0,28.0,71.0,29.0,70.5,28.5,10850.336759
g100_r118_c251,1.0,118,251,71.0,28.0,72.0,29.0,71.5,28.5,10850.336759
g100_r118_c252,1.0,118,252,72.0,28.0,73.0,29.0,72.5,28.5,10850.336759
g100_r118_c253,1.0,118,253,73.0,28.0,74.0,29.0,73.5,28.5,10850.336759
g100_r118_c254,1.0,118,254,74.0,28.0,75.0,29.0,74.5,28.5,10850.336759
g100_r118_c255,1.0,118,255,75.0,28.0,76.0,29.0,75.5,28.5,10850.336759
g100_r118_c256,1.0,118,256,76.0,28.0,77.0,29.0,76.5,28.5,10850.336759
g100_r118_c257,1.0,118,257,77.0,28.0,78.0,29.0,77.5,28.5,10850.336759
g100_r118_c258,1.0,118,258,78.0,28.0,79.0,29.0,78.5,28.5,10850.336759
g100_r118_c259,1.0,118,259,79.0,28.0,80.0,29.0,79.5,28.5,10850.336759
g100_r118_c260,1.0,118,260,80.0,28.0,81.0,29.0,80.5,28.5,10850.336759
g100_r118_c261,1.0,118,261,81.0,28.0,82.0,29.0,81.5,28.5,10850.336759
g100_r118_c262,1.0,118,262,82.0,28.0,83.0,29.0,82.5,28.5,10850.336759
g100_r118_c263,1.0,118,263,83.0,28.0,84.0,29.0,83.5,28.5,10850.336759
g100_r118_c264,1.0,118,264,84.0,28.0,85.0,29.0,84.5,28.5,10850.336759
g100_r118_c265,1.0,118,265,85.0,28.0,86.0,29.0,85.5,28.5,10850.336759
g100_r118_c266,1.0,118,266,86.0,28.0,87.0,29.0,86.5,28.5,10850.336759
g100_r118_c267,1.0,118,267,87.0,28.0,88.0,29.0,87.5,28.5,10850.336759
g100_r118_c268,1.0,118,268,88.0,28.0,89.0,29.0,88.5,28.5,10850.336759
g100_r118_c269,1.0,118,269,89.0,28.0,90.0,29.0,89.5,28.5,10850.336759
g100_r118_c270,1.0,118,270,90.0,28.0,91.0,29.0,90.5,28.5,10850.336759
g100_r118_c271,1.0,118,271,91.0,28.0,92.0,29.0,91.5,28.5,10850.336759
g100_r118_c272,1.0,118,272,92.0,28.0,93.0,29.0,92.5,28.5,10850.336759
g100_r118_c273,1.0,118,273,93.0,28.0,94.0,29.0,93.5,28.5,10850.336759
g100_r118_c274,1.0,118,274,94.0,28.0,95.0,29.0,94.5,28.5,10850.336759
g100_r118_c275,1.0,118,275,95.0,28.0,96.0,29.0,95.5,28.5,10850.336759
g100_r118_c276,1.0,118,276,96.0,28.0,97.0,29.0,96.5,28.5,10850.336759
g100_r118_c277,1.0,118,277,97.0,28.0,98.0,29.0,97.5,28.5,10850.336759
g100_r118_c278,1.0,118,278,98.0,28.0,99.0,29.0,98.5,28.5,10850.336759
g100_r118_c279,1.0,118,279,99.0,28.0,100.0,29.0,99.5,28.5,10850.336759
g100_r118_c280,1.0,118,280,100.0,28.0,101.0,29.0,100.5,28.5,10850.336759
g100_r118_c281,1.0,118,281,101.0,28.0,102.0,29.0,101.5,28.5,10850.336759
g100_r118_c282,1.0,118,282,102.0,28.0,103.0,29.0,102.5,28.5,10850.336759
g100_r118_c283,1.0,118,283,103.0,28.0,104.0,29.0,103.5,28.5,10850.336759
g100_r118_c284,1.0,118,284,104.0,28.0,105.0,29.0,104.5,28.5,10850.336759
g100_r118_c285,1.0,118,285,105.0,28.0,106.0,29.0,105.5,28.5,10850.336759
g100_r118_c286,1.0,118,286,106.0,28.0,107.0,29.0,106.5,28.5,10850.336759
g100_r118_c287,1.0,118,287,107.0,28.0,108.0,29.0,107.5,28.5,10850.336759
g100_r118_c288,1.0,118,288,108.0,28.0,109.0,29.0,108.5,28.5,10850.336759
g100_r118_c289,1.0,118,289,109.0,28.0,110.0,29.0,109.5,28.5,10850.336759
g100_r118_c290,1.0,118,290,110.0,28.0,111.0,29.0,110.5,28.5,10850.336759
g100_r118_c291,1.0,118,291,111.0,28.0,112.0,29.0,111.5,28.5,10850.336759
g100_r118_c292,1.0,118,292,112.0,28.0,113.0,29.0,112.5,28.5,10850.336759
g100_r118_c293,1.0,118,293,113.0,28.0,114.0,29.0,113.5,28.5,10850.336759
g100_r118_c294,1.0,118,294,114.0,28.0,115.0,29.0,114.5,28.5,10850.336759
g100_r118_c295,1.0,118,295,115.0,28.0,116.0,29.0,115.5,28.5,10850.336759
g100_r118_c296,1.0,118,296,116.0,28.0,117.0,29.0,116.5,28.5,10850.336759
g100_r118_c297,1.0,118,297,117.0,28.0,118.0,29.0,117.5,28.5,10850.336759
g100_r118_c298,1.0,118,298,118.0,28.0,119.0,29.0,118.5,28.5,10850.336759
g100_r118_c299,1.0,118,299,119.0,28.0,120.0,29.0,119.5,28.5,10850.336759
g100_r118_c300,1.0,118,300,120.0,28.0,121.0,29.0,120.5,28.5,10850.336759
g100_r118_c301,1.0,118,301,121.0,28.0,122.0,29.0,121.5,28.5,10850.336759
g100_r118_c302,1.0,118,302,122.0,28.0,123.0,29.0,122.5,28.5,10850.336759
g100_r118_c303,1.0,118,303,123.0,28.0,124.0,29.0,123.5,28.5,10850.336759
g100_r118_c304,1.0,118,304,124.0,28.0,125.0,29.0,124.5,28.5,10850.336759
g100_r118_c305,1.0,118,305,125.0,28.0,126.0,29.0,125.5,28.5,10850.336759
g100_r118_c306,1.0,118,306,126.0,28.0,127.0,29.0,126.5,28.5,10850.336759
g100_r118_c307,1.0,118,307,127.0,28.0,128.0,29.0,127.5,28.5,10850.336759
g100_r118_c308,1.0,118,308,128.0,28.0,129.0,29.0,128.5,28.5,10850.336759
g100_r118_c309,1.0,118,309,129.0,28.0,130.0,29.0,129.5,28.5,10850.336759
g100_r118_c310,1.0,118,310,130.0,28.0,131.0,29.0,130.5,28.5,10850.336759
g100_r118_c311,1.0,118,311,131.0,28.0,132.0,29.0,131.5,28.5,10850.336759
g100_r118_c312,1.0,118,312,132.0,28.0,133.0,29.0,132.5,28.5,10850.336759
g100_r118_c313,1.0,118,313,133.0,28.0,134.0,29.0,133.5,28.5,10850.336759
g100_r118_c314,1.0,118,314,134.0,28.0,135.0,29.0,134.5,28.5,10850.336759
g100_r118_c315,1.0,118,315,135.0,28.0,136.0,29.0,135.5,28.5,10850.336759
g100_r118_c316,1.0,118,316,136.0,28.0,137.0,29.0,136.5,28.5,10850.336759
g100_r118_c317,1.0,118,317,137.0,28.0,138.0,29.0,137.5,28.5,10850.336759
g100_r118_c318,1.0,118,318,138.0,28.0,139.0,29.0,138.5,28.5,10850.336759
g100_r118_c319,1.0,118,319,139.0,28.0,140.0,29.0,139.5,28.5,10850.336759
g100_r118_c320,1.0,118,320,140.0,28.0,141.0,29.0,140.5,28.5,10850.336759
g100_r118_c321,1.0,118,321,141.0,28.0,142.0,29.0,141.5,28.5,10850.336759
g100_r119_c240,1.0,119,240,60.0,29.0,61.0,30.0,60.5,29.5,10748.000427
g100_r119_c241,1.0,119,241,61.0,29.0,62.0,30.0,61.5,29.5,10748.000427
g100_r119_c242,1.0,119,242,62.0,29.0,63.0,30.0,62.5,29.5,10748.000427
g100_r119_c243,1.0,119,243,63.0,29.0,64.0,30.0,63.5,29.5,10748.000427
g100_r119_c244,1.0,119,244,64.0,29.0,65.0,30.0,64.5,29.5,10748.000427
g100_r119_c245,1.0,119,245,65.0,29.0,66.0,30.0,65.5,29.5,10748.000427
g100_r119_c246,1.0,119,246,66.0,29.0,67.0,30.0,66.5,29.5,10748.000427
g100_r119_c247,1.0,119,247,67.0,29.0,68.0,30.0,67.5,29.5,10748.000427
g100_r119_c248,1.0,119,248,68.0,29.0,69.0,30.0,68.5,29.5,10748.000427
g100_r119_c249,1.0,119,249,69.0,29.0,70.0,30.0,69.5,29.5,10748.000427
g100_r119_c250,1.0,119,250,70.0,29.0,71.0,30.0,70.5,29.5,10748.000427
g100_r119_c251,1.0,119,251,71.0,29.0,72.0,30.0,71.5,29.5,10748.000427
g100_r119_c252,1.0,119,252,72.0,29.0,73.0,30.0,72.5,29.5,10748.000427
g100_r119_c253,1.0,119,253,73.0,29.0,74.0,30.0,73.5,29.5,10748.000427
g100_r119_c254,1.0,119,254,74.0,29.0,75.0,30.0,74.5,29.5,10748.000427
g100_r119_c255,1.0,119,255,75.0,29.0,76.0,30.0,75.5,29.5,10748.000427
g100_r119_c256,1.0,119,256,76.0,29.0,77.0,30.0,76.5,29.5,10748.000427
g100_r119_c257,1.0,119,257,77.0,29.0,78.0,30.0,77.5,29.5,10748.000427
g100_r119_c258,1.0,119,258,78.0,29.0,79.0,30.0,78.5,29.5,10748.000427
g100_r119_c259,1.0,119,259,79.0,29.0,80.0,30.0,79.5,29.5,10748.000427
g100_r119_c260,1.0,119,260,80.0,29.0,81.0,30.0,80.5,29.5,10748.000427
g100_r119_c261,1.0,119,261,81.0,29.0,82.0,30.0,81.5,29.5,10748.000427
g100_r119_c262,1.0,119,262,82.0,29.0,83.0,30.0,82.5,29.5,10748.000427
g100_r119_c263,1.0,119,263,83.0,29.0,84.0,30.0,83.5,29.5,10748.000427
g100_r119_c264,1.0,119,264,84.0,29.0,85.0,30.0,84.5,29.5,10748.000427
g100_r119_c265,1.0,119,265,85.0,29.0,86.0,30.0,85.5,29.5,10748.000427
g100_r119_c266,1.0,119,266,86.0,29.0,87.0,30.0,86.5,29.5,10748.000427
g100_r119_c267,1.0,119,267,87.0,29.0,88.0,30.0,87.5,29.5,10748.000427
g100_r119_c268,1.0,119,268,88.0,29.0,89.0,30.0,88.5,29.5,10748.000427
g100_r119_c269,1.0,119,269,89.0,29.0,90.0,30.0,89.5,29.5,10748.000427
g100_r119_c270,1.0,119,270,90.0,29.0,91.0,30.0,90.5,29.5,10748.000427
g100_r119_c271,1.0,119,271,91.0,29.0,92.0,30.0,91.5,29.5,10748.000427
g100_r119_c272,1.0,119,272,92.0,29.0,93.0,30.0,92.5,29.5,10748.000427
g100_r119_c273,1.0,119,273,93.0,29.0,94.0,30.0,93.5,29.5,10748.000427
g100_r119_c274,1.0,119,274,94.0,29.0,95.0,30.0,94.5,29.5,10748.000427
g100_r119_c275,1.0,119,275,95.0,29.0,96.0,30.0,95.5,29.5,10748.000427
g100_r119_c276,1.0,119,276,96.0,29.0,97.0,30.0,96.5,29.5,10748.000427
g100_r119_c277,1.0,119,277,97.0,29.0,98.0,30.0,97.5,29.5,10748.000427
g100_r119_c278,1.0,119,278,98.0,29.0,99.0,30.0,98.5,29.5,10748.000427
g100_r119_c279,1.0,119,279,99.0,29.0,100.0,30.0,99.5,29.5,10748.000427
g100_r119_c280,1.0,119,280,100.0,29.0,101.0,30.0,100.5,29.5,10748.000427
g100_r119_c281,1.0,119,281,101.0,29.0,102.0,30.0,101.5,29.5,10748.000427
g100_r119_c282,1.0,119,282,102.0,29.0,103.0,30.0,102.5,29.5,10748.000427
g100_r119_c283,1.0,119,283,103.0,29.0,104.0,30.0,103.5,29.5,10748.000427
g100_r119_c284,1.0,119,284,104.0,29.0,105.0,30.0,104.5,29.5,10748.000427
g100_r119_c285,1.0,119,285,105.0,29.0,106.0,30.0,105.5,29.5,10748.000427
g100_r119_c286,1.0,119,286,106.0,29.0,107.0,30.0,106.5,29.5,10748.000427
g100_r119_c287,1.0,119,287,107.0,29.0,108.0,30.0,107.5,29.5,10748.000427
g100_r119_c288,1.0,119,288,108.0,29.0,109.0,30.0,108.5,29.5,10748.000427
g100_r119_c289,1.0,119,289,109.0,29.0,110.0,30.0,109.5,29.5,10748.000427
g100_r119_c290,1.0,119,290,110.0,29.0,111.0,30.0,110.5,29.5,10748.000427
g100_r119_c291,1.0,119,291,111.0,29.0,112.0,30.0,111.5,29.5,10748.000427
g100_r119_c292,1.0,119,292,112.0,29.0,113.0,30.0,112.5,29.5,10748.000427
g100_r119_c293,1.0,119,293,113.0,29.0,114.0,30.0,113.5,29.5,10748.000427
g100_r119_c294,1.0,119,294,114.0,29.0,115.0,30.0,114.5,29.5,10748.000427
g100_r119_c295,1.0,119,295,115.0,29.0,116.0,30.0,115.5,29.5,10748.000427
g100_r119_c296,1.0,119,296,116.0,29.0,117.0,30.0,116.5,29.5,10748.000427
g100_r119_c297,1.0,119,297,117.0,29.0,118.0,30.0,117.5,29.5,10748.000427
g100_r119_c298,1.0,119,298,118.0,29.0,119.0,30.0,118.5,29.5,10748.000427
g100_r119_c299,1.0,119,299,119.0,29.0,120.0,30.0,119.5,29.5,10748.000427
g100_r119_c300,1.0,119,300,120.0,29.0,121.0,30.0,120.5,29.5,10748.000427
g100_r119_c301,1.0,119,301,121.0,29.0,122.0,30.0,121.5,29.5,10748.000427
g100_r119_c302,1.0,119,302,122.0,29.0,123.0,30.0,122.5,29.5,10748.000427
g100_r119_c303,1.0,119,303,123.0,29.0,124.0,30.0,123.5,29.5,10748.000427
g100_r119_c304,1.0,119,304,124.0,29.0,125.0,30.0,124.5,29.5,10748.000427
g100_r119_c305,1.0,119,305,125.0,29.0,126.0,30.0,125.5,29.5,10748.000427
g100_r119_c306,1.0,119,306,126.0,29.0,127.0,30.0,126.5,29.5,10748.000427
g100_r119_c307,1.0,119,307,127.0,29.0,128.0,30.0,127.5,29.5,10748.000427
g100_r119_c308,1.0,119,308,128.0,29.0,129.0,30.0,128.5,29.5,10748.000427
g100_r119_c309,1.0,119,309,129.0,29.0,130.0,30.0,129.5,29.5,10748.000427
g100_r119_c310,1.0,119,310,130.0,29.0,131.0,30.0,130.5,29.5,10748.000427
g100_r119_c311,1.0,119,311,131.0,29.0,132.0,30.0,131.5,29.5,10748.000427
g100_r119_c312,1.0,119,312,132.0,29.0,133.0,30.0,132.5,29.5,10748.000427
g100_r119_c313,1.0,119,313,133.0,29.0,134.0,30.0,133.5,29.5,10748.000427
g100_r119_c314,1.0,119,314,134.0,29.0,135.0,30.0,134.5,29.5,10748.000427
g100_r119_c315,1.0,119,315,135.0,29.0,136.0,30.0,135.5,29.5,10748.000427
g100_r119_c316,1.0,119,316,136.0,29.0,137.0,30.0,136.5,29.5,10748.000427
g100_r119_c317,1.0,119,317,137.0,29.0,138.0,30.0,137.5,29.5,10748.000427
g100_r119_c318,1.0,119,318,138.0,29.0,139.0,30.0,138.5,29.5,10748.000427
g100_r119_c319,1.0,119,319,139.0,29.0,140.0,30.0,139.5,29.5,10748.000427
g100_r119_c320,1.0,119,320,140.0,29.0,141.0,30.0,140.5,29.5,10748.000427
g100_r119_c321,1.0,119,321,141.0,29.0,142.0,30.0,141.5,29.5,10748.000427
g100_r120_c240,1.0,120,240,60.0,30.0,61.0,31.0,60.5,30.5,10642.393439
g100_r120_c241,1.0,120,241,61.0,30.0,62.0,31.0,61.5,30.5,10642.393439
g100_r120_c242,1.0,120,242,62.0,30.0,63.0,31.0,62.5,30.5,10642.393439
g100_r120_c243,1.0,120,243,63.0,30.0,64.0,31.0,63.5,30.5,10642.393439
g100_r120_c244,1.0,120,244,64.0,30.0,65.0,31.0,64.5,30.5,10642.393439
g100_r120_c245,1.0,120,245,65.0,30.0,66.0,31.0,65.5,30.5,10642.393439
g100_r120_c246,1.0,120,246,66.0,30.0,67.0,31.0,66.5,30.5,10642.393439
g100_r120_c247,1.0,120,247,67.0,30.0,68.0,31.0,67.5,30.5,10642.393439
g100_r120_c248,1.0,120,248,68.0,30.0,69.0,31.0,68.5,30.5,10642.393439
g100_r120_c249,1.0,120,249,69.0,30.0,70.0,31.0,69.5,30.5,10642.393439
g100_r120_c250,1.0,120,250,70.0,30.0,71.0,31.0,70.5,30.5,10642.393439
g100_r120_c251,1.0,120,251,71.0,30.0,72.0,31.0,71.5,30.5,10642.393439
g100_r120_c252,1.0,120,252,72.0,30.0,73.0,31.0,72.5,30.5,10642.393439
g100_r120_c253,1.0,120,253,73.0,30.0,74.0,31.0,73.5,30.5,10642.393439
g100_r120_c254,1.0,120,254,74.0,30.0,75.0,31.0,74.5,30.5,10642.393439
g100_r120_c255,1.0,120,255,75.0,30.0,76.0,31.0,75.5,30.5,10642.393439
g100_r120_c256,1.0,120,256,76.0,30.0,77.0,31.0,76.5,30.5,10642.393439
g100_r120_c257,1.0,120,257,77.0,30.0,78.0,31.0,77.5,30.5,10642.393439
g100_r120_c258,1.0,120,258,78.0,30.0,79.0,31.0,78.5,30.5,10642.393439
g100_r120_c259,1.0,120,259,79.0,30.0,80.0,31.0,79.5,30.5,10642.393439
g100_r120_c260,1.0,120,260,80.0,30.0,81.0,31.0,80.5,30.5,10642.393439
g100_r120_c261,1.0,120,261,81.0,30.0,82.0,31.0,81.5,30.5,10642.393439
g100_r120_c262,1.0,120,262,82.0,30.0,83.0,31.0,82.5,30.5,10642.393439
g100_r120_c263,1.0,120,263,83.0,30.0,84.0,31.0,83.5,30.5,10642.393439
g100_r120_c264,1.0,120,264,84.0,30.0,85.0,31.0,84.5,30.5,10642.393439
g100_r120_c265,1.0,120,265,85.0,30.0,86.0,31.0,85.5,30.5,10642.393439
g100_r120_c266,1.0,120,266,86.0,30.0,87.0,31.0,86.5,30.5,10642.393439
g100_r120_c267,1.0,120,267,87.0,30.0,88.0,31.0,87.5,30.5,10642.393439
g100_r120_c268,1.0,120,268,88.0,30.0,89.0,31.0,88.5,30.5,10642.393439
g100_r120_c269,1.0,120,269,89.0,30.0,90.0,31.0,89.5,30.5,10642.393439
g100_r120_c270,1.0,120,270,90.0,30.0,91.0,31.0,90.5,30.5,10642.393439
g100_r120_c271,1.0,120,271,91.0,30.0,92.0,31.0,91.5,30.5,10642.393439
g100_r120_c272,1.0,120,272,92.0,30.0,93.0,31.0,92.5,30.5,10642.393439
g100_r120_c273,1.0,120,273,93.0,30.0,94.0,31.0,93.5,30.5,10642.393439
g100_r120_c274,1.0,120,274,94.0,30.0,95.0,31.0,94.5,30.5,10642.393439
g100_r120_c275,1.0,120,275,95.0,30.0,96.0,31.0,95.5,30.5,10642.393439
g100_r120_c276,1.0,120,276,96.0,30.0,97.0,31.0,96.5,30.5,10642.393439
g100_r120_c277,1.0,120,277,97.0,30.0,98.0,31.0,97.5,30.5,10642.393439
g100_r120_c278,1.0,120,278,98.0,30.0,99.0,31.0,98.5,30.5,10642.393439
g100_r120_c279,1.0,120,279,99.0,30.0,100.0,31.0,99.5,30.5,10642.393439
g100_r120_c280,1.0,120,280,100.0,30.0,101.0,31.0,100.5,30.5,10642.393439
g100_r120_c281,1.0,120,281,101.0,30.0,102.0,31.0,101.5,30.5,10642.393439
g100_r120_c282,1.0,120,282,102.0,30.0,103.0,31.0,102.5,30.5,10642.393439
g100_r120_c283,1.0,120,283,103.0,30.0,104.0,31.0,103.5,30.5,10642.393439
g100_r120_c284,1.0,120,284,104.0,30.0,105.0,31.0,104.5,30.5,10642.393439
g100_r120_c285,1.0,120,285,105.0,30.0,106.0,31.0,105.5,30.5,10642.393439
g100_r120_c286,1.0,120,286,106.0,30.0,107.0,31.0,106.5,30.5,10642.393439
g100_r120_c287,1.0,120,287,107.0,30.0,108.0,31.0,107.5,30.5,10642.393439
g100_r120_c288,1.0,120,288,108.0,30.0,109.0,31.0,108.5,30.5,10642.393439
g100_r120_c289,1.0,120,289,109.0,30.0,110.0,31.0,109.5,30.5,10642.393439
g100_r120_c290,1.0,120,290,110.0,30.0,111.0,31.0,110.5,30.5,10642.393439
g100_r120_c291,1.0,120,291,111.0,30.0,112.0,31.0,111.5,30.5,10642.393439
g100_r120_c292,1.0,120,292,112.0,30.0,113.0,31.0,112.5,30.5,10642.393439
g100_r120_c293,1.0,120,293,113.0,30.0,114.0,31.0,113.5,30.5,10642.393439
g100_r120_c294,1.0,120,294,114.0,30.0,115.0,31.0,114.5,30.5,10642.393439
g100_r120_c295,1.0,120,295,115.0,30.0,116.0,31.0,115.5,30.5,10642.393439
g100_r120_c296,1.0,120,296,116.0,30.0,117.0,31.0,116.5,30.5,10642.393439
g100_r120_c297,1.0,120,297,117.0,30.0,118.0,31.0,117.5,30.5,10642.393439
g100_r120_c298,1.0,120,298,118.0,30.0,119.0,31.0,118.5,30.5,10642.393439
g100_r120_c299,1.0,120,299,119.0,30.0,120.0,31.0,119.5,30.5,10642.393439
g100_r120_c300,1.0,120,300,120.0,30.0,121.0,31.0,120.5,30.5,10642.393439
g100_r120_c301,1.0,120,301,121.0,30.0,122.0,31.0,121.5,30.5,10642.393439
g100_r120_c302,1.0,120,302,122.0,30.0,123.0,31.0,122.5,30.5,10642.393439
g100_r120_c303,1.0,120,303,123.0,30.0,124.0,31.0,123.5,30.5,10642.393439
g100_r120_c304,1.0,120,304,124.0,30.0,125.0,31.0,124.5,30.5,10642.393439
g100_r120_c305,1.0,120,305,125.0,30.0,126.0,31.0,125.5,30.5,10642.393439
g100_r120_c306,1.0,120,306,126.0,30.0,127.0,31.0,126.5,30.5,10642.393439
g100_r120_c307,1.0,120,307,127.0,30.0,128.0,31.0,127.5,30.5,10642.393439
g100_r120_c308,1.0,120,308,128.0,30.0,129.0,31.0,128.5,30.5,10642.393439
g100_r120_c309,1.0,120,309,129.0,30.0,130.0,31.0,129.5,30.5,10642.393439
g100_r120_c310,1.0,120,310,130.0,30.0,131.0,31.0,130.5,30.5,10642.393439
g100_r120_c311,1.0,120,311,131.0,30.0,132.0,31.0,131.5,30.5,10642.393439
g100_r120_c312,1.0,120,312,132.0,30.0,133.0,31.0,132.5,30.5,10642.393439
g100_r120_c313,1.0,120,313,133.0,30.0,134.0,31.0,133.5,30.5,10642.393439
g100_r120_c314,1.0,120,314,134.0,30.0,135.0,31.0,134.5,30.5,10642.393439
g100_r120_c315,1.0,120,315,135.0,30.0,136.0,31.0,135.5,30.5,10642.393439
g100_r120_c316,1.0,120,316,136.0,30.0,137.0,31.0,136.5,30.5,10642.393439
g100_r120_c317,1.0,120,317,137.0,30.0,138.0,31.0,137.5,30.5,10642.393439
g100_r120_c318,1.0,120,318,138.0,30.0,139.0,31.0,138.5,30.5,10642.393439
g100_r120_c319,1.0,120,319,139.0,30.0,140.0,31.0,139.5,30.5,10642.393439
g100_r120_c320,1.0,120,320,140.0,30.0,141.0,31.0,140.5,30.5,10642.393439
g100_r120_c321,1.0,120,321,141.0,30.0,142.0,31.0,141.5,30.5,10642.393439
g100_r121_c240,1.0,121,240,60.0,31.0,61.0,32.0,60.5,31.5,10533.542702
g100_r121_c241,1.0,121,241,61.0,31.0,62.0,32.0,61.5,31.5,10533.542702
g100_r121_c242,1.0,121,242,62.0,31.0,63.0,32.0,62.5,31.5,10533.542702
g100_r121_c243,1.0,121,243,63.0,31.0,64.0,32.0,63.5,31.5,10533.542702
g100_r121_c244,1.0,121,244,64.0,31.0,65.0,32.0,64.5,31.5,10533.542702
g100_r121_c245,1.0,121,245,65.0,31.0,66.0,32.0,65.5,31.5,10533.542702
g100_r121_c246,1.0,121,246,66.0,31.0,67.0,32.0,66.5,31.5,10533.542702
g100_r121_c247,1.0,121,247,67.0,31.0,68.0,32.0,67.5,31.5,10533.542702
g100_r121_c248,1.0,121,248,68.0,31.0,69.0,32.0,68.5,31.5,10533.542702
g100_r121_c249,1.0,121,249,69.0,31.0,70.0,32.0,69.5,31.5,10533.542702
g100_r121_c250,1.0,121,250,70.0,31.0,71.0,32.0,70.5,31.5,10533.542702
g100_r121_c251,1.0,121,251,71.0,31.0,72.0,32.0,71.5,31.5,10533.542702
g100_r121_c252,1.0,121,252,72.0,31.0,73.0,32.0,72.5,31.5,10533.542702
g100_r121_c253,1.0,121,253,73.0,31.0,74.0,32.0,73.5,31.5,10533.542702
g100_r121_c254,1.0,121,254,74.0,31.0,75.0,32.0,74.5,31.5,10533.542702
g100_r121_c255,1.0,121,255,75.0,31.0,76.0,32.0,75.5,31.5,10533.542702
g100_r121_c256,1.0,121,256,76.0,31.0,77.0,32.0,76.5,31.5,10533.542702
g100_r121_c257,1.0,121,257,77.0,31.0,78.0,32.0,77.5,31.5,10533.542702
g100_r121_c258,1.0,121,258,78.0,31.0,79.0,32.0,78.5,31.5,10533.542702
g100_r121_c259,1.0,121,259,79.0,31.0,80.0,32.0,79.5,31.5,10533.542702
g100_r121_c260,1.0,121,260,80.0,31.0,81.0,32.0,80.5,31.5,10533.542702
g100_r121_c261,1.0,121,261,81.0,31.0,82.0,32.0,81.5,31.5,10533.542702
g100_r121_c262,1.0,121,262,82.0,31.0,83.0,32.0,82.5,31.5,10533.542702
g100_r121_c263,1.0,121,263,83.0,31.0,84.0,32.0,83.5,31.5,10533.542702
g100_r121_c264,1.0,121,264,84.0,31.0,85.0,32.0,84.5,31.5,10533.542702
g100_r121_c265,1.0,121,265,85.0,31.0,86.0,32.0,85.5,31.5,10533.542702
g100_r121_c266,1.0,121,266,86.0,31.0,87.0,32.0,86.5,31.5,10533.542702
g100_r121_c267,1.0,121,267,87.0,31.0,88.0,32.0,87.5,31.5,10533.542702
g100_r121_c268,1.0,121,268,88.0,31.0,89.0,32.0,88.5,31.5,10533.542702
g100_r121_c269,1.0,121,269,89.0,31.0,90.0,32.0,89.5,31.5,10533.542702
g100_r121_c270,1.0,121,270,90.0,31.0,91.0,32.0,90.5,31.5,10533.542702
g100_r121_c271,1.0,121,271,91.0,31.0,92.0,32.0,91.5,31.5,10533.542702
g100_r121_c272,1.0,121,272,92.0,31.0,93.0,32.0,92.5,31.5,10533.542702
g100_r121_c273,1.0,121,273,93.0,31.0,94.0,32.0,93.5,31.5,10533.542702
g100_r121_c274,1.0,121,274,94.0,31.0,95.0,32.0,94.5,31.5,10533.542702
g100_r121_c275,1.0,121,275,95.0,31.0,96.0,32.0,95.5,31.5,10533.542702
g100_r121_c276,1.0,121,276,96.0,31.0,97.0,32.0,96.5,31.5,10533.542702
g100_r121_c277,1.0,121,277,97.0,31.0,98.0,32.0,97.5,31.5,10533.542702
g100_r121_c278,1.0,121,278,98.0,31.0,99.0,32.0,98.5,31.5,10533.542702
g100_r121_c279,1.0,121,279,99.0,31.0,100.0,32.0,99.5,31.5,10533.542702
g100_r121_c280,1.0,121,280,100.0,31.0,101.0,32.0,100.5,31.5,10533.542702
g100_r121_c281,1.0,121,281,101.0,31.0,102.0,32.0,101.5,31.5,10533.542702
g100_r121_c282,1.0,121,282,102.0,31.0,103.0,32.0,102.5,31.5,10533.542702
g100_r121_c283,1.0,121,283,103.0,31.0,104.0,32.0,103.5,31.5,10533.542702
g100_r121_c284,1.0,121,284,104.0,31.0,105.0,32.0,104.5,31.5,10533.542702
g100_r121_c285,1.0,121,285,105.0,31.0,106.0,32.0,105.5,31.5,10533.542702
g100_r121_c286,1.0,121,286,106.0,31.0,107.0,32.0,106.5,31.5,10533.542702
g100_r121_c287,1.0,121,287,107.0,31.0,108.0,32.0,107.5,31.5,10533.542702
g100_r121_c288,1.0,121,288,108.0,31.0,109.0,32.0,108.5,31.5,10533.542702
g100_r121_c289,1.0,121,289,109.0,31.0,110.0,32.0,109.5,31.5,10533.542702
g100_r121_c290,1.0,121,290,110.0,31.0,111.0,32.0,110.5,31.5,10533.542702
g100_r121_c291,1.0,121,291,111.0,31.0,112.0,32.0,111.5,31.5,10533.542702
g100_r121_c292,1.0,121,292,112.0,31.0,113.0,32.0,112.5,31.5,10533.542702
g100_r121_c293,1.0,121,293,113.0,31.0,114.0,32.0,113.5,31.5,10533.542702
g100_r121_c294,1.0,121,294,114.0,31.0,115.0,32.0,114.5,31.5,10533.542702
g100_r121_c295,1.0,121,295,115.0,31.0,116.0,32.0,115.5,31.5,10533.542702
g100_r121_c296,1.0,121,296,116.0,31.0,117.0,32.0,116.5,31.5,10533.542702
g100_r121_c297,1.0,121,297,117.0,31.0,118.0,32.0,117.5,31.5,10533.542702
g100_r121_c298,1.0,121,298,118.0,31.0,119.0,32.0,118.5,31.5,10533.542702
g100_r121_c299,1.0,121,299,119.0,31.0,120.0,32.0,119.5,31.5,10533.542702
g100_r121_c300,1.0,121,300,120.0,31.0,121.0,32.0,120.5,31.5,10533.542702
g100_r121_c301,1.0,121,301,121.0,31.0,122.0,32.0,121.5,31.5,10533.542702
g100_r121_c302,1.0,121,302,122.0,31.0,123.0,32.0,122.5,31.5,10533.542702
g100_r121_c303,1.0,121,303,123.0,31.0,124.0,32.0,123.5,31.5,10533.542702
g100_r121_c304,1.0,121,304,124.0,31.0,125.0,32.0,124.5,31.5,10533.542702
g100_r121_c305,1.0,121,305,125.0,31.0,126.0,32.0,125.5,31.5,10533.542702
g100_r121_c306,1.0,121,306,126.0,31.0,127.0,32.0,126.5,31.5,10533.542702
g100_r121_c307,1.0,121,307,127.0,31.0,128.0,32.0,127.5,31.5,10533.542702
g100_r121_c308,1.0,121,308,128.0,31.0,129.0,32.0,128.5,31.5,10533.542702
g100_r121_c309,1.0,121,309,129.0,31.0,130.0,32.0,129.5,31.5,10533.542702
g100_r121_c310,1.0,121,310,130.0,31.0,131.0,32.0,130.5,31.5,10533.542702
g100_r121_c311,1.0,121,311,131.0,31.0,132.0,32.0,131.5,31.5,10533.542702
g100_r121_c312,1.0,121,312,132.0,31.0,133.0,32.0,132.5,31.5,10533.542702
g100_r121_c313,1.0,121,313,133.0,31.0,134.0,32.0,133.5,31.5,10533.542702
g100_r121_c314,1.0,121,314,134.0,31.0,135.0,32.0,134.5,31.5,10533.542702
g100_r121_c315,1.0,121,315,135.0,31.0,136.0,32.0,135.5,31.5,10533.542702
g100_r121_c316,1.0,121,316,136.0,31.0,137.0,32.0,136.5,31.5,10533.542702
g100_r121_c317,1.0,121,317,137.0,31.0,138.0,32.0,137.5,31.5,10533.542702
g100_r121_c318,1.0,121,318,138.0,31.0,139.0,32.0,138.5,31.5,10533.542702
g100_r121_c319,1.0,121,319,139.0,31.0,140.0,32.0,139.5,31.5,10533.542702
g100_r121_c320,1.0,121,320,140.0,31.0,141.0,32.0,140.5,31.5,10533.542702
g100_r121_c321,1.0,121,321,141.0,31.0,142.0,32.0,141.5,31.5,10533.542702
g100_r122_c240,1.0,122,240,60.0,32.0,61.0,33.0,60.5,32.5,10421.476114
g100_r122_c241,1.0,122,241,61.0,32.0,62.0,33.0,61.5,32.5,10421.476114
g100_r122_c242,1.0,122,242,62.0,32.0,63.0,33.0,62.5,32.5,10421.476114
g100_r122_c243,1.0,122,243,63.0,32.0,64.0,33.0,63.5,32.5,10421.476114
g100_r122_c244,1.0,122,244,64.0,32.0,65.0,33.0,64.5,32.5,10421.476114
g100_r122_c245,1.0,122,245,65.0,32.0,66.0,33.0,65.5,32.5,10421.476114
g100_r122_c246,1.0,122,246,66.0,32.0,67.0,33.0,66.5,32.5,10421.476114
g100_r122_c247,1.0,122,247,67.0,32.0,68.0,33.0,67.5,32.5,10421.476114
g100_r122_c248,1.0,122,248,68.0,32.0,69.0,33.0,68.5,32.5,10421.476114
g100_r122_c249,1.0,122,249,69.0,32.0,70.0,33.0,69.5,32.5,10421.476114
g100_r122_c250,1.0,122,250,70.0,32.0,71.0,33.0,70.5,32.5,10421.476114
g100_r122_c251,1.0,122,251,71.0,32.0,72.0,33.0,71.5,32.5,10421.476114
g100_r122_c252,1.0,122,252,72.0,32.0,73.0,33.0,72.5,32.5,10421.476114
g100_r122_c253,1.0,122,253,73.0,32.0,74.0,33.0,73.5,32.5,10421.476114
g100_r122_c254,1.0,122,254,74.0,32.0,75.0,33.0,74.5,32.5,10421.476114
g100_r122_c255,1.0,122,255,75.0,32.0,76.0,33.0,75.5,32.5,10421.476114
g100_r122_c256,1.0,122,256,76.0,32.0,77.0,33.0,76.5,32.5,10421.476114
g100_r122_c257,1.0,122,257,77.0,32.0,78.0,33.0,77.5,32.5,10421.476114
g100_r122_c258,1.0,122,258,78.0,32.0,79.0,33.0,78.5,32.5,10421.476114
g100_r122_c259,1.0,122,259,79.0,32.0,80.0,33.0,79.5,32.5,10421.476114
g100_r122_c260,1.0,122,260,80.0,32.0,81.0,33.0,80.5,32.5,10421.476114
g100_r122_c261,1.0,122,261,81.0,32.0,82.0,33.0,81.5,32.5,10421.476114
g100_r122_c262,1.0,122,262,82.0,32.0,83.0,33.0,82.5,32.5,10421.476114
g100_r122_c263,1.0,122,263,83.0,32.0,84.0,33.0,83.5,32.5,10421.476114
g100_r122_c264,1.0,122,264,84.0,32.0,85.0,33.0,84.5,32.5,10421.476114
g100_r122_c265,1.0,122,265,85.0,32.0,86.0,33.0,85.5,32.5,10421.476114
g100_r122_c266,1.0,122,266,86.0,32.0,87.0,33.0,86.5,32.5,10421.476114
g100_r122_c267,1.0,122,267,87.0,32.0,88.0,33.0,87.5,32.5,10421.476114
g100_r122_c268,1.0,122,268,88.0,32.0,89.0,33.0,88.5,32.5,10421.476114
g100_r122_c269,1.0,122,269,89.0,32.0,90.0,33.0,89.5,32.5,10421.476114
g100_r122_c270,1.0,122,270,90.0,32.0,91.0,33.0,90.5,32.5,10421.476114
g100_r122_c271,1.0,122,271,91.0,32.0,92.0,33.0,91.5,32.5,10421.476114
g100_r122_c272,1.0,122,272,92.0,32.0,93.0,33.0,92.5,32.5,10421.476114
g100_r122_c273,1.0,122,273,93.0,32.0,94.0,33.0,93.5,32.5,10421.476114
g100_r122_c274,1.0,122,274,94.0,32.0,95.0,33.0,94.5,32.5,10421.476114
g100_r122_c275,1.0,122,275,95.0,32.0,96.0,33.0,95.5,32.5,10421.476114
g100_r122_c276,1.0,122,276,96.0,32.0,97.0,33.0,96.5,32.5,10421.476114
g100_r122_c277,1.0,122,277,97.0,32.0,98.0,33.0,97.5,32.5,10421.476114
g100_r122_c278,1.0,122,278,98.0,32.0,99.0,33.0,98.5,32.5,10421.476114
g100_r122_c279,1.0,122,279,99.0,32.0,100.0,33.0,99.5,32.5,10421.476114
g100_r122_c280,1.0,122,280,100.0,32.0,101.0,33.0,100.5,32.5,10421.476114
g100_r122_c281,1.0,122,281,101.0,32.0,102.0,33.0,101.5,32.5,10421.476114
g100_r122_c282,1.0,122,282,102.0,32.0,103.0,33.0,102.5,32.5,10421.476114
g100_r122_c283,1.0,122,283,103.0,32.0,104.0,33.0,103.5,32.5,10421.476114
g100_r122_c284,1.0,122,284,104.0,32.0,105.0,33.0,104.5,32.5,10421.476114
g100_r122_c285,1.0,122,285,105.0,32.0,106.0,33.0,105.5,32.5,10421.476114
g100_r122_c286,1.0,122,286,106.0,32.0,107.0,33.0,106.5,32.5,10421.476114
g100_r122_c287,1.0,122,287,107.0,32.0,108.0,33.0,107.5,32.5,10421.476114
g100_r122_c288,1.0,122,288,108.0,32.0,109.0,33.0,108.5,32.5,10421.476114
g100_r122_c289,1.0,122,289,109.0,32.0,110.0,33.0,109.5,32.5,10421.476114
g100_r122_c290,1.0,122,290,110.0,32.0,111.0,33.0,110.5,32.5,10421.476114
g100_r122_c291,1.0,122,291,111.0,32.0,112.0,33.0,111.5,32.5,10421.476114
g100_r122_c292,1.0,122,292,112.0,32.0,113.0,33.0,112.5,32.5,10421.476114
g100_r122_c293,1.0,122,293,113.0,32.0,114.0,33.0,113.5,32.5,10421.476114
g100_r122_c294,1.0,122,294,114.0,32.0,115.0,33.0,114.5,32.5,10421.476114
g100_r122_c295,1.0,122,295,115.0,32.0,116.0,33.0,115.5,32.5,10421.476114
g100_r122_c296,1.0,122,296,116.0,32.0,117.0,33.0,116.5,32.5,10421.476114
g100_r122_c297,1.0,122,297,117.0,32.0,118.0,33.0,117.5,32.5,10421.476114
g100_r122_c298,1.0,122,298,118.0,32.0,119.0,33.0,118.5,32.5,10421.476114
g100_r122_c299,1.0,122,299,119.0,32.0,120.0,33.0,119.5,32.5,10421.476114
g100_r122_c300,1.0,122,300,120.0,32.0,121.0,33.0,120.5,32.5,10421.476114
g100_r122_c301,1.0,122,301,121.0,32.0,122.0,33.0,121.5,32.5,10421.476114
g100_r122_c302,1.0,122,302,122.0,32.0,123.0,33.0,122.5,32.5,10421.476114
g100_r122_c303,1.0,122,303,123.0,32.0,124.0,33.0,123.5,32.5,10421.476114
g100_r122_c304,1.0,122,304,124.0,32.0,125.0,33.0,124.5,32.5,10421.476114
g100_r122_c305,1.0,122,305,125.0,32.0,126.0,33.0,125.5,32.5,10421.476114
g100_r122_c306,1.0,122,306,126.0,32.0,127.0,33.0,126.5,32.5,10421.476114
g100_r122_c307,1.0,122,307,127.0,32.0,128.0,33.0,127.5,32.5,10421.476114
g100_r122_c308,1.0,122,308,128.0,32.0,129.0,33.0,128.5,32.5,10421.476114
g100_r122_c309,1.0,122,309,129.0,32.0,130.0,33.0,129.5,32.5,10421.476114
g100_r122_c310,1.0,122,310,130.0,32.0,131.0,33.0,130.5,32.5,10421.476114
g100_r122_c311,1.0,122,311,131.0,32.0,132.0,33.0,131.5,32.5,10421.476114
g100_r122_c312,1.0,122,312,132.0,32.0,133.0,33.0,132.5,32.5,10421.476114
g100_r122_c313,1.0,122,313,133.0,32.0,134.0,33.0,133.5,32.5,10421.476114
g100_r122_c314,1.0,122,314,134.0,32.0,135.0,33.0,134.5,32.5,10421.476114
g100_r122_c315,1.0,122,315,135.0,32.0,136.0,33.0,135.5,32.5,10421.476114
g100_r122_c316,1.0,122,316,136.0,32.0,137.0,33.0,136.5,32.5,10421.476114
g100_r122_c317,1.0,122,317,137.0,32.0,138.0,33.0,137.5,32.5,10421.476114
g100_r122_c318,1.0,122,318,138.0,32.0,139.0,33.0,138.5,32.5,10421.476114
g100_r122_c319,1.0,122,319,139.0,32.0,140.0,33.0,139.5,32.5,10421.476114
g100_r122_c320,1.0,122,320,140.0,32.0,141.0,33.0,140.5,32.5,10421.476114
g100_r122_c321,1.0,122,321,141.0,32.0,142.0,33.0,141.5,32.5,10421.476114
g100_r123_c240,1.0,123,240,60.0,33.0,61.0,34.0,60.5,33.5,10306.222571
g100_r123_c241,1.0,123,241,61.0,33.0,62.0,34.0,61.5,33.5,10306.222571
g100_r123_c242,1.0,123,242,62.0,33.0,63.0,34.0,62.5,33.5,10306.222571
g100_r123_c243,1.0,123,243,63.0,33.0,64.0,34.0,63.5,33.5,10306.222571
g100_r123_c244,1.0,123,244,64.0,33.0,65.0,34.0,64.5,33.5,10306.222571
g100_r123_c245,1.0,123,245,65.0,33.0,66.0,34.0,65.5,33.5,10306.222571
g100_r123_c246,1.0,123,246,66.0,33.0,67.0,34.0,66.5,33.5,10306.222571
g100_r123_c247,1.0,123,247,67.0,33.0,68.0,34.0,67.5,33.5,10306.222571
g100_r123_c248,1.0,123,248,68.0,33.0,69.0,34.0,68.5,33.5,10306.222571
g100_r123_c249,1.0,123,249,69.0,33.0,70.0,34.0,69.5,33.5,10306.222571
g100_r123_c250,1.0,123,250,70.0,33.0,71.0,34.0,70.5,33.5,10306.222571
g100_r123_c251,1.0,123,251,71.0,33.0,72.0,34.0,71.5,33.5,10306.222571
g100_r123_c252,1.0,123,252,72.0,33.0,73.0,34.0,72.5,33.5,10306.222571
g100_r123_c253,1.0,123,253,73.0,33.0,74.0,34.0,73.5,33.5,10306.222571
g100_r123_c254,1.0,123,254,74.0,33.0,75.0,34.0,74.5,33.5,10306.222571
g100_r123_c255,1.0,123,255,75.0,33.0,76.0,34.0,75.5,33.5,10306.222571
g100_r123_c256,1.0,123,256,76.0,33.0,77.0,34.0,76.5,33.5,10306.222571
g100_r123_c257,1.0,123,257,77.0,33.0,78.0,34.0,77.5,33.5,10306.222571
g100_r123_c258,1.0,123,258,78.0,33.0,79.0,34.0,78.5,33.5,10306.222571
g100_r123_c259,1.0,123,259,79.0,33.0,80.0,34.0,79.5,33.5,10306.222571
g100_r123_c260,1.0,123,260,80.0,33.0,81.0,34.0,80.5,33.5,10306.222571
g100_r123_c261,1.0,123,261,81.0,33.0,82.0,34.0,81.5,33.5,10306.222571
g100_r123_c262,1.0,123,262,82.0,33.0,83.0,34.0,82.5,33.5,10306.222571
g100_r123_c263,1.0,123,263,83.0,33.0,84.0,34.0,83.5,33.5,10306.222571
g100_r123_c264,1.0,123,264,84.0,33.0,85.0,34.0,84.5,33.5,10306.222571
g100_r123_c265,1.0,123,265,85.0,33.0,86.0,34.0,85.5,33.5,10306.222571
g100_r123_c266,1.0,123,266,86.0,33.0,87.0,34.0,86.5,33.5,10306.222571
g100_r123_c267,1.0,123,267,87.0,33.0,88.0,34.0,87.5,33.5,10306.222571
g100_r123_c268,1.0,123,268,88.0,33.0,89.0,34.0,88.5,33.5,10306.222571
g100_r123_c269,1.0,123,269,89.0,33.0,90.0,34.0,89.5,33.5,10306.222571
g100_r123_c270,1.0,123,270,90.0,33.0,91.0,34.0,90.5,33.5,10306.222571
g100_r123_c271,1.0,123,271,91.0,33.0,92.0,34.0,91.5,33.5,10306.222571
g100_r123_c272,1.0,123,272,92.0,33.0,93.0,34.0,92.5,33.5,10306.222571
g100_r123_c273,1.0,123,273,93.0,33.0,94.0,34.0,93.5,33.5,10306.222571
g100_r123_c274,1.0,123,274,94.0,33.0,95.0,34.0,94.5,33.5,10306.222571
g100_r123_c275,1.0,123,275,95.0,33.0,96.0,34.0,95.5,33.5,10306.222571
g100_r123_c276,1.0,123,276,96.0,33.0,97.0,34.0,96.5,33.5,10306.222571
g100_r123_c277,1.0,123,277,97.0,33.0,98.0,34.0,97.5,33.5,10306.222571
g100_r123_c278,1.0,123,278,98.0,33.0,99.0,34.0,98.5,33.5,10306.222571
g100_r123_c279,1.0,123,279,99.0,33.0,100.0,34.0,99.5,33.5,10306.222571
g100_r123_c280,1.0,123,280,100.0,33.0,101.0,34.0,100.5,33.5,10306.222571
g100_r123_c281,1.0,123,281,101.0,33.0,102.0,34.0,101.5,33.5,10306.222571
g100_r123_c282,1.0,123,282,102.0,33.0,103.0,34.0,102.5,33.5,10306.222571
g100_r123_c283,1.0,123,283,103.0,33.0,104.0,34.0,103.5,33.5,10306.222571
g100_r123_c284,1.0,123,284,104.0,33.0,105.0,34.0,104.5,33.5,10306.222571
g100_r123_c285,1.0,123,285,105.0,33.0,106.0,34.0,105.5,33.5,10306.222571
g100_r123_c286,1.0,123,286,106.0,33.0,107.0,34.0,106.5,33.5,10306.222571
g100_r123_c287,1.0,123,287,107.0,33.0,108.0,34.0,107.5,33.5,10306.222571
g100_r123_c288,1.0,123,288,108.0,33.0,109.0,34.0,108.5,33.5,10306.222571
g100_r123_c289,1.0,123,289,109.0,33.0,110.0,34.0,109.5,33.5,10306.222571
g100_r123_c290,1.0,123,290,110.0,33.0,111.0,34.0,110.5,33.5,10306.222571
g100_r123_c291,1.0,123,291,111.0,33.0,112.0,34.0,111.5,33.5,10306.222571
g100_r123_c292,1.0,123,292,112.0,33.0,113.0,34.0,112.5,33.5,10306.222571
g100_r123_c293,1.0,123,293,113.0,33.0,114.0,34.0,113.5,33.5,10306.222571
g100_r123_c294,1.0,123,294,114.0,33.0,115.0,34.0,114.5,33.5,10306.222571
g100_r123_c295,1.0,123,295,115.0,33.0,116.0,34.0,115.5,33.5,10306.222571
g100_r123_c296,1.0,123,296,116.0,33.0,117.0,34.0,116.5,33.5,10306.222571
g100_r123_c297,1.0,123,297,117.0,33.0,118.0,34.0,117.5,33.5,10306.222571
g100_r123_c298,1.0,123,298,118.0,33.0,119.0,34.0,118.5,33.5,10306.222571
g100_r123_c299,1.0,123,299,119.0,33.0,120.0,34.0,119.5,33.5,10306.222571
g100_r123_c300,1.0,123,300,120.0,33.0,121.0,34.0,120.5,33.5,10306.222571
g100_r123_c301,1.0,123,301,121.0,33.0,122.0,34.0,121.5,33.5,10306.222571
g100_r123_c302,1.0,123,302,122.0,33.0,123.0,34.0,122.5,33.5,10306.222571
g100_r123_c303,1.0,123,303,123.0,33.0,124.0,34.0,123.5,33.5,10306.222571
g100_r123_c304,1.0,123,304,124.0,33.0,125.0,34.0,124.5,33.5,10306.222571
g100_r123_c305,1.0,123,305,125.0,33.0,126.0,34.0,125.5,33.5,10306.222571
g100_r123_c306,1.0,123,306,126.0,33.0,127.0,34.0,126.5,33.5,10306.222571
g100_r123_c307,1.0,123,307,127.0,33.0,128.0,34.0,127.5,33.5,10306.222571
g100_r123_c308,1.0,123,308,128.0,33.0,129.0,34.0,128.5,33.5,10306.222571
g100_r123_c309,1.0,123,309,129.0,33.0,130.0,34.0,129.5,33.5,10306.222571
g100_r123_c310,1.0,123,310,130.0,33.0,131.0,34.0,130.5,33.5,10306.222571
g100_r123_c311,1.0,123,311,131.0,33.0,132.0,34.0,131.5,33.5,10306.222571
g100_r123_c312,1.0,123,312,132.0,33.0,133.0,34.0,132.5,33.5,10306.222571
g100_r123_c313,1.0,123,313,133.0,33.0,134.0,34.0,133.5,33.5,10306.222571
g100_r123_c314,1.0,123,314,134.0,33.0,135.0,34.0,134.5,33.5,10306.222571
g100_r123_c315,1.0,123,315,135.0,33.0,136.0,34.0,135.5,33.5,10306.222571
g100_r123_c316,1.0,123,316,136.0,33.0,137.0,34.0,136.5,33.5,10306.222571
g100_r123_c317,1.0,123,317,137.0,33.0,138.0,34.0,137.5,33.5,10306.222571
g100_r123_c318,1.0,123,318,138.0,33.0,139.0,34.0,138.5,33.5,10306.222571
g100_r123_c319,1.0,123,319,139.0,33.0,140.0,34.0,139.5,33.5,10306.222571
g100_r123_c320,1.0,123,320,140.0,33.0,141.0,34.0,140.5,33.5,10306.222571
g100_r123_c321,1.0,123,321,141.0,33.0,142.0,34.0,141.5,33.5,10306.222571
g100_r124_c240,1.0,124,240,60.0,34.0,61.0,35.0,60.5,34.5,10187.811967
g100_r124_c241,1.0,124,241,61.0,34.0,62.0,35.0,61.5,34.5,10187.811967
g100_r124_c242,1.0,124,242,62.0,34.0,63.0,35.0,62.5,34.5,10187.811967
g100_r124_c243,1.0,124,243,63.0,34.0,64.0,35.0,63.5,34.5,10187.811967
g100_r124_c244,1.0,124,244,64.0,34.0,65.0,35.0,64.5,34.5,10187.811967
g100_r124_c245,1.0,124,245,65.0,34.0,66.0,35.0,65.5,34.5,10187.811967
g100_r124_c246,1.0,124,246,66.0,34.0,67.0,35.0,66.5,34.5,10187.811967
g100_r124_c247,1.0,124,247,67.0,34.0,68.0,35.0,67.5,34.5,10187.811967
g100_r124_c248,1.0,124,248,68.0,34.0,69.0,35.0,68.5,34.5,10187.811967
g100_r124_c249,1.0,124,249,69.0,34.0,70.0,35.0,69.5,34.5,10187.811967
g100_r124_c250,1.0,124,250,70.0,34.0,71.0,35.0,70.5,34.5,10187.811967
g100_r124_c251,1.0,124,251,71.0,34.0,72.0,35.0,71.5,34.5,10187.811967
g100_r124_c252,1.0,124,252,72.0,34.0,73.0,35.0,72.5,34.5,10187.811967
g100_r124_c253,1.0,124,253,73.0,34.0,74.0,35.0,73.5,34.5,10187.811967
g100_r124_c254,1.0,124,254,74.0,34.0,75.0,35.0,74.5,34.5,10187.811967
g100_r124_c255,1.0,124,255,75.0,34.0,76.0,35.0,75.5,34.5,10187.811967
g100_r124_c256,1.0,124,256,76.0,34.0,77.0,35.0,76.5,34.5,10187.811967
g100_r124_c257,1.0,124,257,77.0,34.0,78.0,35.0,77.5,34.5,10187.811967
g100_r124_c258,1.0,124,258,78.0,34.0,79.0,35.0,78.5,34.5,10187.811967
g100_r124_c259,1.0,124,259,79.0,34.0,80.0,35.0,79.5,34.5,10187.811967
g100_r124_c260,1.0,124,260,80.0,34.0,81.0,35.0,80.5,34.5,10187.811967
g100_r124_c261,1.0,124,261,81.0,34.0,82.0,35.0,81.5,34.5,10187.811967
g100_r124_c262,1.0,124,262,82.0,34.0,83.0,35.0,82.5,34.5,10187.811967
g100_r124_c263,1.0,124,263,83.0,34.0,84.0,35.0,83.5,34.5,10187.811967
g100_r124_c264,1.0,124,264,84.0,34.0,85.0,35.0,84.5,34.5,10187.811967
g100_r124_c265,1.0,124,265,85.0,34.0,86.0,35.0,85.5,34.5,10187.811967
g100_r124_c266,1.0,124,266,86.0,34.0,87.0,35.0,86.5,34.5,10187.811967
g100_r124_c267,1.0,124,267,87.0,34.0,88.0,35.0,87.5,34.5,10187.811967
g100_r124_c268,1.0,124,268,88.0,34.0,89.0,35.0,88.5,34.5,10187.811967
g100_r124_c269,1.0,124,269,89.0,34.0,90.0,35.0,89.5,34.5,10187.811967
g100_r124_c270,1.0,124,270,90.0,34.0,91.0,35.0,90.5,34.5,10187.811967
g100_r124_c271,1.0,124,271,91.0,34.0,92.0,35.0,91.5,34.5,10187.811967
g100_r124_c272,1.0,124,272,92.0,34.0,93.0,35.0,92.5,34.5,10187.811967
g100_r124_c273,1.0,124,273,93.0,34.0,94.0,35.0,93.5,34.5,10187.811967
g100_r124_c274,1.0,124,274,94.0,34.0,95.0,35.0,94.5,34.5,10187.811967
g100_r124_c275,1.0,124,275,95.0,34.0,96.0,35.0,95.5,34.5,10187.811967
g100_r124_c276,1.0,124,276,96.0,34.0,97.0,35.0,96.5,34.5,10187.811967
g100_r124_c277,1.0,124,277,97.0,34.0,98.0,35.0,97.5,34.5,10187.811967
g100_r124_c278,1.0,124,278,98.0,34.0,99.0,35.0,98.5,34.5,10187.811967
g100_r124_c279,1.0,124,279,99.0,34.0,100.0,35.0,99.5,34.5,10187.811967
g100_r124_c280,1.0,124,280,100.0,34.0,101.0,35.0,100.5,34.5,10187.811967
g100_r124_c281,1.0,124,281,101.0,34.0,102.0,35.0,101.5,34.5,10187.811967
g100_r124_c282,1.0,124,282,102.0,34.0,103.0,35.0,102.5,34.5,10187.811967
g100_r124_c283,1.0,124,283,103.0,34.0,104.0,35.0,103.5,34.5,10187.811967
g100_r124_c284,1.0,124,284,104.0,34.0,105.0,35.0,104.5,34.5,10187.811967
g100_r124_c285,1.0,124,285,105.0,34.0,106.0,35.0,105.5,34.5,10187.811967
g100_r124_c286,1.0,124,286,106.0,34.0,107.0,35.0,106.5,34.5,10187.811967
g100_r124_c287,1.0,124,287,107.0,34.0,108.0,35.0,107.5,34.5,10187.811967
g100_r124_c288,1.0,124,288,108.0,34.0,109.0,35.0,108.5,34.5,10187.811967
g100_r124_c289,1.0,124,289,109.0,34.0,110.0,35.0,109.5,34.5,10187.811967
g100_r124_c290,1.0,124,290,110.0,34.0,111.0,35.0,110.5,34.5,10187.811967
g100_r124_c291,1.0,124,291,111.0,34.0,112.0,35.0,111.5,34.5,10187.811967
g100_r124_c292,1.0,124,292,112.0,34.0,113.0,35.0,112.5,34.5,10187.811967
g100_r124_c293,1.0,124,293,113.0,34.0,114.0,35.0,113.5,34.5,10187.811967
g100_r124_c294,1.0,124,294,114.0,34.0,115.0,35.0,114.5,34.5,10187.811967
g100_r124_c295,1.0,124,295,115.0,34.0,116.0,35.0,115.5,34.5,10187.811967
g100_r124_c296,1.0,124,296,116.0,34.0,117.0,35.0,116.5,34.5,10187.811967
g100_r124_c297,1.0,124,297,117.0,34.0,118.0,35.0,117.5,34.5,10187.811967
g100_r124_c298,1.0,124,298,118.0,34.0,119.0,35.0,118.5,34.5,10187.811967
g100_r124_c299,1.0,124,299,119.0,34.0,120.0,35.0,119.5,34.5,10187.811967
g100_r124_c300,1.0,124,300,120.0,34.0,121.0,35.0,120.5,34.5,10187.811967
g100_r124_c301,1.0,124,301,121.0,34.0,122.0,35.0,121.5,34.5,10187.811967
g100_r124_c302,1.0,124,302,122.0,34.0,123.0,35.0,122.5,34.5,10187.811967
g100_r124_c303,1.0,124,303,123.0,34.0,124.0,35.0,123.5,34.5,10187.811967
g100_r124_c304,1.0,124,304,124.0,34.0,125.0,35.0,124.5,34.5,10187.811967
g100_r124_c305,1.0,124,305,125.0,34.0,126.0,35.0,125.5,34.5,10187.811967
g100_r124_c306,1.0,124,306,126.0,34.0,127.0,35.0,126.5,34.5,10187.811967
g100_r124_c307,1.0,124,307,127.0,34.0,128.0,35.0,127.5,34.5,10187.811967
g100_r124_c308,1.0,124,308,128.0,34.0,129.0,35.0,128.5,34.5,10187.811967
g100_r124_c309,1.0,124,309,129.0,34.0,130.0,35.0,129.5,34.5,10187.811967
g100_r124_c310,1.0,124,310,130.0,34.0,131.0,35.0,130.5,34.5,10187.811967
g100_r124_c311,1.0,124,311,131.0,34.0,132.0,35.0,131.5,34.5,10187.811967
g100_r124_c312,1.0,124,312,132.0,34.0,133.0,35.0,132.5,34.5,10187.811967
g100_r124_c313,1.0,124,313,133.0,34.0,134.0,35.0,133.5,34.5,10187.811967
g100_r124_c314,1.0,124,314,134.0,34.0,135.0,35.0,134.5,34.5,10187.811967
g100_r124_c315,1.0,124,315,135.0,34.0,136.0,35.0,135.5,34.5,10187.811967
g100_r124_c316,1.0,124,316,136.0,34.0,137.0,35.0,136.5,34.5,10187.811967
g100_r124_c317,1.0,124,317,137.0,34.0,138.0,35.0,137.5,34.5,10187.811967
g100_r124_c318,1.0,124,318,138.0,34.0,139.0,35.0,138.5,34.5,10187.811967
g100_r124_c319,1.0,124,319,139.0,34.0,140.0,35.0,139.5,34.5,10187.811967
g100_r124_c320,1.0,124,320,140.0,34.0,141.0,35.0,140.5,34.5,10187.811967
g100_r124_c321,1.0,124,321,141.0,34.0,142.0,35.0,141.5,34.5,10187.811967
g100_r125_c240,1.0,125,240,60.0,35.0,61.0,36.0,60.5,35.5,10066.275204
g100_r125_c241,1.0,125,241,61.0,35.0,62.0,36.0,61.5,35.5,10066.275204
g100_r125_c242,1.0,125,242,62.0,35.0,63.0,36.0,62.5,35.5,10066.275204
g100_r125_c243,1.0,125,243,63.0,35.0,64.0,36.0,63.5,35.5,10066.275204
g100_r125_c244,1.0,125,244,64.0,35.0,65.0,36.0,64.5,35.5,10066.275204
g100_r125_c245,1.0,125,245,65.0,35.0,66.0,36.0,65.5,35.5,10066.275204
g100_r125_c246,1.0,125,246,66.0,35.0,67.0,36.0,66.5,35.5,10066.275204
g100_r125_c247,1.0,125,247,67.0,35.0,68.0,36.0,67.5,35.5,10066.275204
g100_r125_c248,1.0,125,248,68.0,35.0,69.0,36.0,68.5,35.5,10066.275204
g100_r125_c249,1.0,125,249,69.0,35.0,70.0,36.0,69.5,35.5,10066.275204
g100_r125_c250,1.0,125,250,70.0,35.0,71.0,36.0,70.5,35.5,10066.275204
g100_r125_c251,1.0,125,251,71.0,35.0,72.0,36.0,71.5,35.5,10066.275204
g100_r125_c252,1.0,125,252,72.0,35.0,73.0,36.0,72.5,35.5,10066.275204
g100_r125_c253,1.0,125,253,73.0,35.0,74.0,36.0,73.5,35.5,10066.275204
g100_r125_c254,1.0,125,254,74.0,35.0,75.0,36.0,74.5,35.5,10066.275204
g100_r125_c255,1.0,125,255,75.0,35.0,76.0,36.0,75.5,35.5,10066.275204
g100_r125_c256,1.0,125,256,76.0,35.0,77.0,36.0,76.5,35.5,10066.275204
g100_r125_c257,1.0,125,257,77.0,35.0,78.0,36.0,77.5,35.5,10066.275204
g100_r125_c258,1.0,125,258,78.0,35.0,79.0,36.0,78.5,35.5,10066.275204
g100_r125_c259,1.0,125,259,79.0,35.0,80.0,36.0,79.5,35.5,10066.275204
g100_r125_c260,1.0,125,260,80.0,35.0,81.0,36.0,80.5,35.5,10066.275204
g100_r125_c261,1.0,125,261,81.0,35.0,82.0,36.0,81.5,35.5,10066.275204
g100_r125_c262,1.0,125,262,82.0,35.0,83.0,36.0,82.5,35.5,10066.275204
g100_r125_c263,1.0,125,263,83.0,35.0,84.0,36.0,83.5,35.5,10066.275204
g100_r125_c264,1.0,125,264,84.0,35.0,85.0,36.0,84.5,35.5,10066.275204
g100_r125_c265,1.0,125,265,85.0,35.0,86.0,36.0,85.5,35.5,10066.275204
g100_r125_c266,1.0,125,266,86.0,35.0,87.0,36.0,86.5,35.5,10066.275204
g100_r125_c267,1.0,125,267,87.0,35.0,88.0,36.0,87.5,35.5,10066.275204
g100_r125_c268,1.0,125,268,88.0,35.0,89.0,36.0,88.5,35.5,10066.275204
g100_r125_c269,1.0,125,269,89.0,35.0,90.0,36.0,89.5,35.5,10066.275204
g100_r125_c270,1.0,125,270,90.0,35.0,91.0,36.0,90.5,35.5,10066.275204
g100_r125_c271,1.0,125,271,91.0,35.0,92.0,36.0,91.5,35.5,10066.275204
g100_r125_c272,1.0,125,272,92.0,35.0,93.0,36.0,92.5,35.5,10066.275204
g100_r125_c273,1.0,125,273,93.0,35.0,94.0,36.0,93.5,35.5,10066.275204
g100_r125_c274,1.0,125,274,94.0,35.0,95.0,36.0,94.5,35.5,10066.275204
g100_r125_c275,1.0,125,275,95.0,35.0,96.0,36.0,95.5,35.5,10066.275204
g100_r125_c276,1.0,125,276,96.0,35.0,97.0,36.0,96.5,35.5,10066.275204
g100_r125_c277,1.0,125,277,97.0,35.0,98.0,36.0,97.5,35.5,10066.275204
g100_r125_c278,1.0,125,278,98.0,35.0,99.0,36.0,98.5,35.5,10066.275204
g100_r125_c279,1.0,125,279,99.0,35.0,100.0,36.0,99.5,35.5,10066.275204
g100_r125_c280,1.0,125,280,100.0,35.0,101.0,36.0,100.5,35.5,10066.275204
g100_r125_c281,1.0,125,281,101.0,35.0,102.0,36.0,101.5,35.5,10066.275204
g100_r125_c282,1.0,125,282,102.0,35.0,103.0,36.0,102.5,35.5,10066.275204
g100_r125_c283,1.0,125,283,103.0,35.0,104.0,36.0,103.5,35.5,10066.275204
g100_r125_c284,1.0,125,284,104.0,35.0,105.0,36.0,104.5,35.5,10066.275204
g100_r125_c285,1.0,125,285,105.0,35.0,106.0,36.0,105.5,35.5,10066.275204
g100_r125_c286,1.0,125,286,106.0,35.0,107.0,36.0,106.5,35.5,10066.275204
g100_r125_c287,1.0,125,287,107.0,35.0,108.0,36.0,107.5,35.5,10066.275204
g100_r125_c288,1.0,125,288,108.0,35.0,109.0,36.0,108.5,35.5,10066.275204
g100_r125_c289,1.0,125,289,109.0,35.0,110.0,36.0,109.5,35.5,10066.275204
g100_r125_c290,1.0,125,290,110.0,35.0,111.0,36.0,110.5,35.5,10066.275204
g100_r125_c291,1.0,125,291,111.0,35.0,112.0,36.0,111.5,35.5,10066.275204
g100_r125_c292,1.0,125,292,112.0,35.0,113.0,36.0,112.5,35.5,10066.275204
g100_r125_c293,1.0,125,293,113.0,35.0,114.0,36.0,113.5,35.5,10066.275204
g100_r125_c294,1.0,125,294,114.0,35.0,115.0,36.0,114.5,35.5,10066.275204
g100_r125_c295,1.0,125,295,115.0,35.0,116.0,36.0,115.5,35.5,10066.275204
g100_r125_c296,1.0,125,296,116.0,35.0,117.0,36.0,116.5,35.5,10066.275204
g100_r125_c297,1.0,125,297,117.0,35.0,118.0,36.0,117.5,35.5,10066.275204
g100_r125_c298,1.0,125,298,118.0,35.0,119.0,36.0,118.5,35.5,10066.275204
g100_r125_c299,1.0,125,299,119.0,35.0,120.0,36.0,119.5,35.5,10066.275204
g100_r125_c300,1.0,125,300,120.0,35.0,121.0,36.0,120.5,35.5,10066.275204
g100_r125_c301,1.0,125,301,121.0,35.0,122.0,36.0,121.5,35.5,10066.275204
g100_r125_c302,1.0,125,302,122.0,35.0,123.0,36.0,122.5,35.5,10066.275204
g100_r125_c303,1.0,125,303,123.0,35.0,124.0,36.0,123.5,35.5,10066.275204
g100_r125_c304,1.0,125,304,124.0,35.0,125.0,36.0,124.5,35.5,10066.275204
g100_r125_c305,1.0,125,305,125.0,35.0,126.0,36.0,125.5,35.5,10066.275204
g100_r125_c306,1.0,125,306,126.0,35.0,127.0,36.0,126.5,35.5,10066.275204
g100_r125_c307,1.0,125,307,127.0,35.0,128.0,36.0,127.5,35.5,10066.275204
g100_r125_c308,1.0,125,308,128.0,35.0,129.0,36.0,128.5,35.5,10066.275204
g100_r125_c309,1.0,125,309,129.0,35.0,130.0,36.0,129.5,35.5,10066.275204
g100_r125_c310,1.0,125,310,130.0,35.0,131.0,36.0,130.5,35.5,10066.275204
g100_r125_c311,1.0,125,311,131.0,35.0,132.0,36.0,131.5,35.5,10066.275204
g100_r125_c312,1.0,125,312,132.0,35.0,133.0,36.0,132.5,35.5,10066.275204
g100_r125_c313,1.0,125,313,133.0,35.0,134.0,36.0,133.5,35.5,10066.275204
g100_r125_c314,1.0,125,314,134.0,35.0,135.0,36.0,134.5,35.5,10066.275204
g100_r125_c315,1.0,125,315,135.0,35.0,136.0,36.0,135.5,35.5,10066.275204
g100_r125_c316,1.0,125,316,136.0,35.0,137.0,36.0,136.5,35.5,10066.275204
g100_r125_c317,1.0,125,317,137.0,35.0,138.0,36.0,137.5,35.5,10066.275204
g100_r125_c318,1.0,125,318,138.0,35.0,139.0,36.0,138.5,35.5,10066.275204
g100_r125_c319,1.0,125,319,139.0,35.0,140.0,36.0,139.5,35.5,10066.275204
g100_r125_c320,1.0,125,320,140.0,35.0,141.0,36.0,140.5,35.5,10066.275204
g100_r125_c321,1.0,125,321,141.0,35.0,142.0,36.0,141.5,35.5,10066.275204
g100_r126_c240,1.0,126,240,60.0,36.0,61.0,37.0,60.5,36.5,9941.644197
g100_r126_c241,1.0,126,241,61.0,36.0,62.0,37.0,61.5,36.5,9941.644197
g100_r126_c242,1.0,126,242,62.0,36.0,63.0,37.0,62.5,36.5,9941.644197
g100_r126_c243,1.0,126,243,63.0,36.0,64.0,37.0,63.5,36.5,9941.644197
g100_r126_c244,1.0,126,244,64.0,36.0,65.0,37.0,64.5,36.5,9941.644197
g100_r126_c245,1.0,126,245,65.0,36.0,66.0,37.0,65.5,36.5,9941.644197
g100_r126_c246,1.0,126,246,66.0,36.0,67.0,37.0,66.5,36.5,9941.644197
g100_r126_c247,1.0,126,247,67.0,36.0,68.0,37.0,67.5,36.5,9941.644197
g100_r126_c248,1.0,126,248,68.0,36.0,69.0,37.0,68.5,36.5,9941.644197
g100_r126_c249,1.0,126,249,69.0,36.0,70.0,37.0,69.5,36.5,9941.644197
g100_r126_c250,1.0,126,250,70.0,36.0,71.0,37.0,70.5,36.5,9941.644197
g100_r126_c251,1.0,126,251,71.0,36.0,72.0,37.0,71.5,36.5,9941.644197
g100_r126_c252,1.0,126,252,72.0,36.0,73.0,37.0,72.5,36.5,9941.644197
g100_r126_c253,1.0,126,253,73.0,36.0,74.0,37.0,73.5,36.5,9941.644197
g100_r126_c254,1.0,126,254,74.0,36.0,75.0,37.0,74.5,36.5,9941.644197
g100_r126_c255,1.0,126,255,75.0,36.0,76.0,37.0,75.5,36.5,9941.644197
g100_r126_c256,1.0,126,256,76.0,36.0,77.0,37.0,76.5,36.5,9941.644197
g100_r126_c257,1.0,126,257,77.0,36.0,78.0,37.0,77.5,36.5,9941.644197
g100_r126_c258,1.0,126,258,78.0,36.0,79.0,37.0,78.5,36.5,9941.644197
g100_r126_c259,1.0,126,259,79.0,36.0,80.0,37.0,79.5,36.5,9941.644197
g100_r126_c260,1.0,126,260,80.0,36.0,81.0,37.0,80.5,36.5,9941.644197
g100_r126_c261,1.0,126,261,81.0,36.0,82.0,37.0,81.5,36.5,9941.644197
g100_r126_c262,1.0,126,262,82.0,36.0,83.0,37.0,82.5,36.5,9941.644197
g100_r126_c263,1.0,126,263,83.0,36.0,84.0,37.0,83.5,36.5,9941.644197
g100_r126_c264,1.0,126,264,84.0,36.0,85.0,37.0,84.5,36.5,9941.644197
g100_r126_c265,1.0,126,265,85.0,36.0,86.0,37.0,85.5,36.5,9941.644197
g100_r126_c266,1.0,126,266,86.0,36.0,87.0,37.0,86.5,36.5,9941.644197
g100_r126_c267,1.0,126,267,87.0,36.0,88.0,37.0,87.5,36.5,9941.644197
g100_r126_c268,1.0,126,268,88.0,36.0,89.0,37.0,88.5,36.5,9941.644197
g100_r126_c269,1.0,126,269,89.0,36.0,90.0,37.0,89.5,36.5,9941.644197
g100_r126_c270,1.0,126,270,90.0,36.0,91.0,37.0,90.5,36.5,9941.644197
g100_r126_c271,1.0,126,271,91.0,36.0,92.0,37.0,91.5,36.5,9941.644197
g100_r126_c272,1.0,126,272,92.0,36.0,93.0,37.0,92.5,36.5,9941.644197
g100_r126_c273,1.0,126,273,93.0,36.0,94.0,37.0,93.5,36.5,9941.644197
g100_r126_c274,1.0,126,274,94.0,36.0,95.0,37.0,94.5,36.5,9941.644197
g100_r126_c275,1.0,126,275,95.0,36.0,96.0,37.0,95.5,36.5,9941.644197
g100_r126_c276,1.0,126,276,96.0,36.0,97.0,37.0,96.5,36.5,9941.644197
g100_r126_c277,1.0,126,277,97.0,36.0,98.0,37.0,97.5,36.5,9941.644197
g100_r126_c278,1.0,126,278,98.0,36.0,99.0,37.0,98.5,36.5,9941.644197
g100_r126_c279,1.0,126,279,99.0,36.0,100.0,37.0,99.5,36.5,9941.644197
g100_r126_c280,1.0,126,280,100.0,36.0,101.0,37.0,100.5,36.5,9941.644197
g100_r126_c281,1.0,126,281,101.0,36.0,102.0,37.0,101.5,36.5,9941.644197
g100_r126_c282,1.0,126,282,102.0,36.0,103.0,37.0,102.5,36.5,9941.644197
g100_r126_c283,1.0,126,283,103.0,36.0,104.0,37.0,103.5,36.5,9941.644197
g100_r126_c284,1.0,126,284,104.0,36.0,105.0,37.0,104.5,36.5,9941.644197
g100_r126_c285,1.0,126,285,105.0,36.0,106.0,37.0,105.5,36.5,9941.644197
g100_r126_c286,1.0,126,286,106.0,36.0,107.0,37.0,106.5,36.5,9941.644197
g100_r126_c287,1.0,126,287,107.0,36.0,108.0,37.0,107.5,36.5,9941.644197
g100_r126_c288,1.0,126,288,108.0,36.0,109.0,37.0,108.5,36.5,9941.644197
g100_r126_c289,1.0,126,289,109.0,36.0,110.0,37.0,109.5,36.5,9941.644197
g100_r126_c290,1.0,126,290,110.0,36.0,111.0,37.0,110.5,36.5,9941.644197
g100_r126_c291,1.0,126,291,111.0,36.0,112.0,37.0,111.5,36.5,9941.644197
g100_r126_c292,1.0,126,292,112.0,36.0,113.0,37.0,112.5,36.5,9941.644197
g100_r126_c293,1.0,126,293,113.0,36.0,114.0,37.0,113.5,36.5,9941.644197
g100_r126_c294,1.0,126,294,114.0,36.0,115.0,37.0,114.5,36.5,9941.644197
g100_r126_c295,1.0,126,295,115.0,36.0,116.0,37.0,115.5,36.5,9941.644197
g100_r126_c296,1.0,126,296,116.0,36.0,117.0,37.0,116.5,36.5,9941.644197
g100_r126_c297,1.0,126,297,117.0,36.0,118.0,37.0,117.5,36.5,9941.644197
g100_r126_c298,1.0,126,298,118.0,36.0,119.0,37.0,118.5,36.5,9941.644197
g100_r126_c299,1.0,126,299,119.0,36.0,120.0,37.0,119.5,36.5,9941.644197
g100_r126_c300,1.0,126,300,120.0,36.0,121.0,37.0,120.5,36.5,9941.644197
g100_r126_c301,1.0,126,301,121.0,36.0,122.0,37.0,121.5,36.5,9941.644197
g100_r126_c302,1.0,126,302,122.0,36.0,123.0,37.0,122.5,36.5,9941.644197
g100_r126_c303,1.0,126,303,123.0,36.0,124.0,37.0,123.5,36.5,9941.644197
g100_r126_c304,1.0,126,304,124.0,36.0,125.0,37.0,124.5,36.5,9941.644197
g100_r126_c305,1.0,126,305,125.0,36.0,126.0,37.0,125.5,36.5,9941.644197
g100_r126_c306,1.0,126,306,126.0,36.0,127.0,37.0,126.5,36.5,9941.644197
g100_r126_c307,1.0,126,307,127.0,36.0,128.0,37.0,127.5,36.5,9941.644197
g100_r126_c308,1.0,126,308,128.0,36.0,129.0,37.0,128.5,36.5,9941.644197
g100_r126_c309,1.0,126,309,129.0,36.0,130.0,37.0,129.5,36.5,9941.644197
g100_r126_c310,1.0,126,310,130.0,36.0,131.0,37.0,130.5,36.5,9941.644197
g100_r126_c311,1.0,126,311,131.0,36.0,132.0,37.0,131.5,36.5,9941.644197
g100_r126_c312,1.0,126,312,132.0,36.0,133.0,37.0,132.5,36.5,9941.644197
g100_r126_c313,1.0,126,313,133.0,36.0,134.0,37.0,133.5,36.5,9941.644197
g100_r126_c314,1.0,126,314,134.0,36.0,135.0,37.0,134.5,36.5,9941.644197
g100_r126_c315,1.0,126,315,135.0,36.0,136.0,37.0,135.5,36.5,9941.644197
g100_r126_c316,1.0,126,316,136.0,36.0,137.0,37.0,136.5,36.5,9941.644197
g100_r126_c317,1.0,126,317,137.0,36.0,138.0,37.0,137.5,36.5,9941.644197
g100_r126_c318,1.0,126,318,138.0,36.0,139.0,37.0,138.5,36.5,9941.644197
g100_r126_c319,1.0,126,319,139.0,36.0,140.0,37.0,139.5,36.5,9941.644197
g100_r126_c320,1.0,126,320,140.0,36.0,141.0,37.0,140.5,36.5,9941.644197
g100_r126_c321,1.0,126,321,141.0,36.0,142.0,37.0,141.5,36.5,9941.644197
g100_r127_c240,1.0,127,240,60.0,37.0,61.0,38.0,60.5,37.5,9813.951874
g100_r127_c241,1.0,127,241,61.0,37.0,62.0,38.0,61.5,37.5,9813.951874
g100_r127_c242,1.0,127,242,62.0,37.0,63.0,38.0,62.5,37.5,9813.951874
g100_r127_c243,1.0,127,243,63.0,37.0,64.0,38.0,63.5,37.5,9813.951874
g100_r127_c244,1.0,127,244,64.0,37.0,65.0,38.0,64.5,37.5,9813.951874
g100_r127_c245,1.0,127,245,65.0,37.0,66.0,38.0,65.5,37.5,9813.951874
g100_r127_c246,1.0,127,246,66.0,37.0,67.0,38.0,66.5,37.5,9813.951874
g100_r127_c247,1.0,127,247,67.0,37.0,68.0,38.0,67.5,37.5,9813.951874
g100_r127_c248,1.0,127,248,68.0,37.0,69.0,38.0,68.5,37.5,9813.951874
g100_r127_c249,1.0,127,249,69.0,37.0,70.0,38.0,69.5,37.5,9813.951874
g100_r127_c250,1.0,127,250,70.0,37.0,71.0,38.0,70.5,37.5,9813.951874
g100_r127_c251,1.0,127,251,71.0,37.0,72.0,38.0,71.5,37.5,9813.951874
g100_r127_c252,1.0,127,252,72.0,37.0,73.0,38.0,72.5,37.5,9813.951874
g100_r127_c253,1.0,127,253,73.0,37.0,74.0,38.0,73.5,37.5,9813.951874
g100_r127_c254,1.0,127,254,74.0,37.0,75.0,38.0,74.5,37.5,9813.951874
g100_r127_c255,1.0,127,255,75.0,37.0,76.0,38.0,75.5,37.5,9813.951874
g100_r127_c256,1.0,127,256,76.0,37.0,77.0,38.0,76.5,37.5,9813.951874
g100_r127_c257,1.0,127,257,77.0,37.0,78.0,38.0,77.5,37.5,9813.951874
g100_r127_c258,1.0,127,258,78.0,37.0,79.0,38.0,78.5,37.5,9813.951874
g100_r127_c259,1.0,127,259,79.0,37.0,80.0,38.0,79.5,37.5,9813.951874
g100_r127_c260,1.0,127,260,80.0,37.0,81.0,38.0,80.5,37.5,9813.951874
g100_r127_c261,1.0,127,261,81.0,37.0,82.0,38.0,81.5,37.5,9813.951874
g100_r127_c262,1.0,127,262,82.0,37.0,83.0,38.0,82.5,37.5,9813.951874
g100_r127_c263,1.0,127,263,83.0,37.0,84.0,38.0,83.5,37.5,9813.951874
g100_r127_c264,1.0,127,264,84.0,37.0,85.0,38.0,84.5,37.5,9813.951874
g100_r127_c265,1.0,127,265,85.0,37.0,86.0,38.0,85.5,37.5,9813.951874
g100_r127_c266,1.0,127,266,86.0,37.0,87.0,38.0,86.5,37.5,9813.951874
g100_r127_c267,1.0,127,267,87.0,37.0,88.0,38.0,87.5,37.5,9813.951874
g100_r127_c268,1.0,127,268,88.0,37.0,89.0,38.0,88.5,37.5,9813.951874
g100_r127_c269,1.0,127,269,89.0,37.0,90.0,38.0,89.5,37.5,9813.951874
g100_r127_c270,1.0,127,270,90.0,37.0,91.0,38.0,90.5,37.5,9813.951874
g100_r127_c271,1.0,127,271,91.0,37.0,92.0,38.0,91.5,37.5,9813.951874
g100_r127_c272,1.0,127,272,92.0,37.0,93.0,38.0,92.5,37.5,9813.951874
g100_r127_c273,1.0,127,273,93.0,37.0,94.0,38.0,93.5,37.5,9813.951874
g100_r127_c274,1.0,127,274,94.0,37.0,95.0,38.0,94.5,37.5,9813.951874
g100_r127_c275,1.0,127,275,95.0,37.0,96.0,38.0,95.5,37.5,9813.951874
g100_r127_c276,1.0,127,276,96.0,37.0,97.0,38.0,96.5,37.5,9813.951874
g100_r127_c277,1.0,127,277,97.0,37.0,98.0,38.0,97.5,37.5,9813.951874
g100_r127_c278,1.0,127,278,98.0,37.0,99.0,38.0,98.5,37.5,9813.951874
g100_r127_c279,1.0,127,279,99.0,37.0,100.0,38.0,99.5,37.5,9813.951874
g100_r127_c280,1.0,127,280,100.0,37.0,101.0,38.0,100.5,37.5,9813.951874
g100_r127_c281,1.0,127,281,101.0,37.0,102.0,38.0,101.5,37.5,9813.951874
g100_r127_c282,1.0,127,282,102.0,37.0,103.0,38.0,102.5,37.5,9813.951874
g100_r127_c283,1.0,127,283,103.0,37.0,104.0,38.0,103.5,37.5,9813.951874
g100_r127_c284,1.0,127,284,104.0,37.0,105.0,38.0,104.5,37.5,9813.951874
g100_r127_c285,1.0,127,285,105.0,37.0,106.0,38.0,105.5,37.5,9813.951874
g100_r127_c286,1.0,127,286,106.0,37.0,107.0,38.0,106.5,37.5,9813.951874
g100_r127_c287,1.0,127,287,107.0,37.0,108.0,38.0,107.5,37.5,9813.951874
g100_r127_c288,1.0,127,288,108.0,37.0,109.0,38.0,108.5,37.5,9813.951874
g100_r127_c289,1.0,127,289,109.0,37.0,110.0,38.0,109.5,37.5,9813.951874
g100_r127_c290,1.0,127,290,110.0,37.0,111.0,38.0,110.5,37.5,9813.951874
g100_r127_c291,1.0,127,291,111.0,37.0,112.0,38.0,111.5,37.5,9813.951874
g100_r127_c292,1.0,127,292,112.0,37.0,113.0,38.0,112.5,37.5,9813.951874
g100_r127_c293,1.0,127,293,113.0,37.0,114.0,38.0,113.5,37.5,9813.951874
g100_r127_c294,1.0,127,294,114.0,37.0,115.0,38.0,114.5,37.5,9813.951874
g100_r127_c295,1.0,127,295,115.0,37.0,116.0,38.0,115.5,37.5,9813.951874
g100_r127_c296,1.0,127,296,116.0,37.0,117.0,38.0,116.5,37.5,9813.951874
g100_r127_c297,1.0,127,297,117.0,37.0,118.0,38.0,117.5,37.5,9813.951874
g100_r127_c298,1.0,127,298,118.0,37.0,119.0,38.0,118.5,37.5,9813.951874
g100_r127_c299,1.0,127,299,119.0,37.0,120.0,38.0,119.5,37.5,9813.951874
g100_r127_c300,1.0,127,300,120.0,37.0,121.0,38.0,120.5,37.5,9813.951874
g100_r127_c301,1.0,127,301,121.0,37.0,122.0,38.0,121.5,37.5,9813.951874
g100_r127_c302,1.0,127,302,122.0,37.0,123.0,38.0,122.5,37.5,9813.951874
g100_r127_c303,1.0,127,303,123.0,37.0,124.0,38.0,123.5,37.5,9813.951874
g100_r127_c304,1.0,127,304,124.0,37.0,125.0,38.0,124.5,37.5,9813.951874
g100_r127_c305,1.0,127,305,125.0,37.0,126.0,38.0,125.5,37.5,9813.951874
g100_r127_c306,1.0,127,306,126.0,37.0,127.0,38.0,126.5,37.5,9813.951874
g100_r127_c307,1.0,127,307,127.0,37.0,128.0,38.0,127.5,37.5,9813.951874
g100_r127_c308,1.0,127,308,128.0,37.0,129.0,38.0,128.5,37.5,9813.951874
g100_r127_c309,1.0,127,309,129.0,37.0,130.0,38.0,129.5,37.5,9813.951874
g100_r127_c310,1.0,127,310,130.0,37.0,131.0,38.0,130.5,37.5,9813.951874
g100_r127_c311,1.0,127,311,131.0,37.0,132.0,38.0,131.5,37.5,9813.951874
g100_r127_c312,1.0,127,312,132.0,37.0,133.0,38.0,132.5,37.5,9813.951874
g100_r127_c313,1.0,127,313,133.0,37.0,134.0,38.0,133.5,37.5,9813.951874
g100_r127_c314,1.0,127,314,134.0,37.0,135.0,38.0,134.5,37.5,9813.951874
g100_r127_c315,1.0,127,315,135.0,37.0,136.0,38.0,135.5,37.5,9813.951874
g100_r127_c316,1.0,127,316,136.0,37.0,137.0,38.0,136.5,37.5,9813.951874
g100_r127_c317,1.0,127,317,137.0,37.0,138.0,38.0,137.5,37.5,9813.951874
g100_r127_c318,1.0,127,318,138.0,37.0,139.0,38.0,138.5,37.5,9813.951874
g100_r127_c319,1.0,127,319,139.0,37.0,140.0,38.0,139.5,37.5,9813.951874
g100_r127_c320,1.0,127,320,140.0,37.0,141.0,38.0,140.5,37.5,9813.951874
g100_r127_c321,1.0,127,321,141.0,37.0,142.0,38.0,141.5,37.5,9813.951874
g100_r128_c240,1.0,128,240,60.0,38.0,61.0,39.0,60.5,38.5,9683.232182
g100_r128_c241,1.0,128,241,61.0,38.0,62.0,39.0,61.5,38.5,9683.232182
g100_r128_c242,1.0,128,242,62.0,38.0,63.0,39.0,62.5,38.5,9683.232182
g100_r128_c243,1.0,128,243,63.0,38.0,64.0,39.0,63.5,38.5,9683.232182
g100_r128_c244,1.0,128,244,64.0,38.0,65.0,39.0,64.5,38.5,9683.232182
g100_r128_c245,1.0,128,245,65.0,38.0,66.0,39.0,65.5,38.5,9683.232182
g100_r128_c246,1.0,128,246,66.0,38.0,67.0,39.0,66.5,38.5,9683.232182
g100_r128_c247,1.0,128,247,67.0,38.0,68.0,39.0,67.5,38.5,9683.232182
g100_r128_c248,1.0,128,248,68.0,38.0,69.0,39.0,68.5,38.5,9683.232182
g100_r128_c249,1.0,128,249,69.0,38.0,70.0,39.0,69.5,38.5,9683.232182
g100_r128_c250,1.0,128,250,70.0,38.0,71.0,39.0,70.5,38.5,9683.232182
g100_r128_c251,1.0,128,251,71.0,38.0,72.0,39.0,71.5,38.5,9683.232182
g100_r128_c252,1.0,128,252,72.0,38.0,73.0,39.0,72.5,38.5,9683.232182
g100_r128_c253,1.0,128,253,73.0,38.0,74.0,39.0,73.5,38.5,9683.232182
g100_r128_c254,1.0,128,254,74.0,38.0,75.0,39.0,74.5,38.5,9683.232182
g100_r128_c255,1.0,128,255,75.0,38.0,76.0,39.0,75.5,38.5,9683.232182
g100_r128_c256,1.0,128,256,76.0,38.0,77.0,39.0,76.5,38.5,9683.232182
g100_r128_c257,1.0,128,257,77.0,38.0,78.0,39.0,77.5,38.5,9683.232182
g100_r128_c258,1.0,128,258,78.0,38.0,79.0,39.0,78.5,38.5,9683.232182
g100_r128_c259,1.0,128,259,79.0,38.0,80.0,39.0,79.5,38.5,9683.232182
g100_r128_c260,1.0,128,260,80.0,38.0,81.0,39.0,80.5,38.5,9683.232182
g100_r128_c261,1.0,128,261,81.0,38.0,82.0,39.0,81.5,38.5,9683.232182
g100_r128_c262,1.0,128,262,82.0,38.0,83.0,39.0,82.5,38.5,9683.232182
g100_r128_c263,1.0,128,263,83.0,38.0,84.0,39.0,83.5,38.5,9683.232182
g100_r128_c264,1.0,128,264,84.0,38.0,85.0,39.0,84.5,38.5,9683.232182
g100_r128_c265,1.0,128,265,85.0,38.0,86.0,39.0,85.5,38.5,9683.232182
g100_r128_c266,1.0,128,266,86.0,38.0,87.0,39.0,86.5,38.5,9683.232182
g100_r128_c267,1.0,128,267,87.0,38.0,88.0,39.0,87.5,38.5,9683.232182
g100_r128_c268,1.0,128,268,88.0,38.0,89.0,39.0,88.5,38.5,9683.232182
g100_r128_c269,1.0,128,269,89.0,38.0,90.0,39.0,89.5,38.5,9683.232182
g100_r128_c270,1.0,128,270,90.0,38.0,91.0,39.0,90.5,38.5,9683.232182
g100_r128_c271,1.0,128,271,91.0,38.0,92.0,39.0,91.5,38.5,9683.232182
g100_r128_c272,1.0,128,272,92.0,38.0,93.0,39.0,92.5,38.5,9683.232182
g100_r128_c273,1.0,128,273,93.0,38.0,94.0,39.0,93.5,38.5,9683.232182
g100_r128_c274,1.0,128,274,94.0,38.0,95.0,39.0,94.5,38.5,9683.232182
g100_r128_c275,1.0,128,275,95.0,38.0,96.0,39.0,95.5,38.5,9683.232182
g100_r128_c276,1.0,128,276,96.0,38.0,97.0,39.0,96.5,38.5,9683.232182
g100_r128_c277,1.0,128,277,97.0,38.0,98.0,39.0,97.5,38.5,9683.232182
g100_r128_c278,1.0,128,278,98.0,38.0,99.0,39.0,98.5,38.5,9683.232182
g100_r128_c279,1.0,128,279,99.0,38.0,100.0,39.0,99.5,38.5,9683.232182
g100_r128_c280,1.0,128,280,100.0,38.0,101.0,39.0,100.5,38.5,9683.232182
g100_r128_c281,1.0,128,281,101.0,38.0,102.0,39.0,101.5,38.5,9683.232182
g100_r128_c282,1.0,128,282,102.0,38.0,103.0,39.0,102.5,38.5,9683.232182
g100_r128_c283,1.0,128,283,103.0,38.0,104.0,39.0,103.5,38.5,9683.232182
g100_r128_c284,1.0,128,284,104.0,38.0,105.0,39.0,104.5,38.5,9683.232182
g100_r128_c285,1.0,128,285,105.0,38.0,106.0,39.0,105.5,38.5,9683.232182
g100_r128_c286,1.0,128,286,106.0,38.0,107.0,39.0,106.5,38.5,9683.232182
g100_r128_c287,1.0,128,287,107.0,38.0,108.0,39.0,107.5,38.5,9683.232182
g100_r128_c288,1.0,128,288,108.0,38.0,109.0,39.0,108.5,38.5,9683.232182
g100_r128_c289,1.0,128,289,109.0,38.0,110.0,39.0,109.5,38.5,9683.232182
g100_r128_c290,1.0,128,290,110.0,38.0,111.0,39.0,110.5,38.5,9683.232182
g100_r128_c291,1.0,128,291,111.0,38.0,112.0,39.0,111.5,38.5,9683.232182
g100_r128_c292,1.0,128,292,112.0,38.0,113.0,39.0,112.5,38.5,9683.232182
g100_r128_c293,1.0,128,293,113.0,38.0,114.0,39.0,113.5,38.5,9683.232182
g100_r128_c294,1.0,128,294,114.0,38.0,115.0,39.0,114.5,38.5,9683.232182
g100_r128_c295,1.0,128,295,115.0,38.0,116.0,39.0,115.5,38.5,9683.232182
g100_r128_c296,1.0,128,296,116.0,38.0,117.0,39.0,116.5,38.5,9683.232182
g100_r128_c297,1.0,128,297,117.0,38.0,118.0,39.0,117.5,38.5,9683.232182
g100_r128_c298,1.0,128,298,118.0,38.0,119.0,39.0,118.5,38.5,9683.232182
g100_r128_c299,1.0,128,299,119.0,38.0,120.0,39.0,119.5,38.5,9683.232182
g100_r128_c300,1.0,128,300,120.0,38.0,121.0,39.0,120.5,38.5,9683.232182
g100_r128_c301,1.0,128,301,121.0,38.0,122.0,39.0,121.5,38.5,9683.232182
g100_r128_c302,1.0,128,302,122.0,38.0,123.0,39.0,122.5,38.5,9683.232182
g100_r128_c303,1.0,128,303,123.0,38.0,124.0,39.0,123.5,38.5,9683.232182
g100_r128_c304,1.0,128,304,124.0,38.0,125.0,39.0,124.5,38.5,9683.232182
g100_r128_c305,1.0,128,305,125.0,38.0,126.0,39.0,125.5,38.5,9683.232182
g100_r128_c306,1.0,128,306,126.0,38.0,127.0,39.0,126.5,38.5,9683.232182
g100_r128_c307,1.0,128,307,127.0,38.0,128.0,39.0,127.5,38.5,9683.232182
g100_r128_c308,1.0,128,308,128.0,38.0,129.0,39.0,128.5,38.5,9683.232182
g100_r128_c309,1.0,128,309,129.0,38.0,130.0,39.0,129.5,38.5,9683.232182
g100_r128_c310,1.0,128,310,130.0,38.0,131.0,39.0,130.5,38.5,9683.232182
g100_r128_c311,1.0,128,311,131.0,38.0,132.0,39.0,131.5,38.5,9683.232182
g100_r128_c312,1.0,128,312,132.0,38.0,133.0,39.0,132.5,38.5,9683.232182
g100_r128_c313,1.0,128,313,133.0,38.0,134.0,39.0,133.5,38.5,9683.232182
g100_r128_c314,1.0,128,314,134.0,38.0,135.0,39.0,134.5,38.5,9683.232182
g100_r128_c315,1.0,128,315,135.0,38.0,136.0,39.0,135.5,38.5,9683.232182
g100_r128_c316,1.0,128,316,136.0,38.0,137.0,39.0,136.5,38.5,9683.232182
g100_r128_c317,1.0,128,317,137.0,38.0,138.0,39.0,137.5,38.5,9683.232182
g100_r128_c318,1.0,128,318,138.0,38.0,139.0,39.0,138.5,38.5,9683.232182
g100_r128_c319,1.0,128,319,139.0,38.0,140.0,39.0,139.5,38.5,9683.232182
g100_r128_c320,1.0,128,320,140.0,38.0,141.0,39.0,140.5,38.5,9683.232182
g100_r128_c321,1.0,128,321,141.0,38.0,142.0,39.0,141.5,38.5,9683.232182
g100_r129_c240,1.0,129,240,60.0,39.0,61.0,40.0,60.5,39.5,9549.520094
g100_r129_c241,1.0,129,241,61.0,39.0,62.0,40.0,61.5,39.5,9549.520094
g100_r129_c242,1.0,129,242,62.0,39.0,63.0,40.0,62.5,39.5,9549.520094
g100_r129_c243,1.0,129,243,63.0,39.0,64.0,40.0,63.5,39.5,9549.520094
g100_r129_c244,1.0,129,244,64.0,39.0,65.0,40.0,64.5,39.5,9549.520094
g100_r129_c245,1.0,129,245,65.0,39.0,66.0,40.0,65.5,39.5,9549.520094
g100_r129_c246,1.0,129,246,66.0,39.0,67.0,40.0,66.5,39.5,9549.520094
g100_r129_c247,1.0,129,247,67.0,39.0,68.0,40.0,67.5,39.5,9549.520094
g100_r129_c248,1.0,129,248,68.0,39.0,69.0,40.0,68.5,39.5,9549.520094
g100_r129_c249,1.0,129,249,69.0,39.0,70.0,40.0,69.5,39.5,9549.520094
g100_r129_c250,1.0,129,250,70.0,39.0,71.0,40.0,70.5,39.5,9549.520094
g100_r129_c251,1.0,129,251,71.0,39.0,72.0,40.0,71.5,39.5,9549.520094
g100_r129_c252,1.0,129,252,72.0,39.0,73.0,40.0,72.5,39.5,9549.520094
g100_r129_c253,1.0,129,253,73.0,39.0,74.0,40.0,73.5,39.5,9549.520094
g100_r129_c254,1.0,129,254,74.0,39.0,75.0,40.0,74.5,39.5,9549.520094
g100_r129_c255,1.0,129,255,75.0,39.0,76.0,40.0,75.5,39.5,9549.520094
g100_r129_c256,1.0,129,256,76.0,39.0,77.0,40.0,76.5,39.5,9549.520094
g100_r129_c257,1.0,129,257,77.0,39.0,78.0,40.0,77.5,39.5,9549.520094
g100_r129_c258,1.0,129,258,78.0,39.0,79.0,40.0,78.5,39.5,9549.520094
g100_r129_c259,1.0,129,259,79.0,39.0,80.0,40.0,79.5,39.5,9549.520094
g100_r129_c260,1.0,129,260,80.0,39.0,81.0,40.0,80.5,39.5,9549.520094
g100_r129_c261,1.0,129,261,81.0,39.0,82.0,40.0,81.5,39.5,9549.520094
g100_r129_c262,1.0,129,262,82.0,39.0,83.0,40.0,82.5,39.5,9549.520094
g100_r129_c263,1.0,129,263,83.0,39.0,84.0,40.0,83.5,39.5,9549.520094
g100_r129_c264,1.0,129,264,84.0,39.0,85.0,40.0,84.5,39.5,9549.520094
g100_r129_c265,1.0,129,265,85.0,39.0,86.0,40.0,85.5,39.5,9549.520094
g100_r129_c266,1.0,129,266,86.0,39.0,87.0,40.0,86.5,39.5,9549.520094
g100_r129_c267,1.0,129,267,87.0,39.0,88.0,40.0,87.5,39.5,9549.520094
g100_r129_c268,1.0,129,268,88.0,39.0,89.0,40.0,88.5,39.5,9549.520094
g100_r129_c269,1.0,129,269,89.0,39.0,90.0,40.0,89.5,39.5,9549.520094
g100_r129_c270,1.0,129,270,90.0,39.0,91.0,40.0,90.5,39.5,9549.520094
g100_r129_c271,1.0,129,271,91.0,39.0,92.0,40.0,91.5,39.5,9549.520094
g100_r129_c272,1.0,129,272,92.0,39.0,93.0,40.0,92.5,39.5,9549.520094
g100_r129_c273,1.0,129,273,93.0,39.0,94.0,40.0,93.5,39.5,9549.520094
g100_r129_c274,1.0,129,274,94.0,39.0,95.0,40.0,94.5,39.5,9549.520094
g100_r129_c275,1.0,129,275,95.0,39.0,96.0,40.0,95.5,39.5,9549.520094
g100_r129_c276,1.0,129,276,96.0,39.0,97.0,40.0,96.5,39.5,9549.520094
g100_r129_c277,1.0,129,277,97.0,39.0,98.0,40.0,97.5,39.5,9549.520094
g100_r129_c278,1.0,129,278,98.0,39.0,99.0,40.0,98.5,39.5,9549.520094
g100_r129_c279,1.0,129,279,99.0,39.0,100.0,40.0,99.5,39.5,9549.520094
g100_r129_c280,1.0,129,280,100.0,39.0,101.0,40.0,100.5,39.5,9549.520094
g100_r129_c281,1.0,129,281,101.0,39.0,102.0,40.0,101.5,39.5,9549.520094
g100_r129_c282,1.0,129,282,102.0,39.0,103.0,40.0,102.5,39.5,9549.520094
g100_r129_c283,1.0,129,283,103.0,39.0,104.0,40.0,103.5,39.5,9549.520094
g100_r129_c284,1.0,129,284,104.0,39.0,105.0,40.0,104.5,39.5,9549.520094
g100_r129_c285,1.0,129,285,105.0,39.0,106.0,40.0,105.5,39.5,9549.520094
g100_r129_c286,1.0,129,286,106.0,39.0,107.0,40.0,106.5,39.5,9549.520094
g100_r129_c287,1.0,129,287,107.0,39.0,108.0,40.0,107.5,39.5,9549.520094
g100_r129_c288,1.0,129,288,108.0,39.0,109.0,40.0,108.5,39.5,9549.520094
g100_r129_c289,1.0,129,289,109.0,39.0,110.0,40.0,109.5,39.5,9549.520094
g100_r129_c290,1.0,129,290,110.0,39.0,111.0,40.0,110.5,39.5,9549.520094
g100_r129_c291,1.0,129,291,111.0,39.0,112.0,40.0,111.5,39.5,9549.520094
g100_r129_c292,1.0,129,292,112.0,39.0,113.0,40.0,112.5,39.5,9549.520094
g100_r129_c293,1.0,129,293,113.0,39.0,114.0,40.0,113.5,39.5,9549.520094
g100_r129_c294,1.0,129,294,114.0,39.0,115.0,40.0,114.5,39.5,9549.520094
g100_r129_c295,1.0,129,295,115.0,39.0,116.0,40.0,115.5,39.5,9549.520094
g100_r129_c296,1.0,129,296,116.0,39.0,117.0,40.0,116.5,39.5,9549.520094
g100_r129_c297,1.0,129,297,117.0,39.0,118.0,40.0,117.5,39.5,9549.520094
g100_r129_c298,1.0,129,298,118.0,39.0,119.0,40.0,118.5,39.5,9549.520094
g100_r129_c299,1.0,129,299,119.0,39.0,120.0,40.0,119.5,39.5,9549.520094
g100_r129_c300,1.0,129,300,120.0,39.0,121.0,40.0,120.5,39.5,9549.520094
g100_r129_c301,1.0,129,301,121.0,39.0,122.0,40.0,121.5,39.5,9549.520094
g100_r129_c302,1.0,129,302,122.0,39.0,123.0,40.0,122.5,39.5,9549.520094
g100_r129_c303,1.0,129,303,123.0,39.0,124.0,40.0,123.5,39.5,9549.520094
g100_r129_c304,1.0,129,304,124.0,39.0,125.0,40.0,124.5,39.5,9549.520094
g100_r129_c305,1.0,129,305,125.0,39.0,126.0,40.0,125.5,39.5,9549.520094
g100_r129_c306,1.0,129,306,126.0,39.0,127.0,40.0,126.5,39.5,9549.520094
g100_r129_c307,1.0,129,307,127.0,39.0,128.0,40.0,127.5,39.5,9549.520094
g100_r129_c308,1.0,129,308,128.0,39.0,129.0,40.0,128.5,39.5,9549.520094
g100_r129_c309,1.0,129,309,129.0,39.0,130.0,40.0,129.5,39.5,9549.520094
g100_r129_c310,1.0,129,310,130.0,39.0,131.0,40.0,130.5,39.5,9549.520094
g100_r129_c311,1.0,129,311,131.0,39.0,132.0,40.0,131.5,39.5,9549.520094
g100_r129_c312,1.0,129,312,132.0,39.0,133.0,40.0,132.5,39.5,9549.520094
g100_r129_c313,1.0,129,313,133.0,39.0,134.0,40.0,133.5,39.5,9549.520094
g100_r129_c314,1.0,129,314,134.0,39.0,135.0,40.0,134.5,39.5,9549.520094
g100_r129_c315,1.0,129,315,135.0,39.0,136.0,40.0,135.5,39.5,9549.520094
g100_r129_c316,1.0,129,316,136.0,39.0,137.0,40.0,136.5,39.5,9549.520094
g100_r129_c317,1.0,129,317,137.0,39.0,138.0,40.0,137.5,39.5,9549.520094
g100_r129_c318,1.0,129,318,138.0,39.0,139.0,40.0,138.5,39.5,9549.520094
g100_r129_c319,1.0,129,319,139.0,39.0,140.0,40.0,139.5,39.5,9549.520094
g100_r129_c320,1.0,129,320,140.0,39.0,141.0,40.0,140.5,39.5,9549.520094
g100_r129_c321,1.0,129,321,141.0,39.0,142.0,40.0,141.5,39.5,9549.520094
